# PL_Head mesh decoded from RPS 496 (Draw 69)
# Vertices: 5077, Triangles: 9298
# Source: capture_20260518_110050.gputrace

v -0.554061 0.078895 0.000012
v -0.552726 0.079428 0.000011
v -0.552865 0.079539 0.002196
v -0.554072 0.078876 0.002223
v -0.552921 0.079275 0.004313
v -0.555267 0.078654 0.000012
v -0.554054 0.078625 0.004351
v -0.555269 0.078582 0.002221
v -0.553957 0.078191 0.006016
v -0.552787 0.078739 0.006153
v -0.556760 0.078744 0.002172
v -0.556688 0.078530 0.004350
v -0.556751 0.078811 0.000013
v -0.558261 0.079739 0.000004
v -0.558329 0.079504 0.002149
v -0.558433 0.079247 0.004400
v -0.558574 0.078810 0.006900
v -0.555253 0.078361 0.004406
v -0.555238 0.077985 0.005959
v -0.556604 0.077764 0.007171
v -0.558741 0.078104 0.009658
v -0.555139 0.077478 0.007488
v -0.556582 0.076544 0.009860
v -0.559017 0.076757 0.012640
v -0.553791 0.077632 0.007638
v -0.552661 0.078094 0.007848
v -0.554968 0.076862 0.008931
v -0.553598 0.076998 0.009066
v -0.552538 0.077449 0.009241
v -0.554810 0.076131 0.010334
v -0.553500 0.076224 0.010541
v -0.552423 0.076626 0.010709
v -0.554673 0.075310 0.011662
v -0.553483 0.075421 0.011791
v -0.552398 0.075814 0.012062
v -0.556683 0.074904 0.012683
v -0.556977 0.073267 0.014913
v -0.559457 0.074831 0.015326
v -0.560060 0.072703 0.017389
v -0.553472 0.074631 0.013047
v -0.552498 0.075171 0.013158
v -0.552633 0.074590 0.014034
v -0.554662 0.074471 0.012868
v -0.554694 0.073603 0.014023
v -0.553589 0.073987 0.013996
v -0.552770 0.074106 0.014765
v -0.553783 0.073356 0.014821
v -0.553052 0.073500 0.015812
v -0.554794 0.072828 0.015019
v -0.554153 0.072436 0.015862
v -0.553054 0.073121 0.016238
v -0.554928 0.071397 0.016475
v -0.553461 0.072055 0.016475
v -0.557501 0.071758 0.016474
v -0.557236 0.069487 0.018294
v -0.558430 0.070592 0.018005
v -0.560655 0.070268 0.019011
v -0.561482 0.067117 0.020957
v -0.557416 0.065494 0.021092
v -0.553970 0.070584 0.016963
v -0.555115 0.068060 0.018465
v -0.553829 0.064560 0.020823
v -0.552415 0.072485 0.015931
v -0.552492 0.073460 0.015787
v -0.552905 0.067366 0.018166
v -0.551912 0.070405 0.016437
v -0.550733 0.067485 0.017327
v -0.550081 0.063523 0.019934
v -0.549404 0.066137 0.018017
v -0.548596 0.069132 0.015333
v -0.551632 0.073431 0.014285
v -0.552112 0.074273 0.014518
v -0.550655 0.072101 0.014218
v -0.550160 0.069670 0.015692
v -0.549410 0.071882 0.013244
v -0.548042 0.071337 0.012734
v -0.551451 0.074204 0.013267
v -0.551990 0.075090 0.013567
v -0.550267 0.072878 0.013037
v -0.551456 0.074994 0.012226
v -0.552003 0.075905 0.012673
v -0.549061 0.073743 0.010472
v -0.547711 0.073027 0.010224
v -0.550154 0.073690 0.011871
v -0.551588 0.075826 0.011177
v -0.552032 0.076748 0.011666
v -0.550311 0.074553 0.010784
v -0.551704 0.076563 0.010057
v -0.552109 0.077595 0.010616
v -0.549215 0.075166 0.007898
v -0.547387 0.074217 0.007559
v -0.550516 0.075412 0.009570
v -0.551870 0.077354 0.008872
v -0.552160 0.078552 0.009431
v -0.549290 0.076209 0.005054
v -0.547176 0.074964 0.004917
v -0.550742 0.076132 0.008400
v -0.551010 0.076906 0.007027
v -0.552090 0.078170 0.007518
v -0.552241 0.079622 0.008072
v -0.551186 0.077553 0.005536
v -0.552271 0.079023 0.005927
v -0.552304 0.080647 0.006390
v -0.549144 0.077044 0.002468
v -0.546966 0.075679 0.002455
v -0.551266 0.078034 0.003915
v -0.552367 0.079731 0.004087
v -0.552254 0.081632 0.004464
v -0.549071 0.077383 0.000001
v -0.546862 0.076029 0.000014
v -0.551207 0.078420 0.002205
v -0.550984 0.078580 0.000001
v -0.552266 0.080162 0.002113
v -0.552104 0.082130 0.002287
v -0.551979 0.080277 0.000007
v -0.551793 0.082167 0.000012
v -0.552862 0.079540 -0.002174
v -0.552726 0.079428 0.000011
v -0.554061 0.078895 0.000012
v -0.554070 0.078877 -0.002202
v -0.555267 0.078654 0.000012
v -0.552917 0.079273 -0.004289
v -0.555266 0.078582 -0.002200
v -0.554050 0.078624 -0.004328
v -0.556763 0.078749 -0.002164
v -0.556686 0.078532 -0.004341
v -0.556751 0.078811 0.000013
v -0.558261 0.079739 0.000004
v -0.558342 0.079546 -0.002140
v -0.558442 0.079246 -0.004381
v -0.558610 0.078778 -0.006864
v -0.553952 0.078188 -0.005992
v -0.552782 0.078735 -0.006128
v -0.555249 0.078358 -0.004383
v -0.555233 0.077982 -0.005936
v -0.556599 0.077762 -0.007152
v -0.558805 0.078078 -0.009649
v -0.553785 0.077628 -0.007613
v -0.552654 0.078090 -0.007822
v -0.555132 0.077474 -0.007465
v -0.556574 0.076539 -0.009836
v -0.559029 0.076737 -0.012649
v -0.554961 0.076857 -0.008907
v -0.553590 0.076993 -0.009041
v -0.552531 0.077444 -0.009215
v -0.554802 0.076126 -0.010310
v -0.553492 0.076218 -0.010516
v -0.552414 0.076620 -0.010682
v -0.554663 0.075304 -0.011637
v -0.553474 0.075414 -0.011765
v -0.552388 0.075808 -0.012036
v -0.556672 0.074897 -0.012659
v -0.556965 0.073259 -0.014889
v -0.559395 0.074893 -0.015325
v -0.560054 0.072746 -0.017377
v -0.553461 0.074624 -0.013020
v -0.552487 0.075164 -0.013131
v -0.552622 0.074582 -0.014007
v -0.554650 0.074466 -0.012844
v -0.554681 0.073597 -0.013998
v -0.553577 0.073980 -0.013970
v -0.552758 0.074096 -0.014738
v -0.553772 0.073348 -0.014794
v -0.553039 0.073490 -0.015784
v -0.554781 0.072821 -0.014994
v -0.554140 0.072427 -0.015835
v -0.553040 0.073113 -0.016211
v -0.554914 0.071388 -0.016448
v -0.553447 0.072046 -0.016447
v -0.557487 0.071749 -0.016450
v -0.557221 0.069477 -0.018268
v -0.558415 0.070582 -0.017981
v -0.560612 0.070272 -0.018911
v -0.561480 0.067131 -0.020887
v -0.557399 0.065484 -0.021064
v -0.553953 0.070574 -0.016935
v -0.555100 0.068050 -0.018437
v -0.553808 0.064548 -0.020793
v -0.552399 0.072476 -0.015904
v -0.552479 0.073452 -0.015759
v -0.552890 0.067357 -0.018135
v -0.551888 0.070393 -0.016408
v -0.550719 0.067476 -0.017295
v -0.550034 0.063511 -0.019896
v -0.549360 0.066115 -0.017989
v -0.548562 0.069073 -0.015317
v -0.551617 0.073422 -0.014258
v -0.552098 0.074265 -0.014491
v -0.550633 0.072091 -0.014189
v -0.550149 0.069663 -0.015660
v -0.549393 0.071873 -0.013210
v -0.548008 0.071293 -0.012705
v -0.551440 0.074197 -0.013239
v -0.551979 0.075083 -0.013540
v -0.550247 0.072868 -0.013008
v -0.551445 0.074987 -0.012198
v -0.551992 0.075898 -0.012646
v -0.549048 0.073735 -0.010439
v -0.547671 0.072953 -0.010190
v -0.550136 0.073682 -0.011843
v -0.551579 0.075820 -0.011150
v -0.552023 0.076742 -0.011640
v -0.550297 0.074546 -0.010756
v -0.551692 0.076556 -0.010032
v -0.552100 0.077590 -0.010590
v -0.549210 0.075162 -0.007865
v -0.547346 0.074148 -0.007558
v -0.550501 0.075405 -0.009543
v -0.551858 0.077347 -0.008849
v -0.552153 0.078547 -0.009406
v -0.549282 0.076205 -0.005023
v -0.547111 0.074963 -0.004910
v -0.550726 0.076125 -0.008376
v -0.550994 0.076900 -0.007005
v -0.552079 0.078164 -0.007496
v -0.552235 0.079618 -0.008047
v -0.551171 0.077548 -0.005517
v -0.552258 0.079019 -0.005908
v -0.552299 0.080644 -0.006366
v -0.549141 0.077043 -0.002441
v -0.546941 0.075656 -0.002420
v -0.551256 0.078031 -0.003897
v -0.552355 0.079732 -0.004073
v -0.552250 0.081629 -0.004441
v -0.549071 0.077383 0.000001
v -0.546862 0.076029 0.000014
v -0.551201 0.078419 -0.002189
v -0.550984 0.078580 0.000001
v -0.552261 0.080162 -0.002097
v -0.552101 0.082131 -0.002264
v -0.551979 0.080277 0.000007
v -0.551793 0.082167 0.000012
v -0.714937 0.029418 0.010317
v -0.715730 0.029434 -0.000041
v -0.717648 0.012981 -0.000037
v -0.716825 0.013012 0.010947
v -0.712964 0.028943 0.019894
v -0.715038 -0.004312 0.011521
v -0.715604 -0.004815 -0.000031
v -0.714952 0.013065 0.020970
v -0.708099 0.028007 0.031959
v -0.707978 -0.021947 0.011855
v -0.708552 -0.022508 -0.000024
v -0.713245 -0.003521 0.021878
v -0.709697 0.013043 0.033726
v -0.701062 0.026520 0.042249
v -0.697256 -0.036893 0.011627
v -0.698011 -0.037744 -0.000015
v -0.685068 -0.047686 -0.000007
v -0.706184 -0.020421 0.022496
v -0.708058 -0.002188 0.034978
v -0.702224 0.012858 0.044101
v -0.695199 0.025134 0.048823
v -0.683144 -0.045864 0.017745
v -0.670174 -0.055359 0.000001
v -0.695302 -0.034921 0.022242
v -0.701791 -0.017197 0.035468
v -0.700737 -0.000666 0.045047
v -0.695716 0.012866 0.050255
v -0.688773 0.023451 0.054585
v -0.691803 -0.031209 0.034732
v -0.679501 -0.041757 0.031723
v -0.695124 -0.014517 0.045809
v -0.686204 -0.026009 0.045889
v -0.693796 0.000310 0.051590
v -0.688528 0.012236 0.055911
v -0.688784 -0.011252 0.052726
v -0.668568 -0.053619 0.016618
v -0.649559 -0.059078 0.014808
v -0.649827 -0.060628 0.000010
v -0.665154 -0.049310 0.030093
v -0.675411 -0.035459 0.044534
v -0.686659 0.001800 0.056925
v -0.678985 -0.019744 0.054619
v -0.628080 -0.059422 0.012613
v -0.628237 -0.060749 0.000019
v -0.683360 -0.009047 0.056735
v -0.677580 -0.006787 0.059863
v -0.680468 0.007754 0.060497
v -0.611466 -0.054730 0.011640
v -0.611751 -0.056199 0.000024
v -0.681375 0.021456 0.059195
v -0.596205 -0.049237 0.010823
v -0.596657 -0.050862 0.000028
v -0.584513 -0.044130 0.009881
v -0.584924 -0.045641 0.000029
v -0.575836 -0.041886 0.009645
v -0.576433 -0.043082 0.000029
v -0.568297 -0.042658 0.000027
v -0.584206 -0.040378 0.020560
v -0.595791 -0.045300 0.021877
v -0.567519 -0.041449 0.010079
v -0.559986 -0.043471 0.000024
v -0.574813 -0.037927 0.020401
v -0.559272 -0.042472 0.010592
v -0.552026 -0.044985 0.000021
v -0.611355 -0.051011 0.023649
v -0.583575 -0.035079 0.029443
v -0.565859 -0.037629 0.020959
v -0.551316 -0.043580 0.011021
v -0.544823 -0.046152 0.000017
v -0.595224 -0.039602 0.031264
v -0.627195 -0.055480 0.025875
v -0.573413 -0.032892 0.028668
v -0.557353 -0.038155 0.021280
v -0.544068 -0.044540 0.011565
v -0.537937 -0.047338 0.000013
v -0.610705 -0.045747 0.035263
v -0.581796 -0.030170 0.034380
v -0.563764 -0.032244 0.028741
v -0.549179 -0.038798 0.021921
v -0.537197 -0.045654 0.012115
v -0.528658 -0.049174 0.000008
v -0.527218 -0.047474 0.013403
v -0.541632 -0.039381 0.022632
v -0.534599 -0.040288 0.023573
v -0.524109 -0.041943 0.025655
v -0.554709 -0.032198 0.029015
v -0.571485 -0.028454 0.033022
v -0.546104 -0.032091 0.029367
v -0.531220 -0.033286 0.030845
v -0.520752 -0.034938 0.032417
v -0.538298 -0.032361 0.029846
v -0.560236 -0.025638 0.033844
v -0.527077 -0.024708 0.035825
v -0.516617 -0.025679 0.037635
v -0.551222 -0.025261 0.034016
v -0.542537 -0.024628 0.034076
v -0.534524 -0.024477 0.034810
v -0.522758 -0.015712 0.036658
v -0.512527 -0.015263 0.037951
v -0.530631 -0.016153 0.036034
v -0.538877 -0.016800 0.035581
v -0.547476 -0.017645 0.035736
v -0.519201 -0.007672 0.036506
v -0.509573 -0.006869 0.037452
v -0.527040 -0.008351 0.035977
v -0.535254 -0.009107 0.035924
v -0.516083 -0.000456 0.035270
v -0.506219 0.001348 0.035478
v -0.523814 -0.001400 0.035176
v -0.513212 0.006074 0.032563
v -0.503030 0.008854 0.031592
v -0.556157 -0.018161 0.036441
v -0.543888 -0.010057 0.036075
v -0.531914 -0.002277 0.035522
v -0.521330 0.004523 0.033303
v -0.510452 0.012126 0.029189
v -0.500375 0.015062 0.026922
v -0.552339 -0.011056 0.036876
v -0.540690 -0.003281 0.035872
v -0.529537 0.003364 0.034193
v -0.519078 0.010085 0.030578
v -0.508207 0.016973 0.024387
v -0.497924 0.019632 0.020929
v -0.548539 -0.004053 0.036480
v -0.538057 0.002147 0.034982
v -0.527885 0.008272 0.032303
v -0.517258 0.014477 0.027327
v -0.507696 0.019856 0.019900
v -0.494987 0.023078 0.013031
v -0.544511 0.001009 0.035732
v -0.536759 0.006536 0.033664
v -0.545476 0.003967 0.035451
v -0.526443 0.012408 0.029511
v -0.515956 0.017979 0.023413
v -0.535812 0.010271 0.031912
v -0.524993 0.016156 0.026376
v -0.555337 -0.002699 0.037563
v -0.545198 0.007651 0.034453
v -0.535410 0.013699 0.029928
v -0.561105 -0.012202 0.038166
v -0.554179 0.004089 0.037206
v -0.544315 0.011987 0.032868
v -0.565398 -0.018735 0.037576
v -0.554296 0.009834 0.036416
v -0.568791 -0.023895 0.035731
v -0.578251 -0.025051 0.037366
v -0.574261 -0.019743 0.039153
v -0.569978 -0.013645 0.040263
v -0.565838 -0.006299 0.040147
v -0.563213 0.000682 0.039655
v -0.562523 0.007011 0.039608
v -0.587879 -0.027340 0.040154
v -0.582216 -0.020982 0.041685
v -0.578128 -0.015149 0.042738
v -0.574372 -0.008496 0.042606
v -0.571326 -0.001787 0.042158
v -0.569480 0.005279 0.042208
v -0.594286 -0.034151 0.037953
v -0.589637 -0.018120 0.047566
v -0.585602 -0.011290 0.047838
v -0.580904 -0.003237 0.046506
v -0.593699 -0.024343 0.046395
v -0.599010 -0.031088 0.044973
v -0.610685 -0.039676 0.043092
v -0.577738 0.004361 0.045648
v -0.626777 -0.049075 0.038074
v -0.601488 -0.020737 0.053138
v -0.605049 -0.027196 0.051218
v -0.609100 -0.033417 0.048559
v -0.598145 -0.013999 0.054260
v -0.590986 -0.005463 0.052954
v -0.586084 0.001018 0.050722
v -0.596674 -0.008519 0.055247
v -0.621525 -0.035128 0.052581
v -0.616160 -0.028218 0.055255
v -0.610826 -0.021958 0.056836
v -0.606043 -0.015116 0.057606
v -0.602919 -0.009236 0.058019
v -0.624747 -0.041846 0.046729
v -0.597198 -0.003441 0.057521
v -0.601620 -0.004335 0.059158
v -0.592926 -0.000199 0.056201
v -0.596821 -0.001560 0.061023
v -0.614460 -0.014072 0.061179
v -0.609124 -0.007731 0.060564
v -0.606689 -0.003448 0.061272
v -0.600988 -0.002383 0.062566
v -0.620892 -0.020533 0.060333
v -0.628386 -0.026565 0.059073
v -0.634439 -0.033155 0.055603
v -0.639199 -0.040460 0.049436
v -0.643491 -0.048104 0.040099
v -0.647346 -0.054784 0.028009
v -0.661023 -0.043027 0.042488
v -0.655810 -0.035517 0.051922
v -0.669192 -0.028828 0.053441
v -0.648173 -0.028989 0.057943
v -0.660900 -0.023297 0.059319
v -0.669525 -0.015222 0.060354
v -0.639425 -0.022657 0.061420
v -0.650989 -0.018708 0.062868
v -0.659517 -0.011674 0.063710
v -0.671861 -0.004625 0.062285
v -0.631315 -0.016949 0.063179
v -0.642312 -0.013607 0.064743
v -0.623189 -0.008655 0.063887
v -0.649128 -0.008328 0.065558
v -0.634782 -0.007036 0.065869
v -0.638761 -0.004553 0.066643
v -0.614741 -0.005172 0.062471
v -0.630917 -0.001081 0.066203
v -0.632284 0.003847 0.066870
v -0.642654 0.001128 0.067229
v -0.652718 -0.000382 0.066433
v -0.619519 -0.001744 0.063944
v -0.610782 -0.001385 0.062607
v -0.622626 0.002615 0.065188
v -0.615601 0.002111 0.064156
v -0.662477 -0.002003 0.064983
v -0.643659 0.008281 0.067427
v -0.619844 0.004837 0.065027
v -0.622350 0.007784 0.065623
v -0.672772 0.007702 0.063511
v -0.654092 0.007855 0.066783
v -0.624565 0.006782 0.065926
v -0.625458 0.010535 0.066041
v -0.633459 0.010629 0.066939
v -0.673600 0.019684 0.062306
v -0.664528 0.007776 0.065425
v -0.643427 0.016172 0.066804
v -0.664815 0.018296 0.064728
v -0.654719 0.016995 0.066114
v -0.625286 0.013968 0.066084
v -0.623233 0.010977 0.065745
v -0.630568 0.018569 0.066275
v -0.664389 0.028754 0.062925
v -0.654088 0.026883 0.064572
v -0.642780 0.025189 0.065542
v -0.632752 0.025135 0.065418
v -0.672154 0.030320 0.060337
v -0.679863 0.032415 0.056926
v -0.686768 0.034689 0.052467
v -0.695199 0.025134 0.048823
v -0.692712 0.036930 0.047191
v -0.701062 0.026520 0.042249
v -0.698284 0.039043 0.040579
v -0.708099 0.028007 0.031959
v -0.704893 0.041151 0.030545
v -0.712964 0.028943 0.019894
v -0.694294 0.050306 0.039225
v -0.686683 0.046916 0.047268
v -0.676722 0.044059 0.054065
v -0.669374 0.042265 0.057487
v -0.709345 0.042678 0.019108
v -0.714937 0.029418 0.010317
v -0.682156 0.057642 0.044907
v -0.700446 0.053095 0.029522
v -0.711207 0.043055 0.009935
v -0.715730 0.029434 -0.000041
v -0.662186 0.040396 0.060070
v -0.673625 0.054581 0.050798
v -0.689448 0.060926 0.037690
v -0.704675 0.055093 0.018345
v -0.695138 0.063990 0.028616
v -0.685207 0.068901 0.036162
v -0.652946 0.037778 0.062190
v -0.666142 0.052563 0.054458
v -0.678552 0.065751 0.042634
v -0.641923 0.035421 0.063445
v -0.670735 0.063332 0.047817
v -0.632754 0.034060 0.063420
v -0.650513 0.048169 0.059452
v -0.659324 0.050748 0.057143
v -0.640778 0.044516 0.060829
v -0.663029 0.062151 0.051357
v -0.646499 0.054718 0.057169
v -0.631434 0.041695 0.061130
v -0.652136 0.062353 0.053390
v -0.638188 0.050469 0.058841
v -0.640980 0.059846 0.055482
v -0.623285 0.033174 0.062227
v -0.622709 0.039437 0.060516
v -0.622618 0.026259 0.063890
v -0.629741 0.047469 0.059262
v -0.634647 0.055520 0.057067
v -0.621643 0.045052 0.058906
v -0.627353 0.052356 0.057580
v -0.615522 0.037583 0.059863
v -0.614246 0.042927 0.058427
v -0.616478 0.032159 0.061316
v -0.619830 0.050030 0.057262
v -0.630683 0.059629 0.055471
v -0.624519 0.056693 0.055903
v -0.635862 0.063281 0.054165
v -0.617565 0.054669 0.055632
v -0.612486 0.048167 0.056936
v -0.610398 0.053060 0.055409
v -0.644164 0.065818 0.052511
v -0.638705 0.068145 0.051653
v -0.607701 0.040495 0.058369
v -0.605564 0.045989 0.057011
v -0.603006 0.051494 0.055517
v -0.645948 0.071533 0.049152
v -0.639683 0.073269 0.048693
v -0.653555 0.069881 0.049294
v -0.609282 0.035517 0.059587
v -0.599208 0.043850 0.056956
v -0.596143 0.049957 0.055374
v -0.601679 0.037955 0.058276
v -0.646453 0.076798 0.045586
v -0.640328 0.077880 0.045490
v -0.593735 0.041182 0.056692
v -0.653508 0.075887 0.045417
v -0.645974 0.081277 0.042233
v -0.640150 0.081870 0.042286
v -0.590328 0.047321 0.055113
v -0.592019 0.056363 0.053106
v -0.652854 0.080723 0.041926
v -0.645399 0.085070 0.038935
v -0.639709 0.085496 0.039108
v -0.586188 0.053851 0.052832
v -0.586873 0.062452 0.050076
v -0.652057 0.084693 0.038493
v -0.644763 0.088524 0.035458
v -0.639117 0.088940 0.035684
v -0.581416 0.060849 0.049559
v -0.582045 0.068172 0.045874
v -0.651219 0.088147 0.034940
v -0.644159 0.091516 0.031912
v -0.638377 0.091898 0.032175
v -0.577058 0.067924 0.044595
v -0.581389 0.072886 0.041872
v -0.650482 0.091087 0.031342
v -0.643531 0.094125 0.027988
v -0.637676 0.094489 0.028258
v -0.649598 0.093705 0.027514
v -0.643261 0.096205 0.023815
v -0.637373 0.096676 0.023811
v -0.642999 0.098115 0.018612
v -0.637464 0.098572 0.018535
v -0.637891 0.100099 0.012408
v -0.649147 0.095816 0.023458
v -0.656125 0.093125 0.026865
v -0.656964 0.090697 0.030583
v -0.657706 0.087808 0.034192
v -0.658508 0.084206 0.037762
v -0.663639 0.087027 0.033139
v -0.659420 0.080418 0.041043
v -0.663462 0.089694 0.029824
v -0.664141 0.083574 0.036418
v -0.669286 0.082358 0.035326
v -0.660443 0.075793 0.044054
v -0.665007 0.080096 0.039305
v -0.668397 0.088820 0.028296
v -0.663078 0.092142 0.026224
v -0.661642 0.069418 0.047870
v -0.666040 0.076336 0.041790
v -0.668374 0.070341 0.044917
v -0.671896 0.078205 0.037876
v -0.675205 0.072538 0.040366
v -0.675971 0.081188 0.032486
v -0.680363 0.075643 0.034739
v -0.689189 0.072421 0.027754
v -0.671865 0.085835 0.030028
v -0.684076 0.079099 0.026969
v -0.698813 0.066146 0.017585
v -0.678988 0.084461 0.025276
v -0.673968 0.089115 0.023204
v -0.692673 0.074878 0.017028
v -0.706355 0.055834 0.009577
v -0.687175 0.081534 0.016606
v -0.700479 0.067262 0.009261
v -0.711996 0.043137 -0.000043
v -0.669107 0.092470 0.021410
v -0.681657 0.087194 0.015788
v -0.694165 0.076041 0.008997
v -0.707108 0.056161 -0.000044
v -0.711198 0.043050 -0.010020
v -0.714928 0.029412 -0.010397
v -0.675630 0.091529 0.014386
v -0.688334 0.082923 0.008769
v -0.700889 0.067625 -0.000046
v -0.706347 0.055829 -0.009665
v -0.709329 0.042667 -0.019191
v -0.712947 0.028932 -0.019973
v -0.682637 0.088431 0.008328
v -0.694572 0.076488 -0.000046
v -0.700471 0.067257 -0.009351
v -0.704660 0.055083 -0.018431
v -0.704868 0.041135 -0.030624
v -0.708073 0.027990 -0.032033
v -0.688609 0.083279 -0.000045
v -0.694157 0.076036 -0.009086
v -0.698798 0.066137 -0.017673
v -0.700422 0.053079 -0.029604
v -0.698251 0.039021 -0.040651
v -0.701028 0.026497 -0.042316
v -0.694262 0.050285 -0.039300
v -0.692674 0.036905 -0.047258
v -0.695159 0.025107 -0.048885
v -0.695114 0.063975 -0.028699
v -0.692659 0.074869 -0.017115
v -0.686725 0.034661 -0.052528
v -0.688728 0.023421 -0.054641
v -0.686645 0.046891 -0.047335
v -0.689417 0.060906 -0.037767
v -0.689166 0.072406 -0.027837
v -0.682119 0.057618 -0.044976
v -0.685177 0.068882 -0.036240
v -0.676677 0.044030 -0.054122
v -0.679817 0.032385 -0.056980
v -0.684054 0.079085 -0.027051
v -0.680334 0.075624 -0.034816
v -0.678517 0.065729 -0.042705
v -0.673584 0.054553 -0.050858
v -0.669327 0.042234 -0.057538
v -0.687161 0.081525 -0.016692
v -0.688326 0.082918 -0.008857
v -0.675172 0.072516 -0.040438
v -0.670696 0.063307 -0.047880
v -0.675944 0.081171 -0.032562
v -0.678967 0.084447 -0.025357
v -0.681644 0.087186 -0.015873
v -0.682630 0.088427 -0.008414
v -0.666098 0.052533 -0.054511
v -0.682821 0.088841 -0.000039
v -0.676274 0.092629 0.007580
v -0.669101 0.095181 0.013248
v -0.673949 0.089102 -0.023284
v -0.675618 0.091522 -0.014468
v -0.676268 0.092625 -0.007663
v -0.676377 0.093031 -0.000026
v -0.669302 0.096276 0.006770
v -0.671840 0.085819 -0.030104
v -0.669257 0.082339 -0.035398
v -0.668374 0.088805 -0.028371
v -0.669090 0.092458 -0.021487
v -0.669090 0.095174 -0.013327
v -0.669297 0.096273 -0.006849
v -0.669371 0.096608 -0.000018
v -0.671864 0.078184 -0.037948
v -0.668337 0.070317 -0.044982
v -0.666006 0.076314 -0.041856
v -0.662987 0.062123 -0.051413
v -0.661602 0.069392 -0.047929
v -0.662131 0.097466 -0.012660
v -0.662040 0.098586 -0.006252
v -0.662525 0.095840 -0.018301
v -0.659277 0.050717 -0.057190
v -0.652092 0.062324 -0.053437
v -0.662137 0.040363 -0.060114
v -0.672104 0.030288 -0.060383
v -0.681326 0.021424 -0.059244
v -0.655180 0.096921 -0.018284
v -0.662750 0.094432 -0.022020
v -0.663056 0.092127 -0.026296
v -0.654985 0.098355 -0.012637
v -0.655505 0.095148 -0.023074
v -0.663438 0.089678 -0.029896
v -0.656103 0.093110 -0.026932
v -0.663612 0.087009 -0.033209
v -0.656939 0.090681 -0.030650
v -0.649010 0.097588 -0.018562
v -0.648932 0.099030 -0.012806
v -0.649128 0.095804 -0.023521
v -0.654812 0.099469 -0.006128
v -0.648976 0.100247 -0.006093
v -0.648958 0.100729 -0.000023
v -0.654880 0.099806 -0.000036
v -0.643014 0.100818 -0.006014
v -0.643057 0.099590 -0.012778
v -0.642984 0.098105 -0.018671
v -0.662081 0.098868 -0.000031
v -0.662045 0.098589 0.006177
v -0.654817 0.099472 0.006058
v -0.662141 0.097473 0.012586
v -0.654995 0.098362 0.012568
v -0.662540 0.095850 0.018227
v -0.655195 0.096931 0.018216
v -0.662768 0.094444 0.021947
v -0.655524 0.095160 0.023007
v -0.649025 0.097598 0.018498
v -0.648978 0.100249 0.006039
v -0.648939 0.099037 0.012749
v -0.643059 0.099595 0.012729
v -0.643011 0.100820 0.005973
v -0.638116 0.100963 0.005969
v -0.642981 0.101219 -0.000059
v -0.638166 0.101232 -0.000025
v -0.633484 0.100813 0.005784
v -0.638128 0.100963 -0.005994
v -0.637898 0.100096 -0.012448
v -0.637457 0.098563 -0.018584
v -0.633505 0.100815 -0.005805
v -0.637365 0.096665 -0.023860
v -0.633684 0.101030 -0.000003
v -0.629580 0.100519 0.005456
v -0.629615 0.100523 -0.005483
v -0.643242 0.096192 -0.023873
v -0.637660 0.094475 -0.028307
v -0.629705 0.100707 -0.000013
v -0.626769 0.100215 0.005011
v -0.626814 0.100220 -0.005057
v -0.626895 0.100377 -0.000023
v -0.623976 0.099730 0.004405
v -0.623933 0.099709 -0.004661
v -0.624027 0.099891 -0.000132
v -0.620901 0.099110 0.003741
v -0.620754 0.099056 -0.004163
v -0.621010 0.099248 -0.000210
v -0.618110 0.098236 0.003259
v -0.617872 0.098152 -0.003708
v -0.618170 0.098427 -0.000228
v -0.615217 0.097137 0.002918
v -0.614909 0.097035 -0.003210
v -0.615182 0.097436 -0.000179
v -0.612420 0.096073 0.002646
v -0.612132 0.095977 -0.002618
v -0.612345 0.096437 0.000008
v -0.609425 0.094809 0.002458
v -0.609281 0.094760 -0.002241
v -0.609391 0.095165 0.000100
v -0.606303 0.093904 0.000095
v -0.606284 0.093659 0.002380
v -0.606219 0.093637 -0.002197
v -0.603372 0.093733 0.000054
v -0.603310 0.093287 0.002281
v -0.606189 0.092708 0.004338
v -0.603280 0.093278 -0.002176
v -0.606056 0.092661 -0.004115
v -0.603166 0.092180 0.004043
v -0.606085 0.091498 0.005708
v -0.602985 0.090947 0.005301
v -0.600397 0.094329 0.000009
v -0.603120 0.092162 -0.003941
v -0.605979 0.091460 -0.005577
v -0.602952 0.090934 -0.005258
v -0.599990 0.092524 0.003776
v -0.599488 0.091091 0.005075
v -0.600281 0.093764 0.002156
v -0.600270 0.093759 -0.002115
v -0.599969 0.092516 -0.003728
v -0.599471 0.091084 -0.005059
v -0.598058 0.094882 -0.000010
v -0.597868 0.094386 0.002112
v -0.597328 0.093270 0.003717
v -0.597863 0.094384 -0.002109
v -0.597319 0.093266 -0.003710
v -0.595693 0.095793 -0.000010
v -0.596638 0.092051 0.005060
v -0.598497 0.089328 0.006605
v -0.595393 0.095388 0.002090
v -0.595391 0.095387 -0.002109
v -0.596634 0.092048 -0.005078
v -0.598492 0.089325 -0.006624
v -0.594772 0.094509 0.003621
v -0.594816 0.090728 0.006632
v -0.594520 0.087630 0.008932
v -0.592930 0.096884 -0.000009
v -0.594769 0.094507 -0.003639
v -0.594810 0.090724 -0.006648
v -0.594512 0.087625 -0.008946
v -0.593904 0.093331 0.005076
v -0.592490 0.089092 0.008611
v -0.592064 0.086277 0.011262
v -0.592716 0.096592 -0.002030
v -0.593900 0.093328 -0.005093
v -0.592483 0.089087 -0.008624
v -0.592054 0.086271 -0.011273
v -0.592235 0.091936 0.006604
v -0.590406 0.087438 0.010849
v -0.590276 0.084988 0.013996
v -0.592170 0.095755 -0.003612
v -0.592229 0.091933 -0.006618
v -0.590397 0.087433 -0.010860
v -0.590264 0.084980 -0.014005
v -0.590112 0.090511 0.008283
v -0.588583 0.086221 0.013180
v -0.588523 0.083979 0.017139
v -0.591227 0.094567 -0.005073
v -0.590105 0.090506 -0.008295
v -0.588573 0.086214 -0.013188
v -0.588509 0.083970 -0.017146
v -0.588286 0.088729 0.010356
v -0.589836 0.093109 -0.006516
v -0.588278 0.088724 -0.010365
v -0.587965 0.091682 -0.008035
v -0.586771 0.085036 -0.015934
v -0.586658 0.087407 -0.012322
v -0.586081 0.090081 -0.009656
v -0.585067 0.084066 -0.019158
v -0.586919 0.083094 -0.020896
v -0.583575 0.083223 -0.022624
v -0.585486 0.082404 -0.024453
v -0.582379 0.082193 -0.025977
v -0.584373 0.081418 -0.027826
v -0.581368 0.080888 -0.029524
v -0.583573 0.080117 -0.031319
v -0.580079 0.079345 -0.032987
v -0.582680 0.078516 -0.034605
v -0.578582 0.076997 -0.036406
v -0.581918 0.076230 -0.038133
v -0.577501 0.073564 -0.040214
v -0.581354 0.072864 -0.041868
v -0.577021 0.067900 -0.044584
v -0.582007 0.068147 -0.045867
v -0.581376 0.060822 -0.049548
v -0.586832 0.062425 -0.050070
v -0.586145 0.053822 -0.052821
v -0.591976 0.056335 -0.053101
v -0.590283 0.047291 -0.055102
v -0.596098 0.049927 -0.055369
v -0.577443 0.080247 -0.030461
v -0.575628 0.078104 -0.033938
v -0.573600 0.075156 -0.037087
v -0.571065 0.071820 -0.039366
v -0.579041 0.081829 -0.027073
v -0.580360 0.083081 -0.023680
v -0.581620 0.084147 -0.020420
v -0.583180 0.085233 -0.017227
v -0.584887 0.086223 -0.014611
v -0.584655 0.088662 -0.011211
v -0.567111 0.074333 -0.034924
v -0.569800 0.076915 -0.033223
v -0.572345 0.079272 -0.030704
v -0.567639 0.068410 -0.040437
v -0.567422 0.077949 -0.030473
v -0.574907 0.081240 -0.027663
v -0.571664 0.063861 -0.044924
v -0.569974 0.080085 -0.028159
v -0.576842 0.082709 -0.024608
v -0.576035 0.057783 -0.049057
v -0.572612 0.082099 -0.025103
v -0.578322 0.084027 -0.021214
v -0.574759 0.083452 -0.021938
v -0.579783 0.085144 -0.018040
v -0.576357 0.084786 -0.018797
v -0.581359 0.086205 -0.015432
v -0.577829 0.086173 -0.015701
v -0.582922 0.087333 -0.013143
v -0.579315 0.087258 -0.013522
v -0.570670 0.082837 -0.022512
v -0.572623 0.084308 -0.019406
v -0.574180 0.085577 -0.016366
v -0.576042 0.086982 -0.013590
v -0.577693 0.088087 -0.011798
v -0.580919 0.088424 -0.011665
v -0.582598 0.089905 -0.010036
v -0.567908 0.080917 -0.025511
v -0.583884 0.091263 -0.008920
v -0.565421 0.079046 -0.027667
v -0.585443 0.092773 -0.007711
v -0.564913 0.075821 -0.031886
v -0.587319 0.094263 -0.006362
v -0.564312 0.071730 -0.036002
v -0.588617 0.095804 -0.004996
v -0.564061 0.065479 -0.040534
v -0.589453 0.097073 -0.003567
v -0.567773 0.060691 -0.044867
v -0.589935 0.097791 -0.002012
v -0.590204 0.098071 -0.000008
v -0.592718 0.096593 0.002013
v -0.592173 0.095757 0.003596
v -0.589937 0.097792 0.001996
v -0.587295 0.099362 -0.000007
v -0.587001 0.099073 -0.002027
v -0.591231 0.094570 0.005058
v -0.589455 0.097074 0.003552
v -0.587002 0.099074 0.002013
v -0.589841 0.093112 0.006502
v -0.588621 0.095807 0.004982
v -0.587972 0.091686 0.008024
v -0.586491 0.098285 -0.003507
v -0.584186 0.100699 -0.000006
v -0.586494 0.098287 0.003493
v -0.587324 0.094267 0.006350
v -0.585813 0.096968 -0.004853
v -0.583935 0.100399 -0.002076
v -0.583937 0.100400 0.002064
v -0.585817 0.096970 0.004841
v -0.584646 0.095403 -0.006102
v -0.583441 0.099555 -0.003512
v -0.581232 0.102168 -0.000006
v -0.583444 0.099557 0.003500
v -0.582738 0.098141 -0.004780
v -0.583248 0.093688 -0.007254
v -0.580970 0.101782 -0.002187
v -0.580972 0.101783 0.002176
v -0.581936 0.096536 -0.005873
v -0.582182 0.092445 -0.008117
v -0.580871 0.094575 -0.007010
v -0.580987 0.091016 -0.009039
v -0.579043 0.092182 -0.008431
v -0.579212 0.089432 -0.010255
v -0.579319 0.097858 -0.005826
v -0.578348 0.095832 -0.006996
v -0.577466 0.090438 -0.009521
v -0.576773 0.093425 -0.008752
v -0.579805 0.099438 -0.004819
v -0.580412 0.100815 -0.003579
v -0.576173 0.097353 -0.007282
v -0.576845 0.099275 -0.006109
v -0.575017 0.094538 -0.009243
v -0.577245 0.100885 -0.005071
v -0.578411 0.103206 -0.002208
v -0.577864 0.102276 -0.003796
v -0.578671 0.103559 -0.000005
v -0.574484 0.098119 -0.007629
v -0.574892 0.100254 -0.006472
v -0.573469 0.095398 -0.009415
v -0.575300 0.102195 -0.005256
v -0.572410 0.098459 -0.007843
v -0.572843 0.100897 -0.006636
v -0.576673 0.104801 -0.000004
v -0.578413 0.103208 0.002198
v -0.576397 0.104440 -0.002235
v -0.575874 0.103524 -0.003885
v -0.580416 0.100817 0.003569
v -0.582742 0.098144 0.004770
v -0.584651 0.095406 0.006092
v -0.585449 0.092777 0.007702
v -0.586089 0.090086 0.009648
v -0.586668 0.087413 0.012314
v -0.586785 0.085044 0.015927
v -0.585083 0.084077 0.019154
v -0.586936 0.083106 0.020890
v -0.583594 0.083235 0.022622
v -0.585506 0.082417 0.024449
v -0.582401 0.082207 0.025976
v -0.584396 0.081433 0.027824
v -0.581392 0.080904 0.029525
v -0.583598 0.080134 0.031318
v -0.580106 0.079363 0.032990
v -0.582708 0.078535 0.034606
v -0.578612 0.077017 0.036411
v -0.581949 0.076251 0.038136
v -0.577534 0.073586 0.040221
v -0.581636 0.084158 0.020418
v -0.580380 0.083094 0.023680
v -0.579063 0.081844 0.027074
v -0.577468 0.080263 0.030464
v -0.575655 0.078122 0.033945
v -0.573630 0.075176 0.037097
v -0.571097 0.071841 0.039379
v -0.583194 0.085242 0.017223
v -0.584899 0.086231 0.014606
v -0.584664 0.088668 0.011205
v -0.583891 0.091268 0.008912
v -0.583254 0.093692 0.007246
v -0.581940 0.096539 0.005864
v -0.579798 0.085154 0.018039
v -0.581372 0.086214 0.015430
v -0.582933 0.087340 0.013138
v -0.582606 0.089910 0.010031
v -0.582188 0.092449 0.008110
v -0.580877 0.094579 0.007004
v -0.579322 0.097861 0.005825
v -0.578340 0.084039 0.021215
v -0.579809 0.099440 0.004810
v -0.576862 0.082723 0.024611
v -0.574930 0.081255 0.027668
v -0.572370 0.079288 0.030713
v -0.569828 0.076933 0.033235
v -0.567140 0.074352 0.034940
v -0.567447 0.077965 0.030486
v -0.569997 0.080100 0.028169
v -0.572632 0.082112 0.025109
v -0.574777 0.083464 0.021942
v -0.567674 0.068432 0.040456
v -0.576372 0.084797 0.018799
v -0.571703 0.063885 0.044943
v -0.577842 0.086181 0.015702
v -0.576075 0.057810 0.049074
v -0.579326 0.087265 0.013521
v -0.580929 0.088430 0.011662
v -0.577702 0.088094 0.011798
v -0.576053 0.086989 0.013592
v -0.574194 0.085586 0.016370
v -0.580995 0.091021 0.009035
v -0.579220 0.089438 0.010253
v -0.579050 0.092186 0.008428
v -0.572639 0.084319 0.019412
v -0.577474 0.090443 0.009520
v -0.578352 0.095835 0.006995
v -0.570688 0.082849 0.022520
v -0.576780 0.093430 0.008749
v -0.567929 0.080931 0.025522
v -0.565444 0.079061 0.027681
v -0.564939 0.075838 0.031902
v -0.564341 0.071750 0.036021
v -0.564098 0.065502 0.040559
v -0.567814 0.060716 0.044892
v -0.566102 0.081925 0.022680
v -0.563718 0.080010 0.025022
v -0.568480 0.083654 0.019849
v -0.570462 0.084947 0.017065
v -0.566061 0.084282 0.017359
v -0.572029 0.086095 0.014357
v -0.568324 0.085560 0.014910
v -0.575075 0.087440 0.012332
v -0.561701 0.081010 0.021743
v -0.563212 0.083004 0.018646
v -0.559902 0.079216 0.023835
v -0.563734 0.084890 0.014678
v -0.561503 0.078171 0.026718
v -0.557859 0.077430 0.025361
v -0.566515 0.086150 0.012850
v -0.568191 0.086949 0.011463
v -0.563469 0.086175 0.011620
v -0.565342 0.086930 0.010730
v -0.563210 0.087068 0.009540
v -0.563081 0.077109 0.029221
v -0.562346 0.073745 0.032898
v -0.560661 0.075289 0.030173
v -0.561149 0.068882 0.036661
v -0.570119 0.086451 0.012847
v -0.572221 0.086779 0.012644
v -0.559284 0.076344 0.027913
v -0.559152 0.071030 0.033630
v -0.557743 0.072850 0.030962
v -0.556677 0.074360 0.028629
v -0.555692 0.075603 0.026322
v -0.555068 0.070758 0.031153
v -0.554299 0.072557 0.028869
v -0.553591 0.073954 0.026758
v -0.551993 0.071070 0.028559
v -0.551519 0.072755 0.026514
v -0.556311 0.068780 0.033736
v -0.549750 0.069996 0.027855
v -0.549555 0.071821 0.025953
v -0.552597 0.069072 0.030844
v -0.558051 0.066230 0.036607
v -0.547532 0.069046 0.026913
v -0.547613 0.071146 0.025069
v -0.550031 0.067761 0.029996
v -0.553471 0.066872 0.033216
v -0.560348 0.062750 0.040125
v -0.545287 0.068325 0.025702
v -0.545647 0.070535 0.024018
v -0.547534 0.066781 0.028808
v -0.550566 0.065240 0.032180
v -0.554738 0.063953 0.036036
v -0.543100 0.068018 0.024178
v -0.543777 0.070302 0.022660
v -0.545070 0.066156 0.027249
v -0.547700 0.064080 0.030871
v -0.551302 0.062028 0.034744
v -0.556603 0.060087 0.039314
v -0.541019 0.068073 0.022386
v -0.541983 0.070365 0.021024
v -0.542623 0.065797 0.025547
v -0.544954 0.063325 0.029141
v -0.548047 0.060743 0.033072
v -0.539096 0.068642 0.020579
v -0.540398 0.070939 0.019188
v -0.540233 0.065875 0.023626
v -0.542243 0.063074 0.027123
v -0.537356 0.069491 0.018725
v -0.538929 0.071693 0.017312
v -0.538012 0.066481 0.021693
v -0.552395 0.057429 0.037816
v -0.544972 0.059970 0.031129
v -0.535888 0.070604 0.016784
v -0.537670 0.072591 0.015344
v -0.539577 0.063455 0.024858
v -0.548462 0.056168 0.035597
v -0.553512 0.049585 0.041342
v -0.559111 0.052826 0.043676
v -0.534730 0.072021 0.014592
v -0.536666 0.073624 0.013262
v -0.563827 0.057239 0.044561
v -0.571736 0.054557 0.048675
v -0.567543 0.050654 0.048232
v -0.580852 0.051031 0.052403
v -0.576036 0.047850 0.051793
v -0.584712 0.044859 0.054521
v -0.563062 0.046684 0.047204
v -0.571857 0.044252 0.051118
v -0.588521 0.038490 0.056204
v -0.579944 0.041735 0.053942
v -0.583891 0.035773 0.055469
v -0.575698 0.038416 0.053087
v -0.567999 0.040786 0.050237
v -0.559426 0.042312 0.046108
v -0.591437 0.033345 0.057346
v -0.587130 0.031003 0.056545
v -0.596240 0.035762 0.057924
v -0.603345 0.033124 0.059310
v -0.598107 0.030801 0.058894
v -0.610435 0.030665 0.060849
v -0.604509 0.028688 0.060315
v -0.616280 0.026091 0.062865
v -0.611214 0.025138 0.062414
v -0.619729 0.021507 0.064816
v -0.614832 0.021819 0.063964
v -0.623108 0.017924 0.065814
v -0.622834 0.014284 0.066082
v -0.599520 0.026608 0.059761
v -0.606191 0.023632 0.061868
v -0.609603 0.020811 0.063274
v -0.593721 0.028714 0.058279
v -0.589945 0.026724 0.057545
v -0.621499 0.016868 0.065993
v -0.620059 0.018465 0.065860
v -0.617577 0.019734 0.065338
v -0.620618 0.016796 0.067509
v -0.614258 0.019988 0.064624
v -0.618688 0.018097 0.066875
v -0.616644 0.018790 0.066286
v -0.592144 0.023315 0.058455
v -0.595394 0.024934 0.059136
v -0.596649 0.021522 0.060401
v -0.601674 0.021659 0.061626
v -0.604592 0.018934 0.062978
v -0.610476 0.019132 0.064013
v -0.614118 0.018916 0.065591
v -0.606167 0.017388 0.063439
v -0.617766 0.017812 0.068085
v -0.615996 0.018082 0.067397
v -0.619303 0.017242 0.068871
v -0.600664 0.018284 0.063712
v -0.603072 0.017149 0.063613
v -0.599152 0.019228 0.063119
v -0.600241 0.017199 0.064058
v -0.610966 0.018112 0.064797
v -0.607688 0.016713 0.064001
v -0.604051 0.015807 0.063373
v -0.601986 0.015877 0.063452
v -0.605124 0.015530 0.063396
v -0.598270 0.017680 0.063998
v -0.596720 0.019255 0.062323
v -0.599865 0.016273 0.063718
v -0.611279 0.017308 0.065998
v -0.608424 0.015959 0.064954
v -0.605781 0.014992 0.063487
v -0.613896 0.017998 0.066733
v -0.595304 0.018742 0.061830
v -0.596386 0.017814 0.063172
v -0.597902 0.016600 0.063964
v -0.593686 0.019942 0.059801
v -0.595225 0.017580 0.062465
v -0.596167 0.016654 0.063301
v -0.594108 0.017635 0.061647
v -0.595093 0.016586 0.062397
v -0.599438 0.015879 0.063013
v -0.597646 0.015851 0.063221
v -0.596106 0.015789 0.062677
v -0.601416 0.015552 0.062763
v -0.603055 0.014986 0.062543
v -0.603720 0.014660 0.062599
v -0.604433 0.014042 0.062740
v -0.606192 0.014322 0.064121
v -0.599151 0.015612 0.062083
v -0.600709 0.015507 0.062291
v -0.601572 0.015026 0.061683
v -0.600460 0.014746 0.060228
v -0.597391 0.015541 0.061986
v -0.602106 0.013916 0.060992
v -0.597078 0.015248 0.060513
v -0.596333 0.015438 0.061341
v -0.602543 0.013612 0.061356
v -0.601404 0.012702 0.059953
v -0.603155 0.012939 0.061865
v -0.595056 0.015782 0.061749
v -0.599750 0.014083 0.058869
v -0.595304 0.015296 0.060550
v -0.593812 0.016508 0.061468
v -0.604895 0.013135 0.063546
v -0.596693 0.014738 0.059151
v -0.593729 0.015593 0.060780
v -0.592547 0.017755 0.060938
v -0.591788 0.015877 0.061086
v -0.590937 0.019113 0.059127
v -0.590440 0.017563 0.060526
v -0.589283 0.021750 0.057741
v -0.589145 0.018556 0.058937
v -0.586650 0.024887 0.056779
v -0.583290 0.028806 0.055679
v -0.579761 0.033057 0.054573
v -0.571723 0.033927 0.052108
v -0.565800 0.037250 0.049641
v -0.588306 0.017514 0.060031
v -0.587970 0.019291 0.057717
v -0.585295 0.020628 0.056703
v -0.583479 0.023195 0.055952
v -0.579935 0.026677 0.054749
v -0.576140 0.029987 0.053585
v -0.589662 0.015863 0.061523
v -0.586379 0.017665 0.058725
v -0.587476 0.016105 0.061648
v -0.582033 0.019671 0.055454
v -0.581042 0.021503 0.054911
v -0.584115 0.018067 0.057371
v -0.585263 0.016183 0.060781
v -0.577334 0.024471 0.053789
v -0.587295 0.014582 0.062968
v -0.580859 0.019403 0.054885
v -0.581832 0.018283 0.056092
v -0.582729 0.016388 0.059923
v -0.579926 0.020118 0.054339
v -0.584995 0.014456 0.062452
v -0.573353 0.027089 0.052551
v -0.575549 0.022224 0.052846
v -0.579484 0.018596 0.054122
v -0.569474 0.029933 0.051169
v -0.571269 0.024328 0.051382
v -0.580411 0.018302 0.054956
v -0.579166 0.016184 0.053423
v -0.574483 0.019643 0.051952
v -0.578896 0.015901 0.055875
v -0.579139 0.010970 0.055746
v -0.580106 0.016770 0.058794
v -0.564163 0.033225 0.048980
v -0.577496 0.012262 0.060091
v -0.582340 0.014255 0.061873
v -0.558261 0.037023 0.045773
v -0.579201 0.014038 0.061496
v -0.579930 0.011169 0.063735
v -0.582917 0.012180 0.063794
v -0.552820 0.040742 0.042203
v -0.585499 0.012704 0.063895
v -0.557120 0.032136 0.044739
v -0.552073 0.035357 0.041563
v -0.562627 0.028810 0.047647
v -0.567311 0.026287 0.049780
v -0.569746 0.020698 0.049940
v -0.573995 0.016094 0.050662
v -0.555907 0.026821 0.042944
v -0.560994 0.023797 0.045581
v -0.565196 0.021959 0.047668
v -0.551228 0.029951 0.040002
v -0.568595 0.016457 0.047807
v -0.574941 0.011142 0.047770
v -0.568415 0.011426 0.044669
v -0.580434 0.011878 0.051567
v -0.554768 0.021894 0.040085
v -0.559334 0.019103 0.042664
v -0.564034 0.017346 0.045272
v -0.563173 0.012468 0.041950
v -0.557533 0.014819 0.038609
v -0.552909 0.017763 0.035715
v -0.583632 0.006960 0.050072
v -0.548849 0.014394 0.033411
v -0.548949 0.020885 0.032888
v -0.588692 0.004671 0.055751
v -0.544557 0.017941 0.030789
v -0.550464 0.025165 0.037399
v -0.545158 0.024279 0.029813
v -0.538905 0.016876 0.029055
v -0.546151 0.028404 0.033699
v -0.540993 0.021320 0.027754
v -0.531139 0.017810 0.026059
v -0.546610 0.033081 0.036379
v -0.541872 0.027093 0.027210
v -0.535812 0.019976 0.026089
v -0.523557 0.019540 0.022737
v -0.547310 0.038341 0.037920
v -0.542632 0.031387 0.030325
v -0.538395 0.023878 0.025009
v -0.529383 0.020608 0.023169
v -0.515794 0.021439 0.019298
v -0.533698 0.022572 0.023329
v -0.535982 0.026229 0.022090
v -0.523310 0.022359 0.019637
v -0.528958 0.022656 0.021120
v -0.538834 0.029924 0.024071
v -0.532063 0.024502 0.020795
v -0.533934 0.028391 0.018929
v -0.508344 0.022827 0.015860
v -0.516784 0.024860 0.014846
v -0.502035 0.024477 0.011165
v -0.509651 0.025577 0.011825
v -0.498523 0.026323 0.006110
v -0.492797 0.025497 0.006812
v -0.497283 0.027062 0.000026
v -0.491330 0.026646 0.000028
v -0.492798 0.025504 -0.006756
v -0.498525 0.026328 -0.006058
v -0.494990 0.023090 -0.012978
v -0.501515 0.027902 0.000025
v -0.502483 0.027304 0.004741
v -0.505134 0.026361 0.008594
v -0.502038 0.024485 -0.011115
v -0.502485 0.027307 -0.004690
v -0.504692 0.028501 0.000025
v -0.505325 0.028179 0.003698
v -0.507333 0.027592 0.006639
v -0.507701 0.019869 -0.019854
v -0.497928 0.019651 -0.020880
v -0.508213 0.016990 -0.024342
v -0.500380 0.015087 -0.026876
v -0.510460 0.012146 -0.029147
v -0.503037 0.008883 -0.031550
v -0.513220 0.006098 -0.032524
v -0.506227 0.001381 -0.035442
v -0.516091 -0.000431 -0.035235
v -0.509582 -0.006833 -0.037423
v -0.519210 -0.007646 -0.036475
v -0.512536 -0.015227 -0.037928
v -0.522768 -0.015688 -0.036631
v -0.516626 -0.025645 -0.037619
v -0.527085 -0.024685 -0.035801
v -0.520760 -0.034911 -0.032405
v -0.531228 -0.033269 -0.030822
v -0.524116 -0.041925 -0.025644
v -0.534604 -0.040276 -0.023550
v -0.527221 -0.047466 -0.013391
v -0.537199 -0.045649 -0.012090
v -0.528658 -0.049174 0.000008
v -0.537937 -0.047338 0.000013
v -0.544069 -0.044537 -0.011532
v -0.544823 -0.046152 0.000017
v -0.541636 -0.039373 -0.022600
v -0.538304 -0.032349 -0.029815
v -0.534532 -0.024460 -0.034779
v -0.530640 -0.016134 -0.036002
v -0.551317 -0.043578 -0.010980
v -0.552026 -0.044985 0.000021
v -0.549181 -0.038794 -0.021881
v -0.546108 -0.032083 -0.029329
v -0.542542 -0.024617 -0.034039
v -0.559272 -0.042472 -0.010545
v -0.559986 -0.043471 0.000024
v -0.557352 -0.038153 -0.021234
v -0.554709 -0.032194 -0.028970
v -0.567516 -0.041449 -0.010025
v -0.568297 -0.042658 0.000027
v -0.565855 -0.037631 -0.020906
v -0.575832 -0.041888 -0.009588
v -0.576433 -0.043082 0.000029
v -0.584924 -0.045641 0.000029
v -0.551223 -0.025255 -0.033972
v -0.563759 -0.032245 -0.028689
v -0.574805 -0.037931 -0.020344
v -0.584508 -0.044133 -0.009823
v -0.596657 -0.050862 0.000028
v -0.584195 -0.040385 -0.020504
v -0.596198 -0.049242 -0.010767
v -0.611751 -0.056199 0.000024
v -0.573402 -0.032898 -0.028611
v -0.560232 -0.025638 -0.033793
v -0.583560 -0.035089 -0.029388
v -0.611457 -0.054736 -0.011592
v -0.628237 -0.060749 0.000019
v -0.595777 -0.045309 -0.021823
v -0.571473 -0.028460 -0.032967
v -0.628070 -0.059428 -0.012575
v -0.649827 -0.060628 0.000010
v -0.581777 -0.030181 -0.034325
v -0.611337 -0.051022 -0.023603
v -0.595203 -0.039616 -0.031212
v -0.649547 -0.059086 -0.014787
v -0.670174 -0.055359 0.000001
v -0.627174 -0.055493 -0.025838
v -0.610679 -0.045764 -0.035219
v -0.594261 -0.034167 -0.037902
v -0.578233 -0.025062 -0.037311
v -0.587854 -0.027356 -0.040103
v -0.568780 -0.023900 -0.035677
v -0.610652 -0.039697 -0.043051
v -0.626747 -0.049095 -0.038041
v -0.598977 -0.031108 -0.044927
v -0.582192 -0.020997 -0.041633
v -0.574244 -0.019753 -0.039099
v -0.565388 -0.018739 -0.037523
v -0.593667 -0.024364 -0.046348
v -0.556155 -0.018159 -0.036391
v -0.547479 -0.017637 -0.035691
v -0.538883 -0.016788 -0.035543
v -0.569963 -0.013654 -0.040209
v -0.578105 -0.015163 -0.042686
v -0.561099 -0.012203 -0.038113
v -0.552338 -0.011052 -0.036827
v -0.543893 -0.010047 -0.036031
v -0.535262 -0.009093 -0.035885
v -0.589606 -0.018140 -0.047519
v -0.527049 -0.008331 -0.035942
v -0.523823 -0.001380 -0.035139
v -0.531923 -0.002262 -0.035483
v -0.540695 -0.003271 -0.035828
v -0.521338 0.004542 -0.033264
v -0.529546 0.003379 -0.034153
v -0.519086 0.010102 -0.030537
v -0.548540 -0.004047 -0.036431
v -0.538063 0.002157 -0.034938
v -0.527893 0.008286 -0.032261
v -0.517265 0.014491 -0.027284
v -0.555334 -0.002698 -0.037511
v -0.544514 0.001016 -0.035684
v -0.545479 0.003973 -0.035402
v -0.536765 0.006546 -0.033619
v -0.526451 0.012420 -0.029468
v -0.515963 0.017992 -0.023368
v -0.535818 0.010281 -0.031866
v -0.545201 0.007656 -0.034403
v -0.525000 0.016167 -0.026332
v -0.535415 0.013705 -0.029880
v -0.554177 0.004089 -0.037154
v -0.544316 0.011987 -0.032815
v -0.554276 0.009820 -0.036364
v -0.515799 0.021449 -0.019253
v -0.523563 0.019549 -0.022691
v -0.531141 0.017815 -0.026012
v -0.538903 0.016877 -0.029001
v -0.508349 0.022837 -0.015813
v -0.529383 0.020612 -0.023122
v -0.523315 0.022366 -0.019590
v -0.516788 0.024867 -0.014799
v -0.509654 0.025584 -0.011776
v -0.535801 0.019975 -0.026035
v -0.505136 0.026367 -0.008545
v -0.505326 0.028181 -0.003648
v -0.507335 0.027596 -0.006590
v -0.507536 0.029063 0.000025
v -0.510652 0.027389 -0.008520
v -0.508611 0.028351 -0.005168
v -0.507873 0.028786 -0.003053
v -0.515015 0.027539 -0.009885
v -0.507872 0.028785 0.003103
v -0.510539 0.029684 0.000024
v -0.510706 0.029414 -0.003031
v -0.511018 0.028624 -0.005769
v -0.508609 0.028348 0.005217
v -0.510705 0.029413 0.003079
v -0.514192 0.028983 -0.006507
v -0.513569 0.029881 -0.003326
v -0.513367 0.030146 0.000024
v -0.510649 0.027385 0.008568
v -0.511016 0.028622 0.005817
v -0.513568 0.029879 0.003374
v -0.516665 0.030643 0.000025
v -0.516904 0.030350 -0.003483
v -0.517653 0.029376 -0.006856
v -0.515013 0.027534 0.009932
v -0.514190 0.028980 0.006555
v -0.516903 0.030349 0.003532
v -0.521377 0.031125 0.000026
v -0.517652 0.029374 0.006905
v -0.519045 0.028078 0.010390
v -0.521563 0.030868 0.003640
v -0.521562 0.030868 -0.003589
v -0.521200 0.026092 0.014203
v -0.522117 0.029928 0.007197
v -0.525612 0.032321 0.000006
v -0.524719 0.023991 0.018008
v -0.523211 0.028578 0.010731
v -0.525523 0.031711 0.003879
v -0.524867 0.027006 0.014262
v -0.526913 0.025145 0.017490
v -0.526198 0.031024 0.007728
v -0.527242 0.029892 0.011404
v -0.529114 0.024141 0.019796
v -0.530174 0.026240 0.017990
v -0.528571 0.028132 0.014873
v -0.532034 0.030423 0.015663
v -0.530281 0.031952 0.012232
v -0.528824 0.032992 0.008474
v -0.527829 0.033637 0.004344
v -0.536075 0.032655 0.020612
v -0.533804 0.034756 0.016973
v -0.531963 0.035505 0.013112
v -0.539220 0.034317 0.026730
v -0.527695 0.034179 0.000025
v -0.530312 0.035937 0.009094
v -0.535980 0.037698 0.022992
v -0.542773 0.035870 0.032811
v -0.539266 0.038906 0.029062
v -0.543415 0.040844 0.034560
v -0.525581 0.031751 -0.003853
v -0.547971 0.043578 0.038505
v -0.548642 0.049965 0.037875
v -0.544125 0.045637 0.035104
v -0.539735 0.043585 0.030777
v -0.535966 0.042119 0.025245
v -0.544806 0.050893 0.034707
v -0.540318 0.047684 0.031479
v -0.544967 0.055803 0.033123
v -0.541052 0.052102 0.031355
v -0.536380 0.046252 0.026987
v -0.532772 0.040830 0.018449
v -0.541598 0.056323 0.030208
v -0.537004 0.050119 0.027798
v -0.533062 0.045458 0.021630
v -0.531128 0.040035 0.013472
v -0.541943 0.060009 0.028712
v -0.537685 0.053923 0.027856
v -0.533505 0.049188 0.023387
v -0.530011 0.045850 0.015926
v -0.529912 0.039867 0.009168
v -0.538971 0.060640 0.026083
v -0.534038 0.052558 0.024352
v -0.530637 0.048678 0.018372
v -0.529193 0.044517 0.012565
v -0.529018 0.036353 0.004736
v -0.531006 0.051835 0.020126
v -0.528176 0.049763 0.013928
v -0.528594 0.036501 0.000080
v -0.528525 0.039977 0.000066
v -0.528979 0.039936 0.004774
v -0.528256 0.044075 0.008735
v -0.527920 0.033733 -0.004293
v -0.528546 0.051957 0.015858
v -0.527429 0.048597 0.011272
v -0.527506 0.043934 0.004525
v -0.529077 0.036466 -0.004556
v -0.526603 0.053114 0.012378
v -0.526532 0.048120 0.007982
v -0.525949 0.052384 0.010167
v -0.528782 0.054740 0.017415
v -0.526768 0.055059 0.013803
v -0.525497 0.055508 0.011193
v -0.531495 0.054977 0.021195
v -0.534684 0.055871 0.024551
v -0.538343 0.057450 0.027168
v -0.535459 0.059061 0.024193
v -0.532190 0.058055 0.021600
v -0.529304 0.057651 0.018474
v -0.526931 0.057652 0.014948
v -0.525295 0.057633 0.011655
v -0.536257 0.061849 0.023505
v -0.533027 0.060897 0.021515
v -0.530106 0.060393 0.019003
v -0.527488 0.060292 0.015915
v -0.537109 0.064339 0.022636
v -0.533953 0.063364 0.021139
v -0.531032 0.062847 0.019092
v -0.534968 0.065547 0.020556
v -0.525232 0.060343 0.012414
v -0.528313 0.062739 0.016594
v -0.532027 0.065023 0.018931
v -0.536062 0.067467 0.019783
v -0.533154 0.066986 0.018518
v -0.534400 0.068762 0.017840
v -0.529297 0.064934 0.016808
v -0.525702 0.062858 0.013394
v -0.530332 0.066872 0.016722
v -0.531548 0.068672 0.016359
v -0.532948 0.070302 0.015704
v -0.526621 0.065088 0.014130
v -0.527678 0.067096 0.014428
v -0.528830 0.068903 0.014380
v -0.530177 0.070562 0.013976
v -0.531785 0.072107 0.013232
v -0.533686 0.073428 0.012190
v -0.535799 0.074679 0.010983
v -0.532958 0.074873 0.009568
v -0.535128 0.075713 0.008595
v -0.530879 0.073912 0.010530
v -0.528946 0.072511 0.011324
v -0.527570 0.071098 0.011712
v -0.526263 0.069411 0.011739
v -0.532177 0.076100 0.006888
v -0.534545 0.076673 0.006054
v -0.528043 0.074445 0.008286
v -0.530007 0.075467 0.007650
v -0.531351 0.077092 0.003720
v -0.534070 0.077422 0.003190
v -0.526490 0.073158 0.008587
v -0.527345 0.075766 0.004532
v -0.529321 0.076634 0.004150
v -0.527013 0.076191 0.000023
v -0.531055 0.077383 0.000020
v -0.533932 0.077704 0.000024
v -0.534068 0.077418 -0.003143
v -0.529013 0.076937 0.000024
v -0.531352 0.077091 -0.003680
v -0.534539 0.076668 -0.006009
v -0.525547 0.074576 0.004753
v -0.529321 0.076632 -0.004110
v -0.532174 0.076096 -0.006846
v -0.535121 0.075708 -0.008555
v -0.532950 0.074868 -0.009525
v -0.535789 0.074672 -0.010942
v -0.530004 0.075463 -0.007608
v -0.533676 0.073421 -0.012148
v -0.536655 0.073617 -0.013222
v -0.525087 0.071637 0.008538
v -0.527343 0.075764 -0.004488
v -0.530872 0.073906 -0.010486
v -0.534718 0.072013 -0.014549
v -0.537658 0.072583 -0.015304
v -0.528036 0.074438 -0.008237
v -0.531774 0.072100 -0.013187
v -0.535876 0.070597 -0.016743
v -0.538915 0.071683 -0.017272
v -0.528938 0.072505 -0.011277
v -0.532935 0.070293 -0.015659
v -0.537344 0.069485 -0.018683
v -0.540383 0.070928 -0.019150
v -0.530166 0.070554 -0.013928
v -0.527561 0.071092 -0.011663
v -0.526483 0.073153 -0.008539
v -0.534386 0.068753 -0.017795
v -0.531535 0.068663 -0.016312
v -0.528818 0.068895 -0.014331
v -0.539079 0.068633 -0.020537
v -0.541966 0.070353 -0.020986
v -0.525543 0.074573 -0.004705
v -0.526253 0.069405 -0.011688
v -0.541001 0.068060 -0.022346
v -0.543758 0.070290 -0.022624
v -0.525156 0.075081 0.000026
v -0.525080 0.071633 -0.008487
v -0.543081 0.068005 -0.024140
v -0.545628 0.070523 -0.023983
v -0.524076 0.073095 0.004703
v -0.524071 0.073092 -0.004653
v -0.545266 0.068311 -0.025665
v -0.547593 0.071133 -0.025036
v -0.523658 0.073628 0.000026
v -0.522443 0.071662 0.000026
v -0.522793 0.071179 0.004418
v -0.522790 0.071176 -0.004366
v -0.523852 0.069752 0.008119
v -0.523845 0.069748 -0.008066
v -0.547511 0.069032 -0.026878
v -0.549533 0.071807 -0.025921
v -0.521865 0.068819 0.003879
v -0.525113 0.067495 0.011370
v -0.521861 0.068814 -0.003822
v -0.522828 0.067526 0.007322
v -0.524129 0.065339 0.010537
v -0.523643 0.062674 0.009630
v -0.522336 0.064577 0.006583
v -0.523898 0.059365 0.009209
v -0.521553 0.069237 0.000023
v -0.521526 0.065625 0.003402
v -0.521263 0.065968 0.000023
v -0.522682 0.060607 0.006374
v -0.524719 0.055889 0.009374
v -0.521867 0.061309 0.003295
v -0.521593 0.061583 0.000026
v -0.521522 0.065620 -0.003343
v -0.523711 0.056327 0.006678
v -0.525053 0.052203 0.007277
v -0.522883 0.056713 0.003484
v -0.522579 0.056915 0.000031
v -0.525804 0.048011 0.004157
v -0.524330 0.052255 0.003812
v -0.527256 0.043889 0.000045
v -0.523984 0.052341 0.000040
v -0.525585 0.048107 0.000046
v -0.521864 0.061305 -0.003234
v -0.522880 0.056713 -0.003424
v -0.524327 0.052252 -0.003749
v -0.525802 0.048005 -0.004084
v -0.527520 0.043931 -0.004432
v -0.528996 0.039968 -0.004629
v -0.522329 0.064568 -0.006522
v -0.522677 0.060601 -0.006314
v -0.523705 0.056325 -0.006615
v -0.525047 0.052199 -0.007215
v -0.526524 0.048109 -0.007919
v -0.528274 0.044072 -0.008644
v -0.529942 0.039901 -0.009035
v -0.522821 0.067519 -0.007265
v -0.525103 0.067489 -0.011316
v -0.524121 0.065334 -0.010482
v -0.527667 0.067088 -0.014377
v -0.530424 0.036116 -0.008919
v -0.523636 0.062667 -0.009572
v -0.526610 0.065081 -0.014078
v -0.530319 0.066863 -0.016673
v -0.523891 0.059360 -0.009151
v -0.525693 0.062852 -0.013341
v -0.529283 0.064925 -0.016756
v -0.533138 0.066977 -0.018471
v -0.525222 0.060335 -0.012357
v -0.524712 0.055884 -0.009314
v -0.528300 0.062731 -0.016542
v -0.532011 0.065013 -0.018882
v -0.536047 0.067459 -0.019738
v -0.534951 0.065536 -0.020509
v -0.537995 0.066472 -0.021648
v -0.531016 0.062837 -0.019041
v -0.527477 0.060284 -0.015864
v -0.533936 0.063353 -0.021091
v -0.530092 0.060383 -0.018952
v -0.537091 0.064327 -0.022591
v -0.540214 0.065862 -0.023584
v -0.533008 0.060885 -0.021461
v -0.536237 0.061836 -0.023457
v -0.539557 0.063441 -0.024814
v -0.542603 0.065783 -0.025508
v -0.542221 0.063060 -0.027082
v -0.538950 0.060626 -0.026037
v -0.535436 0.059047 -0.024140
v -0.532171 0.058042 -0.021546
v -0.545049 0.066142 -0.027211
v -0.544933 0.063311 -0.029103
v -0.547512 0.066766 -0.028772
v -0.529291 0.057641 -0.018424
v -0.547675 0.064063 -0.030834
v -0.526921 0.057647 -0.014897
v -0.525287 0.057628 -0.011598
v -0.550008 0.067745 -0.029962
v -0.550541 0.065222 -0.032146
v -0.549722 0.069978 -0.027823
v -0.551497 0.072741 -0.026485
v -0.551970 0.071055 -0.028530
v -0.553569 0.073940 -0.026731
v -0.552572 0.069055 -0.030814
v -0.554276 0.072541 -0.028842
v -0.555671 0.075589 -0.026298
v -0.555043 0.070741 -0.031126
v -0.556653 0.074345 -0.028605
v -0.557839 0.077417 -0.025340
v -0.553443 0.066854 -0.033186
v -0.556282 0.068761 -0.033707
v -0.559261 0.076329 -0.027892
v -0.557718 0.072834 -0.030938
v -0.561481 0.078156 -0.026701
v -0.559883 0.079203 -0.023816
v -0.559124 0.071011 -0.033606
v -0.560637 0.075272 -0.030153
v -0.563698 0.079997 -0.025007
v -0.561684 0.080998 -0.021726
v -0.566084 0.081913 -0.022668
v -0.563197 0.082994 -0.018632
v -0.566046 0.084272 -0.017348
v -0.563736 0.084890 -0.014667
v -0.566505 0.086143 -0.012840
v -0.563477 0.086179 -0.011609
v -0.565341 0.086929 -0.010719
v -0.563213 0.087069 -0.009529
v -0.564717 0.087737 -0.008993
v -0.562947 0.088124 -0.007385
v -0.563057 0.077093 -0.029204
v -0.568464 0.083644 -0.019839
v -0.562319 0.073727 -0.032878
v -0.570448 0.084938 -0.017058
v -0.561118 0.068862 -0.036637
v -0.558019 0.066210 -0.036579
v -0.568311 0.085552 -0.014902
v -0.568181 0.086943 -0.011455
v -0.572018 0.086087 -0.014352
v -0.560311 0.062727 -0.040095
v -0.554708 0.063933 -0.036005
v -0.551274 0.062009 -0.034709
v -0.556569 0.060065 -0.039280
v -0.563786 0.057214 -0.044531
v -0.548022 0.060727 -0.033036
v -0.552367 0.057409 -0.037781
v -0.544950 0.059955 -0.031090
v -0.571694 0.054531 -0.048652
v -0.559075 0.052802 -0.043642
v -0.553491 0.049563 -0.041312
v -0.548439 0.056151 -0.035561
v -0.567501 0.050628 -0.048203
v -0.580809 0.051003 -0.052386
v -0.575990 0.047822 -0.051769
v -0.584668 0.044829 -0.054504
v -0.563025 0.046658 -0.047171
v -0.571811 0.044225 -0.051088
v -0.579897 0.041707 -0.053918
v -0.588476 0.038460 -0.056186
v -0.583844 0.035744 -0.055446
v -0.575651 0.038387 -0.053057
v -0.567955 0.040757 -0.050202
v -0.559398 0.042283 -0.046075
v -0.593688 0.041152 -0.056681
v -0.599162 0.043820 -0.056950
v -0.602961 0.051464 -0.055519
v -0.605518 0.045958 -0.057012
v -0.610353 0.053030 -0.055417
v -0.601632 0.037924 -0.058269
v -0.612440 0.048136 -0.056944
v -0.617519 0.054639 -0.055647
v -0.607654 0.040463 -0.058368
v -0.619783 0.049999 -0.057276
v -0.624473 0.056663 -0.055925
v -0.614198 0.042895 -0.058433
v -0.627305 0.052325 -0.057601
v -0.630637 0.059599 -0.055499
v -0.621597 0.045021 -0.058919
v -0.634600 0.055489 -0.057097
v -0.635818 0.063252 -0.054200
v -0.629693 0.047437 -0.059283
v -0.615473 0.037551 -0.059867
v -0.622660 0.039404 -0.060526
v -0.631384 0.041662 -0.061149
v -0.638140 0.050437 -0.058870
v -0.640934 0.059816 -0.055518
v -0.609234 0.035485 -0.059585
v -0.644121 0.065790 -0.052554
v -0.638663 0.068117 -0.051692
v -0.645908 0.071507 -0.049199
v -0.639643 0.073243 -0.048736
v -0.646415 0.076774 -0.045637
v -0.640291 0.077856 -0.045536
v -0.645940 0.081254 -0.042285
v -0.640116 0.081848 -0.042334
v -0.645368 0.085049 -0.038989
v -0.639677 0.085475 -0.039157
v -0.644734 0.088505 -0.035513
v -0.639087 0.088920 -0.035734
v -0.644133 0.091498 -0.031968
v -0.638351 0.091880 -0.032227
v -0.643508 0.094110 -0.028045
v -0.649576 0.093690 -0.027576
v -0.650456 0.091070 -0.031403
v -0.651190 0.088129 -0.035000
v -0.652026 0.084673 -0.038552
v -0.657678 0.087789 -0.034258
v -0.652819 0.080700 -0.041984
v -0.658477 0.084185 -0.037826
v -0.653471 0.075862 -0.045473
v -0.664111 0.083555 -0.036487
v -0.659387 0.080395 -0.041106
v -0.664975 0.080075 -0.039373
v -0.660407 0.075770 -0.044116
v -0.653515 0.069854 -0.049346
v -0.646452 0.054687 -0.057208
v -0.640728 0.044483 -0.060857
v -0.650464 0.048137 -0.059490
v -0.652895 0.037744 -0.062225
v -0.641871 0.035387 -0.063469
v -0.664337 0.028720 -0.062964
v -0.632702 0.034026 -0.063436
v -0.654036 0.026848 -0.064602
v -0.673549 0.019650 -0.062348
v -0.623234 0.033140 -0.062235
v -0.642726 0.025154 -0.065561
v -0.664763 0.018261 -0.064762
v -0.616428 0.032126 -0.061318
v -0.632699 0.025100 -0.065429
v -0.654665 0.016960 -0.066139
v -0.622566 0.026224 -0.063894
v -0.643373 0.016136 -0.066819
v -0.630514 0.018533 -0.066282
v -0.672720 0.007667 -0.063545
v -0.664474 0.007741 -0.065453
v -0.654038 0.007819 -0.066802
v -0.680419 0.007722 -0.060538
v -0.662424 -0.002038 -0.065004
v -0.688482 0.012206 -0.055961
v -0.671810 -0.004658 -0.062313
v -0.695675 0.012838 -0.050311
v -0.695159 0.025107 -0.048885
v -0.702188 0.012835 -0.044162
v -0.701028 0.026497 -0.042316
v -0.709669 0.013025 -0.033793
v -0.708073 0.027990 -0.032033
v -0.700701 -0.000690 -0.045100
v -0.693754 0.000282 -0.051637
v -0.686613 0.001769 -0.056968
v -0.714935 0.013054 -0.021042
v -0.712947 0.028932 -0.019973
v -0.708030 -0.002207 -0.035036
v -0.695086 -0.014541 -0.045850
v -0.716816 0.013006 -0.011020
v -0.714928 0.029412 -0.010397
v -0.713227 -0.003533 -0.021940
v -0.717648 0.012981 -0.000037
v -0.715730 0.029434 -0.000041
v -0.715028 -0.004318 -0.011584
v -0.715604 -0.004815 -0.000031
v -0.701763 -0.017216 -0.035512
v -0.688741 -0.011281 -0.052763
v -0.707969 -0.021953 -0.011903
v -0.708552 -0.022508 -0.000024
v -0.706166 -0.020433 -0.022542
v -0.686166 -0.026033 -0.045916
v -0.697247 -0.036899 -0.011657
v -0.698011 -0.037744 -0.000015
v -0.685068 -0.047686 -0.000007
v -0.691774 -0.031228 -0.034761
v -0.695284 -0.034933 -0.022272
v -0.683129 -0.045874 -0.017760
v -0.679475 -0.041774 -0.031737
v -0.668554 -0.053628 -0.016616
v -0.665129 -0.049326 -0.030091
v -0.675374 -0.035483 -0.044548
v -0.647323 -0.054799 -0.027990
v -0.660989 -0.043050 -0.042485
v -0.643458 -0.048126 -0.040080
v -0.678940 -0.019773 -0.054643
v -0.669149 -0.028857 -0.053453
v -0.655767 -0.035545 -0.051920
v -0.639158 -0.040487 -0.049418
v -0.683314 -0.009078 -0.056769
v -0.677532 -0.006820 -0.059894
v -0.669476 -0.015254 -0.060374
v -0.660852 -0.023329 -0.059327
v -0.659465 -0.011708 -0.063724
v -0.648125 -0.029020 -0.057938
v -0.652664 -0.000418 -0.066447
v -0.650938 -0.018742 -0.062870
v -0.643604 0.008245 -0.067438
v -0.649075 -0.008363 -0.065565
v -0.633404 0.010593 -0.066943
v -0.632230 0.003811 -0.066869
v -0.642600 0.001092 -0.067236
v -0.638707 -0.004589 -0.066644
v -0.642259 -0.013641 -0.064741
v -0.639375 -0.022690 -0.061411
v -0.634394 -0.033185 -0.055585
v -0.624710 -0.041871 -0.046697
v -0.621483 -0.035156 -0.052551
v -0.628338 -0.026597 -0.059053
v -0.631263 -0.016983 -0.063167
v -0.634728 -0.007071 -0.065864
v -0.609060 -0.033445 -0.048520
v -0.616116 -0.028247 -0.055224
v -0.605010 -0.027222 -0.051179
v -0.630863 -0.001117 -0.066198
v -0.623137 -0.008689 -0.063873
v -0.620843 -0.020566 -0.060310
v -0.601448 -0.020763 -0.053099
v -0.610782 -0.021988 -0.056803
v -0.614411 -0.014105 -0.061155
v -0.605998 -0.015146 -0.057573
v -0.598104 -0.014025 -0.054222
v -0.585572 -0.011309 -0.047791
v -0.574352 -0.008508 -0.042554
v -0.565826 -0.006306 -0.040093
v -0.563201 0.000676 -0.039601
v -0.571308 -0.001798 -0.042106
v -0.562509 0.007005 -0.039550
v -0.580877 -0.003254 -0.046459
v -0.569462 0.005265 -0.042154
v -0.577717 0.004345 -0.045603
v -0.590949 -0.005488 -0.052914
v -0.586049 0.000995 -0.050680
v -0.596632 -0.008546 -0.055210
v -0.602873 -0.009266 -0.057987
v -0.609074 -0.007764 -0.060538
v -0.614690 -0.005206 -0.062452
v -0.619467 -0.001778 -0.063930
v -0.622573 0.002580 -0.065179
v -0.597154 -0.003470 -0.057487
v -0.601574 -0.004366 -0.059127
v -0.606639 -0.003481 -0.061247
v -0.610731 -0.001419 -0.062586
v -0.615549 0.002077 -0.064141
v -0.592884 -0.000226 -0.056165
v -0.596773 -0.001592 -0.060991
v -0.600938 -0.002416 -0.062536
v -0.619791 0.004802 -0.065017
v -0.622297 0.007749 -0.065617
v -0.624511 0.006746 -0.065921
v -0.625405 0.010499 -0.066039
v -0.625232 0.013932 -0.066083
v -0.623180 0.010942 -0.065741
v -0.623054 0.017888 -0.065814
v -0.622781 0.014248 -0.066079
v -0.619676 0.021472 -0.064815
v -0.616229 0.026057 -0.062863
v -0.610385 0.030632 -0.060845
v -0.603297 0.033092 -0.059302
v -0.596193 0.035731 -0.057911
v -0.591390 0.033314 -0.057328
v -0.598059 0.030769 -0.058880
v -0.604460 0.028656 -0.060306
v -0.611164 0.025105 -0.062408
v -0.614780 0.021785 -0.063959
v -0.587084 0.030974 -0.056523
v -0.599472 0.026576 -0.059746
v -0.606141 0.023599 -0.061857
v -0.593673 0.028682 -0.058260
v -0.609551 0.020777 -0.063264
v -0.589898 0.026691 -0.057522
v -0.617524 0.019699 -0.065334
v -0.614206 0.019953 -0.064618
v -0.620005 0.018430 -0.065857
v -0.621445 0.016833 -0.065991
v -0.620563 0.016759 -0.067506
v -0.618634 0.018061 -0.066871
v -0.616590 0.018754 -0.066280
v -0.586604 0.024853 -0.056752
v -0.583242 0.028778 -0.055652
v -0.579713 0.033029 -0.054545
v -0.571677 0.033896 -0.052071
v -0.565761 0.037217 -0.049604
v -0.579888 0.026645 -0.054717
v -0.583432 0.023163 -0.055921
v -0.576092 0.029954 -0.053549
v -0.589235 0.021720 -0.057715
v -0.585248 0.020599 -0.056674
v -0.592096 0.023284 -0.058432
v -0.595347 0.024902 -0.059117
v -0.596600 0.021489 -0.060381
v -0.601624 0.021626 -0.061610
v -0.604541 0.018900 -0.062963
v -0.580996 0.021471 -0.054877
v -0.581986 0.019643 -0.055422
v -0.577288 0.024433 -0.053751
v -0.593638 0.019910 -0.059778
v -0.590889 0.019081 -0.059101
v -0.599101 0.019194 -0.063100
v -0.600612 0.018250 -0.063694
v -0.603021 0.017115 -0.063596
v -0.600188 0.017165 -0.064038
v -0.606116 0.017353 -0.063425
v -0.610424 0.019097 -0.064004
v -0.614065 0.018880 -0.065584
v -0.596669 0.019221 -0.062301
v -0.598218 0.017645 -0.063978
v -0.595253 0.018709 -0.061808
v -0.596334 0.017780 -0.063150
v -0.601935 0.015843 -0.063434
v -0.599813 0.016238 -0.063697
v -0.597850 0.016566 -0.063943
v -0.603999 0.015773 -0.063356
v -0.594058 0.017601 -0.061623
v -0.595175 0.017547 -0.062442
v -0.596115 0.016620 -0.063278
v -0.592497 0.017722 -0.060913
v -0.595043 0.016553 -0.062373
v -0.593762 0.016475 -0.061443
v -0.599387 0.015845 -0.062992
v -0.597595 0.015817 -0.063198
v -0.596055 0.015755 -0.062653
v -0.595006 0.015749 -0.061725
v -0.601365 0.015518 -0.062744
v -0.603004 0.014952 -0.062525
v -0.591739 0.015844 -0.061059
v -0.593679 0.015560 -0.060755
v -0.590391 0.017531 -0.060499
v -0.589096 0.018525 -0.058909
v -0.587922 0.019261 -0.057690
v -0.588257 0.017482 -0.060002
v -0.586331 0.017634 -0.058695
v -0.589612 0.015830 -0.061495
v -0.584067 0.018037 -0.057339
v -0.587426 0.016072 -0.061618
v -0.585213 0.016150 -0.060749
v -0.587244 0.014549 -0.062937
v -0.590743 0.013894 -0.062173
v -0.589414 0.013869 -0.063133
v -0.592365 0.015054 -0.060851
v -0.581785 0.018255 -0.056058
v -0.582680 0.016357 -0.059889
v -0.584944 0.014422 -0.062419
v -0.580812 0.019374 -0.054850
v -0.579878 0.020088 -0.054303
v -0.579435 0.018569 -0.054084
v -0.575503 0.022184 -0.052802
v -0.580362 0.018278 -0.054920
v -0.579118 0.016169 -0.053382
v -0.578851 0.015876 -0.055836
v -0.579099 0.010945 -0.055706
v -0.580057 0.016740 -0.058758
v -0.582290 0.014221 -0.061838
v -0.577449 0.012232 -0.060050
v -0.573309 0.027049 -0.052509
v -0.574432 0.019607 -0.051902
v -0.569431 0.029891 -0.051125
v -0.571223 0.024283 -0.051334
v -0.579150 0.014006 -0.061458
v -0.579878 0.011135 -0.063696
v -0.564129 0.033183 -0.048940
v -0.582865 0.012145 -0.063757
v -0.558244 0.036988 -0.045742
v -0.585447 0.012670 -0.063861
v -0.552817 0.040729 -0.042182
v -0.587709 0.012908 -0.063899
v -0.562593 0.028759 -0.047595
v -0.557101 0.032100 -0.044698
v -0.552068 0.035355 -0.041537
v -0.567268 0.026237 -0.049727
v -0.569696 0.020646 -0.049875
v -0.573948 0.016062 -0.050605
v -0.555872 0.026797 -0.042882
v -0.560948 0.023744 -0.045507
v -0.565147 0.021899 -0.047595
v -0.551214 0.029973 -0.039963
v -0.568537 0.016395 -0.047743
v -0.574916 0.011120 -0.047719
v -0.568389 0.011402 -0.044602
v -0.580397 0.011860 -0.051529
v -0.559250 0.019043 -0.042600
v -0.554685 0.021858 -0.040045
v -0.563964 0.017276 -0.045207
v -0.563121 0.012429 -0.041895
v -0.557462 0.014794 -0.038552
v -0.552837 0.017726 -0.035674
v -0.583598 0.006938 -0.050033
v -0.548840 0.014385 -0.033354
v -0.548903 0.020849 -0.032860
v -0.544549 0.017933 -0.030726
v -0.588649 0.004643 -0.055715
v -0.550422 0.025164 -0.037376
v -0.540993 0.021312 -0.027702
v -0.545141 0.024250 -0.029799
v -0.546141 0.028419 -0.033688
v -0.541878 0.027084 -0.027179
v -0.538392 0.023869 -0.024955
v -0.546610 0.033129 -0.036353
v -0.533677 0.022567 -0.023274
v -0.542662 0.031437 -0.030306
v -0.547303 0.038371 -0.037897
v -0.535973 0.026217 -0.022034
v -0.528943 0.022651 -0.021074
v -0.538901 0.029978 -0.024040
v -0.542760 0.035909 -0.032785
v -0.547961 0.043587 -0.038478
v -0.532064 0.024510 -0.020766
v -0.539278 0.034404 -0.026671
v -0.543400 0.040878 -0.034527
v -0.548620 0.049953 -0.037839
v -0.534000 0.028437 -0.018913
v -0.544105 0.045649 -0.035063
v -0.539256 0.038924 -0.029026
v -0.544783 0.050886 -0.034665
v -0.536165 0.032748 -0.020546
v -0.539712 0.043600 -0.030727
v -0.536028 0.037747 -0.022909
v -0.544945 0.055789 -0.033084
v -0.540290 0.047687 -0.031426
v -0.535949 0.042104 -0.025188
v -0.541025 0.052092 -0.031305
v -0.541575 0.056310 -0.030164
v -0.536351 0.046245 -0.026920
v -0.536976 0.050109 -0.027736
v -0.541920 0.059994 -0.028668
v -0.538319 0.057436 -0.027118
v -0.537659 0.053912 -0.027802
v -0.534659 0.055857 -0.024491
v -0.534012 0.052540 -0.024289
v -0.531478 0.054962 -0.021139
v -0.533478 0.049164 -0.023317
v -0.528771 0.054733 -0.017365
v -0.530990 0.051819 -0.020068
v -0.533041 0.045429 -0.021560
v -0.526759 0.055056 -0.013749
v -0.530622 0.048668 -0.018313
v -0.528535 0.051953 -0.015803
v -0.532801 0.040850 -0.018352
v -0.525488 0.055504 -0.011135
v -0.529997 0.045848 -0.015863
v -0.528164 0.049761 -0.013870
v -0.526594 0.053111 -0.012321
v -0.525941 0.052382 -0.010108
v -0.527418 0.048588 -0.011210
v -0.529201 0.044518 -0.012483
v -0.531166 0.040078 -0.013352
v -0.532086 0.035694 -0.012948
v -0.533927 0.034900 -0.016860
v -0.528953 0.033130 -0.008432
v -0.532163 0.030541 -0.015647
v -0.530464 0.032138 -0.012206
v -0.526281 0.031086 -0.007706
v -0.530212 0.026285 -0.017977
v -0.528640 0.028209 -0.014867
v -0.527318 0.029946 -0.011384
v -0.522116 0.029928 -0.007147
v -0.529096 0.024132 -0.019752
v -0.526898 0.025140 -0.017442
v -0.523209 0.028578 -0.010680
v -0.519047 0.028082 -0.010342
v -0.524870 0.027011 -0.014212
v -0.524723 0.023997 -0.017960
v -0.521203 0.026097 -0.014155
v -0.607729 0.081418 0.022069
v -0.608525 0.081664 0.023397
v -0.607657 0.080363 0.021441
v -0.607162 0.081222 0.021148
v -0.606387 0.080079 0.019819
v -0.606762 0.079231 0.019799
v -0.606006 0.080901 0.019738
v -0.605380 0.078324 0.018862
v -0.604284 0.080112 0.018446
v -0.603755 0.078452 0.018414
v -0.603839 0.080559 0.017911
v -0.603109 0.080025 0.018042
v -0.601544 0.078547 0.019302
v -0.602383 0.080403 0.017221
v -0.602396 0.080461 0.016335
v -0.601185 0.079803 0.018900
v -0.600921 0.079094 0.019792
v -0.601675 0.080473 0.016148
v -0.601537 0.080769 0.015632
v -0.600665 0.079757 0.019465
v -0.600310 0.079666 0.020742
v -0.601208 0.080926 0.015880
v -0.601130 0.081040 0.015644
v -0.600836 0.081175 0.015814
v -0.600703 0.081078 0.016076
v -0.600641 0.080777 0.016738
v -0.600714 0.080398 0.018105
v -0.600560 0.080359 0.019004
v -0.600284 0.080675 0.020532
v -0.600334 0.080212 0.020741
v -0.599955 0.081294 0.023600
v -0.637464 0.098572 0.018535
v -0.632751 0.099143 0.017843
v -0.637891 0.100099 0.012408
v -0.633199 0.100266 0.011863
v -0.638116 0.100963 0.005969
v -0.628653 0.099405 0.016223
v -0.633484 0.100813 0.005784
v -0.629200 0.100168 0.011100
v -0.625566 0.099220 0.014179
v -0.629580 0.100519 0.005456
v -0.626306 0.099795 0.009969
v -0.622726 0.098899 0.012248
v -0.626769 0.100215 0.005011
v -0.623414 0.099416 0.008715
v -0.620094 0.098198 0.010644
v -0.623976 0.099730 0.004405
v -0.620579 0.098764 0.007495
v -0.617410 0.097002 0.009069
v -0.620901 0.099110 0.003741
v -0.617824 0.097760 0.006433
v -0.614581 0.095458 0.007538
v -0.618110 0.098236 0.003259
v -0.614975 0.096466 0.005471
v -0.615217 0.097137 0.002918
v -0.611905 0.094000 0.006605
v -0.612292 0.095266 0.004859
v -0.612420 0.096073 0.002646
v -0.609425 0.094809 0.002458
v -0.609356 0.093912 0.004571
v -0.606284 0.093659 0.002380
v -0.609199 0.092668 0.006082
v -0.606189 0.092708 0.004338
v -0.606085 0.091498 0.005708
v -0.552226 0.074382 0.016212
v -0.552648 0.073778 0.016113
v -0.552501 0.074124 0.015695
v -0.553052 0.073500 0.015812
v -0.553054 0.073121 0.016238
v -0.552492 0.073460 0.015787
v -0.552770 0.074106 0.014765
v -0.552403 0.074128 0.015808
v -0.552112 0.074273 0.014518
v -0.552226 0.074382 0.016212
v -0.552220 0.074570 0.014957
v -0.552633 0.074590 0.014034
v -0.552160 0.074982 0.014885
v -0.551990 0.075090 0.013567
v -0.552091 0.074527 0.015854
v -0.552066 0.075078 0.014224
v -0.552498 0.075171 0.013158
v -0.552098 0.074698 0.015968
v -0.552226 0.074382 0.016212
v -0.552056 0.075785 0.014051
v -0.552003 0.075905 0.012673
v -0.551809 0.075080 0.015254
v -0.551924 0.075656 0.013346
v -0.552398 0.075814 0.012062
v -0.551931 0.075473 0.015230
v -0.552014 0.076620 0.013213
v -0.552032 0.076748 0.011666
v -0.551657 0.075605 0.014551
v -0.551834 0.076431 0.012294
v -0.552423 0.076626 0.010709
v -0.551797 0.076288 0.014512
v -0.552002 0.077616 0.012269
v -0.552109 0.077595 0.010616
v -0.551520 0.076309 0.013705
v -0.551792 0.077354 0.011048
v -0.552538 0.077449 0.009241
v -0.551701 0.077203 0.013758
v -0.552006 0.078612 0.011227
v -0.552160 0.078552 0.009431
v -0.551586 0.078288 0.012838
v -0.551178 0.077504 0.014248
v -0.551932 0.079716 0.010063
v -0.552241 0.079622 0.008072
v -0.551435 0.079405 0.011830
v -0.551854 0.080902 0.008628
v -0.552304 0.080647 0.006390
v -0.551376 0.076536 0.015046
v -0.550914 0.078651 0.013302
v -0.551216 0.080645 0.010659
v -0.551734 0.082172 0.006902
v -0.552254 0.081632 0.004464
v -0.551511 0.075705 0.015725
v -0.550558 0.077568 0.014803
v -0.550642 0.079880 0.012335
v -0.550999 0.081994 0.009210
v -0.551521 0.083143 0.004823
v -0.552104 0.082130 0.002287
v -0.551652 0.075063 0.016315
v -0.550068 0.078788 0.013819
v -0.550303 0.081206 0.011138
v -0.550755 0.083277 0.007365
v -0.551808 0.074925 0.016425
v -0.551712 0.075017 0.016267
v -0.549549 0.079990 0.012741
v -0.551468 0.075271 0.016806
v -0.551509 0.075647 0.015737
v -0.551513 0.075417 0.016718
v -0.551482 0.076315 0.015103
v -0.551494 0.076108 0.016256
v -0.551674 0.076483 0.016899
v -0.551608 0.076883 0.015698
v -0.551440 0.077047 0.014243
v -0.551607 0.077771 0.014894
v -0.551488 0.077223 0.012671
v -0.551331 0.078014 0.013195
v -0.551422 0.078237 0.011444
v -0.551776 0.078200 0.009687
v -0.552661 0.078094 0.007848
v -0.551828 0.079047 0.008161
v -0.552787 0.078739 0.006153
v -0.551390 0.079204 0.010052
v -0.551312 0.079102 0.011884
v -0.551900 0.079840 0.006295
v -0.552921 0.079275 0.004313
v -0.551346 0.080270 0.008488
v -0.552115 0.080416 0.004352
v -0.552865 0.079539 0.002196
v -0.551577 0.078805 0.013804
v -0.551351 0.080253 0.010441
v -0.551381 0.081257 0.006592
v -0.551575 0.080019 0.012430
v -0.552095 0.079607 0.014505
v -0.551377 0.081479 0.008823
v -0.551693 0.081280 0.010864
v -0.551984 0.078401 0.015610
v -0.552185 0.081001 0.013049
v -0.551849 0.077412 0.016407
v -0.552845 0.080285 0.015179
v -0.552538 0.078957 0.016372
v -0.552174 0.077872 0.017201
v -0.551445 0.082605 0.006861
v -0.551761 0.082666 0.009120
v -0.552355 0.082434 0.011348
v -0.553136 0.081935 0.013706
v -0.551543 0.081901 0.004648
v -0.551849 0.080697 0.002263
v -0.551628 0.080735 0.000012
v -0.552726 0.079428 0.000011
v -0.552862 0.079540 -0.002174
v -0.551189 0.082244 0.002369
v -0.551539 0.083407 0.004866
v -0.551843 0.083954 0.007084
v -0.552448 0.083931 0.009448
v -0.553398 0.083575 0.011875
v -0.551068 0.084026 0.002631
v -0.552030 0.084995 0.005046
v -0.552533 0.085293 0.007303
v -0.550944 0.082434 0.000015
v -0.553535 0.085191 0.009794
v -0.554573 0.084305 0.012236
v -0.554919 0.086070 0.010108
v -0.554125 0.082510 0.014146
v -0.553691 0.080762 0.015742
v -0.555114 0.082818 0.014474
v -0.553171 0.079363 0.017030
v -0.555638 0.084560 0.012448
v -0.554515 0.081054 0.016249
v -0.556088 0.082931 0.014795
v -0.553602 0.086618 0.007503
v -0.555047 0.087740 0.007769
v -0.556028 0.086241 0.010261
v -0.556647 0.084599 0.012679
v -0.552639 0.086531 0.005209
v -0.551604 0.085973 0.002755
v -0.550729 0.084162 0.000006
v -0.553673 0.087826 0.005400
v -0.552412 0.087510 0.002742
v -0.554941 0.089139 0.005587
v -0.551095 0.086277 0.000013
v -0.556235 0.087993 0.007897
v -0.556132 0.089732 0.005617
v -0.556999 0.086173 0.010406
v -0.557150 0.087860 0.007933
v -0.551066 0.084026 -0.002610
v -0.551602 0.085973 -0.002736
v -0.551186 0.082245 -0.002343
v -0.551846 0.080698 -0.002238
v -0.552112 0.080414 -0.004328
v -0.552917 0.079273 -0.004289
v -0.551539 0.081899 -0.004624
v -0.551537 0.083406 -0.004849
v -0.551895 0.079836 -0.006270
v -0.552782 0.078735 -0.006128
v -0.551378 0.081255 -0.006571
v -0.551821 0.079043 -0.008136
v -0.552654 0.078090 -0.007822
v -0.552028 0.084994 -0.005031
v -0.551442 0.082602 -0.006842
v -0.551339 0.080266 -0.008463
v -0.551768 0.078195 -0.009661
v -0.552531 0.077444 -0.009215
v -0.551840 0.083952 -0.007066
v -0.551370 0.081475 -0.008799
v -0.551382 0.079199 -0.010026
v -0.551783 0.077348 -0.011021
v -0.552414 0.076620 -0.010682
v -0.551754 0.082661 -0.009096
v -0.551343 0.080248 -0.010416
v -0.551413 0.078231 -0.011418
v -0.551824 0.076425 -0.012267
v -0.552388 0.075808 -0.012036
v -0.551685 0.081274 -0.010840
v -0.551302 0.079095 -0.011858
v -0.551478 0.077217 -0.012645
v -0.551913 0.075649 -0.013318
v -0.552487 0.075164 -0.013131
v -0.551565 0.080012 -0.012405
v -0.551320 0.078007 -0.013169
v -0.551509 0.076302 -0.013678
v -0.552054 0.075070 -0.014197
v -0.552622 0.074582 -0.014007
v -0.551566 0.078797 -0.013778
v -0.551428 0.077039 -0.014216
v -0.551645 0.075597 -0.014524
v -0.552208 0.074562 -0.014930
v -0.552758 0.074096 -0.014738
v -0.551595 0.077763 -0.014867
v -0.551470 0.076307 -0.015076
v -0.552083 0.079599 -0.014480
v -0.551796 0.075072 -0.015226
v -0.552488 0.074120 -0.015667
v -0.553039 0.073490 -0.015784
v -0.551495 0.075639 -0.015710
v -0.552077 0.074519 -0.015826
v -0.552635 0.073770 -0.016086
v -0.553040 0.073113 -0.016211
v -0.552479 0.073452 -0.015759
v -0.552213 0.074373 -0.016185
v -0.552390 0.074120 -0.015780
v -0.552098 0.074265 -0.014491
v -0.551699 0.075008 -0.016239
v -0.552147 0.074974 -0.014858
v -0.551979 0.075083 -0.013540
v -0.551794 0.074916 -0.016398
v -0.552085 0.074689 -0.015940
v -0.552044 0.075778 -0.014024
v -0.551992 0.075898 -0.012646
v -0.551638 0.075054 -0.016287
v -0.551454 0.075262 -0.016779
v -0.551499 0.075408 -0.016691
v -0.551919 0.075465 -0.015202
v -0.552004 0.076613 -0.013186
v -0.552023 0.076742 -0.011640
v -0.551499 0.075697 -0.015697
v -0.551785 0.076280 -0.014485
v -0.551992 0.077610 -0.012243
v -0.552100 0.077590 -0.010590
v -0.551481 0.076099 -0.016229
v -0.551661 0.076474 -0.016872
v -0.551594 0.076874 -0.015671
v -0.551971 0.078392 -0.015584
v -0.551364 0.076528 -0.015019
v -0.551997 0.078606 -0.011202
v -0.552153 0.078547 -0.009406
v -0.551835 0.077403 -0.016381
v -0.551924 0.079711 -0.010038
v -0.552235 0.079618 -0.008047
v -0.551847 0.080897 -0.008603
v -0.552299 0.080644 -0.006366
v -0.551728 0.082169 -0.006878
v -0.552250 0.081629 -0.004441
v -0.551516 0.083140 -0.004800
v -0.552101 0.082131 -0.002264
v -0.551575 0.078281 -0.012812
v -0.551425 0.079399 -0.011804
v -0.551207 0.080640 -0.010633
v -0.550991 0.081989 -0.009185
v -0.550750 0.083274 -0.007341
v -0.551689 0.077195 -0.013732
v -0.551166 0.077496 -0.014222
v -0.550903 0.078643 -0.013275
v -0.550632 0.079873 -0.012310
v -0.550546 0.077560 -0.014776
v -0.550294 0.081200 -0.011112
v -0.550057 0.078781 -0.013792
v -0.550916 0.076609 -0.015536
v -0.549539 0.079983 -0.012714
v -0.551103 0.075898 -0.016142
v -0.551259 0.075402 -0.016618
v -0.549449 0.078633 -0.014209
v -0.548795 0.079785 -0.013063
v -0.550058 0.077499 -0.015284
v -0.550459 0.076661 -0.016092
v -0.550809 0.076165 -0.016708
v -0.551006 0.075872 -0.017061
v -0.549053 0.081288 -0.011417
v -0.551218 0.075652 -0.017263
v -0.551462 0.075695 -0.017292
v -0.551476 0.076084 -0.017972
v -0.550087 0.076729 -0.016711
v -0.550512 0.076374 -0.017294
v -0.550758 0.076213 -0.017673
v -0.551066 0.076027 -0.017904
v -0.549532 0.077308 -0.015868
v -0.548848 0.078302 -0.014661
v -0.548167 0.079438 -0.013428
v -0.548223 0.081097 -0.011673
v -0.548639 0.082697 -0.009862
v -0.549913 0.082584 -0.009602
v -0.549553 0.083881 -0.007656
v -0.548370 0.083974 -0.007838
v -0.547218 0.083751 -0.007929
v -0.547645 0.082466 -0.010009
v -0.547409 0.080743 -0.012000
v -0.547208 0.078850 -0.013955
v -0.548077 0.084937 -0.005412
v -0.549366 0.084743 -0.005265
v -0.546626 0.082074 -0.010208
v -0.547943 0.077842 -0.015315
v -0.548713 0.076918 -0.016568
v -0.550459 0.084207 -0.005089
v -0.546388 0.080055 -0.012371
v -0.546887 0.077079 -0.015989
v -0.549389 0.076446 -0.017462
v -0.551366 0.083623 -0.002432
v -0.546111 0.078002 -0.014564
v -0.547775 0.076312 -0.017319
v -0.550034 0.076374 -0.018019
v -0.550542 0.076241 -0.018374
v -0.549355 0.075888 -0.018962
v -0.551006 0.076179 -0.018657
v -0.548585 0.075956 -0.018313
v -0.550176 0.075960 -0.019393
v -0.544689 0.076633 -0.015438
v -0.545649 0.075887 -0.017007
v -0.546727 0.075366 -0.018366
v -0.547783 0.075129 -0.019393
v -0.548763 0.075177 -0.020063
v -0.545263 0.079097 -0.012837
v -0.545466 0.081388 -0.010515
v -0.546026 0.083361 -0.008076
v -0.544275 0.074326 -0.018210
v -0.545574 0.073939 -0.019674
v -0.546861 0.073906 -0.020833
v -0.543128 0.074953 -0.016487
v -0.543697 0.077563 -0.013586
v -0.544299 0.080338 -0.010832
v -0.544775 0.082671 -0.008287
v -0.542084 0.075784 -0.014454
v -0.541439 0.077387 -0.011506
v -0.545650 0.084403 -0.005585
v -0.542862 0.078762 -0.011222
v -0.542524 0.080167 -0.008651
v -0.543712 0.081581 -0.008452
v -0.546865 0.084778 -0.005464
v -0.544320 0.083771 -0.005728
v -0.545428 0.084986 -0.002858
v -0.546667 0.085332 -0.002845
v -0.547898 0.085422 -0.002803
v -0.547813 0.085356 0.000011
v -0.549194 0.085192 -0.002731
v -0.550301 0.084670 -0.002622
v -0.549161 0.085114 0.000016
v -0.550315 0.084582 0.000018
v -0.546537 0.085367 0.000011
v -0.551163 0.083622 0.000014
v -0.551793 0.082167 0.000012
v -0.551369 0.083622 0.002455
v -0.550308 0.084670 0.002637
v -0.550463 0.084208 0.005113
v -0.549208 0.085195 0.002738
v -0.549370 0.084744 0.005289
v -0.547917 0.085426 0.002812
v -0.549560 0.083885 0.007681
v -0.546686 0.085338 0.002862
v -0.548082 0.084940 0.005437
v -0.549920 0.082589 0.009627
v -0.548377 0.083978 0.007863
v -0.547224 0.083755 0.007955
v -0.548647 0.082702 0.009888
v -0.546869 0.084781 0.005490
v -0.545451 0.084994 0.002884
v -0.549062 0.081294 0.011444
v -0.548806 0.079792 0.013090
v -0.548232 0.081103 0.011700
v -0.549461 0.078641 0.014236
v -0.545654 0.084406 0.005613
v -0.545291 0.085130 0.000013
v -0.547654 0.082471 0.010036
v -0.548178 0.079446 0.013456
v -0.547418 0.080750 0.012028
v -0.546634 0.082079 0.010236
v -0.546032 0.083366 0.008104
v -0.544020 0.084381 -0.002931
v -0.548859 0.078310 0.014689
v -0.547219 0.078857 0.013984
v -0.546398 0.080061 0.012401
v -0.545475 0.081394 0.010544
v -0.544781 0.082675 0.008316
v -0.550070 0.077507 0.015311
v -0.544328 0.083775 0.005758
v -0.550928 0.076618 0.015564
v -0.551116 0.075907 0.016170
v -0.550472 0.076670 0.016120
v -0.549544 0.077317 0.015897
v -0.551273 0.075412 0.016646
v -0.550822 0.076175 0.016736
v -0.551020 0.075881 0.017089
v -0.550100 0.076738 0.016739
v -0.547955 0.077851 0.015344
v -0.548726 0.076927 0.016597
v -0.550526 0.076384 0.017322
v -0.551232 0.075661 0.017290
v -0.546900 0.077088 0.016019
v -0.549403 0.076455 0.017491
v -0.550772 0.076223 0.017701
v -0.551476 0.075704 0.017320
v -0.551491 0.076094 0.017999
v -0.546123 0.078010 0.014594
v -0.545274 0.079104 0.012867
v -0.550049 0.076384 0.018047
v -0.551081 0.076036 0.017931
v -0.550557 0.076251 0.018402
v -0.551820 0.076846 0.017698
v -0.551021 0.076190 0.018685
v -0.549371 0.075899 0.018991
v -0.544308 0.080343 0.010863
v -0.552695 0.078267 0.018051
v -0.551514 0.076421 0.018797
v -0.550192 0.075971 0.019422
v -0.543719 0.081586 0.008482
v -0.553885 0.079618 0.017683
v -0.552062 0.077289 0.018593
v -0.553283 0.078455 0.018813
v -0.555421 0.081227 0.016797
v -0.552502 0.077451 0.019520
v -0.554733 0.079730 0.018351
v -0.557950 0.083009 0.015573
v -0.553949 0.078451 0.019575
v -0.557100 0.081405 0.017731
v -0.558564 0.084592 0.013095
v -0.556222 0.079934 0.019651
v -0.558847 0.086096 0.010493
v -0.560056 0.083005 0.016686
v -0.560716 0.084623 0.013796
v -0.560935 0.086147 0.010654
v -0.558899 0.087746 0.007841
v -0.559112 0.081455 0.019094
v -0.556987 0.089693 0.005510
v -0.563734 0.084890 0.014678
v -0.563469 0.086175 0.011620
v -0.563212 0.083004 0.018646
v -0.563210 0.087068 0.009540
v -0.561701 0.081010 0.021743
v -0.561019 0.087739 0.007658
v -0.562947 0.088125 0.007396
v -0.557878 0.079897 0.021163
v -0.559902 0.079216 0.023835
v -0.558655 0.089485 0.005221
v -0.560762 0.089390 0.004944
v -0.562650 0.089553 0.005020
v -0.562018 0.090824 0.002195
v -0.560300 0.090501 0.002349
v -0.561740 0.090425 0.000001
v -0.556355 0.078275 0.022757
v -0.557859 0.077430 0.025361
v -0.555101 0.078484 0.021087
v -0.557957 0.090503 0.002622
v -0.560127 0.090065 -0.000007
v -0.554625 0.076692 0.023828
v -0.555692 0.075603 0.026322
v -0.553591 0.073954 0.026758
v -0.553844 0.077069 0.022191
v -0.553097 0.077300 0.020645
v -0.552847 0.075273 0.024326
v -0.551519 0.072755 0.026514
v -0.552345 0.075921 0.022642
v -0.551111 0.074220 0.024335
v -0.549555 0.071821 0.025953
v -0.551957 0.076319 0.021024
v -0.549425 0.073432 0.023964
v -0.547613 0.071146 0.025069
v -0.550865 0.075114 0.022627
v -0.551709 0.076493 0.019759
v -0.547772 0.072812 0.023305
v -0.545647 0.070535 0.024018
v -0.549507 0.074511 0.022292
v -0.550897 0.075761 0.020980
v -0.550910 0.076146 0.019715
v -0.549847 0.075357 0.020588
v -0.546123 0.072415 0.022385
v -0.543777 0.070302 0.022660
v -0.548170 0.074110 0.021682
v -0.548779 0.075188 0.020093
v -0.544593 0.072379 0.021087
v -0.541983 0.070365 0.021024
v -0.546878 0.073917 0.020865
v -0.547799 0.075139 0.019424
v -0.543132 0.072653 0.019485
v -0.540398 0.070939 0.019188
v -0.545590 0.073950 0.019707
v -0.548599 0.075966 0.018343
v -0.541873 0.073279 0.017638
v -0.538929 0.071693 0.017312
v -0.544290 0.074336 0.018244
v -0.546742 0.075376 0.018398
v -0.547789 0.076321 0.017349
v -0.545663 0.075896 0.017039
v -0.540711 0.074039 0.015661
v -0.537670 0.072591 0.015344
v -0.543142 0.074962 0.016522
v -0.544701 0.076641 0.015470
v -0.539564 0.074806 0.013586
v -0.536666 0.073624 0.013262
v -0.542096 0.075792 0.014489
v -0.541448 0.077393 0.011541
v -0.543708 0.077570 0.013618
v -0.538566 0.075425 0.011784
v -0.535799 0.074679 0.010983
v -0.542871 0.078768 0.011255
v -0.542531 0.080171 0.008683
v -0.537814 0.076135 0.009775
v -0.535128 0.075713 0.008595
v -0.539450 0.076918 0.009992
v -0.537408 0.076803 0.007742
v -0.534545 0.076673 0.006054
v -0.541170 0.078870 0.008590
v -0.539546 0.077936 0.007907
v -0.536935 0.077446 0.005442
v -0.534070 0.077422 0.003190
v -0.540935 0.079699 0.005751
v -0.539244 0.078514 0.005452
v -0.536635 0.077933 0.002845
v -0.533932 0.077704 0.000024
v -0.542436 0.081346 0.005884
v -0.538871 0.078754 0.002832
v -0.540731 0.080018 0.002938
v -0.540649 0.080088 0.000012
v -0.543342 0.082592 0.005845
v -0.542262 0.081875 0.002999
v -0.538648 0.078797 0.000032
v -0.536524 0.078151 0.000034
v -0.536621 0.077921 -0.002783
v -0.534068 0.077418 -0.003143
v -0.543136 0.083181 0.002993
v -0.538837 0.078728 -0.002775
v -0.536921 0.077435 -0.005393
v -0.534539 0.076668 -0.006009
v -0.537402 0.076799 -0.007703
v -0.535121 0.075708 -0.008555
v -0.539212 0.078490 -0.005406
v -0.537806 0.076129 -0.009737
v -0.535789 0.074672 -0.010942
v -0.544047 0.084391 0.002966
v -0.543862 0.084494 0.000019
v -0.542966 0.083333 0.000019
v -0.542114 0.081992 0.000010
v -0.543107 0.083167 -0.002963
v -0.542232 0.081856 -0.002981
v -0.543332 0.082584 -0.005821
v -0.542418 0.081333 -0.005860
v -0.540695 0.079991 -0.002913
v -0.540904 0.079675 -0.005721
v -0.541163 0.078866 -0.008556
v -0.539540 0.077932 -0.007871
v -0.539442 0.076912 -0.009956
v -0.538556 0.075418 -0.011746
v -0.536655 0.073617 -0.013222
v -0.539553 0.074799 -0.013549
v -0.537658 0.072583 -0.015304
v -0.540698 0.074030 -0.015624
v -0.538915 0.071683 -0.017272
v -0.541858 0.073270 -0.017602
v -0.540383 0.070928 -0.019150
v -0.543116 0.072642 -0.019449
v -0.541966 0.070353 -0.020986
v -0.544576 0.072368 -0.021052
v -0.543758 0.070290 -0.022624
v -0.546105 0.072403 -0.022351
v -0.545628 0.070523 -0.023983
v -0.548153 0.074098 -0.021651
v -0.547753 0.072799 -0.023273
v -0.547593 0.071133 -0.025036
v -0.549831 0.075345 -0.020559
v -0.549405 0.073419 -0.023933
v -0.549533 0.071807 -0.025921
v -0.549489 0.074499 -0.022262
v -0.550893 0.076135 -0.019687
v -0.551091 0.074207 -0.024306
v -0.551497 0.072741 -0.026485
v -0.550879 0.075750 -0.020952
v -0.550847 0.075102 -0.022599
v -0.551499 0.076411 -0.018770
v -0.552828 0.075260 -0.024300
v -0.553569 0.073940 -0.026731
v -0.552327 0.075908 -0.022615
v -0.551940 0.076307 -0.020997
v -0.551693 0.076482 -0.019732
v -0.554606 0.076679 -0.023804
v -0.555671 0.075589 -0.026298
v -0.557839 0.077417 -0.025340
v -0.553826 0.077057 -0.022167
v -0.556336 0.078262 -0.022735
v -0.559883 0.079203 -0.023816
v -0.552486 0.077441 -0.019494
v -0.553080 0.077289 -0.020620
v -0.557860 0.079886 -0.021143
v -0.561684 0.080998 -0.021726
v -0.555084 0.078473 -0.021064
v -0.559096 0.081445 -0.019076
v -0.563197 0.082994 -0.018632
v -0.553933 0.078440 -0.019550
v -0.556206 0.079924 -0.019629
v -0.560041 0.082996 -0.016670
v -0.563736 0.084890 -0.014667
v -0.557086 0.081396 -0.017711
v -0.554718 0.079720 -0.018328
v -0.553268 0.078445 -0.018788
v -0.560719 0.084624 -0.013786
v -0.563477 0.086179 -0.011609
v -0.557937 0.083001 -0.015555
v -0.555407 0.081218 -0.016776
v -0.560942 0.086150 -0.010645
v -0.563213 0.087069 -0.009529
v -0.552047 0.077279 -0.018566
v -0.553870 0.079608 -0.017660
v -0.551805 0.076836 -0.017672
v -0.552680 0.078258 -0.018026
v -0.552160 0.077862 -0.017175
v -0.553157 0.079354 -0.017006
v -0.552524 0.078948 -0.016348
v -0.554502 0.081045 -0.016226
v -0.552833 0.080277 -0.015155
v -0.553678 0.080753 -0.015719
v -0.556075 0.082923 -0.014775
v -0.555102 0.082811 -0.014453
v -0.552175 0.080994 -0.013025
v -0.554113 0.082503 -0.014125
v -0.552346 0.082427 -0.011325
v -0.553124 0.081927 -0.013683
v -0.554563 0.084298 -0.012216
v -0.555628 0.084553 -0.012428
v -0.552443 0.083927 -0.009429
v -0.553388 0.083569 -0.011853
v -0.552531 0.085291 -0.007288
v -0.554910 0.086065 -0.010089
v -0.553527 0.085186 -0.009774
v -0.556636 0.084592 -0.012661
v -0.552636 0.086529 -0.005194
v -0.556019 0.086236 -0.010243
v -0.553598 0.086616 -0.007487
v -0.555043 0.087737 -0.007753
v -0.558561 0.084589 -0.013081
v -0.552409 0.087509 -0.002720
v -0.556990 0.086167 -0.010388
v -0.553669 0.087824 -0.005383
v -0.551979 0.087965 0.000007
v -0.558846 0.086094 -0.010481
v -0.556229 0.087989 -0.007880
v -0.554936 0.089135 -0.005569
v -0.553353 0.088871 -0.002747
v -0.553358 0.088873 0.002768
v -0.557143 0.087856 -0.007917
v -0.556127 0.089729 -0.005601
v -0.554445 0.090205 -0.002854
v -0.552896 0.089328 0.000010
v -0.553996 0.090375 0.000008
v -0.554449 0.090208 0.002871
v -0.555441 0.090790 -0.002910
v -0.554958 0.090805 0.000008
v -0.555446 0.090792 0.002925
v -0.555706 0.090735 0.000007
v -0.556291 0.090819 0.002827
v -0.557541 0.090088 -0.000001
v -0.556290 0.090818 -0.002818
v -0.557962 0.090505 -0.002622
v -0.556985 0.089691 -0.005496
v -0.560318 0.090512 -0.002354
v -0.562046 0.090839 -0.002184
v -0.558657 0.089485 -0.005211
v -0.558893 0.087742 -0.007826
v -0.560770 0.089394 -0.004937
v -0.562653 0.089554 -0.005010
v -0.562947 0.088124 -0.007385
v -0.561019 0.087739 -0.007647
v -0.607711 0.081356 -0.022019
v -0.607632 0.080296 -0.021396
v -0.608510 0.081605 -0.023339
v -0.607139 0.081165 -0.021105
v -0.606351 0.080027 -0.019786
v -0.606723 0.079178 -0.019763
v -0.605968 0.080860 -0.019712
v -0.605347 0.078293 -0.018846
v -0.604254 0.080096 -0.018438
v -0.603733 0.078447 -0.018415
v -0.603813 0.080535 -0.017908
v -0.603093 0.080008 -0.018049
v -0.601531 0.078531 -0.019312
v -0.602366 0.080392 -0.017226
v -0.602385 0.080455 -0.016339
v -0.601173 0.079787 -0.018907
v -0.600910 0.079076 -0.019795
v -0.601662 0.080466 -0.016155
v -0.601523 0.080760 -0.015643
v -0.600656 0.079738 -0.019465
v -0.600299 0.079642 -0.020737
v -0.601197 0.080918 -0.015890
v -0.601120 0.081032 -0.015656
v -0.600824 0.081167 -0.015823
v -0.600692 0.081069 -0.016084
v -0.600632 0.080765 -0.016744
v -0.600708 0.080381 -0.018108
v -0.600551 0.080341 -0.019004
v -0.600276 0.080653 -0.020524
v -0.600325 0.080187 -0.020735
v -0.599948 0.081269 -0.023576
v -0.605805 0.090092 -0.006761
v -0.605979 0.091460 -0.005577
v -0.602952 0.090934 -0.005258
v -0.602643 0.089503 -0.006434
v -0.599471 0.091084 -0.005059
v -0.605567 0.088645 -0.007745
v -0.598492 0.089325 -0.006624
v -0.602385 0.088007 -0.007506
v -0.605136 0.087130 -0.008815
v -0.599214 0.087622 -0.007735
v -0.602058 0.086542 -0.008707
v -0.604502 0.085678 -0.010014
v -0.595993 0.086241 -0.009535
v -0.594512 0.087625 -0.008946
v -0.601740 0.085146 -0.010090
v -0.603740 0.084709 -0.011159
v -0.599620 0.085842 -0.009187
v -0.593545 0.084941 -0.011877
v -0.592054 0.086271 -0.011273
v -0.601483 0.084493 -0.011092
v -0.602959 0.084226 -0.012060
v -0.596905 0.084785 -0.010598
v -0.599744 0.084664 -0.010457
v -0.591800 0.083820 -0.014847
v -0.590264 0.084980 -0.014005
v -0.588509 0.083970 -0.017146
v -0.601148 0.084060 -0.012043
v -0.602096 0.083737 -0.013193
v -0.599685 0.084081 -0.011483
v -0.594767 0.083672 -0.012764
v -0.597497 0.083786 -0.011741
v -0.590304 0.082963 -0.018384
v -0.586919 0.083094 -0.020896
v -0.593065 0.082905 -0.015749
v -0.595695 0.082907 -0.013780
v -0.597857 0.083374 -0.012699
v -0.599558 0.083541 -0.012975
v -0.588835 0.082362 -0.022297
v -0.585486 0.082404 -0.024453
v -0.591829 0.082287 -0.019540
v -0.594223 0.082380 -0.016809
v -0.596423 0.082591 -0.014747
v -0.587605 0.081658 -0.026025
v -0.584373 0.081418 -0.027826
v -0.590668 0.081817 -0.023463
v -0.593161 0.081900 -0.020541
v -0.586668 0.080624 -0.029480
v -0.583573 0.080117 -0.031319
v -0.589727 0.081044 -0.027092
v -0.585862 0.079402 -0.032678
v -0.582680 0.078516 -0.034605
v -0.598264 0.083036 -0.014063
v -0.595352 0.082069 -0.017866
v -0.592206 0.081548 -0.024313
v -0.589036 0.080109 -0.030463
v -0.585293 0.077852 -0.035738
v -0.581918 0.076230 -0.038133
v -0.597171 0.082453 -0.015936
v -0.594478 0.081907 -0.021469
v -0.591436 0.080829 -0.027760
v -0.588488 0.078890 -0.033471
v -0.585329 0.075763 -0.039076
v -0.581354 0.072864 -0.041868
v -0.588287 0.077536 -0.036369
v -0.590617 0.078761 -0.033701
v -0.596330 0.082157 -0.018810
v -0.593649 0.081564 -0.025032
v -0.590942 0.079889 -0.030911
v -0.593086 0.080997 -0.028305
v -0.595382 0.082146 -0.022073
v -0.592894 0.080227 -0.031309
v -0.594627 0.081883 -0.025482
v -0.594249 0.081401 -0.028644
v -0.590998 0.077498 -0.036428
v -0.593000 0.079147 -0.033927
v -0.594239 0.080667 -0.031470
v -0.588697 0.075746 -0.039347
v -0.586177 0.073000 -0.042608
v -0.586127 0.068774 -0.046317
v -0.582007 0.068147 -0.045867
v -0.586832 0.062425 -0.050070
v -0.591492 0.064144 -0.049916
v -0.591976 0.056335 -0.053101
v -0.598905 0.058958 -0.052838
v -0.596098 0.049927 -0.055369
v -0.602961 0.051464 -0.055519
v -0.590113 0.069821 -0.046037
v -0.590595 0.073564 -0.042308
v -0.591867 0.075939 -0.039063
v -0.594792 0.066264 -0.048826
v -0.593275 0.070996 -0.045106
v -0.608197 0.058140 -0.053589
v -0.610353 0.053030 -0.055417
v -0.615448 0.058797 -0.054065
v -0.617519 0.054639 -0.055647
v -0.612939 0.062890 -0.052187
v -0.607250 0.062141 -0.051697
v -0.611006 0.066302 -0.050233
v -0.600651 0.063014 -0.050896
v -0.606607 0.065461 -0.049461
v -0.609672 0.069001 -0.048234
v -0.597170 0.068272 -0.047365
v -0.606185 0.068184 -0.047394
v -0.608337 0.070691 -0.046711
v -0.601732 0.066152 -0.048727
v -0.605892 0.070445 -0.045960
v -0.608046 0.072049 -0.045697
v -0.607204 0.072850 -0.044840
v -0.602080 0.068613 -0.046832
v -0.595686 0.072282 -0.043743
v -0.598601 0.070245 -0.045626
v -0.602470 0.070968 -0.045058
v -0.605302 0.072113 -0.044690
v -0.593363 0.074148 -0.041524
v -0.599755 0.072204 -0.044068
v -0.597510 0.073634 -0.042625
v -0.595591 0.075073 -0.040849
v -0.594377 0.076620 -0.038660
v -0.602673 0.072743 -0.044017
v -0.593433 0.077956 -0.036325
v -0.594527 0.079750 -0.034005
v -0.595139 0.078757 -0.036401
v -0.596109 0.077503 -0.038586
v -0.597407 0.076168 -0.040424
v -0.598940 0.075033 -0.041855
v -0.600647 0.073899 -0.043073
v -0.595205 0.081313 -0.031601
v -0.595538 0.080530 -0.033965
v -0.596250 0.079568 -0.036310
v -0.597349 0.078345 -0.038472
v -0.598475 0.077164 -0.040150
v -0.595207 0.081946 -0.028905
v -0.595439 0.082377 -0.025871
v -0.596145 0.082549 -0.022638
v -0.597015 0.082466 -0.019511
v -0.597797 0.082509 -0.016909
v -0.598550 0.082974 -0.015200
v -0.599539 0.083363 -0.014231
v -0.600698 0.083571 -0.013358
v -0.596886 0.082890 -0.023129
v -0.597651 0.082714 -0.020119
v -0.598297 0.082594 -0.017644
v -0.598978 0.082943 -0.016151
v -0.599582 0.083028 -0.015460
v -0.596280 0.082814 -0.026188
v -0.596037 0.082467 -0.029030
v -0.596072 0.081881 -0.031619
v -0.596422 0.081193 -0.033872
v -0.597270 0.080272 -0.036097
v -0.598371 0.079188 -0.038210
v -0.597883 0.083288 -0.023606
v -0.597384 0.083235 -0.026575
v -0.597088 0.082931 -0.029174
v -0.597192 0.082422 -0.031571
v -0.597613 0.081793 -0.033708
v -0.598398 0.080961 -0.035780
v -0.598572 0.082987 -0.020686
v -0.599021 0.082794 -0.018386
v -0.599468 0.082736 -0.016814
v -0.599826 0.082748 -0.016094
v -0.599695 0.082890 -0.021112
v -0.599870 0.082572 -0.018761
v -0.599945 0.082510 -0.017323
v -0.600064 0.082408 -0.016520
v -0.598972 0.083372 -0.023984
v -0.598364 0.083408 -0.026902
v -0.599600 0.083023 -0.024182
v -0.598076 0.083105 -0.029286
v -0.600278 0.082377 -0.021183
v -0.598919 0.083044 -0.027049
v -0.600386 0.082307 -0.016208
v -0.600307 0.081967 -0.016686
v -0.600237 0.081963 -0.017476
v -0.600405 0.081914 -0.018766
v -0.600274 0.082704 -0.015884
v -0.600372 0.083254 -0.015377
v -0.600536 0.083481 -0.014459
v -0.601561 0.083560 -0.014393
v -0.601150 0.083351 -0.015238
v -0.600819 0.082951 -0.015867
v -0.600631 0.082266 -0.016111
v -0.602562 0.083564 -0.014590
v -0.603531 0.083841 -0.013522
v -0.601895 0.083375 -0.015416
v -0.601337 0.082993 -0.015969
v -0.604109 0.083780 -0.015119
v -0.605305 0.084069 -0.014275
v -0.603153 0.083423 -0.015885
v -0.605783 0.084069 -0.015949
v -0.606909 0.084486 -0.015266
v -0.600442 0.081884 -0.016315
v -0.600435 0.081494 -0.016347
v -0.601083 0.082330 -0.016147
v -0.602222 0.083035 -0.016313
v -0.604760 0.083620 -0.016691
v -0.607039 0.084525 -0.016874
v -0.608128 0.085112 -0.016239
v -0.600687 0.081828 -0.016119
v -0.601033 0.081871 -0.016118
v -0.601741 0.082349 -0.016582
v -0.603879 0.083324 -0.017331
v -0.606015 0.084012 -0.017425
v -0.600763 0.081469 -0.015934
v -0.601573 0.081838 -0.016625
v -0.603090 0.082680 -0.017797
v -0.604916 0.083663 -0.018071
v -0.602649 0.081868 -0.017809
v -0.604273 0.083202 -0.018658
v -0.603958 0.082287 -0.018941
v -0.601012 0.081426 -0.015983
v -0.601462 0.081297 -0.016375
v -0.602382 0.081261 -0.017481
v -0.600824 0.081167 -0.015823
v -0.601120 0.081032 -0.015656
v -0.601523 0.080760 -0.015643
v -0.602385 0.080455 -0.016339
v -0.600692 0.081069 -0.016084
v -0.603813 0.080535 -0.017908
v -0.600632 0.080765 -0.016744
v -0.603845 0.081525 -0.018836
v -0.605968 0.080860 -0.019712
v -0.600344 0.081226 -0.017352
v -0.600708 0.080381 -0.018108
v -0.600469 0.081113 -0.018419
v -0.600551 0.080341 -0.019004
v -0.600276 0.080653 -0.020524
v -0.600441 0.081518 -0.021020
v -0.599948 0.081269 -0.023576
v -0.599774 0.082236 -0.024173
v -0.599420 0.081542 -0.027046
v -0.599244 0.082352 -0.027079
v -0.599059 0.082007 -0.029246
v -0.599227 0.081241 -0.029214
v -0.598673 0.082732 -0.029291
v -0.599211 0.081491 -0.031152
v -0.599396 0.080767 -0.031051
v -0.598792 0.082256 -0.031326
v -0.599617 0.080931 -0.032876
v -0.599725 0.080206 -0.032698
v -0.598130 0.082556 -0.031466
v -0.599198 0.081730 -0.033200
v -0.600209 0.080333 -0.034573
v -0.600304 0.079618 -0.034280
v -0.598501 0.081959 -0.033465
v -0.599787 0.081072 -0.034997
v -0.600888 0.079732 -0.036085
v -0.600897 0.078933 -0.035709
v -0.599172 0.081190 -0.035353
v -0.601602 0.079151 -0.037314
v -0.601484 0.078150 -0.036911
v -0.600521 0.080347 -0.036615
v -0.600040 0.080360 -0.037069
v -0.602317 0.078587 -0.038279
v -0.602152 0.077654 -0.037866
v -0.601329 0.079647 -0.037880
v -0.599441 0.080021 -0.037593
v -0.603081 0.078055 -0.039058
v -0.602898 0.077080 -0.038727
v -0.602063 0.078994 -0.038877
v -0.600899 0.079543 -0.038351
v -0.600367 0.079142 -0.038949
v -0.603786 0.077619 -0.039795
v -0.603698 0.076694 -0.039411
v -0.602870 0.078393 -0.039710
v -0.601655 0.078826 -0.039366
v -0.599444 0.078176 -0.039696
v -0.604351 0.077559 -0.040347
v -0.604580 0.076236 -0.040114
v -0.604669 0.077666 -0.040308
v -0.605371 0.076184 -0.040117
v -0.605706 0.076594 -0.039864
v -0.603652 0.077871 -0.040433
v -0.601197 0.078353 -0.040043
v -0.602502 0.078191 -0.040251
v -0.600472 0.077308 -0.040887
v -0.604254 0.077654 -0.041122
v -0.603428 0.077544 -0.041030
v -0.602136 0.077608 -0.040954
v -0.599802 0.076205 -0.041420
v -0.601613 0.076455 -0.041841
v -0.601180 0.075192 -0.042470
v -0.603179 0.076755 -0.041789
v -0.604224 0.077258 -0.041757
v -0.602829 0.074212 -0.043295
v -0.602983 0.075531 -0.042608
v -0.604978 0.073665 -0.043989
v -0.604518 0.076123 -0.042533
v -0.604732 0.074938 -0.043332
v -0.604594 0.078048 -0.041336
v -0.606618 0.074026 -0.043931
v -0.604850 0.077640 -0.042007
v -0.605584 0.076364 -0.042778
v -0.606144 0.075046 -0.043353
v -0.604933 0.078228 -0.041186
v -0.607865 0.074683 -0.043894
v -0.608526 0.073675 -0.044893
v -0.607329 0.075451 -0.043237
v -0.606579 0.076480 -0.042694
v -0.605485 0.077832 -0.041955
v -0.604894 0.077794 -0.040174
v -0.605937 0.076999 -0.039634
v -0.608723 0.075658 -0.043475
v -0.609567 0.075094 -0.044363
v -0.608195 0.076081 -0.042947
v -0.607390 0.076878 -0.042370
v -0.606164 0.078161 -0.041625
v -0.605338 0.078565 -0.040912
v -0.605146 0.078092 -0.039943
v -0.606118 0.077528 -0.039196
v -0.609482 0.076873 -0.042878
v -0.610251 0.076600 -0.043740
v -0.608898 0.077134 -0.042406
v -0.607969 0.077668 -0.041833
v -0.605685 0.079104 -0.040586
v -0.605428 0.078506 -0.039611
v -0.606407 0.078077 -0.038755
v -0.606646 0.078661 -0.041223
v -0.610089 0.078320 -0.042172
v -0.610825 0.078314 -0.042947
v -0.609492 0.078431 -0.041710
v -0.605806 0.078988 -0.039219
v -0.606808 0.078630 -0.038152
v -0.606163 0.079665 -0.040152
v -0.607203 0.079416 -0.040657
v -0.608409 0.078787 -0.041091
v -0.610702 0.079990 -0.041192
v -0.611545 0.080165 -0.041880
v -0.606281 0.079493 -0.038633
v -0.607406 0.079682 -0.036940
v -0.606694 0.080313 -0.039531
v -0.609946 0.079918 -0.040729
v -0.607712 0.080335 -0.039937
v -0.608855 0.080069 -0.040280
v -0.611248 0.081846 -0.039654
v -0.612006 0.082097 -0.040183
v -0.612362 0.083932 -0.038154
v -0.607400 0.081515 -0.038226
v -0.610428 0.081777 -0.039224
v -0.611557 0.083560 -0.037705
v -0.612627 0.085542 -0.035862
v -0.608392 0.081699 -0.038560
v -0.609407 0.081764 -0.038884
v -0.611948 0.085102 -0.035513
v -0.612788 0.086779 -0.033301
v -0.608943 0.083109 -0.036949
v -0.609924 0.083325 -0.037169
v -0.610873 0.083435 -0.037381
v -0.612241 0.086287 -0.033040
v -0.612951 0.087518 -0.030557
v -0.611353 0.084877 -0.035252
v -0.610376 0.084630 -0.035000
v -0.609446 0.084444 -0.034800
v -0.607989 0.082930 -0.036407
v -0.612416 0.087057 -0.030337
v -0.612894 0.087798 -0.027669
v -0.611735 0.085980 -0.032834
v -0.610770 0.085678 -0.032642
v -0.609790 0.085445 -0.032521
v -0.612388 0.087413 -0.027447
v -0.612592 0.087699 -0.024936
v -0.611906 0.086761 -0.030157
v -0.612055 0.087323 -0.024681
v -0.612110 0.087302 -0.022539
v -0.611838 0.087123 -0.027209
v -0.611001 0.086431 -0.030051
v -0.611403 0.086801 -0.022274
v -0.611402 0.086753 -0.020542
v -0.609993 0.086178 -0.030051
v -0.611403 0.086972 -0.024452
v -0.610948 0.086668 -0.027081
v -0.610513 0.086250 -0.020452
v -0.610504 0.086216 -0.018840
v -0.610699 0.086434 -0.022158
v -0.610525 0.086444 -0.024316
v -0.609378 0.085690 -0.018882
v -0.609382 0.085691 -0.017338
v -0.609630 0.085814 -0.020498
v -0.608296 0.085104 -0.017802
v -0.608333 0.085102 -0.019238
v -0.607306 0.084548 -0.018344
v -0.609777 0.085986 -0.022214
v -0.610045 0.086346 -0.027047
v -0.608680 0.085424 -0.020707
v -0.606237 0.084118 -0.018919
v -0.607342 0.084683 -0.019620
v -0.609599 0.086130 -0.024227
v -0.605545 0.083732 -0.019497
v -0.608727 0.085658 -0.022251
v -0.607655 0.085052 -0.021052
v -0.606690 0.084340 -0.020263
v -0.605181 0.082934 -0.019835
v -0.606266 0.083719 -0.020716
v -0.607113 0.084403 -0.021543
v -0.607911 0.084930 -0.022577
v -0.608675 0.085351 -0.024203
v -0.605162 0.082152 -0.019827
v -0.606194 0.082641 -0.020774
v -0.607139 0.081165 -0.021105
v -0.607711 0.081356 -0.022019
v -0.607049 0.083113 -0.021824
v -0.608510 0.081605 -0.023339
v -0.607888 0.083493 -0.022995
v -0.608391 0.083841 -0.024398
v -0.608990 0.082068 -0.024929
v -0.608693 0.084119 -0.027019
v -0.609139 0.082443 -0.027277
v -0.609195 0.085609 -0.027000
v -0.609189 0.085445 -0.029934
v -0.608596 0.083971 -0.029805
v -0.609137 0.082504 -0.029883
v -0.608326 0.083551 -0.031943
v -0.608975 0.082189 -0.031854
v -0.608907 0.084958 -0.032318
v -0.608502 0.084065 -0.034525
v -0.607952 0.082755 -0.033986
v -0.608529 0.081568 -0.033782
v -0.607511 0.081773 -0.035741
v -0.608058 0.080742 -0.035429
v -0.606919 0.080562 -0.037404
v -0.608046 0.072049 -0.045697
v -0.608526 0.073675 -0.044893
v -0.607204 0.072850 -0.044840
v -0.609485 0.073031 -0.045870
v -0.608337 0.070691 -0.046711
v -0.609567 0.075094 -0.044363
v -0.610520 0.072113 -0.047033
v -0.609672 0.069001 -0.048234
v -0.610671 0.074496 -0.045632
v -0.610251 0.076600 -0.043740
v -0.612022 0.070564 -0.048581
v -0.611006 0.066302 -0.050233
v -0.612138 0.073608 -0.047044
v -0.611516 0.076244 -0.045139
v -0.610825 0.078314 -0.042947
v -0.614251 0.068012 -0.050545
v -0.612939 0.062890 -0.052187
v -0.613891 0.072292 -0.048561
v -0.612337 0.078246 -0.044292
v -0.611545 0.080165 -0.041880
v -0.613298 0.075555 -0.046524
v -0.617746 0.064609 -0.052312
v -0.615448 0.058797 -0.054065
v -0.616922 0.069964 -0.050211
v -0.615240 0.074460 -0.047809
v -0.614466 0.077803 -0.045592
v -0.613034 0.080447 -0.043016
v -0.621267 0.060749 -0.054103
v -0.617519 0.054639 -0.055647
v -0.624473 0.056663 -0.055925
v -0.621570 0.066700 -0.051931
v -0.626680 0.062982 -0.053985
v -0.630637 0.059599 -0.055499
v -0.618981 0.072353 -0.049342
v -0.613484 0.082574 -0.041280
v -0.612006 0.082097 -0.040183
v -0.630529 0.066283 -0.052797
v -0.635818 0.063252 -0.054200
v -0.624075 0.069600 -0.050945
v -0.616681 0.076940 -0.046772
v -0.615329 0.080328 -0.044248
v -0.632983 0.070436 -0.050712
v -0.638663 0.068117 -0.051692
v -0.639643 0.073243 -0.048736
v -0.621109 0.075064 -0.048118
v -0.626627 0.072812 -0.049374
v -0.634246 0.074841 -0.048020
v -0.640291 0.077856 -0.045536
v -0.617985 0.079612 -0.045365
v -0.622687 0.078247 -0.046325
v -0.628325 0.076496 -0.047140
v -0.634889 0.078874 -0.045171
v -0.640116 0.081848 -0.042334
v -0.616080 0.082724 -0.042448
v -0.629073 0.080151 -0.044660
v -0.634778 0.082536 -0.042191
v -0.639677 0.085475 -0.039157
v -0.618706 0.082326 -0.043485
v -0.623534 0.081516 -0.044172
v -0.629194 0.083596 -0.042047
v -0.634531 0.086021 -0.039126
v -0.639087 0.088920 -0.035734
v -0.619085 0.084921 -0.041216
v -0.616226 0.084955 -0.040174
v -0.623926 0.084568 -0.041870
v -0.629080 0.086908 -0.039211
v -0.633887 0.089460 -0.035797
v -0.638351 0.091880 -0.032227
v -0.623995 0.087541 -0.039123
v -0.628654 0.090127 -0.035983
v -0.632894 0.092488 -0.032140
v -0.637660 0.094475 -0.028307
v -0.619242 0.087312 -0.038525
v -0.623682 0.090124 -0.035994
v -0.632027 0.094659 -0.028758
v -0.637365 0.096665 -0.023860
v -0.627912 0.092732 -0.032503
v -0.616324 0.086997 -0.037620
v -0.619150 0.089457 -0.035535
v -0.623158 0.092159 -0.032773
v -0.627071 0.094542 -0.029292
v -0.630545 0.096828 -0.024464
v -0.613733 0.084594 -0.039131
v -0.612362 0.083932 -0.038154
v -0.613883 0.086329 -0.036640
v -0.612627 0.085542 -0.035862
v -0.616289 0.088638 -0.034653
v -0.613937 0.087686 -0.033775
v -0.612788 0.086779 -0.033301
v -0.618899 0.090910 -0.032438
v -0.614052 0.088419 -0.030817
v -0.612951 0.087518 -0.030557
v -0.616137 0.089647 -0.031514
v -0.622353 0.093537 -0.029756
v -0.613906 0.088656 -0.027859
v -0.612894 0.087798 -0.027669
v -0.618524 0.091830 -0.029264
v -0.615833 0.090076 -0.028406
v -0.625814 0.096084 -0.025666
v -0.613722 0.088547 -0.025137
v -0.612592 0.087699 -0.024936
v -0.621310 0.094460 -0.026554
v -0.618033 0.092180 -0.026447
v -0.615367 0.090044 -0.025693
v -0.613259 0.088100 -0.022703
v -0.612110 0.087302 -0.022539
v -0.614996 0.089842 -0.023317
v -0.617506 0.092345 -0.023972
v -0.620325 0.094779 -0.023995
v -0.624094 0.096954 -0.022380
v -0.612674 0.087643 -0.020696
v -0.611402 0.086753 -0.020542
v -0.614276 0.089372 -0.021054
v -0.616783 0.092201 -0.021557
v -0.619135 0.094835 -0.021362
v -0.611882 0.087114 -0.018771
v -0.610504 0.086216 -0.018840
v -0.613441 0.088810 -0.018946
v -0.615685 0.091597 -0.019160
v -0.610710 0.086445 -0.016947
v -0.609382 0.085691 -0.017338
v -0.612429 0.088104 -0.016871
v -0.609384 0.085747 -0.015499
v -0.608128 0.085112 -0.016239
v -0.622037 0.097099 -0.019732
v -0.617916 0.094496 -0.018835
v -0.614486 0.090776 -0.016874
v -0.610674 0.086964 -0.014788
v -0.607859 0.085039 -0.014378
v -0.606909 0.084486 -0.015266
v -0.619829 0.096667 -0.017487
v -0.616515 0.093817 -0.016288
v -0.612718 0.089542 -0.014289
v -0.609087 0.086036 -0.013330
v -0.606408 0.084510 -0.013472
v -0.605305 0.084069 -0.014275
v -0.617781 0.095762 -0.015268
v -0.614585 0.092249 -0.013841
v -0.610656 0.088205 -0.012159
v -0.607546 0.085335 -0.012451
v -0.604700 0.084309 -0.012482
v -0.603531 0.083841 -0.013522
v -0.602959 0.084226 -0.012060
v -0.602096 0.083737 -0.013193
v -0.603740 0.084709 -0.011159
v -0.605751 0.084927 -0.011551
v -0.604502 0.085678 -0.010014
v -0.606953 0.086325 -0.010395
v -0.605136 0.087130 -0.008815
v -0.608790 0.087128 -0.011063
v -0.607735 0.087938 -0.009264
v -0.605567 0.088645 -0.007745
v -0.609791 0.088921 -0.009928
v -0.608285 0.089573 -0.008167
v -0.605805 0.090092 -0.006761
v -0.611885 0.090231 -0.011176
v -0.608689 0.091181 -0.007155
v -0.605979 0.091460 -0.005577
v -0.608951 0.092583 -0.005904
v -0.610478 0.090674 -0.008823
v -0.611014 0.092324 -0.007761
v -0.611550 0.093879 -0.006530
v -0.612879 0.092279 -0.010261
v -0.613759 0.094057 -0.009151
v -0.614251 0.095347 -0.007620
v -0.617166 0.096917 -0.009222
v -0.616650 0.095932 -0.011268
v -0.619939 0.098144 -0.010791
v -0.615779 0.094326 -0.012953
v -0.619091 0.097257 -0.013378
v -0.622656 0.098873 -0.012344
v -0.621470 0.098012 -0.015350
v -0.625555 0.099212 -0.014225
v -0.624115 0.098321 -0.017357
v -0.628646 0.099397 -0.016270
v -0.626971 0.098319 -0.019900
v -0.632747 0.099135 -0.017890
v -0.637457 0.098563 -0.018584
v -0.632751 0.099143 0.017843
v -0.637464 0.098572 0.018535
v -0.637373 0.096676 0.023811
v -0.630560 0.096840 0.024417
v -0.632042 0.094673 0.028711
v -0.637676 0.094489 0.028258
v -0.626987 0.098330 0.019853
v -0.628653 0.099405 0.016223
v -0.632920 0.092506 0.032093
v -0.638377 0.091898 0.032175
v -0.624129 0.098330 0.017312
v -0.625566 0.099220 0.014179
v -0.633917 0.089480 0.035750
v -0.639117 0.088940 0.035684
v -0.621482 0.098020 0.015307
v -0.622726 0.098899 0.012248
v -0.634562 0.086042 0.039081
v -0.639709 0.085496 0.039108
v -0.619137 0.097275 0.013320
v -0.620094 0.098198 0.010644
v -0.634812 0.082559 0.042147
v -0.640150 0.081870 0.042286
v -0.616750 0.095969 0.011203
v -0.617410 0.097002 0.009069
v -0.634926 0.078898 0.045129
v -0.640328 0.077880 0.045490
v -0.613976 0.094130 0.009116
v -0.614581 0.095458 0.007538
v -0.611905 0.094000 0.006605
v -0.611230 0.092398 0.007814
v -0.609199 0.092668 0.006082
v -0.612941 0.092299 0.010239
v -0.615833 0.094347 0.012911
v -0.608830 0.091229 0.007236
v -0.606085 0.091498 0.005708
v -0.605858 0.090111 0.006802
v -0.610575 0.090707 0.008836
v -0.608347 0.089595 0.008186
v -0.605588 0.088654 0.007741
v -0.607771 0.087951 0.009263
v -0.605143 0.087134 0.008793
v -0.609845 0.088940 0.009924
v -0.611895 0.090236 0.011150
v -0.606964 0.086332 0.010373
v -0.604510 0.085683 0.009993
v -0.608815 0.087139 0.011051
v -0.605763 0.084934 0.011532
v -0.603749 0.084715 0.011140
v -0.614597 0.092258 0.013810
v -0.610664 0.088209 0.012142
v -0.607558 0.085342 0.012433
v -0.604713 0.084318 0.012464
v -0.602969 0.084231 0.012041
v -0.603544 0.083850 0.013505
v -0.602107 0.083744 0.013174
v -0.605320 0.084084 0.014261
v -0.606421 0.084521 0.013455
v -0.606921 0.084507 0.015254
v -0.607872 0.085050 0.014362
v -0.608140 0.085140 0.016231
v -0.609096 0.086042 0.013316
v -0.609390 0.085766 0.015491
v -0.609389 0.085725 0.017342
v -0.610676 0.086972 0.014782
v -0.610781 0.086528 0.016941
v -0.610507 0.086258 0.018861
v -0.612727 0.089551 0.014270
v -0.611887 0.087146 0.018784
v -0.611404 0.086801 0.020573
v -0.612430 0.088111 0.016869
v -0.614550 0.090808 0.016854
v -0.612676 0.087677 0.020716
v -0.612157 0.087365 0.022524
v -0.613451 0.088828 0.018943
v -0.616528 0.093825 0.016253
v -0.613267 0.088132 0.022722
v -0.612643 0.087770 0.024898
v -0.614298 0.089396 0.021054
v -0.615805 0.091647 0.019131
v -0.617792 0.095769 0.015230
v -0.613742 0.088575 0.025156
v -0.612937 0.087875 0.027672
v -0.615023 0.089865 0.023322
v -0.616851 0.092231 0.021529
v -0.617930 0.094505 0.018799
v -0.619841 0.096675 0.017446
v -0.613934 0.088681 0.027878
v -0.613000 0.087584 0.030561
v -0.615396 0.090064 0.025695
v -0.617529 0.092360 0.023947
v -0.619151 0.094846 0.021324
v -0.622052 0.097108 0.019688
v -0.614083 0.088439 0.030836
v -0.612817 0.086819 0.033333
v -0.615862 0.090093 0.028398
v -0.620344 0.094792 0.023956
v -0.624111 0.096966 0.022335
v -0.618057 0.092196 0.026418
v -0.613985 0.087703 0.033784
v -0.612666 0.085582 0.035909
v -0.625835 0.096097 0.025622
v -0.621332 0.094475 0.026514
v -0.618551 0.091847 0.029234
v -0.616168 0.089665 0.031499
v -0.613921 0.086311 0.036684
v -0.612383 0.083948 0.038185
v -0.627094 0.094557 0.029248
v -0.622378 0.093552 0.029717
v -0.616321 0.088654 0.034635
v -0.618926 0.090928 0.032408
v -0.613793 0.084606 0.039125
v -0.612033 0.082104 0.040187
v -0.627939 0.092749 0.032460
v -0.623184 0.092176 0.032735
v -0.616356 0.087012 0.037600
v -0.619180 0.089475 0.035505
v -0.613558 0.082587 0.041244
v -0.611564 0.080165 0.041850
v -0.628683 0.090146 0.035940
v -0.623711 0.090143 0.035956
v -0.619274 0.087330 0.038495
v -0.616257 0.084970 0.040154
v -0.629111 0.086929 0.039169
v -0.624027 0.087562 0.039086
v -0.619118 0.084941 0.041187
v -0.629228 0.083618 0.042008
v -0.623961 0.084590 0.041835
v -0.629109 0.080175 0.044623
v -0.623570 0.081539 0.044139
v -0.616111 0.082738 0.042427
v -0.618740 0.082347 0.043457
v -0.622724 0.078271 0.046294
v -0.628363 0.076521 0.047104
v -0.618022 0.079634 0.045338
v -0.615362 0.080343 0.044226
v -0.634285 0.074867 0.047981
v -0.639683 0.073269 0.048693
v -0.626667 0.072839 0.049342
v -0.633025 0.070463 0.050676
v -0.638705 0.068145 0.051653
v -0.635862 0.063281 0.054165
v -0.630572 0.066311 0.052765
v -0.630683 0.059629 0.055471
v -0.621148 0.075089 0.048089
v -0.626724 0.063011 0.053958
v -0.624519 0.056693 0.055903
v -0.624116 0.069627 0.050917
v -0.616719 0.076965 0.046746
v -0.621311 0.060779 0.054082
v -0.617565 0.054669 0.055632
v -0.615491 0.058825 0.054050
v -0.619021 0.072380 0.049316
v -0.621612 0.066728 0.051906
v -0.617789 0.064637 0.052292
v -0.612979 0.062915 0.052173
v -0.616963 0.069991 0.050188
v -0.614292 0.068039 0.050525
v -0.611044 0.066325 0.050218
v -0.615279 0.074485 0.047785
v -0.612062 0.070590 0.048562
v -0.609709 0.069023 0.048219
v -0.613930 0.072317 0.048540
v -0.614501 0.077823 0.045569
v -0.610570 0.072132 0.047010
v -0.608376 0.070716 0.046696
v -0.613332 0.075575 0.046502
v -0.612174 0.073630 0.047024
v -0.613054 0.080447 0.043004
v -0.612365 0.078256 0.044274
v -0.610859 0.078327 0.042932
v -0.611550 0.076259 0.045119
v -0.610287 0.076616 0.043724
v -0.610707 0.074515 0.045613
v -0.609604 0.075114 0.044345
v -0.609524 0.073056 0.045853
v -0.608564 0.073699 0.044875
v -0.608084 0.072075 0.045681
v -0.607242 0.072875 0.044825
v -0.632747 0.099135 -0.017890
v -0.637457 0.098563 -0.018584
v -0.637898 0.100096 -0.012448
v -0.633212 0.100263 -0.011901
v -0.638128 0.100963 -0.005994
v -0.628646 0.099397 -0.016270
v -0.633505 0.100815 -0.005805
v -0.629210 0.100165 -0.011144
v -0.625555 0.099212 -0.014225
v -0.629615 0.100523 -0.005483
v -0.626321 0.099793 -0.010016
v -0.622656 0.098873 -0.012344
v -0.626814 0.100220 -0.005057
v -0.623319 0.099379 -0.008905
v -0.619939 0.098144 -0.010791
v -0.623933 0.099709 -0.004661
v -0.620393 0.098697 -0.007759
v -0.617166 0.096917 -0.009222
v -0.620754 0.099056 -0.004163
v -0.617491 0.097644 -0.006735
v -0.614251 0.095347 -0.007620
v -0.617872 0.098152 -0.003708
v -0.614558 0.096325 -0.005648
v -0.614909 0.097035 -0.003210
v -0.611550 0.093879 -0.006530
v -0.611852 0.095119 -0.004790
v -0.612132 0.095977 -0.002618
v -0.609281 0.094760 -0.002241
v -0.609076 0.093818 -0.004321
v -0.606219 0.093637 -0.002197
v -0.608951 0.092583 -0.005904
v -0.606056 0.092661 -0.004115
v -0.605979 0.091460 -0.005577
v -0.615491 0.058825 0.054050
v -0.617565 0.054669 0.055632
v -0.610398 0.053060 0.055409
v -0.608241 0.058168 0.053580
v -0.603006 0.051494 0.055517
v -0.598945 0.058985 0.052835
v -0.596143 0.049957 0.055374
v -0.612979 0.062915 0.052173
v -0.592019 0.056363 0.053106
v -0.607287 0.062165 0.051687
v -0.611044 0.066325 0.050218
v -0.606642 0.065482 0.049450
v -0.609709 0.069023 0.048219
v -0.591532 0.064171 0.049917
v -0.586873 0.062452 0.050076
v -0.600693 0.063042 0.050891
v -0.606220 0.068204 0.047382
v -0.608376 0.070716 0.046696
v -0.586165 0.068799 0.046320
v -0.582045 0.068172 0.045874
v -0.581389 0.072886 0.041872
v -0.594831 0.066290 0.048823
v -0.601766 0.066175 0.048718
v -0.605928 0.070467 0.045947
v -0.608084 0.072075 0.045681
v -0.607242 0.072875 0.044825
v -0.590151 0.069845 0.046036
v -0.586212 0.073023 0.042608
v -0.597210 0.068295 0.047359
v -0.602109 0.068632 0.046822
v -0.593316 0.071019 0.045103
v -0.585361 0.075784 0.039076
v -0.581949 0.076251 0.038136
v -0.590634 0.073585 0.042307
v -0.585322 0.077871 0.035737
v -0.582708 0.078535 0.034606
v -0.588731 0.075766 0.039347
v -0.585889 0.079419 0.032676
v -0.583598 0.080134 0.031318
v -0.588318 0.077554 0.036368
v -0.586692 0.080640 0.029476
v -0.584396 0.081433 0.027824
v -0.588516 0.078907 0.033469
v -0.589061 0.080123 0.030460
v -0.587627 0.081672 0.026020
v -0.585506 0.082417 0.024449
v -0.590647 0.078774 0.033703
v -0.591031 0.077511 0.036432
v -0.589749 0.081056 0.027090
v -0.588853 0.082373 0.022291
v -0.586936 0.083106 0.020890
v -0.591905 0.075954 0.039065
v -0.590686 0.081827 0.023459
v -0.590320 0.082973 0.018376
v -0.588523 0.083979 0.017139
v -0.593405 0.074165 0.041524
v -0.591844 0.082296 0.019534
v -0.591812 0.083828 0.014837
v -0.590276 0.084988 0.013996
v -0.592064 0.086277 0.011262
v -0.595719 0.072300 0.043736
v -0.593077 0.082913 0.015742
v -0.593555 0.084947 0.011865
v -0.594520 0.087630 0.008932
v -0.598629 0.070262 0.045618
v -0.594777 0.083678 0.012754
v -0.595999 0.086246 0.009521
v -0.598497 0.089328 0.006605
v -0.602502 0.070986 0.045049
v -0.596912 0.084789 0.010586
v -0.605339 0.072136 0.044676
v -0.597533 0.073645 0.042617
v -0.599781 0.072218 0.044059
v -0.602733 0.072732 0.044007
v -0.595621 0.075085 0.040845
v -0.594418 0.076632 0.038665
v -0.593470 0.077967 0.036332
v -0.593030 0.079159 0.033935
v -0.598970 0.075042 0.041850
v -0.597435 0.076174 0.040422
v -0.596146 0.077514 0.038587
v -0.595179 0.078770 0.036409
v -0.594558 0.079760 0.034018
v -0.600682 0.073916 0.043064
v -0.592922 0.080238 0.031317
v -0.594265 0.080679 0.031483
v -0.590968 0.079902 0.030912
v -0.591460 0.080841 0.027761
v -0.593110 0.081010 0.028313
v -0.592226 0.081559 0.024312
v -0.594272 0.081415 0.028660
v -0.593669 0.081579 0.025038
v -0.593178 0.081909 0.020538
v -0.594646 0.081900 0.025494
v -0.594494 0.081919 0.021469
v -0.594236 0.082389 0.016805
v -0.595397 0.082162 0.022078
v -0.595365 0.082081 0.017865
v -0.595704 0.082914 0.013774
v -0.596342 0.082174 0.018811
v -0.596431 0.082599 0.014743
v -0.597502 0.083789 0.011732
v -0.597178 0.082463 0.015933
v -0.597862 0.083377 0.012690
v -0.598270 0.083039 0.014055
v -0.597025 0.082487 0.019513
v -0.597805 0.082522 0.016905
v -0.598558 0.082982 0.015192
v -0.596156 0.082571 0.022648
v -0.595453 0.082397 0.025891
v -0.595226 0.081961 0.028930
v -0.595229 0.081325 0.031623
v -0.595574 0.080541 0.033984
v -0.596296 0.079579 0.036324
v -0.597390 0.078349 0.038482
v -0.598513 0.077167 0.040154
v -0.596893 0.082916 0.023150
v -0.596293 0.082837 0.026220
v -0.596054 0.082481 0.029070
v -0.596101 0.081890 0.031657
v -0.596464 0.081199 0.033907
v -0.597321 0.080273 0.036126
v -0.598417 0.079185 0.038230
v -0.597658 0.082738 0.020126
v -0.598306 0.082609 0.017639
v -0.598987 0.082954 0.016142
v -0.597221 0.082425 0.031627
v -0.597657 0.081791 0.033760
v -0.598446 0.080954 0.035819
v -0.597105 0.082942 0.029233
v -0.597394 0.083257 0.026621
v -0.597887 0.083314 0.023636
v -0.598576 0.083010 0.020694
v -0.599030 0.082810 0.018379
v -0.599478 0.082748 0.016804
v -0.598372 0.083428 0.026952
v -0.598976 0.083396 0.024017
v -0.599700 0.082913 0.021122
v -0.599878 0.082589 0.018756
v -0.599604 0.083045 0.024213
v -0.598091 0.083113 0.029351
v -0.599956 0.082524 0.017312
v -0.600284 0.082400 0.021195
v -0.598927 0.083063 0.027096
v -0.599254 0.082372 0.027123
v -0.599779 0.082259 0.024201
v -0.598689 0.082741 0.029354
v -0.598159 0.082558 0.031527
v -0.598819 0.082259 0.031384
v -0.599076 0.082017 0.029303
v -0.598540 0.081955 0.033520
v -0.599236 0.081727 0.033251
v -0.599217 0.081182 0.035392
v -0.599433 0.081562 0.027085
v -0.599955 0.081294 0.023600
v -0.599249 0.081238 0.029262
v -0.599241 0.081482 0.031202
v -0.599429 0.080754 0.031093
v -0.600447 0.081541 0.021032
v -0.600284 0.080675 0.020532
v -0.599657 0.080919 0.032920
v -0.599766 0.080191 0.032737
v -0.600256 0.080313 0.034604
v -0.600353 0.079593 0.034308
v -0.600478 0.081130 0.018418
v -0.600560 0.080359 0.019004
v -0.600714 0.080398 0.018105
v -0.600413 0.081931 0.018765
v -0.600247 0.081977 0.017467
v -0.600354 0.081240 0.017345
v -0.600641 0.080777 0.016738
v -0.600446 0.081503 0.016338
v -0.600703 0.081078 0.016076
v -0.600836 0.081175 0.015814
v -0.600317 0.081978 0.016675
v -0.600074 0.082420 0.016508
v -0.599836 0.082760 0.016082
v -0.600396 0.082316 0.016195
v -0.599592 0.083037 0.015448
v -0.600453 0.081893 0.016304
v -0.600284 0.082714 0.015870
v -0.599548 0.083368 0.014219
v -0.600641 0.082275 0.016097
v -0.600699 0.081836 0.016107
v -0.600383 0.083263 0.015362
v -0.600774 0.081477 0.015924
v -0.601045 0.081878 0.016105
v -0.601024 0.081434 0.015971
v -0.601130 0.081040 0.015644
v -0.601476 0.081305 0.016361
v -0.601537 0.080769 0.015632
v -0.602396 0.080461 0.016335
v -0.600831 0.082959 0.015851
v -0.601095 0.082338 0.016132
v -0.602403 0.081275 0.017478
v -0.603839 0.080559 0.017911
v -0.601587 0.081847 0.016610
v -0.603871 0.081560 0.018840
v -0.606006 0.080901 0.019738
v -0.602668 0.081878 0.017802
v -0.601755 0.082356 0.016565
v -0.601349 0.082999 0.015952
v -0.601162 0.083358 0.015220
v -0.600547 0.083489 0.014443
v -0.605189 0.082198 0.019842
v -0.603978 0.082319 0.018937
v -0.603102 0.082693 0.017782
v -0.602235 0.083038 0.016296
v -0.601908 0.083381 0.015399
v -0.601575 0.083567 0.014375
v -0.600708 0.083577 0.013342
v -0.606214 0.082703 0.020804
v -0.607162 0.081222 0.021148
v -0.607729 0.081418 0.022069
v -0.599566 0.083545 0.012962
v -0.599691 0.084085 0.011470
v -0.601157 0.084067 0.012026
v -0.602107 0.083744 0.013174
v -0.599750 0.084669 0.010443
v -0.602576 0.083571 0.014571
v -0.602969 0.084231 0.012041
v -0.603544 0.083850 0.013505
v -0.601490 0.084499 0.011075
v -0.603749 0.084715 0.011140
v -0.601746 0.085152 0.010073
v -0.604510 0.085683 0.009993
v -0.599626 0.085845 0.009171
v -0.602064 0.086546 0.008689
v -0.605143 0.087134 0.008793
v -0.599220 0.087624 0.007717
v -0.602391 0.088011 0.007487
v -0.605588 0.088654 0.007741
v -0.602647 0.089507 0.006414
v -0.599488 0.091091 0.005075
v -0.605858 0.090111 0.006802
v -0.602985 0.090947 0.005301
v -0.606085 0.091498 0.005708
v -0.593309 0.001343 0.060344
v -0.593563 0.000742 0.063559
v -0.596802 -0.001046 0.064759
v -0.589221 0.004361 0.060136
v -0.589830 0.002398 0.062698
v -0.583231 0.007765 0.057665
v -0.584238 0.005026 0.060331
v -0.580097 0.005865 0.060302
v -0.586323 0.002377 0.062421
v -0.577752 0.008786 0.059451
v -0.578337 0.009220 0.063013
v -0.578479 0.007167 0.062380
v -0.581610 0.003935 0.062172
v -0.581867 0.008817 0.065655
v -0.583699 0.001617 0.064265
v -0.580296 0.005338 0.064407
v -0.580295 0.006994 0.065160
v -0.583162 0.005026 0.066619
v -0.584405 0.010092 0.065420
v -0.582849 0.003388 0.066252
v -0.584551 0.006562 0.066726
v -0.586317 -0.000634 0.066066
v -0.586014 0.001125 0.067714
v -0.586312 0.002671 0.067808
v -0.587349 0.004248 0.067647
v -0.586449 0.007775 0.066592
v -0.586737 0.010779 0.065240
v -0.588483 -0.000105 0.064234
v -0.587761 0.012942 0.063931
v -0.589465 0.013903 0.063163
v -0.588793 0.011272 0.065236
v -0.588297 0.008693 0.066482
v -0.588731 0.005381 0.067018
v -0.591062 -0.000053 0.064766
v -0.590794 0.013927 0.062202
v -0.590008 0.002231 0.068932
v -0.594180 -0.000904 0.066204
v -0.592415 0.015087 0.060878
v -0.588986 0.000744 0.069341
v -0.588519 -0.000671 0.069339
v -0.588576 -0.002414 0.067780
v -0.590130 -0.001955 0.065780
v -0.592106 -0.002957 0.066987
v -0.592678 0.014639 0.060367
v -0.591725 0.013638 0.061420
v -0.593656 0.015085 0.060192
v -0.594552 0.014682 0.059521
v -0.593032 0.014251 0.059724
v -0.592156 0.013341 0.060656
v -0.594421 -0.003762 0.068237
v -0.591364 -0.004207 0.069684
v -0.597059 -0.001697 0.067584
v -0.591298 -0.002450 0.071259
v -0.600663 -0.001693 0.066238
v -0.591634 -0.000928 0.071157
v -0.605107 -0.001602 0.064384
v -0.608907 -0.000279 0.065526
v -0.604445 -0.001249 0.067597
v -0.600794 -0.002313 0.069099
v -0.592325 0.000714 0.070255
v -0.612986 0.001862 0.066926
v -0.597688 -0.004607 0.069791
v -0.594210 -0.005498 0.071318
v -0.594037 -0.003607 0.072982
v -0.594237 -0.002013 0.072886
v -0.594530 -0.000316 0.071589
v -0.612202 0.000341 0.069448
v -0.608261 -0.000414 0.068598
v -0.604710 -0.002388 0.070242
v -0.615463 0.001885 0.068751
v -0.608662 -0.002349 0.070986
v -0.601371 -0.004971 0.071142
v -0.617186 0.003580 0.067802
v -0.605563 -0.004973 0.072232
v -0.597705 -0.006324 0.073003
v -0.619974 0.005821 0.067198
v -0.601700 -0.006352 0.074356
v -0.597566 -0.004235 0.074839
v -0.601362 -0.004011 0.076022
v -0.597367 -0.002491 0.074450
v -0.600907 -0.002343 0.075523
v -0.597298 -0.000995 0.072940
v -0.600436 -0.001121 0.074098
v -0.605659 -0.005902 0.075300
v -0.605221 -0.003451 0.076887
v -0.604543 -0.001816 0.076351
v -0.603766 -0.000874 0.074776
v -0.609519 -0.004791 0.073022
v -0.612557 -0.001892 0.071449
v -0.614958 0.000120 0.070326
v -0.599662 0.000521 0.073648
v -0.602652 0.000595 0.074013
v -0.596841 0.001020 0.073035
v -0.594466 0.001712 0.071940
v -0.592868 0.002434 0.070402
v -0.590904 0.003501 0.068390
v -0.616831 -0.000188 0.070905
v -0.618081 0.000968 0.070331
v -0.615543 -0.002015 0.072068
v -0.620009 0.002799 0.069534
v -0.617916 -0.001353 0.072164
v -0.613174 -0.004462 0.073593
v -0.620238 0.000085 0.071960
v -0.616247 -0.003685 0.073841
v -0.609541 -0.005507 0.076259
v -0.613235 -0.004667 0.077102
v -0.608840 -0.002658 0.077476
v -0.618961 -0.002453 0.074047
v -0.616325 -0.003299 0.077236
v -0.608063 -0.000978 0.076842
v -0.612435 -0.001598 0.078051
v -0.607616 -0.000515 0.075231
v -0.611502 -0.000009 0.077255
v -0.606527 0.000803 0.074039
v -0.611007 0.000143 0.075387
v -0.609646 0.001303 0.073908
v -0.615193 -0.000287 0.078140
v -0.614086 0.001137 0.076920
v -0.613483 0.000946 0.074845
v -0.612175 0.002307 0.073427
v -0.618979 -0.001711 0.077281
v -0.604913 0.002848 0.074192
v -0.607883 0.003414 0.073708
v -0.610265 0.004239 0.073076
v -0.601495 0.002470 0.074450
v -0.598916 0.002284 0.074253
v -0.596492 0.002710 0.073797
v -0.594455 0.003475 0.072577
v -0.593123 0.004310 0.071002
v -0.591670 0.005328 0.069045
v -0.590064 0.006730 0.067455
v -0.590014 0.009686 0.066783
v -0.590523 0.011921 0.065171
v -0.591634 0.012014 0.064088
v -0.592079 0.011811 0.062659
v -0.592369 0.011612 0.061258
v -0.592668 0.012187 0.059844
v -0.593719 0.012360 0.058977
v -0.593341 0.010319 0.060591
v -0.593112 0.010461 0.062245
v -0.593101 0.010851 0.064110
v -0.592700 0.011001 0.065940
v -0.595613 0.012110 0.058739
v -0.594126 0.010399 0.059763
v -0.597918 0.011228 0.059103
v -0.595296 0.009672 0.060103
v -0.594389 0.008647 0.062031
v -0.594113 0.009309 0.064085
v -0.595473 0.006530 0.064682
v -0.595541 0.007301 0.062147
v -0.594192 0.009922 0.066076
v -0.599317 0.010665 0.060006
v -0.596736 0.009115 0.060575
v -0.598410 0.008848 0.061313
v -0.601994 0.011404 0.061121
v -0.598018 0.007282 0.062157
v -0.600029 0.009718 0.061103
v -0.600352 0.008549 0.062438
v -0.597918 0.005989 0.063553
v -0.603713 0.011790 0.063053
v -0.602360 0.010267 0.062656
v -0.600681 0.007531 0.063642
v -0.603326 0.011060 0.064544
v -0.598428 0.005093 0.064770
v -0.604659 0.012455 0.064915
v -0.602232 0.009537 0.064146
v -0.606216 0.013697 0.065450
v -0.608560 0.015281 0.066133
v -0.611405 0.016656 0.067012
v -0.602665 0.008618 0.065161
v -0.603910 0.010022 0.065195
v -0.605278 0.011412 0.065288
v -0.606840 0.012618 0.065646
v -0.609156 0.014111 0.066126
v -0.601039 0.006803 0.064778
v -0.603712 0.007632 0.065245
v -0.605091 0.009000 0.064328
v -0.606385 0.010481 0.063823
v -0.611849 0.015466 0.066787
v -0.607882 0.012036 0.064182
v -0.599155 0.004360 0.065829
v -0.601767 0.005968 0.065629
v -0.602621 0.005181 0.066401
v -0.604928 0.006562 0.065720
v -0.599846 0.003928 0.066693
v -0.607687 0.009208 0.064431
v -0.608864 0.011009 0.064829
v -0.606430 0.007837 0.064977
v -0.609846 0.013346 0.064852
v -0.609902 0.012272 0.065445
v -0.610922 0.014175 0.065600
v -0.610518 0.012997 0.066314
v -0.609489 0.010700 0.066587
v -0.609026 0.009919 0.065443
v -0.608403 0.008595 0.065898
v -0.612041 0.015056 0.066219
v -0.607201 0.007286 0.066730
v -0.608548 0.009256 0.067888
v -0.609389 0.011590 0.067961
v -0.613721 0.015905 0.067328
v -0.611106 0.013834 0.067561
v -0.613615 0.017255 0.067610
v -0.615594 0.017417 0.068133
v -0.615577 0.016174 0.068048
v -0.617163 0.017287 0.068757
v -0.614575 0.015249 0.066305
v -0.618051 0.016751 0.069129
v -0.613884 0.013797 0.067726
v -0.616092 0.015149 0.066360
v -0.617361 0.015660 0.068243
v -0.619344 0.015997 0.069863
v -0.618693 0.014960 0.068412
v -0.617125 0.014192 0.067298
v -0.615953 0.012549 0.068640
v -0.612934 0.011735 0.070007
v -0.618850 0.013008 0.068394
v -0.620883 0.016347 0.069862
v -0.620201 0.013780 0.069126
v -0.620532 0.014723 0.070856
v -0.622780 0.015396 0.068630
v -0.610041 0.012490 0.069533
v -0.621277 0.012202 0.069979
v -0.622123 0.014814 0.071132
v -0.623375 0.012864 0.066960
v -0.608250 0.010235 0.069609
v -0.621193 0.013122 0.071917
v -0.621662 0.010049 0.071244
v -0.620129 0.011149 0.069266
v -0.624150 0.013500 0.070124
v -0.623178 0.010548 0.066586
v -0.622903 0.013045 0.072335
v -0.624583 0.011105 0.068933
v -0.622226 0.008124 0.066792
v -0.617638 0.011156 0.070122
v -0.621326 0.011001 0.073183
v -0.624861 0.011511 0.071574
v -0.623075 0.010625 0.073829
v -0.624075 0.009686 0.067977
v -0.615037 0.010035 0.071391
v -0.620905 0.008574 0.074356
v -0.625290 0.010027 0.070575
v -0.625071 0.007909 0.069656
v -0.623525 0.007445 0.068234
v -0.625088 0.009043 0.073126
v -0.622036 0.005103 0.068747
v -0.623820 0.004595 0.070562
v -0.622212 0.002184 0.071292
v -0.625559 0.007903 0.071461
v -0.622742 0.007903 0.075111
v -0.625344 0.004513 0.072561
v -0.624868 0.005964 0.074580
v -0.621643 -0.000437 0.073960
v -0.623914 0.001612 0.073442
v -0.621549 0.000525 0.076800
v -0.623466 0.002928 0.075918
v -0.621287 0.005233 0.076221
v -0.617474 0.001203 0.077853
v -0.619444 0.003129 0.077169
v -0.616434 0.002663 0.076411
v -0.619676 0.006208 0.075182
v -0.615786 0.002065 0.074403
v -0.618170 0.004268 0.075781
v -0.621339 0.007500 0.072407
v -0.619940 0.005016 0.073219
v -0.620093 0.007413 0.070765
v -0.618018 0.003330 0.073773
v -0.614300 0.003276 0.072855
v -0.618478 0.005678 0.071548
v -0.616487 0.004388 0.072163
v -0.620665 0.009108 0.070041
v -0.618804 0.008583 0.070126
v -0.616683 0.007359 0.070943
v -0.614551 0.006183 0.071618
v -0.612433 0.005093 0.072308
v -0.612916 0.008897 0.072530
v -0.610824 0.007753 0.073371
v -0.611023 0.010398 0.072096
v -0.608539 0.006809 0.074008
v -0.609266 0.009247 0.073245
v -0.608892 0.010926 0.071286
v -0.606055 0.005917 0.074464
v -0.607110 0.008124 0.073652
v -0.607825 0.009614 0.072472
v -0.607096 0.009095 0.070794
v -0.603396 0.005121 0.074650
v -0.604941 0.007084 0.073661
v -0.606161 0.008326 0.072710
v -0.600565 0.004302 0.074324
v -0.602451 0.005884 0.073384
v -0.604305 0.006992 0.072498
v -0.598439 0.003962 0.073946
v -0.600340 0.004940 0.072929
v -0.596570 0.004117 0.073206
v -0.605636 0.007746 0.071034
v -0.602177 0.005590 0.071964
v -0.598322 0.004498 0.072341
v -0.594994 0.004861 0.071965
v -0.604101 0.006241 0.070854
v -0.605760 0.006819 0.069317
v -0.600299 0.004508 0.071352
v -0.596799 0.004682 0.071771
v -0.602260 0.004785 0.070511
v -0.598376 0.004137 0.070899
v -0.593574 0.005547 0.070987
v -0.592500 0.006714 0.069435
v -0.594254 0.006405 0.070447
v -0.595551 0.005548 0.070716
v -0.591266 0.008128 0.068045
v -0.593429 0.007861 0.069295
v -0.591558 0.010673 0.066906
v -0.592576 0.009252 0.068271
v -0.593558 0.009813 0.067572
v -0.594794 0.006963 0.069592
v -0.594208 0.008505 0.068660
v -0.594889 0.008677 0.067546
v -0.595380 0.007177 0.068477
v -0.595849 0.005615 0.069357
v -0.595160 0.008037 0.065771
v -0.595586 0.006474 0.066882
v -0.596034 0.004996 0.067651
v -0.595994 0.005267 0.065766
v -0.596736 0.004046 0.066639
v -0.597592 0.003338 0.067595
v -0.597083 0.003782 0.068768
v -0.598580 0.002955 0.068396
v -0.596970 0.004488 0.070309
v -0.598555 0.003399 0.069540
v -0.600360 0.003395 0.067520
v -0.600384 0.003760 0.070132
v -0.600609 0.003157 0.068560
v -0.603385 0.004605 0.067654
v -0.603575 0.004825 0.069245
v -0.605674 0.006159 0.067369
v -0.607223 0.008053 0.068877
v -0.605203 0.082978 0.019843
v -0.604288 0.083230 0.018648
v -0.603889 0.083339 0.017314
v -0.603163 0.083431 0.015868
v -0.604122 0.083795 0.015104
v -0.605320 0.084084 0.014261
v -0.604775 0.083640 0.016682
v -0.605800 0.084092 0.015942
v -0.606921 0.084507 0.015254
v -0.604935 0.083690 0.018063
v -0.605565 0.083774 0.019503
v -0.607055 0.084562 0.016877
v -0.608140 0.085140 0.016231
v -0.606038 0.084043 0.017426
v -0.608311 0.085148 0.017815
v -0.609389 0.085725 0.017342
v -0.606260 0.084161 0.018930
v -0.607328 0.084594 0.018359
v -0.606282 0.083778 0.020742
v -0.609392 0.085738 0.018908
v -0.610507 0.086258 0.018861
v -0.608351 0.085158 0.019265
v -0.607361 0.084741 0.019651
v -0.606707 0.084398 0.020290
v -0.607063 0.083180 0.021870
v -0.608525 0.081664 0.023397
v -0.610523 0.086306 0.020503
v -0.611404 0.086801 0.020573
v -0.609646 0.085876 0.020551
v -0.608698 0.085488 0.020762
v -0.607128 0.084469 0.021593
v -0.607673 0.085117 0.021106
v -0.607902 0.083555 0.023058
v -0.611412 0.086854 0.022325
v -0.612157 0.087365 0.022524
v -0.610714 0.086490 0.022225
v -0.609795 0.086046 0.022285
v -0.607927 0.084993 0.022647
v -0.608745 0.085720 0.022325
v -0.608405 0.083893 0.024481
v -0.609008 0.082123 0.025002
v -0.608691 0.085401 0.024294
v -0.608710 0.084156 0.027124
v -0.609160 0.082487 0.027370
v -0.609615 0.086180 0.024323
v -0.610541 0.086492 0.024409
v -0.609212 0.085644 0.027114
v -0.608621 0.083994 0.029926
v -0.609166 0.082537 0.029985
v -0.610062 0.086381 0.027164
v -0.609213 0.085468 0.030061
v -0.608344 0.083559 0.032047
v -0.609000 0.082207 0.031944
v -0.611417 0.087021 0.024528
v -0.610966 0.086704 0.027189
v -0.610015 0.086201 0.030180
v -0.612069 0.087371 0.024737
v -0.612643 0.087770 0.024898
v -0.611857 0.087160 0.027294
v -0.612411 0.087451 0.027508
v -0.612937 0.087875 0.027672
v -0.611023 0.086456 0.030162
v -0.612442 0.087084 0.030397
v -0.613000 0.087584 0.030561
v -0.611929 0.086788 0.030247
v -0.612265 0.086303 0.033098
v -0.612817 0.086819 0.033333
v -0.610789 0.085687 0.032745
v -0.611756 0.085994 0.032918
v -0.612017 0.085122 0.035568
v -0.612666 0.085582 0.035909
v -0.611379 0.084867 0.035325
v -0.611657 0.083586 0.037747
v -0.612383 0.083948 0.038185
v -0.610923 0.083404 0.037426
v -0.610398 0.084605 0.035085
v -0.609807 0.085452 0.032637
v -0.611276 0.081817 0.039666
v -0.612033 0.082104 0.040187
v -0.611564 0.080165 0.041850
v -0.610462 0.081725 0.039254
v -0.610736 0.079967 0.041193
v -0.610859 0.078327 0.042932
v -0.609949 0.083279 0.037234
v -0.610125 0.078311 0.042163
v -0.610287 0.076616 0.043724
v -0.609993 0.079859 0.040740
v -0.609514 0.076886 0.042863
v -0.609604 0.075114 0.044345
v -0.609461 0.084418 0.034899
v -0.609443 0.081698 0.038926
v -0.609543 0.078388 0.041702
v -0.608759 0.075679 0.043457
v -0.608564 0.073699 0.044875
v -0.608960 0.083076 0.037025
v -0.608929 0.079951 0.040290
v -0.608941 0.077128 0.042388
v -0.607901 0.074706 0.043877
v -0.608423 0.081645 0.038609
v -0.608503 0.078664 0.041075
v -0.608229 0.076100 0.042929
v -0.606660 0.074037 0.043917
v -0.607804 0.080179 0.039948
v -0.607421 0.081491 0.038269
v -0.608078 0.077557 0.041794
v -0.607378 0.075460 0.043214
v -0.605051 0.073642 0.043969
v -0.607367 0.079157 0.040647
v -0.607517 0.076777 0.042313
v -0.606239 0.074993 0.043329
v -0.602918 0.074169 0.043284
v -0.606802 0.080131 0.039548
v -0.606871 0.078330 0.041204
v -0.606766 0.076328 0.042620
v -0.604855 0.074857 0.043303
v -0.601229 0.075200 0.042461
v -0.606404 0.079267 0.040166
v -0.606451 0.077773 0.041582
v -0.605855 0.076112 0.042698
v -0.603097 0.075457 0.042593
v -0.599843 0.076215 0.041417
v -0.601674 0.076449 0.041834
v -0.604747 0.075911 0.042481
v -0.605938 0.077329 0.041787
v -0.606031 0.078543 0.040607
v -0.600518 0.077316 0.040888
v -0.603266 0.076709 0.041777
v -0.605395 0.077056 0.041802
v -0.605714 0.078012 0.040875
v -0.599489 0.078177 0.039707
v -0.602184 0.077611 0.040952
v -0.604640 0.076816 0.041624
v -0.605444 0.077600 0.041007
v -0.601243 0.078355 0.040048
v -0.600413 0.079138 0.038964
v -0.603486 0.077528 0.041024
v -0.605205 0.077363 0.041069
v -0.605087 0.077122 0.040178
v -0.604719 0.077128 0.040950
v -0.605286 0.077256 0.040076
v -0.602544 0.078199 0.040247
v -0.603742 0.077814 0.040412
v -0.601699 0.078828 0.039368
v -0.605496 0.077567 0.039904
v -0.604756 0.077057 0.040207
v -0.602910 0.078403 0.039703
v -0.605743 0.077993 0.039630
v -0.603924 0.077488 0.039758
v -0.606066 0.078555 0.039237
v -0.606420 0.079266 0.038646
v -0.606365 0.077135 0.039192
v -0.606622 0.077722 0.038765
v -0.606200 0.076607 0.039607
v -0.606938 0.078426 0.038159
v -0.605982 0.076193 0.039841
v -0.605637 0.075814 0.040092
v -0.604861 0.075868 0.040069
v -0.603846 0.076533 0.039388
v -0.607458 0.079618 0.036968
v -0.602985 0.077013 0.038719
v -0.606960 0.080512 0.037436
v -0.608087 0.080714 0.035481
v -0.603134 0.078044 0.039048
v -0.602222 0.077607 0.037866
v -0.607528 0.081755 0.035803
v -0.608550 0.081559 0.033854
v -0.608003 0.082906 0.036482
v -0.607963 0.082743 0.034070
v -0.608510 0.084048 0.034622
v -0.608925 0.084965 0.032433
v -0.602105 0.078998 0.038877
v -0.600944 0.079540 0.038364
v -0.602370 0.078570 0.038275
v -0.601544 0.078114 0.036921
v -0.601372 0.079644 0.037890
v -0.601653 0.079134 0.037322
v -0.600949 0.078908 0.035726
v -0.599488 0.080014 0.037617
v -0.600084 0.080354 0.037092
v -0.600564 0.080342 0.036636
v -0.600934 0.079715 0.036103
v -0.599830 0.081065 0.035033
v -0.570337 0.086844 0.012118
v -0.572361 0.087588 0.011681
v -0.570469 0.087429 0.011550
v -0.574303 0.088090 0.011311
v -0.576144 0.089261 0.010400
v -0.573766 0.089047 0.011324
v -0.575013 0.090437 0.010689
v -0.572521 0.088850 0.011524
v -0.575877 0.091719 0.009931
v -0.573493 0.090741 0.011101
v -0.574278 0.092650 0.010375
v -0.575024 0.094543 0.009241
v -0.572698 0.093368 0.010522
v -0.571841 0.091131 0.011178
v -0.570959 0.088981 0.011375
v -0.576179 0.097357 0.007277
v -0.568841 0.087594 0.010943
v -0.569598 0.089566 0.011009
v -0.570380 0.091736 0.010903
v -0.573476 0.095403 0.009414
v -0.576848 0.099278 0.006108
v -0.568406 0.090131 0.010270
v -0.567674 0.087960 0.009819
v -0.566811 0.088720 0.008462
v -0.566732 0.087494 0.010138
v -0.565912 0.088237 0.008646
v -0.564720 0.087739 0.009003
v -0.562947 0.088125 0.007396
v -0.565470 0.088882 0.007243
v -0.564324 0.088657 0.007275
v -0.564141 0.089785 0.005204
v -0.562650 0.089553 0.005020
v -0.565265 0.089717 0.005550
v -0.563345 0.091316 0.002042
v -0.562018 0.090824 0.002195
v -0.563198 0.091355 0.000014
v -0.561740 0.090425 0.000001
v -0.562046 0.090839 -0.002184
v -0.565116 0.091259 0.003478
v -0.566567 0.089936 0.006989
v -0.563367 0.091329 -0.002015
v -0.562653 0.089554 -0.005010
v -0.564241 0.092478 0.001838
v -0.566225 0.090674 0.005188
v -0.567483 0.091195 0.006504
v -0.567324 0.091142 0.008016
v -0.564140 0.089784 -0.005194
v -0.566162 0.092863 0.002940
v -0.567638 0.090922 0.009184
v -0.564318 0.088653 -0.007265
v -0.569362 0.092200 0.010462
v -0.565123 0.091264 -0.003461
v -0.565260 0.089714 -0.005542
v -0.565463 0.088879 -0.007235
v -0.564253 0.092485 -0.001809
v -0.565905 0.088232 -0.008637
v -0.566804 0.088716 -0.008454
v -0.566723 0.087488 -0.010129
v -0.566561 0.089932 -0.006982
v -0.566221 0.090671 -0.005181
v -0.567478 0.091192 -0.006498
v -0.563950 0.092702 0.000013
v -0.566165 0.092865 -0.002925
v -0.567666 0.087955 -0.009811
v -0.567318 0.091137 -0.008010
v -0.564946 0.094154 0.001643
v -0.564947 0.094156 -0.001631
v -0.564600 0.094423 0.000002
v -0.568397 0.090125 -0.010264
v -0.568832 0.087588 -0.010937
v -0.567630 0.090917 -0.009178
v -0.566457 0.095925 0.002654
v -0.565588 0.096396 0.001659
v -0.565587 0.096396 -0.001654
v -0.565157 0.096583 0.000002
v -0.566455 0.095923 -0.002650
v -0.567400 0.095247 0.002883
v -0.567329 0.092634 0.003396
v -0.567277 0.091283 0.005109
v -0.568561 0.091362 0.004570
v -0.567046 0.098241 0.003190
v -0.567867 0.096752 0.003410
v -0.568219 0.094968 0.002463
v -0.568939 0.092651 0.003238
v -0.573749 0.093670 0.004715
v -0.569740 0.091094 0.005824
v -0.565971 0.098497 0.001709
v -0.568828 0.096669 0.002954
v -0.569248 0.091877 0.006879
v -0.569347 0.092989 0.006639
v -0.567921 0.091646 0.007053
v -0.568356 0.092660 0.007288
v -0.567876 0.092542 0.008415
v -0.568394 0.092564 0.009545
v -0.569121 0.094361 0.009336
v -0.568286 0.094101 0.008152
v -0.568590 0.093755 0.006997
v -0.570131 0.094245 0.009978
v -0.569599 0.095941 0.008612
v -0.571316 0.093922 0.010283
v -0.570598 0.096067 0.009094
v -0.569484 0.093854 0.006442
v -0.568633 0.095404 0.007503
v -0.568619 0.094864 0.006451
v -0.571964 0.095916 0.009351
v -0.569530 0.094711 0.006062
v -0.569145 0.095840 0.005376
v -0.568493 0.096041 0.005718
v -0.568813 0.096914 0.006553
v -0.569743 0.097836 0.007298
v -0.568677 0.099095 0.005297
v -0.568271 0.096788 0.004933
v -0.569005 0.096582 0.004632
v -0.570831 0.098283 0.007740
v -0.567985 0.096948 0.004087
v -0.568579 0.097122 0.003723
v -0.567846 0.099014 0.004128
v -0.567169 0.100629 0.002574
v -0.572416 0.098463 0.007841
v -0.568053 0.101370 0.003301
v -0.574490 0.098123 0.007626
v -0.574898 0.100257 0.006467
v -0.577249 0.100887 0.005063
v -0.577868 0.102278 0.003788
v -0.575305 0.102198 0.005250
v -0.572849 0.100901 0.006633
v -0.576399 0.104441 0.002227
v -0.571073 0.100904 0.006444
v -0.575878 0.103526 0.003877
v -0.574620 0.105709 -0.000004
v -0.574397 0.105252 0.002306
v -0.572465 0.105975 -0.000003
v -0.574395 0.105251 -0.002313
v -0.573844 0.104396 0.003927
v -0.573256 0.103113 0.005226
v -0.573840 0.104394 -0.003933
v -0.572303 0.105496 0.002144
v -0.571476 0.103237 0.004959
v -0.572018 0.104606 0.003691
v -0.570301 0.104223 0.003144
v -0.570026 0.102846 0.004438
v -0.569858 0.100229 0.005982
v -0.568745 0.102071 0.003772
v -0.570481 0.105009 0.001754
v -0.567839 0.102357 0.002203
v -0.568818 0.103327 0.002587
v -0.568941 0.104038 0.001404
v -0.566530 0.100805 0.001446
v -0.570455 0.105368 -0.000001
v -0.567664 0.102689 0.001296
v -0.565532 0.098604 0.000004
v -0.568847 0.104266 -0.000001
v -0.566341 0.100960 0.000003
v -0.565970 0.098496 -0.001704
v -0.567510 0.102819 0.000000
v -0.566529 0.100803 -0.001443
v -0.567662 0.102687 -0.001296
v -0.568940 0.104036 -0.001406
v -0.567044 0.098240 -0.003187
v -0.567837 0.102354 -0.002203
v -0.567167 0.100627 -0.002571
v -0.570480 0.105008 -0.001759
v -0.568815 0.103324 -0.002589
v -0.572301 0.105495 -0.002150
v -0.570298 0.104220 -0.003148
v -0.568742 0.102068 -0.003773
v -0.568049 0.101367 -0.003300
v -0.568673 0.099092 -0.005295
v -0.567843 0.099013 -0.004125
v -0.572015 0.104604 -0.003696
v -0.567982 0.096945 -0.004084
v -0.573252 0.103111 -0.005231
v -0.571471 0.103234 -0.004963
v -0.570022 0.102843 -0.004441
v -0.571068 0.100900 -0.006446
v -0.569853 0.100226 -0.005982
v -0.570825 0.098279 -0.007740
v -0.569737 0.097832 -0.007297
v -0.571956 0.095911 -0.009351
v -0.570590 0.096063 -0.009093
v -0.571308 0.093917 -0.010281
v -0.572689 0.093363 -0.010521
v -0.574270 0.092645 -0.010375
v -0.575869 0.091714 -0.009932
v -0.575004 0.090432 -0.010688
v -0.573483 0.090735 -0.011100
v -0.576135 0.089256 -0.010400
v -0.573757 0.089041 -0.011322
v -0.574294 0.088084 -0.011309
v -0.575064 0.087434 -0.012330
v -0.572211 0.086773 -0.012640
v -0.572351 0.087582 -0.011677
v -0.572512 0.088844 -0.011520
v -0.571832 0.091125 -0.011176
v -0.570109 0.086444 -0.012840
v -0.570327 0.086838 -0.012112
v -0.570459 0.087423 -0.011544
v -0.570949 0.088975 -0.011370
v -0.569589 0.089560 -0.011004
v -0.570371 0.091730 -0.010900
v -0.569354 0.092194 -0.010458
v -0.570123 0.094240 -0.009976
v -0.569591 0.095937 -0.008610
v -0.569114 0.094356 -0.009333
v -0.568386 0.092559 -0.009540
v -0.567870 0.092538 -0.008410
v -0.568279 0.094097 -0.008148
v -0.568808 0.096911 -0.006551
v -0.568351 0.092656 -0.007284
v -0.568627 0.095399 -0.007500
v -0.568267 0.096786 -0.004931
v -0.567916 0.091642 -0.007048
v -0.568584 0.093752 -0.006994
v -0.568488 0.096038 -0.005715
v -0.569242 0.091873 -0.006875
v -0.568615 0.094861 -0.006448
v -0.569141 0.095838 -0.005373
v -0.569342 0.092986 -0.006635
v -0.569479 0.093850 -0.006439
v -0.573745 0.093667 -0.004715
v -0.569525 0.094707 -0.006059
v -0.569001 0.096579 -0.004629
v -0.569735 0.091091 -0.005820
v -0.568576 0.097120 -0.003721
v -0.568826 0.096667 -0.002952
v -0.567864 0.096750 -0.003407
v -0.568217 0.094967 -0.002459
v -0.567397 0.095246 -0.002879
v -0.567326 0.092633 -0.003391
v -0.568937 0.092649 -0.003234
v -0.568557 0.091360 -0.004565
v -0.567272 0.091281 -0.005103
v -0.593261 0.001311 -0.060310
v -0.593512 0.000708 -0.063525
v -0.596749 -0.001081 -0.064727
v -0.589173 0.004330 -0.060101
v -0.589779 0.002364 -0.062662
v -0.583187 0.007736 -0.057626
v -0.584190 0.004995 -0.060292
v -0.580050 0.005833 -0.060260
v -0.586272 0.002343 -0.062382
v -0.577707 0.008756 -0.059409
v -0.578286 0.009187 -0.062972
v -0.578430 0.007134 -0.062337
v -0.581560 0.003901 -0.062131
v -0.581814 0.008781 -0.065616
v -0.583647 0.001582 -0.064223
v -0.580244 0.005304 -0.064365
v -0.580242 0.006959 -0.065119
v -0.583108 0.004990 -0.066580
v -0.584352 0.010057 -0.065384
v -0.582795 0.003352 -0.066211
v -0.584496 0.006526 -0.066688
v -0.586684 0.010744 -0.065206
v -0.586395 0.007739 -0.066557
v -0.587294 0.004211 -0.067610
v -0.586257 0.002635 -0.067770
v -0.585959 0.001088 -0.067675
v -0.588740 0.011237 -0.065204
v -0.588243 0.008658 -0.066448
v -0.588676 0.005345 -0.066983
v -0.589952 0.002194 -0.068896
v -0.586263 -0.000669 -0.066026
v -0.588930 0.000707 -0.069303
v -0.588462 -0.000709 -0.069301
v -0.588430 -0.000139 -0.064196
v -0.588521 -0.002451 -0.067741
v -0.591009 -0.000088 -0.064730
v -0.590077 -0.001990 -0.065742
v -0.594126 -0.000940 -0.066170
v -0.592051 -0.002993 -0.066950
v -0.591576 -0.000966 -0.071121
v -0.591240 -0.002488 -0.071222
v -0.591308 -0.004244 -0.069646
v -0.594366 -0.003799 -0.068201
v -0.597004 -0.001733 -0.067552
v -0.592267 0.000676 -0.070220
v -0.600609 -0.001728 -0.066209
v -0.605055 -0.001637 -0.064358
v -0.608854 -0.000314 -0.065504
v -0.604390 -0.001285 -0.067571
v -0.600738 -0.002350 -0.069069
v -0.597631 -0.004645 -0.069757
v -0.612932 0.001826 -0.066908
v -0.594152 -0.005536 -0.071282
v -0.593978 -0.003646 -0.072946
v -0.594177 -0.002052 -0.072851
v -0.594472 -0.000355 -0.071556
v -0.601313 -0.005010 -0.071112
v -0.597646 -0.006363 -0.072969
v -0.597505 -0.004275 -0.074806
v -0.597306 -0.002531 -0.074418
v -0.597239 -0.001034 -0.072909
v -0.604653 -0.002426 -0.070216
v -0.608205 -0.000451 -0.068576
v -0.612146 0.000304 -0.069429
v -0.608604 -0.002388 -0.070963
v -0.605505 -0.005012 -0.072205
v -0.615407 0.001848 -0.068735
v -0.601639 -0.006392 -0.074325
v -0.617131 0.003543 -0.067789
v -0.601300 -0.004052 -0.075992
v -0.619920 0.005785 -0.067189
v -0.600846 -0.002384 -0.075494
v -0.600376 -0.001161 -0.074069
v -0.605598 -0.005942 -0.075273
v -0.605159 -0.003492 -0.076860
v -0.604481 -0.001857 -0.076325
v -0.603706 -0.000915 -0.074750
v -0.609460 -0.004830 -0.072999
v -0.612499 -0.001931 -0.071429
v -0.614900 0.000082 -0.070309
v -0.608000 -0.001019 -0.076819
v -0.608777 -0.002700 -0.077453
v -0.609479 -0.005548 -0.076235
v -0.613114 -0.004501 -0.073573
v -0.615484 -0.002054 -0.072051
v -0.616774 -0.000226 -0.070890
v -0.613172 -0.004708 -0.077081
v -0.618024 0.000930 -0.070317
v -0.617858 -0.001392 -0.072149
v -0.616186 -0.003725 -0.073823
v -0.619952 0.002762 -0.069523
v -0.620180 0.000046 -0.071948
v -0.618901 -0.002493 -0.074033
v -0.616263 -0.003341 -0.077218
v -0.612372 -0.001640 -0.078032
v -0.611439 -0.000051 -0.077236
v -0.621980 0.005066 -0.068739
v -0.622154 0.002145 -0.071282
v -0.621583 -0.000476 -0.073949
v -0.622171 0.008088 -0.066785
v -0.623124 0.010512 -0.066581
v -0.623321 0.012828 -0.066957
v -0.622725 0.015359 -0.068628
v -0.621487 0.000484 -0.076789
v -0.623855 0.001572 -0.073434
v -0.623762 0.004557 -0.070555
v -0.623469 0.007408 -0.068229
v -0.624020 0.009650 -0.067973
v -0.624527 0.011067 -0.068930
v -0.625015 0.007871 -0.069651
v -0.625285 0.004474 -0.072556
v -0.624093 0.013463 -0.070122
v -0.623404 0.002887 -0.075909
v -0.625501 0.007864 -0.071457
v -0.625233 0.009989 -0.070572
v -0.624807 0.005923 -0.074575
v -0.624803 0.011473 -0.071571
v -0.625028 0.009004 -0.073123
v -0.622065 0.014776 -0.071129
v -0.622844 0.013006 -0.072332
v -0.623015 0.010586 -0.073824
v -0.622681 0.007863 -0.075105
v -0.621225 0.005192 -0.076213
v -0.620844 0.008534 -0.074349
v -0.621266 0.010962 -0.073178
v -0.621604 0.010011 -0.071238
v -0.621135 0.013083 -0.071912
v -0.620826 0.016310 -0.069859
v -0.619381 0.003087 -0.077157
v -0.619615 0.006167 -0.075172
v -0.620474 0.014684 -0.070852
v -0.619247 0.017205 -0.068867
v -0.621280 0.007461 -0.072399
v -0.621220 0.012164 -0.069974
v -0.619287 0.015960 -0.069858
v -0.617710 0.017775 -0.068081
v -0.620145 0.013742 -0.069121
v -0.617995 0.016713 -0.069124
v -0.615942 0.018045 -0.067391
v -0.618638 0.014924 -0.068407
v -0.618795 0.012971 -0.068387
v -0.617107 0.017250 -0.068751
v -0.617305 0.015623 -0.068237
v -0.620073 0.011112 -0.069260
v -0.617070 0.014156 -0.067291
v -0.615539 0.017380 -0.068126
v -0.615522 0.016137 -0.068041
v -0.616038 0.015113 -0.066353
v -0.615897 0.012512 -0.068631
v -0.613841 0.017962 -0.066725
v -0.617581 0.011119 -0.070114
v -0.613560 0.017219 -0.067601
v -0.620608 0.009070 -0.070034
v -0.618747 0.008546 -0.070117
v -0.620035 0.007375 -0.070756
v -0.619880 0.004977 -0.073209
v -0.618420 0.005639 -0.071537
v -0.616626 0.007320 -0.070932
v -0.618108 0.004227 -0.075770
v -0.617957 0.003291 -0.073760
v -0.616428 0.004349 -0.072150
v -0.614979 0.009996 -0.071379
v -0.615726 0.002025 -0.074388
v -0.616372 0.002622 -0.076397
v -0.614493 0.006144 -0.071604
v -0.617411 0.001161 -0.077839
v -0.618917 -0.001753 -0.077267
v -0.615129 -0.000329 -0.078123
v -0.614024 0.001096 -0.076903
v -0.614241 0.003237 -0.072839
v -0.613422 0.000905 -0.074828
v -0.610946 0.000102 -0.075367
v -0.612115 0.002267 -0.073409
v -0.612374 0.005054 -0.072292
v -0.607555 -0.000556 -0.075208
v -0.609586 0.001264 -0.073887
v -0.606466 0.000763 -0.074016
v -0.610205 0.004200 -0.073057
v -0.612857 0.008858 -0.072517
v -0.602592 0.000555 -0.073987
v -0.607824 0.003375 -0.073687
v -0.610764 0.007714 -0.073355
v -0.612877 0.011698 -0.069995
v -0.599602 0.000481 -0.073619
v -0.604852 0.002808 -0.074169
v -0.608479 0.006769 -0.073990
v -0.610964 0.010359 -0.072082
v -0.613829 0.013761 -0.067716
v -0.596781 0.000980 -0.073004
v -0.605995 0.005876 -0.074443
v -0.609206 0.009207 -0.073229
v -0.614521 0.015213 -0.066296
v -0.613666 0.015869 -0.067319
v -0.611988 0.015020 -0.066208
v -0.611350 0.016620 -0.067001
v -0.607050 0.008085 -0.073633
v -0.611051 0.013797 -0.067549
v -0.609985 0.012453 -0.069519
v -0.608834 0.010888 -0.071270
v -0.611795 0.015430 -0.066776
v -0.611225 0.017272 -0.065988
v -0.607767 0.009575 -0.072455
v -0.608507 0.015245 -0.066120
v -0.610914 0.018077 -0.064787
v -0.608371 0.015924 -0.064941
v -0.607636 0.016679 -0.063987
v -0.605073 0.015496 -0.063380
v -0.605729 0.014957 -0.063471
v -0.603669 0.014626 -0.062581
v -0.604382 0.014008 -0.062722
v -0.606140 0.014288 -0.064104
v -0.606163 0.013661 -0.065434
v -0.609102 0.014075 -0.066112
v -0.610869 0.014139 -0.065588
v -0.610464 0.012961 -0.066300
v -0.609793 0.013311 -0.064839
v -0.609333 0.011553 -0.067947
v -0.608194 0.010197 -0.069592
v -0.607038 0.009057 -0.070775
v -0.606102 0.008287 -0.072691
v -0.604881 0.007044 -0.073640
v -0.603335 0.005081 -0.074627
v -0.601435 0.002429 -0.074424
v -0.598856 0.002244 -0.074225
v -0.600505 0.004262 -0.074298
v -0.602392 0.005844 -0.073361
v -0.604246 0.006953 -0.072477
v -0.605578 0.007707 -0.071014
v -0.596432 0.002671 -0.073767
v -0.598378 0.003922 -0.073918
v -0.600280 0.004901 -0.072903
v -0.602118 0.005551 -0.071940
v -0.604043 0.006203 -0.070832
v -0.605704 0.006782 -0.069296
v -0.594407 0.001673 -0.071907
v -0.592811 0.002396 -0.070369
v -0.594396 0.003435 -0.072546
v -0.590848 0.003464 -0.068356
v -0.593065 0.004272 -0.070970
v -0.596510 0.004078 -0.073177
v -0.591614 0.005290 -0.069013
v -0.594936 0.004822 -0.071935
v -0.598263 0.004459 -0.072313
v -0.590009 0.006694 -0.067422
v -0.593516 0.005509 -0.070956
v -0.592443 0.006677 -0.069404
v -0.589959 0.009650 -0.066752
v -0.596741 0.004644 -0.071742
v -0.600241 0.004470 -0.071326
v -0.594197 0.006367 -0.070417
v -0.591211 0.008091 -0.068014
v -0.590470 0.011886 -0.065141
v -0.598318 0.004099 -0.070872
v -0.602203 0.004747 -0.070487
v -0.593373 0.007824 -0.069265
v -0.591504 0.010637 -0.066876
v -0.591582 0.011979 -0.064059
v -0.600327 0.003722 -0.070106
v -0.603519 0.004788 -0.069222
v -0.600553 0.003120 -0.068533
v -0.598499 0.003362 -0.069512
v -0.592520 0.009215 -0.068241
v -0.596913 0.004451 -0.070281
v -0.595493 0.005510 -0.070687
v -0.594737 0.006926 -0.069563
v -0.594152 0.008468 -0.068631
v -0.593503 0.009776 -0.067543
v -0.595793 0.005578 -0.069328
v -0.597027 0.003745 -0.068739
v -0.595324 0.007140 -0.068449
v -0.592646 0.010966 -0.065911
v -0.594834 0.008641 -0.067518
v -0.595979 0.004959 -0.067622
v -0.598525 0.002919 -0.068367
v -0.594138 0.009886 -0.066048
v -0.593048 0.010817 -0.064082
v -0.595532 0.006438 -0.066853
v -0.595106 0.008001 -0.065743
v -0.595420 0.006495 -0.064653
v -0.594061 0.009274 -0.064056
v -0.592028 0.011777 -0.062630
v -0.593062 0.010427 -0.062216
v -0.591675 0.013605 -0.061392
v -0.595941 0.005232 -0.065737
v -0.594338 0.008613 -0.062003
v -0.592319 0.011579 -0.061229
v -0.592628 0.014607 -0.060340
v -0.593292 0.010287 -0.060562
v -0.592107 0.013308 -0.060628
v -0.592619 0.012155 -0.059815
v -0.592984 0.014219 -0.059697
v -0.593607 0.015053 -0.060166
v -0.593671 0.012328 -0.058949
v -0.595254 0.015263 -0.060526
v -0.594503 0.014650 -0.059495
v -0.596283 0.015405 -0.061318
v -0.597341 0.015508 -0.061964
v -0.597029 0.015215 -0.060490
v -0.599101 0.015579 -0.062062
v -0.596645 0.014706 -0.059128
v -0.595565 0.012078 -0.058713
v -0.600658 0.015473 -0.062271
v -0.600412 0.014714 -0.060207
v -0.601522 0.014993 -0.061663
v -0.599702 0.014052 -0.058847
v -0.602056 0.013883 -0.060973
v -0.602493 0.013579 -0.061336
v -0.601355 0.012670 -0.059932
v -0.603105 0.012906 -0.061846
v -0.597869 0.011196 -0.059078
v -0.599268 0.010633 -0.059982
v -0.601944 0.011371 -0.061100
v -0.604843 0.013101 -0.063528
v -0.603661 0.011756 -0.063034
v -0.604606 0.012420 -0.064897
v -0.603274 0.011025 -0.064523
v -0.606787 0.012582 -0.065630
v -0.602309 0.010233 -0.062634
v -0.605224 0.011377 -0.065270
v -0.607830 0.012001 -0.064166
v -0.606333 0.010447 -0.063805
v -0.609849 0.012236 -0.065431
v -0.608812 0.010974 -0.064813
v -0.609435 0.010664 -0.066571
v -0.608493 0.009219 -0.067872
v -0.607167 0.008016 -0.068858
v -0.605619 0.006122 -0.067348
v -0.607146 0.007250 -0.066711
v -0.608349 0.008560 -0.065881
v -0.608973 0.009883 -0.065427
v -0.607635 0.009173 -0.064413
v -0.603330 0.004569 -0.067630
v -0.604874 0.006527 -0.065699
v -0.606377 0.007802 -0.064958
v -0.605039 0.008966 -0.064309
v -0.600305 0.003359 -0.067494
v -0.602567 0.005145 -0.066377
v -0.603659 0.007597 -0.065224
v -0.603857 0.009987 -0.065175
v -0.599792 0.003892 -0.066666
v -0.602180 0.009503 -0.064124
v -0.602612 0.008583 -0.065139
v -0.601714 0.005933 -0.065605
v -0.597537 0.003301 -0.067566
v -0.600629 0.007497 -0.063618
v -0.600987 0.006768 -0.064754
v -0.599101 0.004324 -0.065802
v -0.596682 0.004010 -0.066610
v -0.598376 0.005058 -0.064743
v -0.600302 0.008515 -0.062415
v -0.597866 0.005955 -0.063526
v -0.595490 0.007267 -0.062119
v -0.599979 0.009686 -0.061079
v -0.598360 0.008815 -0.061288
v -0.597968 0.007249 -0.062131
v -0.596687 0.009082 -0.060549
v -0.595247 0.009640 -0.060076
v -0.594077 0.010367 -0.059735

vn 0.035237 0.310045 -0.950069
vn 0.042024 0.308395 -0.950330
vn 0.044976 0.330354 -0.942785
vn 0.038223 0.331864 -0.942552
vn 0.047934 0.352800 -0.934470
vn 0.027418 0.311799 -0.949752
vn 0.040787 0.353760 -0.934446
vn 0.030669 0.335440 -0.941562
vn 0.043781 0.375626 -0.925737
vn 0.051256 0.374463 -0.925824
vn 0.023320 0.336268 -0.941478
vn 0.027799 0.363841 -0.931046
vn 0.020188 0.312773 -0.949613
vn 0.007651 0.314265 -0.949304
vn 0.010793 0.337195 -0.941373
vn 0.013675 0.361431 -0.932298
vn 0.016407 0.388831 -0.921163
vn 0.033571 0.356224 -0.933797
vn 0.036694 0.376570 -0.925661
vn 0.033497 0.397437 -0.917018
vn 0.019104 0.420341 -0.907165
vn 0.040278 0.396446 -0.917174
vn 0.039752 0.432999 -0.900518
vn 0.022520 0.457291 -0.889032
vn 0.047281 0.396155 -0.916966
vn 0.054270 0.395309 -0.916944
vn 0.043592 0.415492 -0.908552
vn 0.050947 0.415406 -0.908208
vn 0.057049 0.414861 -0.908095
vn 0.046705 0.433293 -0.900042
vn 0.054091 0.433279 -0.899635
vn 0.060171 0.433473 -0.899155
vn 0.050061 0.450061 -0.891594
vn 0.057048 0.450354 -0.891026
vn 0.062941 0.450691 -0.890458
vn 0.045037 0.462220 -0.885621
vn 0.049594 0.490792 -0.869864
vn 0.024715 0.493602 -0.869337
vn 0.023378 0.525466 -0.850493
vn 0.059666 0.464478 -0.883572
vn 0.065027 0.465346 -0.882737
vn 0.066845 0.478495 -0.875542
vn 0.052937 0.463926 -0.884291
vn 0.055742 0.477851 -0.876671
vn 0.062190 0.478011 -0.876149
vn 0.068533 0.489863 -0.869101
vn 0.064569 0.490704 -0.868931
vn 0.069686 0.497488 -0.864667
vn 0.058572 0.491666 -0.868812
vn 0.068227 0.504789 -0.860542
vn 0.070685 0.503092 -0.861338
vn 0.064383 0.518372 -0.852728
vn 0.070685 0.508120 -0.858381
vn 0.051024 0.514164 -0.856173
vn 0.046137 0.552360 -0.832328
vn 0.032476 0.537243 -0.842802
vn 0.020980 0.556830 -0.830361
vn 0.017019 0.595805 -0.802949
vn 0.046819 0.622352 -0.781336
vn 0.070727 0.523423 -0.849132
vn 0.066465 0.565129 -0.822321
vn 0.073340 0.638300 -0.766286
vn 0.072920 0.501856 -0.861872
vn 0.071506 0.496997 -0.864801
vn 0.082503 0.573433 -0.815088
vn 0.079016 0.525045 -0.847398
vn 0.097966 0.580824 -0.808113
vn 0.103090 0.655218 -0.748373
vn 0.108175 0.621758 -0.775703
vn 0.115460 0.580809 -0.805810
vn 0.076422 0.490295 -0.868200
vn 0.073387 0.490009 -0.868623
vn 0.084833 0.498209 -0.862897
vn 0.096883 0.544588 -0.833089
vn 0.103100 0.504340 -0.857328
vn 0.124623 0.549177 -0.826362
vn 0.079223 0.482779 -0.872151
vn 0.075260 0.481029 -0.873469
vn 0.087601 0.486968 -0.869016
vn 0.082079 0.472009 -0.877764
vn 0.077391 0.469894 -0.879324
vn 0.111300 0.475077 -0.872877
vn 0.135154 0.522652 -0.841765
vn 0.090399 0.474740 -0.875471
vn 0.084830 0.457939 -0.884927
vn 0.079507 0.455969 -0.886437
vn 0.094252 0.460743 -0.882515
vn 0.087993 0.443096 -0.892145
vn 0.081909 0.439943 -0.894282
vn 0.121725 0.449394 -0.885002
vn 0.147233 0.498852 -0.854089
vn 0.098518 0.448070 -0.888554
vn 0.092855 0.427361 -0.899300
vn 0.085541 0.421852 -0.902620
vn 0.132923 0.426150 -0.894834
vn 0.159886 0.477528 -0.863947
vn 0.103494 0.434797 -0.894562
vn 0.108631 0.421373 -0.900358
vn 0.098327 0.410763 -0.906425
vn 0.090228 0.402911 -0.910781
vn 0.115393 0.407222 -0.906011
vn 0.105564 0.394733 -0.912711
vn 0.097368 0.384710 -0.917888
vn 0.146903 0.405189 -0.902353
vn 0.171958 0.457726 -0.872306
vn 0.123242 0.392996 -0.911244
vn 0.113987 0.379652 -0.918080
vn 0.106383 0.367843 -0.923783
vn 0.157106 0.393893 -0.905630
vn 0.184343 0.439605 -0.879070
vn 0.131916 0.381541 -0.914890
vn 0.142846 0.369393 -0.918229
vn 0.123593 0.367623 -0.921726
vn 0.116156 0.354569 -0.927787
vn 0.135194 0.354839 -0.925101
vn 0.128713 0.341563 -0.931004
vn -0.044976 0.330354 -0.942785
vn -0.042024 0.308395 -0.950330
vn -0.035237 0.310045 -0.950069
vn -0.038223 0.331864 -0.942552
vn -0.027418 0.311799 -0.949752
vn -0.047934 0.352800 -0.934470
vn -0.030669 0.335440 -0.941562
vn -0.040787 0.353760 -0.934446
vn -0.023320 0.336268 -0.941478
vn -0.027799 0.363841 -0.931046
vn -0.020188 0.312773 -0.949613
vn -0.007651 0.314265 -0.949304
vn -0.010793 0.337195 -0.941373
vn -0.013675 0.361431 -0.932298
vn -0.016407 0.388831 -0.921163
vn -0.043781 0.375626 -0.925737
vn -0.051256 0.374463 -0.925824
vn -0.033571 0.356227 -0.933796
vn -0.036694 0.376570 -0.925661
vn -0.033497 0.397436 -0.917018
vn -0.019104 0.420341 -0.907165
vn -0.047281 0.396154 -0.916966
vn -0.054270 0.395309 -0.916944
vn -0.040278 0.396445 -0.917174
vn -0.039753 0.432999 -0.900517
vn -0.022520 0.457291 -0.889032
vn -0.043592 0.415492 -0.908552
vn -0.050947 0.415406 -0.908208
vn -0.057049 0.414861 -0.908095
vn -0.046705 0.433293 -0.900042
vn -0.054091 0.433279 -0.899635
vn -0.060171 0.433474 -0.899155
vn -0.050061 0.450061 -0.891594
vn -0.057048 0.450354 -0.891026
vn -0.062941 0.450691 -0.890458
vn -0.045037 0.462220 -0.885621
vn -0.049594 0.490792 -0.869864
vn -0.024715 0.493602 -0.869337
vn -0.023378 0.525467 -0.850493
vn -0.059666 0.464478 -0.883572
vn -0.065027 0.465346 -0.882737
vn -0.066845 0.478495 -0.875542
vn -0.052937 0.463926 -0.884291
vn -0.055742 0.477850 -0.876671
vn -0.062190 0.478011 -0.876149
vn -0.068533 0.489863 -0.869101
vn -0.064569 0.490704 -0.868931
vn -0.069686 0.497488 -0.864667
vn -0.058572 0.491666 -0.868812
vn -0.068227 0.504789 -0.860542
vn -0.070685 0.503092 -0.861337
vn -0.064383 0.518372 -0.852728
vn -0.070685 0.508120 -0.858381
vn -0.051024 0.514164 -0.856173
vn -0.046137 0.552360 -0.832328
vn -0.032476 0.537243 -0.842802
vn -0.020980 0.556830 -0.830361
vn -0.017019 0.595805 -0.802949
vn -0.046819 0.622352 -0.781336
vn -0.070727 0.523423 -0.849132
vn -0.066465 0.565125 -0.822323
vn -0.073340 0.638300 -0.766286
vn -0.072920 0.501856 -0.861872
vn -0.071506 0.496997 -0.864801
vn -0.082503 0.573433 -0.815088
vn -0.079016 0.525045 -0.847398
vn -0.097966 0.580824 -0.808113
vn -0.103090 0.655218 -0.748373
vn -0.108175 0.621759 -0.775703
vn -0.115460 0.580809 -0.805810
vn -0.076422 0.490295 -0.868200
vn -0.073387 0.490009 -0.868623
vn -0.084833 0.498209 -0.862897
vn -0.096883 0.544588 -0.833089
vn -0.103100 0.504340 -0.857328
vn -0.124623 0.549177 -0.826362
vn -0.079223 0.482780 -0.872151
vn -0.075260 0.481029 -0.873468
vn -0.087601 0.486968 -0.869016
vn -0.082079 0.472009 -0.877764
vn -0.077391 0.469894 -0.879324
vn -0.111299 0.475077 -0.872877
vn -0.135154 0.522652 -0.841765
vn -0.090399 0.474740 -0.875471
vn -0.084830 0.457939 -0.884927
vn -0.079507 0.455969 -0.886437
vn -0.094252 0.460743 -0.882515
vn -0.087993 0.443096 -0.892145
vn -0.081909 0.439943 -0.894282
vn -0.121725 0.449394 -0.885001
vn -0.147233 0.498852 -0.854090
vn -0.098518 0.448070 -0.888554
vn -0.092855 0.427361 -0.899300
vn -0.085541 0.421852 -0.902620
vn -0.132923 0.426150 -0.894834
vn -0.159886 0.477528 -0.863946
vn -0.103494 0.434797 -0.894561
vn -0.108631 0.421373 -0.900358
vn -0.098327 0.410763 -0.906425
vn -0.090228 0.402911 -0.910781
vn -0.115393 0.407222 -0.906010
vn -0.105564 0.394733 -0.912711
vn -0.097368 0.384710 -0.917888
vn -0.146903 0.405189 -0.902353
vn -0.171958 0.457726 -0.872306
vn -0.123242 0.392992 -0.911245
vn -0.113987 0.379652 -0.918080
vn -0.106383 0.367843 -0.923783
vn -0.157106 0.393893 -0.905630
vn -0.184343 0.439605 -0.879070
vn -0.131916 0.381541 -0.914890
vn -0.142846 0.369393 -0.918229
vn -0.123593 0.367623 -0.921726
vn -0.116156 0.354569 -0.927787
vn -0.135194 0.354838 -0.925101
vn -0.128713 0.341567 -0.931002
vn 0.039184 0.089851 -0.995184
vn 0.032886 0.015081 -0.999345
vn 0.159093 0.016747 -0.987122
vn 0.163308 0.085416 -0.982871
vn 0.061414 0.171136 -0.983332
vn 0.306175 0.084650 -0.948204
vn 0.303910 0.018357 -0.952524
vn 0.187038 0.156322 -0.969835
vn 0.129776 0.287662 -0.948899
vn 0.461147 0.080401 -0.883674
vn 0.449523 0.019616 -0.893053
vn 0.325002 0.152287 -0.933371
vn 0.250557 0.267737 -0.930343
vn 0.247661 0.416435 -0.874783
vn 0.616531 0.071187 -0.784105
vn 0.623868 0.020529 -0.781260
vn 0.723397 0.020652 -0.690124
vn 0.477528 0.141244 -0.867189
vn 0.379168 0.250990 -0.890638
vn 0.349486 0.381310 -0.855840
vn 0.356114 0.512698 -0.781232
vn 0.748765 0.089002 -0.656834
vn 0.827123 0.020291 -0.561655
vn 0.628632 0.122108 -0.768057
vn 0.519180 0.224791 -0.824573
vn 0.454082 0.338088 -0.824321
vn 0.432914 0.456460 -0.777322
vn 0.449820 0.592935 -0.667900
vn 0.653897 0.187376 -0.733014
vn 0.771075 0.143870 -0.620278
vn 0.579653 0.295874 -0.759250
vn 0.693348 0.248212 -0.676505
vn 0.525141 0.395146 -0.753715
vn 0.519626 0.508229 -0.686799
vn 0.628886 0.345312 -0.696607
vn 0.851431 0.069639 -0.519823
vn 0.938643 0.054456 -0.340563
vn 0.922696 0.019107 -0.385054
vn 0.870723 0.108566 -0.479641
vn 0.791109 0.195630 -0.579548
vn 0.591621 0.438089 -0.676804
vn 0.733937 0.297792 -0.610456
vn 0.987872 0.041861 -0.149523
vn 0.979729 0.017230 -0.199583
vn 0.668607 0.369990 -0.645037
vn 0.706881 0.388578 -0.591039
vn 0.624487 0.492530 -0.606161
vn 0.999362 0.034179 -0.010364
vn 0.997934 0.015491 -0.062352
vn 0.545868 0.603455 -0.581266
vn 0.997782 -0.033837 -0.057333
vn 0.999670 -0.014911 -0.020917
vn 0.976705 -0.036911 -0.211389
vn 0.989704 -0.016537 -0.142174
vn 0.927449 -0.042615 -0.371513
vn 0.954825 -0.018284 -0.296605
vn 0.861412 -0.020001 -0.507513
vn 0.971748 -0.069399 -0.225587
vn 0.996263 -0.056987 -0.064911
vn 0.831695 -0.053055 -0.552692
vn 0.680086 -0.020643 -0.732841
vn 0.916522 -0.087161 -0.390372
vn 0.679304 -0.063038 -0.731144
vn 0.477022 -0.019807 -0.878668
vn 0.999269 0.032292 0.020479
vn 0.973426 -0.098641 -0.206666
vn 0.818894 -0.108109 -0.563671
vn 0.493781 -0.067643 -0.866952
vn 0.284222 -0.018158 -0.958587
vn 0.995813 -0.076274 -0.050386
vn 0.991158 0.062013 -0.117306
vn 0.917919 -0.127975 -0.375563
vn 0.674500 -0.124819 -0.727647
vn 0.324981 -0.069777 -0.943143
vn 0.120127 -0.016258 -0.992625
vn 0.998777 0.039933 0.029157
vn 0.972085 -0.118225 -0.202666
vn 0.817025 -0.161758 -0.553448
vn 0.501148 -0.136248 -0.854568
vn 0.182482 -0.071167 -0.980630
vn 0.016707 -0.014851 -0.999750
vn 0.017511 -0.065720 -0.997684
vn 0.336690 -0.141324 -0.930950
vn 0.194011 -0.140196 -0.970930
vn 0.018482 -0.131200 -0.991184
vn 0.669200 -0.189460 -0.718523
vn 0.914901 -0.157316 -0.371765
vn 0.495340 -0.208613 -0.843279
vn 0.190764 -0.211023 -0.958686
vn 0.019279 -0.188980 -0.981792
vn 0.331012 -0.216092 -0.918551
vn 0.800271 -0.220647 -0.557567
vn 0.181111 -0.299940 -0.936608
vn 0.020358 -0.275079 -0.961206
vn 0.645304 -0.255483 -0.719938
vn 0.480238 -0.288992 -0.828164
vn 0.319427 -0.302657 -0.897979
vn 0.168510 -0.402772 -0.899655
vn 0.021720 -0.404898 -0.914104
vn 0.305035 -0.398237 -0.865079
vn 0.461972 -0.376617 -0.802958
vn 0.627362 -0.337910 -0.701594
vn 0.160363 -0.502362 -0.849656
vn 0.022377 -0.484278 -0.874628
vn 0.289650 -0.498418 -0.817118
vn 0.439952 -0.474629 -0.762345
vn 0.150762 -0.592848 -0.791077
vn 0.022882 -0.564425 -0.825167
vn 0.271123 -0.594085 -0.757334
vn 0.140211 -0.681089 -0.718651
vn 0.023184 -0.639421 -0.768507
vn 0.782399 -0.295188 -0.548376
vn 0.599557 -0.423106 -0.679348
vn 0.412144 -0.570385 -0.710492
vn 0.255543 -0.680349 -0.686894
vn 0.124016 -0.764167 -0.632984
vn 0.023267 -0.730771 -0.682226
vn 0.759345 -0.370415 -0.534965
vn 0.573278 -0.516865 -0.635770
vn 0.390314 -0.653686 -0.648343
vn 0.236280 -0.763984 -0.600417
vn 0.109713 -0.845722 -0.522224
vn 0.022952 -0.815486 -0.578321
vn 0.710953 -0.422726 -0.562004
vn 0.541727 -0.594718 -0.594005
vn 0.372647 -0.727720 -0.575810
vn 0.214980 -0.831634 -0.512024
vn 0.105447 -0.906275 -0.409325
vn 0.021099 -0.939554 -0.341751
vn 0.671456 -0.537387 -0.510257
vn 0.524597 -0.655842 -0.542834
vn 0.695655 -0.552901 -0.458655
vn 0.349466 -0.793965 -0.497487
vn 0.197088 -0.889944 -0.411285
vn 0.509644 -0.712770 -0.481893
vn 0.317678 -0.851612 -0.416939
vn 0.832869 -0.399107 -0.383463
vn 0.694959 -0.591071 -0.409472
vn 0.498791 -0.762883 -0.411360
vn 0.874211 -0.303536 -0.378974
vn 0.832650 -0.442720 -0.332705
vn 0.678792 -0.645021 -0.350983
vn 0.894873 -0.240697 -0.375856
vn 0.835603 -0.465177 -0.292194
vn 0.907968 -0.195650 -0.370561
vn 0.964892 -0.150318 -0.215379
vn 0.954509 -0.188639 -0.230926
vn 0.942645 -0.236167 -0.235892
vn 0.929122 -0.286815 -0.233388
vn 0.923066 -0.318169 -0.216144
vn 0.917587 -0.367727 -0.151033
vn 0.990233 -0.113561 -0.080887
vn 0.982136 -0.147040 -0.117423
vn 0.975001 -0.181130 -0.128702
vn 0.966763 -0.221060 -0.128457
vn 0.961991 -0.253706 -0.101028
vn 0.950609 -0.306571 -0.048543
vn 0.995741 -0.086822 -0.031013
vn 0.992941 -0.118419 0.006771
vn 0.988774 -0.149323 -0.005296
vn 0.979752 -0.200135 -0.005741
vn 0.996196 -0.084244 0.022279
vn 0.997961 -0.038663 0.050780
vn 0.997859 0.064034 0.013302
vn 0.968669 -0.247170 0.024249
vn 0.990100 0.079189 -0.115890
vn 0.996893 0.033438 0.071321
vn 0.997790 0.050301 0.043424
vn 0.997401 0.070553 0.014605
vn 0.995211 0.018266 0.096024
vn 0.994238 -0.051366 0.094086
vn 0.990283 -0.115558 0.077373
vn 0.993740 0.019299 0.110040
vn 0.989090 0.097313 -0.110598
vn 0.991979 0.098952 -0.078653
vn 0.993890 0.103957 -0.037076
vn 0.994285 0.106329 -0.009533
vn 0.994536 0.103293 0.015099
vn 0.988585 0.088747 -0.121752
vn 0.993927 0.037619 0.103415
vn 0.994245 0.104363 0.024174
vn 0.989618 -0.025983 0.141352
vn 0.993215 0.049665 0.105153
vn 0.985928 0.120135 -0.116251
vn 0.989170 0.126774 -0.073964
vn 0.990036 0.131079 -0.051454
vn 0.993664 0.106247 0.036656
vn 0.981213 0.124971 -0.146982
vn 0.970590 0.127099 -0.204453
vn 0.962428 0.123105 -0.242030
vn 0.958069 0.114280 -0.262763
vn 0.955806 0.101461 -0.275936
vn 0.949361 0.081081 -0.303545
vn 0.881647 0.143399 -0.449594
vn 0.892353 0.165651 -0.419840
vn 0.817845 0.232754 -0.526265
vn 0.912776 0.173124 -0.369957
vn 0.849630 0.242659 -0.468237
vn 0.785497 0.318736 -0.530473
vn 0.934577 0.169214 -0.312941
vn 0.884658 0.228495 -0.406412
vn 0.834223 0.310134 -0.455948
vn 0.742839 0.398391 -0.538029
vn 0.952441 0.164688 -0.256387
vn 0.910614 0.219425 -0.350194
vn 0.961461 0.160996 -0.222877
vn 0.873856 0.278433 -0.398561
vn 0.921425 0.213956 -0.324344
vn 0.902890 0.247044 -0.351793
vn 0.976743 0.145988 -0.157038
vn 0.924653 0.235870 -0.298968
vn 0.912332 0.282242 -0.296629
vn 0.881374 0.311295 -0.355352
vn 0.844611 0.357017 -0.398962
vn 0.959767 0.173923 -0.220449
vn 0.981854 0.144710 -0.122565
vn 0.940906 0.211955 -0.264140
vn 0.966371 0.171498 -0.191612
vn 0.796310 0.390192 -0.462213
vn 0.868657 0.379952 -0.317916
vn 0.949067 0.209491 -0.235342
vn 0.933780 0.258354 -0.247603
vn 0.693369 0.491242 -0.527182
vn 0.819855 0.427794 -0.380565
vn 0.926926 0.261630 -0.268996
vn 0.918620 0.307932 -0.247618
vn 0.900046 0.353711 -0.254570
vn 0.634615 0.585222 -0.504757
vn 0.755476 0.471184 -0.455238
vn 0.854227 0.443946 -0.270572
vn 0.717539 0.554043 -0.422107
vn 0.792662 0.503007 -0.344487
vn 0.914630 0.346503 -0.208297
vn 0.925868 0.303117 -0.225584
vn 0.896318 0.409092 -0.171051
vn 0.674657 0.631706 -0.381818
vn 0.763728 0.574033 -0.295305
vn 0.835287 0.508397 -0.209351
vn 0.875579 0.466452 -0.125629
vn 0.592059 0.670615 -0.446925
vn 0.490778 0.704568 -0.512563
vn 0.387360 0.736352 -0.554741
vn 0.281899 0.642699 -0.712370
vn 0.286388 0.785841 -0.548121
vn 0.151738 0.700022 -0.697814
vn 0.195375 0.844065 -0.499382
vn 0.046560 0.834790 -0.548596
vn 0.109940 0.923477 -0.367564
vn 0.014699 0.953295 -0.301683
vn 0.228175 0.910696 -0.344339
vn 0.331736 0.851592 -0.405885
vn 0.466727 0.794108 -0.389305
vn 0.557763 0.752525 -0.350152
vn 0.068748 0.979197 -0.190911
vn 0.012907 0.994080 -0.107878
vn 0.339561 0.901421 -0.268586
vn 0.155181 0.959644 -0.234524
vn 0.056630 0.996462 -0.062108
vn 0.000000 0.999931 0.011712
vn 0.638212 0.706415 -0.306044
vn 0.448114 0.851470 -0.272384
vn 0.251609 0.942640 -0.219370
vn 0.113696 0.988527 -0.099436
vn 0.190499 0.972692 -0.132590
vn 0.259128 0.955511 -0.140891
vn 0.728633 0.639690 -0.244725
vn 0.537772 0.804722 -0.251443
vn 0.333467 0.924680 -0.183756
vn 0.809246 0.566599 -0.155196
vn 0.429862 0.883399 -0.186613
vn 0.853668 0.514483 -0.080980
vn 0.708668 0.674589 -0.206688
vn 0.613821 0.756382 -0.226075
vn 0.790953 0.597688 -0.131005
vn 0.516913 0.839759 -0.166148
vn 0.713008 0.685001 -0.149643
vn 0.841229 0.538876 -0.044119
vn 0.618469 0.775749 -0.125334
vn 0.781202 0.619244 -0.079123
vn 0.710622 0.701559 -0.053211
vn 0.884590 0.466324 -0.006508
vn 0.874721 0.483940 0.025797
vn 0.899303 0.436022 -0.033744
vn 0.827764 0.561076 -0.001070
vn 0.770139 0.637654 -0.016813
vn 0.867276 0.494009 0.061542
vn 0.821081 0.569605 0.037105
vn 0.901568 0.419412 0.106156
vn 0.894195 0.424371 0.142564
vn 0.908285 0.411694 0.074335
vn 0.859561 0.499279 0.108975
vn 0.763944 0.642306 0.061916
vn 0.810882 0.575362 0.106908
vn 0.711563 0.701718 0.035640
vn 0.845803 0.504419 0.173718
vn 0.884891 0.426271 0.187779
vn 0.869441 0.428175 0.246452
vn 0.648652 0.760483 -0.030259
vn 0.659020 0.750608 0.047765
vn 0.910828 0.351215 0.216890
vn 0.898870 0.349953 0.263751
vn 0.879188 0.345555 0.328055
vn 0.597962 0.801481 0.008413
vn 0.610500 0.787254 0.086723
vn 0.553312 0.829793 -0.072731
vn 0.919177 0.349982 0.180627
vn 0.900609 0.271608 0.339311
vn 0.876330 0.259047 0.406128
vn 0.917008 0.276200 0.287769
vn 0.547279 0.834556 0.063261
vn 0.562325 0.816330 0.131893
vn 0.893967 0.193136 0.404379
vn 0.504235 0.863526 0.008372
vn 0.495144 0.858894 0.130894
vn 0.516379 0.835933 0.185929
vn 0.862752 0.169716 0.476294
vn 0.818042 0.228213 0.527946
vn 0.458066 0.885733 0.075186
vn 0.453712 0.871170 0.187637
vn 0.470813 0.848089 0.243064
vn 0.797632 0.131012 0.588743
vn 0.744413 0.182130 0.642400
vn 0.420700 0.897744 0.130640
vn 0.407259 0.879212 0.247238
vn 0.422363 0.853845 0.304235
vn 0.701306 0.083189 0.707990
vn 0.642815 0.124094 0.755903
vn 0.383765 0.904793 0.184594
vn 0.358270 0.882000 0.306134
vn 0.373174 0.853341 0.364075
vn 0.583147 0.035124 0.811607
vn 0.564836 0.120556 0.816350
vn 0.337484 0.909357 0.243258
vn 0.307825 0.879014 0.364113
vn 0.321626 0.846343 0.424570
vn 0.290849 0.908673 0.299534
vn 0.254165 0.871462 0.419469
vn 0.261572 0.834284 0.485335
vn 0.192610 0.857949 0.476262
vn 0.195432 0.817980 0.541032
vn 0.124690 0.797700 0.590023
vn 0.243355 0.904496 0.350235
vn 0.259168 0.933692 0.247084
vn 0.299781 0.933261 0.197877
vn 0.340678 0.929006 0.144522
vn 0.379392 0.920826 0.090224
vn 0.293180 0.946131 0.137408
vn 0.419486 0.907170 0.032760
vn 0.258285 0.948893 0.181360
vn 0.330564 0.940133 0.082923
vn 0.318527 0.947035 0.040800
vn 0.449301 0.893291 -0.012633
vn 0.369999 0.928645 0.026830
vn 0.243666 0.959298 0.142742
vn 0.222550 0.948721 0.224500
vn 0.476334 0.874934 -0.087161
vn 0.391881 0.919742 -0.022459
vn 0.404695 0.908012 -0.108335
vn 0.330851 0.943399 -0.023159
vn 0.324267 0.939437 -0.110946
vn 0.286826 0.957959 0.006763
vn 0.273603 0.959191 -0.071365
vn 0.216404 0.974000 -0.067037
vn 0.261971 0.961565 0.082244
vn 0.236991 0.971453 -0.010734
vn 0.152647 0.987970 -0.024763
vn 0.220156 0.973886 0.055471
vn 0.196629 0.970931 0.136492
vn 0.162765 0.986310 0.026445
vn 0.097318 0.995247 -0.003420
vn 0.151868 0.985543 0.075108
vn 0.090385 0.994445 0.053945
vn 0.000000 0.998680 0.051368
vn 0.178800 0.962056 0.206104
vn 0.137233 0.980946 0.137522
vn 0.084641 0.991192 0.101856
vn 0.000000 0.995469 0.095088
vn -0.056803 0.996405 -0.062857
vn -0.012907 0.994080 -0.107878
vn 0.119293 0.972041 0.202251
vn 0.078831 0.985809 0.148210
vn 0.000000 0.989767 0.142695
vn -0.097770 0.995198 -0.004595
vn -0.068988 0.979001 -0.191829
vn -0.014699 0.953295 -0.301683
vn 0.071042 0.977185 0.200157
vn 0.000000 0.982730 0.185045
vn -0.091842 0.994374 0.052786
vn -0.114466 0.988294 -0.100864
vn -0.109900 0.922762 -0.369367
vn -0.046560 0.834790 -0.548596
vn 0.000000 0.974333 0.225110
vn -0.084794 0.991189 0.101752
vn -0.153762 0.987761 -0.026190
vn -0.155572 0.958712 -0.238050
vn -0.195071 0.842364 -0.502365
vn -0.151738 0.700022 -0.697814
vn -0.228022 0.908167 -0.351053
vn -0.286376 0.783954 -0.550822
vn -0.281899 0.642699 -0.712370
vn -0.191950 0.971631 -0.138161
vn -0.162540 0.986339 0.026752
vn -0.387718 0.734580 -0.556836
vn -0.449820 0.592935 -0.667900
vn -0.332475 0.848617 -0.411472
vn -0.252358 0.939553 -0.231423
vn -0.218006 0.973041 -0.075258
vn -0.341346 0.898085 -0.277355
vn -0.262708 0.951576 -0.159651
vn -0.468120 0.792261 -0.391390
vn -0.491299 0.702992 -0.514226
vn -0.238874 0.970871 -0.018651
vn -0.277588 0.956603 -0.088633
vn -0.336126 0.921226 -0.195861
vn -0.450064 0.849725 -0.274610
vn -0.558970 0.751457 -0.350520
vn -0.151732 0.985547 0.075335
vn -0.078984 0.985812 0.148112
vn -0.327823 0.936393 -0.125303
vn -0.430496 0.882614 -0.188853
vn -0.293712 0.955891 -0.002130
vn -0.224553 0.973127 0.050995
vn -0.137184 0.980936 0.137642
vn -0.071160 0.977192 0.200081
vn -0.538728 0.804471 -0.250195
vn 0.000000 0.963516 0.267652
vn 0.061679 0.965207 0.254108
vn 0.107774 0.955200 0.275640
vn -0.198605 0.970800 0.134551
vn -0.119312 0.972032 0.202285
vn -0.061674 0.965199 0.254140
vn 0.000000 0.950412 0.310993
vn 0.054076 0.944692 0.323470
vn -0.265166 0.960969 0.078908
vn -0.321553 0.946149 0.037480
vn -0.243666 0.959291 0.142782
vn -0.178794 0.962048 0.206148
vn -0.107766 0.955192 0.275671
vn -0.054066 0.944686 0.323491
vn 0.000000 0.928708 0.370812
vn -0.333416 0.942247 -0.031682
vn -0.406400 0.906557 -0.113986
vn -0.393365 0.918994 -0.026722
vn -0.514993 0.842139 -0.159949
vn -0.477882 0.873642 -0.091531
vn -0.100964 0.933040 0.345316
vn -0.048126 0.918705 0.392001
vn -0.149528 0.942061 0.300271
vn -0.614296 0.756070 -0.225829
vn -0.618549 0.775657 -0.125517
vn -0.638580 0.705250 -0.307958
vn -0.592220 0.668682 -0.449600
vn -0.545967 0.602402 -0.582264
vn -0.170131 0.924776 0.340358
vn -0.182850 0.946269 0.266723
vn -0.222556 0.948721 0.224494
vn -0.114637 0.913898 0.389422
vn -0.219273 0.931184 0.291231
vn -0.258292 0.948892 0.181353
vn -0.259180 0.933692 0.247072
vn -0.293186 0.946130 0.137401
vn -0.299793 0.933260 0.197865
vn -0.186559 0.895685 0.403665
vn -0.124630 0.880965 0.456473
vn -0.243372 0.904498 0.350219
vn -0.053614 0.895822 0.441167
vn -0.057460 0.859221 0.508367
vn 0.000000 0.835220 0.549916
vn 0.000000 0.875838 0.482606
vn -0.057360 0.812372 0.580311
vn -0.126824 0.839000 0.529146
vn -0.192631 0.857954 0.476245
vn 0.000000 0.901833 0.432084
vn 0.048120 0.918703 0.392006
vn 0.053602 0.895818 0.441176
vn 0.100958 0.933038 0.345321
vn 0.114625 0.913895 0.389432
vn 0.149522 0.942060 0.300277
vn 0.170119 0.924775 0.340370
vn 0.182844 0.946268 0.266729
vn 0.219261 0.931183 0.291243
vn 0.186260 0.895680 0.403812
vn 0.057443 0.859215 0.508379
vn 0.124613 0.880960 0.456487
vn 0.126804 0.838993 0.529161
vn 0.057340 0.812364 0.580324
vn 0.057232 0.771373 0.633805
vn 0.000000 0.786050 0.618164
vn 0.000000 0.744310 0.667834
vn 0.055290 0.728887 0.682398
vn -0.057252 0.771381 0.633793
vn -0.124711 0.797708 0.590008
vn -0.195454 0.817985 0.541016
vn -0.055309 0.728895 0.682387
vn -0.261594 0.834288 0.485317
vn 0.000000 0.702505 0.711679
vn 0.052374 0.688682 0.723170
vn -0.052394 0.688691 0.723160
vn -0.254186 0.871465 0.419450
vn -0.321648 0.846345 0.424550
vn 0.000000 0.662828 0.748772
vn 0.048539 0.656673 0.752612
vn -0.048558 0.656681 0.752603
vn 0.000000 0.632775 0.774336
vn 0.043224 0.621696 0.782065
vn -0.043244 0.621705 0.782057
vn 0.000000 0.600672 0.799496
vn 0.037295 0.584140 0.810796
vn -0.037314 0.584148 0.810789
vn 0.000000 0.566478 0.824077
vn 0.032085 0.549160 0.835101
vn -0.032104 0.549169 0.835095
vn 0.000000 0.534368 0.845252
vn 0.027452 0.514214 0.857223
vn -0.027471 0.514222 0.857217
vn 0.000000 0.501960 0.864891
vn 0.023998 0.480315 0.876768
vn -0.024017 0.480322 0.876763
vn 0.000000 0.470688 0.882300
vn 0.021343 0.442505 0.896512
vn -0.021361 0.442512 0.896508
vn 0.000000 0.434328 0.900755
vn 0.000000 0.398246 0.917278
vn 0.020182 0.405631 0.913814
vn -0.020200 0.405638 0.913811
vn 0.000000 0.363576 0.931564
vn 0.021494 0.369862 0.928838
vn 0.041799 0.409197 0.911488
vn -0.021512 0.369868 0.928835
vn -0.041817 0.409203 0.911484
vn 0.043681 0.371915 0.927239
vn 0.065802 0.410495 0.909486
vn 0.066210 0.370487 0.926475
vn 0.000000 0.332714 0.943028
vn -0.043699 0.371920 0.927236
vn -0.065821 0.410501 0.909481
vn -0.066229 0.370493 0.926471
vn 0.044512 0.332734 0.941970
vn 0.069649 0.325665 0.942917
vn 0.023047 0.335382 0.941800
vn -0.023065 0.335387 0.941798
vn -0.044530 0.332739 0.941967
vn -0.069667 0.325669 0.942914
vn 0.000000 0.301874 0.953348
vn 0.023391 0.301960 0.953033
vn 0.044768 0.294520 0.954596
vn -0.023408 0.301965 0.953032
vn -0.044785 0.294525 0.954594
vn 0.000000 0.269224 0.963078
vn 0.068499 0.284096 0.956346
vn 0.096873 0.313466 0.944645
vn 0.021852 0.268021 0.963165
vn -0.021869 0.268025 0.963164
vn -0.068517 0.284100 0.956343
vn -0.096892 0.313470 0.944642
vn 0.043870 0.259238 0.964817
vn 0.091744 0.260288 0.961163
vn 0.125392 0.262624 0.956716
vn 0.000000 0.235862 0.971786
vn -0.043887 0.259242 0.964815
vn -0.091762 0.260291 0.961160
vn -0.125411 0.262627 0.956713
vn 0.066257 0.245410 0.967153
vn 0.115826 0.229646 0.966358
vn 0.151466 0.230285 0.961263
vn -0.021793 0.235028 0.971744
vn -0.066275 0.245413 0.967151
vn -0.115844 0.229649 0.966355
vn -0.151485 0.230288 0.961259
vn 0.086519 0.223566 0.970841
vn 0.139645 0.202515 0.969271
vn 0.183023 0.209592 0.960507
vn -0.043361 0.225966 0.973170
vn -0.086537 0.223569 0.970839
vn -0.139664 0.202518 0.969268
vn -0.183043 0.209594 0.960503
vn 0.106006 0.194932 0.975071
vn 0.166011 0.177247 0.970064
vn 0.217329 0.193469 0.956733
vn -0.062684 0.211240 0.975422
vn -0.106025 0.194935 0.975069
vn -0.166031 0.177249 0.970060
vn -0.217350 0.193471 0.956728
vn 0.127746 0.173064 0.976591
vn -0.080803 0.193057 0.977855
vn -0.127765 0.173066 0.976588
vn -0.098912 0.170334 0.980409
vn -0.196022 0.159843 0.967484
vn -0.151040 0.150626 0.976985
vn -0.116816 0.147250 0.982177
vn -0.229927 0.142798 0.962675
vn -0.254738 0.179491 0.950206
vn -0.265922 0.129430 0.955266
vn -0.297108 0.169632 0.939655
vn -0.304346 0.114693 0.945632
vn -0.341464 0.158299 0.926468
vn -0.348441 0.099932 0.931989
vn -0.390478 0.148102 0.908621
vn -0.399012 0.086536 0.912853
vn -0.443404 0.137843 0.885659
vn -0.449414 0.068107 0.890723
vn -0.502261 0.129459 0.854970
vn -0.506538 0.050784 0.860721
vn -0.564858 0.120557 0.816334
vn -0.583168 0.035125 0.811592
vn -0.642837 0.124095 0.755885
vn -0.701326 0.083189 0.707970
vn -0.744431 0.182130 0.642379
vn -0.797649 0.131012 0.588721
vn -0.818058 0.228211 0.527922
vn -0.863920 0.169600 0.474212
vn -0.876541 0.259003 0.405700
vn -0.353030 0.048480 0.934355
vn -0.396244 0.027192 0.917743
vn -0.437041 -0.000424 0.899442
vn -0.497156 -0.038436 0.866809
vn -0.309445 0.066239 0.948607
vn -0.271500 0.082570 0.958890
vn -0.235537 0.096823 0.967030
vn -0.202565 0.112681 0.972764
vn -0.175384 0.131269 0.975709
vn -0.135554 0.129130 0.982319
vn -0.435565 -0.096789 0.894938
vn -0.387753 -0.051768 0.920308
vn -0.337321 -0.018966 0.941199
vn -0.555531 -0.100427 0.825409
vn -0.338762 -0.094424 0.936122
vn -0.290252 0.007060 0.956924
vn -0.616863 -0.049028 0.785542
vn -0.295839 -0.058384 0.953452
vn -0.257686 0.026050 0.965877
vn -0.680626 -0.003285 0.732624
vn -0.252692 -0.026106 0.967195
vn -0.228428 0.047072 0.972422
vn -0.214493 -0.000388 0.976725
vn -0.201619 0.067857 0.977111
vn -0.193102 0.022312 0.980925
vn -0.178289 0.087536 0.980077
vn -0.173176 0.044285 0.983895
vn -0.156487 0.107495 0.981813
vn -0.156148 0.064976 0.985594
vn -0.224362 -0.052199 0.973107
vn -0.189850 -0.022777 0.981549
vn -0.168156 -0.000806 0.985760
vn -0.156509 0.027812 0.987285
vn -0.143402 0.052855 0.988252
vn -0.140052 0.087392 0.986280
vn -0.122786 0.109879 0.986332
vn -0.265000 -0.089123 0.960121
vn -0.109109 0.125662 0.986055
vn -0.301997 -0.128231 0.944645
vn -0.093269 0.143519 0.985243
vn -0.382301 -0.138277 0.913633
vn -0.075920 0.164459 0.983458
vn -0.481653 -0.153881 0.862746
vn -0.058491 0.181998 0.981558
vn -0.603051 -0.175935 0.778059
vn -0.042109 0.194461 0.980006
vn -0.666809 -0.121688 0.735226
vn -0.021345 0.203006 0.978945
vn 0.000000 0.204364 0.978895
vn 0.021777 0.235024 0.971746
vn 0.043344 0.225963 0.973171
vn 0.021329 0.203003 0.978946
vn 0.000000 0.174320 0.984689
vn -0.020218 0.172758 0.984757
vn 0.062667 0.211237 0.975424
vn 0.042092 0.194458 0.980007
vn 0.020202 0.172755 0.984758
vn 0.080786 0.193055 0.977857
vn 0.058474 0.181996 0.981559
vn 0.098894 0.170332 0.980412
vn -0.040172 0.164363 0.985582
vn 0.000000 0.143900 0.989592
vn 0.040156 0.164361 0.985583
vn 0.075903 0.164457 0.983460
vn -0.056236 0.153972 0.986474
vn -0.019445 0.142946 0.989539
vn 0.019430 0.142944 0.989540
vn 0.056220 0.153970 0.986475
vn -0.072858 0.138874 0.987626
vn -0.039319 0.135556 0.989989
vn 0.000000 0.112250 0.993680
vn 0.039304 0.135554 0.989990
vn -0.054915 0.125417 0.990583
vn -0.089500 0.122644 0.988407
vn -0.018981 0.111874 0.993541
vn 0.018965 0.111872 0.993542
vn -0.070245 0.114233 0.990967
vn -0.101230 0.110728 0.988682
vn -0.086777 0.101851 0.991008
vn -0.113871 0.097384 0.988711
vn -0.107231 0.083367 0.990733
vn -0.129511 0.075806 0.988676
vn -0.066756 0.090716 0.993637
vn -0.084204 0.081280 0.993128
vn -0.122609 0.063626 0.990413
vn -0.103021 0.064367 0.992594
vn -0.051684 0.097345 0.993908
vn -0.036742 0.106268 0.993658
vn -0.079850 0.057144 0.995168
vn -0.063958 0.064977 0.995835
vn -0.096661 0.043489 0.994367
vn -0.048420 0.071868 0.996238
vn -0.019496 0.083266 0.996337
vn -0.035910 0.078760 0.996247
vn 0.000000 0.082026 0.996630
vn -0.074774 0.032592 0.996668
vn -0.060505 0.040849 0.997332
vn -0.091517 0.021435 0.995573
vn -0.045463 0.047859 0.997819
vn -0.067598 0.010305 0.997659
vn -0.055796 0.018669 0.998268
vn 0.000000 0.056379 0.998409
vn 0.019482 0.083265 0.996337
vn -0.019671 0.056961 0.998183
vn -0.033342 0.054226 0.997972
vn 0.036727 0.106266 0.993659
vn 0.054899 0.125415 0.990584
vn 0.072841 0.138872 0.987628
vn 0.093251 0.143517 0.985245
vn 0.116798 0.147248 0.982179
vn 0.151021 0.150624 0.976988
vn 0.196002 0.159841 0.967489
vn 0.229907 0.142796 0.962680
vn 0.254718 0.179489 0.950212
vn 0.265901 0.129428 0.955272
vn 0.297086 0.169630 0.939662
vn 0.304325 0.114691 0.945639
vn 0.341442 0.158297 0.926477
vn 0.348419 0.099931 0.931997
vn 0.390455 0.148100 0.908631
vn 0.398990 0.086535 0.912863
vn 0.443381 0.137842 0.885671
vn 0.449393 0.068106 0.890735
vn 0.502238 0.129458 0.854984
vn 0.506516 0.050784 0.860734
vn 0.235518 0.096822 0.967035
vn 0.271479 0.082569 0.958896
vn 0.309425 0.066239 0.948614
vn 0.353009 0.048479 0.934363
vn 0.396223 0.027192 0.917752
vn 0.437020 -0.000424 0.899452
vn 0.497135 -0.038436 0.866822
vn 0.202545 0.112680 0.972769
vn 0.175365 0.131268 0.975713
vn 0.135536 0.129128 0.982322
vn 0.109091 0.125660 0.986057
vn 0.089484 0.122642 0.988409
vn 0.070229 0.114232 0.990969
vn 0.201600 0.067856 0.977115
vn 0.178271 0.087535 0.980080
vn 0.156469 0.107494 0.981816
vn 0.122768 0.109877 0.986334
vn 0.101213 0.110726 0.988684
vn 0.086761 0.101849 0.991009
vn 0.066740 0.090715 0.993638
vn 0.228409 0.047072 0.972427
vn 0.051668 0.097344 0.993909
vn 0.257667 0.026050 0.965883
vn 0.290233 0.007059 0.956930
vn 0.337300 -0.018966 0.941206
vn 0.387732 -0.051767 0.920317
vn 0.435543 -0.096789 0.894949
vn 0.338741 -0.094423 0.936130
vn 0.295818 -0.058383 0.953458
vn 0.252672 -0.026106 0.967200
vn 0.214475 -0.000388 0.976729
vn 0.555509 -0.100426 0.825424
vn 0.193084 0.022312 0.980929
vn 0.616842 -0.049028 0.785558
vn 0.173158 0.044285 0.983898
vn 0.680607 -0.003285 0.732641
vn 0.156130 0.064975 0.985597
vn 0.140034 0.087391 0.986283
vn 0.143385 0.052854 0.988255
vn 0.156492 0.027811 0.987288
vn 0.168140 -0.000806 0.985763
vn 0.113854 0.097383 0.988713
vn 0.129494 0.075805 0.988678
vn 0.107214 0.083366 0.990735
vn 0.189832 -0.022776 0.981552
vn 0.122592 0.063625 0.990416
vn 0.084187 0.081279 0.993129
vn 0.224343 -0.052198 0.973111
vn 0.103004 0.064366 0.992596
vn 0.264979 -0.089122 0.960127
vn 0.301976 -0.128229 0.944652
vn 0.382279 -0.138276 0.913643
vn 0.481630 -0.153880 0.862759
vn 0.603029 -0.175934 0.778077
vn 0.666788 -0.121688 0.735245
vn 0.236303 -0.116878 0.964625
vn 0.270976 -0.156411 0.949793
vn 0.199629 -0.077586 0.976795
vn 0.173020 -0.045727 0.983856
vn 0.177496 -0.108818 0.978087
vn 0.153142 -0.021893 0.987962
vn 0.157196 -0.068515 0.985188
vn 0.146132 0.019316 0.989077
vn 0.235194 -0.194728 0.952242
vn 0.196213 -0.161034 0.967248
vn 0.268638 -0.231545 0.934998
vn 0.153194 -0.144671 0.977549
vn 0.303253 -0.199895 0.931708
vn 0.298303 -0.271394 0.915074
vn 0.137078 -0.090293 0.986436
vn 0.126602 -0.061270 0.990060
vn 0.118042 -0.141091 0.982934
vn 0.111354 -0.103621 0.988364
vn 0.093463 -0.139167 0.985848
vn 0.336820 -0.171947 0.925735
vn 0.421981 -0.191315 0.886189
vn 0.372975 -0.221613 0.900987
vn 0.526527 -0.226137 0.819531
vn 0.143505 -0.040728 0.988811
vn 0.142732 -0.014874 0.989650
vn 0.334528 -0.248390 0.909062
vn 0.464187 -0.260058 0.846699
vn 0.407595 -0.278951 0.869513
vn 0.363859 -0.294672 0.883614
vn 0.324007 -0.310081 0.893795
vn 0.435003 -0.332970 0.836602
vn 0.386138 -0.341782 0.856786
vn 0.344407 -0.347374 0.872190
vn 0.402529 -0.384545 0.830720
vn 0.359307 -0.383063 0.850976
vn 0.492991 -0.320517 0.808844
vn 0.411384 -0.423657 0.807018
vn 0.366828 -0.417017 0.831585
vn 0.451625 -0.381808 0.806386
vn 0.563103 -0.297039 0.771157
vn 0.412311 -0.460770 0.785933
vn 0.366783 -0.449157 0.814695
vn 0.460746 -0.427455 0.777815
vn 0.512774 -0.375144 0.772224
vn 0.641504 -0.261581 0.721143
vn 0.404867 -0.497078 0.767461
vn 0.358656 -0.480149 0.800514
vn 0.460134 -0.468862 0.753953
vn 0.522041 -0.429864 0.736675
vn 0.585642 -0.364948 0.723766
vn 0.388566 -0.533149 0.751511
vn 0.342149 -0.509301 0.789650
vn 0.449255 -0.509834 0.733648
vn 0.520220 -0.479291 0.706860
vn 0.594447 -0.429330 0.679932
vn 0.669994 -0.339737 0.660065
vn 0.363273 -0.565267 0.740611
vn 0.317564 -0.534643 0.783141
vn 0.429782 -0.551120 0.715230
vn 0.505233 -0.524919 0.684982
vn 0.588608 -0.486797 0.645422
vn 0.327113 -0.589916 0.738238
vn 0.285469 -0.554776 0.781493
vn 0.400997 -0.587295 0.703054
vn 0.478650 -0.570520 0.667384
vn 0.286673 -0.608961 0.739585
vn 0.249788 -0.570232 0.782587
vn 0.360122 -0.615779 0.700805
vn 0.675127 -0.425303 0.602761
vn 0.567698 -0.540070 0.621323
vn 0.245094 -0.622947 0.742877
vn 0.213007 -0.581498 0.785167
vn 0.442568 -0.610861 0.656492
vn 0.662345 -0.491781 0.565200
vn 0.778400 -0.440093 0.447673
vn 0.764948 -0.308465 0.565424
vn 0.203779 -0.631796 0.747869
vn 0.177666 -0.589115 0.788276
vn 0.719852 -0.209699 0.661695
vn 0.734935 -0.073193 0.674176
vn 0.792198 -0.155763 0.590051
vn 0.776922 0.042175 0.628183
vn 0.788502 -0.028705 0.614363
vn 0.839227 0.080839 0.537739
vn 0.833597 -0.254778 0.490106
vn 0.832276 -0.102448 0.544813
vn 0.879289 0.113239 0.462631
vn 0.817931 0.008374 0.575256
vn 0.860221 0.041137 0.508259
vn 0.854301 -0.064255 0.515792
vn 0.869280 -0.194075 0.454629
vn 0.861048 -0.348421 0.370404
vn 0.905027 0.131870 0.404396
vn 0.891173 0.063748 0.449163
vn 0.913931 0.203794 0.350995
vn 0.927320 0.278574 0.249947
vn 0.926945 0.209544 0.311229
vn 0.925272 0.349173 0.148158
vn 0.934710 0.282762 0.215321
vn 0.916376 0.396836 0.052689
vn 0.930725 0.345536 0.119819
vn 0.913759 0.404868 -0.033570
vn 0.926136 0.374018 0.048817
vn 0.914597 0.382099 -0.132335
vn 0.922352 0.343370 -0.177099
vn 0.935182 0.215953 0.280712
vn 0.939592 0.289888 0.182020
vn 0.939831 0.317743 0.125526
vn 0.921165 0.143758 0.361647
vn 0.911622 0.082228 0.402720
vn 0.920891 0.369116 -0.125355
vn 0.920756 0.381840 -0.080048
vn 0.921303 0.388351 -0.019585
vn 0.928374 0.357587 -0.101258
vn 0.930717 0.363111 0.043768
vn 0.926683 0.371160 -0.059147
vn 0.926491 0.375982 -0.015891
vn 0.924823 0.100621 0.366848
vn 0.930097 0.155638 0.332710
vn 0.937837 0.162189 0.306850
vn 0.943643 0.229687 0.238287
vn 0.947823 0.256880 0.188794
vn 0.941778 0.320237 0.102479
vn 0.932760 0.359113 0.031554
vn 0.949711 0.268677 0.160814
vn 0.932413 0.359249 -0.039332
vn 0.931647 0.363232 -0.009760
vn 0.934187 0.351116 -0.063348
vn 0.947343 0.214116 0.238108
vn 0.949293 0.238205 0.205187
vn 0.945167 0.193730 0.262921
vn 0.948744 0.205445 0.240159
vn 0.942723 0.322729 0.084375
vn 0.950039 0.282191 0.133394
vn 0.952533 0.241402 0.185488
vn 0.951363 0.220655 0.214987
vn 0.953472 0.251329 0.166505
vn 0.946888 0.178427 0.267522
vn 0.942132 0.160624 0.294258
vn 0.950394 0.195690 0.241777
vn 0.943626 0.324218 0.066730
vn 0.950278 0.290942 0.111014
vn 0.954078 0.254765 0.157577
vn 0.936020 0.351064 0.024918
vn 0.940292 0.136188 0.311935
vn 0.944838 0.155055 0.288513
vn 0.948533 0.173662 0.264813
vn 0.933248 0.114766 0.340407
vn 0.943276 0.137750 0.302084
vn 0.946849 0.152484 0.283241
vn 0.940633 0.120641 0.317263
vn 0.945655 0.136194 0.295276
vn 0.951210 0.189724 0.243319
vn 0.949587 0.169716 0.263591
vn 0.948588 0.152250 0.277491
vn 0.952669 0.210760 0.219094
vn 0.954589 0.222611 0.198001
vn 0.955511 0.229540 0.185230
vn 0.956346 0.234673 0.174160
vn 0.954496 0.261961 0.142528
vn 0.952039 0.184142 0.244362
vn 0.953025 0.199735 0.227706
vn 0.954788 0.205038 0.215266
vn 0.955420 0.189318 0.226566
vn 0.950361 0.166200 0.263044
vn 0.956951 0.206373 0.204097
vn 0.952533 0.157650 0.260437
vn 0.949857 0.150414 0.274130
vn 0.957742 0.212258 0.194105
vn 0.959222 0.192512 0.206957
vn 0.958592 0.217876 0.183390
vn 0.947968 0.137791 0.287001
vn 0.956936 0.176043 0.230830
vn 0.949856 0.138377 0.280401
vn 0.944114 0.114314 0.309162
vn 0.957048 0.244535 0.155760
vn 0.954082 0.153384 0.257296
vn 0.946742 0.117223 0.299896
vn 0.937820 0.101815 0.331854
vn 0.942652 0.091460 0.321001
vn 0.929841 0.079220 0.359332
vn 0.935116 0.073905 0.346550
vn 0.918951 0.055116 0.390500
vn 0.926225 0.051989 0.373369
vn 0.900199 0.026841 0.434651
vn 0.875877 -0.000315 0.482534
vn 0.864565 -0.026361 0.501829
vn 0.900633 -0.154702 0.406113
vn 0.894055 -0.249504 0.372039
vn 0.929553 0.045334 0.365891
vn 0.917958 0.032395 0.395352
vn 0.904359 -0.002904 0.426762
vn 0.907922 -0.024743 0.418408
vn 0.908042 -0.063244 0.414076
vn 0.906464 -0.107569 0.408352
vn 0.939572 0.064872 0.336149
vn 0.920478 0.018134 0.390374
vn 0.933815 0.038945 0.355631
vn 0.927674 -0.056325 0.369119
vn 0.929419 -0.073459 0.361640
vn 0.920015 -0.016780 0.391523
vn 0.925448 0.010812 0.378719
vn 0.932824 -0.118613 0.340251
vn 0.939124 0.036917 0.341591
vn 0.939729 -0.091660 0.329404
vn 0.935907 -0.061133 0.346902
vn 0.930813 -0.023717 0.364726
vn 0.942605 -0.115407 0.313333
vn 0.932354 0.010411 0.361396
vn 0.933135 -0.170437 0.316559
vn 0.947996 -0.164734 0.272335
vn 0.953408 -0.143680 0.265271
vn 0.926422 -0.218265 0.306761
vn 0.945323 -0.217864 0.242692
vn 0.947578 -0.103917 0.302156
vn 0.963404 -0.168564 0.208419
vn 0.957035 -0.198246 0.211617
vn 0.958616 -0.119133 0.258577
vn 0.974776 -0.144417 0.170166
vn 0.945118 -0.067358 0.319710
vn 0.911583 -0.301285 0.279723
vn 0.963882 -0.093348 0.249435
vn 0.937846 -0.020599 0.346440
vn 0.881193 -0.401160 0.250138
vn 0.952126 -0.060874 0.299584
vn 0.957162 -0.047935 0.285557
vn 0.942629 -0.012685 0.333601
vn 0.831828 -0.493219 0.254553
vn 0.939900 0.013011 0.341203
vn 0.885337 -0.442793 0.141820
vn 0.838929 -0.527750 0.132961
vn 0.918887 -0.352777 0.176620
vn 0.938116 -0.274764 0.210814
vn 0.951933 -0.260662 0.160867
vn 0.962116 -0.231790 0.143550
vn 0.871284 -0.490078 0.026229
vn 0.911590 -0.406047 0.064268
vn 0.936656 -0.332732 0.109383
vn 0.823452 -0.566934 0.022652
vn 0.949868 -0.302823 0.077770
vn 0.963967 -0.256286 0.071313
vn 0.943807 -0.330432 0.006638
vn 0.973395 -0.192993 0.123513
vn 0.852049 -0.516342 -0.086045
vn 0.895012 -0.442637 -0.055012
vn 0.925246 -0.379056 0.015398
vn 0.921006 -0.384222 -0.064198
vn 0.871774 -0.464548 -0.155582
vn 0.808558 -0.559522 -0.182125
vn 0.982087 -0.166470 0.088276
vn 0.750406 -0.593616 -0.290706
vn 0.742107 -0.648441 -0.169709
vn 0.988920 -0.074329 0.128501
vn 0.677087 -0.689385 -0.257491
vn 0.798008 -0.597597 -0.077850
vn 0.670457 -0.730156 -0.131759
vn 0.556611 -0.768614 -0.315303
vn 0.727141 -0.683885 -0.059726
vn 0.603904 -0.772061 -0.198045
vn 0.402974 -0.843515 -0.355099
vn 0.762910 -0.645456 0.036811
vn 0.607519 -0.789255 -0.089431
vn 0.488148 -0.834445 -0.255759
vn 0.286043 -0.902845 -0.321015
vn 0.779692 -0.608663 0.147005
vn 0.659025 -0.751680 -0.025745
vn 0.535999 -0.830430 -0.151955
vn 0.359193 -0.888634 -0.285148
vn 0.187834 -0.938089 -0.291045
vn 0.431739 -0.878870 -0.202949
vn 0.475716 -0.873640 -0.102212
vn 0.270351 -0.935107 -0.229099
vn 0.342569 -0.913566 -0.219190
vn 0.538399 -0.841559 -0.043650
vn 0.385271 -0.910476 -0.150331
vn 0.421306 -0.905846 -0.044106
vn 0.110547 -0.955482 -0.273557
vn 0.184395 -0.970176 -0.157343
vn 0.061263 -0.975989 -0.209027
vn 0.112794 -0.982245 -0.149905
vn 0.040381 -0.994841 -0.093058
vn 0.018500 -0.991014 -0.132470
vn 0.000000 -0.999404 0.034515
vn 0.000000 -0.999864 0.016465
vn -0.018500 -0.991014 -0.132470
vn -0.040382 -0.994840 -0.093074
vn -0.021099 -0.939554 -0.341751
vn 0.000000 -0.998779 0.049395
vn 0.055261 -0.997600 -0.041722
vn 0.074200 -0.990725 -0.113835
vn -0.061265 -0.975983 -0.209057
vn -0.055261 -0.997599 -0.041747
vn 0.000000 -0.998119 0.061312
vn 0.064020 -0.997922 -0.007287
vn 0.079287 -0.995315 -0.055340
vn -0.105461 -0.906242 -0.409394
vn -0.022952 -0.815486 -0.578321
vn -0.109734 -0.845668 -0.522307
vn -0.023267 -0.730771 -0.682226
vn -0.124047 -0.764062 -0.633105
vn -0.023184 -0.639421 -0.768507
vn -0.140244 -0.680901 -0.718822
vn -0.022882 -0.564425 -0.825167
vn -0.150767 -0.592563 -0.791289
vn -0.022377 -0.484278 -0.874628
vn -0.160311 -0.501982 -0.849891
vn -0.021720 -0.404898 -0.914104
vn -0.168392 -0.402341 -0.899870
vn -0.020358 -0.275079 -0.961206
vn -0.180948 -0.299516 -0.936775
vn -0.019279 -0.188980 -0.981792
vn -0.190595 -0.210679 -0.958795
vn -0.018482 -0.131200 -0.991184
vn -0.193873 -0.139961 -0.970991
vn -0.017511 -0.065720 -0.997684
vn -0.182409 -0.071063 -0.980651
vn -0.016707 -0.014851 -0.999750
vn -0.120127 -0.016258 -0.992625
vn -0.324848 -0.069615 -0.943201
vn -0.284222 -0.018158 -0.958587
vn -0.336426 -0.140948 -0.931102
vn -0.330670 -0.215504 -0.918812
vn -0.319066 -0.301885 -0.898366
vn -0.304728 -0.397372 -0.865584
vn -0.493595 -0.067439 -0.867073
vn -0.477022 -0.019807 -0.878668
vn -0.500768 -0.135768 -0.854868
vn -0.494819 -0.207823 -0.843780
vn -0.479646 -0.287887 -0.828891
vn -0.679098 -0.062816 -0.731355
vn -0.680086 -0.020643 -0.732841
vn -0.674075 -0.124306 -0.728129
vn -0.668612 -0.188606 -0.719296
vn -0.831527 -0.052850 -0.552965
vn -0.861412 -0.020001 -0.507513
vn -0.818529 -0.107646 -0.564289
vn -0.927348 -0.042455 -0.371785
vn -0.954825 -0.018284 -0.296605
vn -0.989704 -0.016537 -0.142174
vn -0.644582 -0.254199 -0.721039
vn -0.816536 -0.161018 -0.554385
vn -0.916285 -0.086818 -0.391005
vn -0.976655 -0.036796 -0.211639
vn -0.999670 -0.014911 -0.020917
vn -0.971632 -0.069193 -0.226149
vn -0.997772 -0.033784 -0.057523
vn -0.997934 0.015491 -0.062352
vn -0.917610 -0.127481 -0.376485
vn -0.799691 -0.219495 -0.558852
vn -0.973278 -0.098420 -0.207467
vn -0.999363 0.034193 -0.010206
vn -0.979729 0.017230 -0.199583
vn -0.996238 -0.056913 -0.065354
vn -0.914577 -0.156667 -0.372833
vn -0.987917 0.041953 -0.149196
vn -0.922696 0.019107 -0.385054
vn -0.971923 -0.117992 -0.203579
vn -0.999272 0.031931 0.020904
vn -0.995780 -0.076284 -0.051018
vn -0.938799 0.054557 -0.340118
vn -0.827123 0.020291 -0.561655
vn -0.991231 0.062248 -0.116560
vn -0.998779 0.039190 0.030083
vn -0.995707 -0.086970 -0.031675
vn -0.964740 -0.149989 -0.216285
vn -0.990160 -0.113688 -0.081596
vn -0.907648 -0.194768 -0.371807
vn -0.997907 0.062955 0.014793
vn -0.990229 0.079592 -0.114507
vn -0.997955 -0.039465 0.050279
vn -0.982070 -0.147006 -0.118015
vn -0.954388 -0.188051 -0.231907
vn -0.894551 -0.239390 -0.377454
vn -0.996151 -0.084884 0.021870
vn -0.781729 -0.293445 -0.550263
vn -0.626588 -0.336204 -0.703104
vn -0.461412 -0.375283 -0.803904
vn -0.942594 -0.235056 -0.237203
vn -0.974975 -0.180894 -0.129235
vn -0.873876 -0.301386 -0.381454
vn -0.758583 -0.368144 -0.537608
vn -0.598927 -0.421112 -0.681139
vn -0.439521 -0.473209 -0.763475
vn -0.992891 -0.118852 0.006485
vn -0.289467 -0.497605 -0.817679
vn -0.271081 -0.593447 -0.757849
vn -0.411965 -0.569189 -0.711554
vn -0.572776 -0.514677 -0.637993
vn -0.255586 -0.679900 -0.687322
vn -0.390333 -0.652797 -0.649227
vn -0.236346 -0.763711 -0.600739
vn -0.710068 -0.421337 -0.564161
vn -0.541608 -0.593008 -0.595821
vn -0.372762 -0.727123 -0.576490
vn -0.215028 -0.831476 -0.512260
vn -0.832615 -0.394902 -0.388337
vn -0.671252 -0.534824 -0.513210
vn -0.695752 -0.550199 -0.461746
vn -0.524732 -0.654536 -0.544279
vn -0.349574 -0.793614 -0.497971
vn -0.197119 -0.889859 -0.411454
vn -0.509884 -0.711925 -0.482888
vn -0.695383 -0.588550 -0.412373
vn -0.317714 -0.851432 -0.417278
vn -0.498968 -0.762473 -0.411905
vn -0.832914 -0.437132 -0.339367
vn -0.679359 -0.643394 -0.352867
vn -0.836713 -0.457752 -0.300625
vn -0.187850 -0.938047 -0.291170
vn -0.286061 -0.902762 -0.321232
vn -0.402913 -0.843403 -0.355433
vn -0.556616 -0.768602 -0.315324
vn -0.110556 -0.955463 -0.273621
vn -0.359170 -0.888582 -0.285342
vn -0.270360 -0.935068 -0.229247
vn -0.184400 -0.970160 -0.157436
vn -0.112797 -0.982236 -0.149963
vn -0.488153 -0.834436 -0.255779
vn -0.074201 -0.990721 -0.113873
vn -0.064020 -0.997922 -0.007318
vn -0.079286 -0.995312 -0.055381
vn 0.000000 -0.997403 0.072029
vn -0.108515 -0.991682 -0.069214
vn -0.077242 -0.996756 -0.022619
vn -0.059253 -0.998165 0.012445
vn -0.150105 -0.986922 -0.058768
vn 0.059220 -0.998167 0.012482
vn 0.000000 -0.995216 0.097697
vn -0.060977 -0.997483 0.036196
vn -0.097409 -0.995083 -0.017942
vn 0.077244 -0.996756 -0.022577
vn 0.060939 -0.997483 0.036239
vn -0.127841 -0.991788 -0.003596
vn -0.068828 -0.996005 0.056887
vn 0.000000 -0.992203 0.124629
vn 0.108515 -0.991686 -0.069162
vn 0.097411 -0.995083 -0.017894
vn 0.068786 -0.996005 0.056934
vn 0.000000 -0.987089 0.160175
vn -0.074759 -0.993348 0.087579
vn -0.144330 -0.989283 0.022084
vn 0.150106 -0.986926 -0.058703
vn 0.127843 -0.991788 -0.003543
vn 0.074714 -0.993347 0.087631
vn 0.000000 -0.977152 0.212543
vn 0.144285 -0.989288 0.022144
vn 0.189069 -0.981446 -0.031884
vn 0.081642 -0.987568 0.134329
vn -0.081686 -0.987572 0.134275
vn 0.225021 -0.969053 -0.101494
vn 0.160051 -0.985197 0.061412
vn 0.000000 -0.964731 0.263237
vn 0.278089 -0.945276 -0.170645
vn 0.231749 -0.972771 -0.002955
vn 0.090919 -0.979573 0.179364
vn 0.261986 -0.962578 -0.069333
vn 0.299314 -0.944993 -0.131910
vn 0.179244 -0.978589 0.101173
vn 0.261335 -0.964717 0.032029
vn 0.336310 -0.925747 -0.172883
vn 0.352415 -0.931246 -0.092647
vn 0.316773 -0.947996 -0.030945
vn 0.366147 -0.930505 0.009859
vn 0.290428 -0.955037 0.059626
vn 0.196440 -0.971766 0.130696
vn 0.100645 -0.972364 0.210661
vn 0.465450 -0.884831 0.020757
vn 0.380636 -0.920371 0.089636
vn 0.291524 -0.949323 0.117471
vn 0.584708 -0.811001 0.019861
vn 0.000000 -0.954221 0.299103
vn 0.194746 -0.967271 0.162666
vn 0.497404 -0.863605 0.082317
vn 0.695634 -0.715403 0.065513
vn 0.616543 -0.779045 0.113860
vn 0.714653 -0.676580 0.177511
vn -0.090957 -0.979579 0.179309
vn 0.772355 -0.575555 0.268709
vn 0.735361 -0.529834 0.422517
vn 0.710165 -0.639233 0.295037
vn 0.635027 -0.740482 0.220061
vn 0.530920 -0.829792 0.171956
vn 0.683853 -0.592111 0.426321
vn 0.635527 -0.701524 0.322443
vn 0.634388 -0.551447 0.541718
vn 0.620302 -0.653082 0.434406
vn 0.552579 -0.790270 0.264821
vn 0.394175 -0.905796 0.155433
vn 0.586642 -0.608472 0.534427
vn 0.558034 -0.746173 0.363076
vn 0.449157 -0.862131 0.234494
vn 0.290932 -0.940005 0.178183
vn 0.532699 -0.590635 0.606121
vn 0.548404 -0.699722 0.457867
vn 0.474846 -0.820551 0.318148
vn 0.323906 -0.913209 0.247253
vn 0.190575 -0.957252 0.217599
vn 0.485934 -0.634687 0.600867
vn 0.483962 -0.778307 0.400023
vn 0.375314 -0.877580 0.298315
vn 0.254402 -0.935620 0.244734
vn 0.101955 -0.964916 0.241957
vn 0.400830 -0.839425 0.367016
vn 0.275464 -0.904807 0.324722
vn 0.000000 -0.944503 0.328503
vn 0.000000 -0.934712 0.355406
vn 0.095634 -0.955761 0.278165
vn 0.173473 -0.944203 0.279977
vn -0.100678 -0.972372 0.210611
vn 0.308671 -0.877680 0.366605
vn 0.218233 -0.919513 0.326910
vn 0.086512 -0.936575 0.339621
vn -0.101978 -0.964921 0.241927
vn 0.230497 -0.889146 0.395336
vn 0.149587 -0.921735 0.357811
vn 0.183035 -0.894885 0.407037
vn 0.331397 -0.845002 0.419699
vn 0.252151 -0.866435 0.430941
vn 0.194686 -0.871628 0.449847
vn 0.411290 -0.800980 0.435054
vn 0.478344 -0.736951 0.477588
vn 0.526798 -0.656964 0.539335
vn 0.463059 -0.695635 0.549244
vn 0.409128 -0.761864 0.502172
vn 0.341338 -0.809880 0.477057
vn 0.265143 -0.838873 0.475386
vn 0.196641 -0.850738 0.487420
vn 0.429623 -0.669131 0.606372
vn 0.399205 -0.723753 0.562865
vn 0.343233 -0.775650 0.529678
vn 0.276102 -0.809584 0.518017
vn 0.394862 -0.642509 0.656709
vn 0.372401 -0.695799 0.614151
vn 0.337139 -0.744058 0.576814
vn 0.343234 -0.666463 0.661829
vn 0.202207 -0.826694 0.525061
vn 0.281630 -0.781972 0.556061
vn 0.316125 -0.714669 0.623949
vn 0.314321 -0.637236 0.703656
vn 0.292590 -0.684041 0.668191
vn 0.268449 -0.653023 0.708163
vn 0.278178 -0.756465 0.591927
vn 0.215082 -0.804172 0.554119
vn 0.262922 -0.726600 0.634763
vn 0.243909 -0.695314 0.676053
vn 0.223428 -0.663041 0.714463
vn 0.223322 -0.782167 0.581671
vn 0.222266 -0.761619 0.608716
vn 0.211608 -0.731841 0.647789
vn 0.196983 -0.700167 0.686268
vn 0.180550 -0.667943 0.721979
vn 0.164476 -0.635766 0.754155
vn 0.143621 -0.592498 0.792666
vn 0.126800 -0.634098 0.762785
vn 0.110028 -0.590347 0.799615
vn 0.139452 -0.666123 0.732689
vn 0.152022 -0.698155 0.699621
vn 0.162467 -0.728748 0.665230
vn 0.167451 -0.750505 0.639298
vn 0.089513 -0.627986 0.773059
vn 0.075537 -0.583014 0.808943
vn 0.107776 -0.690915 0.714857
vn 0.099815 -0.660529 0.744136
vn 0.045948 -0.612807 0.788896
vn 0.037768 -0.568128 0.822073
vn 0.113302 -0.719428 0.685264
vn 0.056642 -0.674825 0.735801
vn 0.052175 -0.645882 0.761652
vn 0.000000 -0.649642 0.760240
vn 0.000000 -0.593084 0.805141
vn 0.000000 -0.551270 0.834327
vn -0.037787 -0.568136 0.822067
vn 0.000000 -0.624301 0.781184
vn -0.045967 -0.612815 0.788888
vn -0.075557 -0.583022 0.808935
vn 0.059748 -0.701981 0.709685
vn -0.052195 -0.645891 0.761643
vn -0.089534 -0.627995 0.773050
vn -0.110049 -0.590355 0.799606
vn -0.126822 -0.634106 0.762775
vn -0.143643 -0.592506 0.792656
vn -0.099836 -0.660537 0.744126
vn -0.164498 -0.635774 0.754143
vn -0.177688 -0.589122 0.788265
vn 0.112293 -0.734131 0.669658
vn -0.056662 -0.674833 0.735792
vn -0.139474 -0.666131 0.732678
vn -0.203802 -0.631803 0.747857
vn -0.213030 -0.581505 0.785156
vn -0.107797 -0.690924 0.714845
vn -0.180572 -0.667950 0.721967
vn -0.245117 -0.622954 0.742864
vn -0.249811 -0.570238 0.782575
vn -0.152044 -0.698163 0.699608
vn -0.223451 -0.663047 0.714449
vn -0.286696 -0.608967 0.739571
vn -0.285493 -0.554782 0.781480
vn -0.197005 -0.700174 0.686254
vn -0.162489 -0.728756 0.665216
vn -0.113323 -0.719436 0.685252
vn -0.268473 -0.653029 0.708149
vn -0.243932 -0.695320 0.676038
vn -0.211631 -0.731848 0.647774
vn -0.327138 -0.589922 0.738223
vn -0.317589 -0.534648 0.783127
vn -0.059767 -0.701990 0.709675
vn -0.167473 -0.750512 0.639284
vn -0.363298 -0.565272 0.740596
vn -0.342173 -0.509306 0.789636
vn 0.000000 -0.673984 0.738746
vn -0.112313 -0.734139 0.669646
vn -0.388591 -0.533153 0.751495
vn -0.358681 -0.480153 0.800500
vn 0.057998 -0.714209 0.697525
vn -0.058018 -0.714218 0.697514
vn -0.404892 -0.497082 0.767446
vn -0.366807 -0.449162 0.814682
vn 0.000000 -0.686544 0.727089
vn 0.000000 -0.700548 0.713605
vn 0.055362 -0.727842 0.683506
vn -0.055381 -0.727851 0.683495
vn 0.108919 -0.749582 0.652889
vn -0.108940 -0.749590 0.652876
vn -0.412335 -0.460774 0.785918
vn -0.366852 -0.417021 0.831572
vn 0.049256 -0.742367 0.668180
vn 0.165535 -0.769635 0.616653
vn -0.049275 -0.742376 0.668169
vn 0.099118 -0.765178 0.636143
vn 0.155848 -0.788142 0.595436
vn 0.145619 -0.807984 0.570926
vn 0.091577 -0.784289 0.613599
vn 0.147054 -0.834849 0.530474
vn 0.000000 -0.716690 0.697392
vn 0.044873 -0.760972 0.647231
vn 0.000000 -0.737481 0.675368
vn 0.095803 -0.814878 0.571661
vn 0.157354 -0.864474 0.477415
vn 0.046760 -0.793058 0.607349
vn 0.000000 -0.768557 0.639781
vn -0.044893 -0.760981 0.647219
vn 0.107310 -0.852290 0.511943
vn 0.126846 -0.890527 0.436888
vn 0.053029 -0.831383 0.553163
vn 0.000000 -0.806040 0.591861
vn 0.073845 -0.906660 0.415349
vn 0.062912 -0.873225 0.483240
vn 0.000000 -0.911866 0.410489
vn 0.000000 -0.846675 0.532110
vn 0.000000 -0.878063 0.478544
vn -0.046780 -0.793066 0.607336
vn -0.053048 -0.831391 0.553150
vn -0.062931 -0.873232 0.483225
vn -0.073864 -0.906665 0.415334
vn -0.086530 -0.936579 0.339605
vn -0.095650 -0.955763 0.278150
vn -0.091598 -0.784297 0.613586
vn -0.095823 -0.814885 0.571647
vn -0.107330 -0.852297 0.511928
vn -0.126865 -0.890533 0.436872
vn -0.149606 -0.921739 0.357794
vn -0.173492 -0.944205 0.279959
vn -0.190593 -0.957253 0.217582
vn -0.099139 -0.765186 0.636130
vn -0.165557 -0.769642 0.616638
vn -0.155869 -0.788149 0.595422
vn -0.222288 -0.761625 0.608700
vn -0.194762 -0.967271 0.162651
vn -0.145640 -0.807991 0.570911
vn -0.223345 -0.782173 0.581655
vn -0.262945 -0.726606 0.634747
vn -0.147074 -0.834855 0.530458
vn -0.215104 -0.804177 0.554102
vn -0.278202 -0.756470 0.591910
vn -0.292614 -0.684046 0.668175
vn -0.202229 -0.826700 0.525044
vn -0.157374 -0.864479 0.477398
vn -0.281652 -0.781977 0.556043
vn -0.316148 -0.714674 0.623932
vn -0.314345 -0.637241 0.703641
vn -0.343258 -0.666468 0.661812
vn -0.360147 -0.615784 0.700788
vn -0.337162 -0.744062 0.576796
vn -0.276124 -0.809588 0.517999
vn -0.372425 -0.695803 0.614132
vn -0.343255 -0.775653 0.529659
vn -0.394886 -0.642513 0.656691
vn -0.401022 -0.587299 0.703037
vn -0.399229 -0.723756 0.562845
vn -0.429647 -0.669134 0.606352
vn -0.442592 -0.610864 0.656473
vn -0.429807 -0.551123 0.715213
vn -0.478674 -0.570522 0.667365
vn -0.485957 -0.634689 0.600846
vn -0.463082 -0.695636 0.549223
vn -0.409151 -0.761866 0.502151
vn -0.449280 -0.509837 0.733630
vn -0.505257 -0.524921 0.684962
vn -0.460159 -0.468865 0.753936
vn -0.341360 -0.809882 0.477037
vn -0.520245 -0.479293 0.706840
vn -0.265165 -0.838876 0.475367
vn -0.196662 -0.850742 0.487403
vn -0.460771 -0.427458 0.777798
vn -0.522065 -0.429866 0.736657
vn -0.411409 -0.423660 0.807004
vn -0.359331 -0.383067 0.850964
vn -0.402554 -0.384549 0.830706
vn -0.344432 -0.347378 0.872178
vn -0.451650 -0.381811 0.806370
vn -0.386163 -0.341785 0.856774
vn -0.324030 -0.310085 0.893785
vn -0.435027 -0.332973 0.836589
vn -0.363883 -0.294675 0.883604
vn -0.298326 -0.271398 0.915065
vn -0.512798 -0.375147 0.772207
vn -0.493015 -0.320519 0.808829
vn -0.334551 -0.248393 0.909053
vn -0.407619 -0.278953 0.869501
vn -0.303275 -0.199897 0.931700
vn -0.268660 -0.231548 0.934990
vn -0.464211 -0.260060 0.846686
vn -0.372998 -0.221615 0.900977
vn -0.270997 -0.156413 0.949787
vn -0.235215 -0.194730 0.952236
vn -0.236323 -0.116879 0.964620
vn -0.196232 -0.161036 0.967244
vn -0.177515 -0.108820 0.978083
vn -0.153213 -0.144673 0.977546
vn -0.137095 -0.090294 0.986434
vn -0.118060 -0.141092 0.982932
vn -0.111371 -0.103623 0.988362
vn -0.093480 -0.139169 0.985847
vn -0.087150 -0.105892 0.990551
vn -0.069924 -0.136164 0.988216
vn -0.336843 -0.171949 0.925727
vn -0.199648 -0.077587 0.976791
vn -0.422005 -0.191317 0.886177
vn -0.173038 -0.045728 0.983853
vn -0.526551 -0.226138 0.819515
vn -0.563127 -0.297040 0.771139
vn -0.157213 -0.068516 0.985185
vn -0.126619 -0.061270 0.990057
vn -0.153159 -0.021893 0.987959
vn -0.641527 -0.261581 0.721123
vn -0.585666 -0.364949 0.723746
vn -0.594471 -0.429331 0.679911
vn -0.670016 -0.339737 0.660043
vn -0.719871 -0.209699 0.661673
vn -0.588631 -0.486797 0.645400
vn -0.675148 -0.425302 0.602738
vn -0.567721 -0.540071 0.621302
vn -0.734953 -0.073193 0.674156
vn -0.764966 -0.308464 0.565400
vn -0.778416 -0.440090 0.447648
vn -0.662366 -0.491780 0.565176
vn -0.792215 -0.155762 0.590028
vn -0.776939 0.042175 0.628162
vn -0.789697 -0.028698 0.612826
vn -0.840073 0.080812 0.536421
vn -0.833612 -0.254776 0.490082
vn -0.834692 -0.102353 0.541123
vn -0.819613 0.008370 0.572857
vn -0.880195 0.113172 0.460921
vn -0.860882 0.041123 0.507140
vn -0.856545 -0.064185 0.512065
vn -0.872309 -0.193687 0.448957
vn -0.862060 -0.348120 0.368328
vn -0.895463 0.192882 0.401175
vn -0.901893 0.271209 0.336207
vn -0.879199 0.345551 0.328031
vn -0.899099 0.349835 0.263130
vn -0.869450 0.428169 0.246430
vn -0.917977 0.275799 0.285049
vn -0.885197 0.426033 0.186875
vn -0.845812 0.504412 0.173696
vn -0.910789 0.351240 0.217011
vn -0.859667 0.499167 0.108650
vn -0.810890 0.575354 0.106887
vn -0.894562 0.424013 0.141321
vn -0.821087 0.569597 0.037086
vn -0.763953 0.642297 0.061896
vn -0.868091 0.492924 0.058684
vn -0.770148 0.637643 -0.016831
vn -0.711573 0.701709 0.035621
vn -0.828259 0.560341 -0.002141
vn -0.901992 0.418909 0.104521
vn -0.875552 0.482600 0.022472
vn -0.841749 0.537951 -0.045464
vn -0.781209 0.619232 -0.079141
vn -0.710631 0.701548 -0.053231
vn -0.919183 0.349977 0.180606
vn -0.648661 0.760475 -0.030278
vn -0.659031 0.750599 0.047746
vn -0.597973 0.801472 0.008395
vn -0.610513 0.787246 0.086703
vn -0.547293 0.834549 0.063242
vn -0.562340 0.816323 0.131872
vn -0.495232 0.858857 0.130807
vn -0.516396 0.835927 0.185907
vn -0.455607 0.870519 0.186060
vn -0.470831 0.848085 0.243043
vn -0.407278 0.879209 0.247217
vn -0.422382 0.853843 0.304213
vn -0.358289 0.881999 0.306114
vn -0.373195 0.853341 0.364054
vn -0.307845 0.879015 0.364094
vn -0.290829 0.908676 0.299544
vn -0.337481 0.909358 0.243257
vn -0.383781 0.904789 0.184576
vn -0.420713 0.897740 0.130625
vn -0.340688 0.929004 0.144510
vn -0.458076 0.885729 0.075173
vn -0.379402 0.920823 0.090214
vn -0.504246 0.863520 0.008357
vn -0.330570 0.940132 0.082917
vn -0.419498 0.907165 0.032753
vn -0.370010 0.928640 0.026832
vn -0.449497 0.893185 -0.013109
vn -0.551812 0.831113 -0.068950
vn -0.714982 0.681682 -0.155272
vn -0.791357 0.597000 -0.131701
vn -0.709292 0.672755 -0.210492
vn -0.729172 0.638193 -0.247018
vn -0.809548 0.565925 -0.156083
vn -0.675036 0.630516 -0.383114
vn -0.853947 0.513727 -0.082821
vn -0.764260 0.572697 -0.296520
vn -0.634898 0.583901 -0.505928
vn -0.886060 0.463460 -0.010158
vn -0.835739 0.507388 -0.209993
vn -0.717710 0.552974 -0.423217
vn -0.908774 0.410998 0.072186
vn -0.876323 0.464649 -0.127121
vn -0.792933 0.502030 -0.345288
vn -0.900905 0.432326 -0.038277
vn -0.854390 0.443175 -0.271318
vn -0.896602 0.407799 -0.172643
vn -0.693364 0.489985 -0.528357
vn -0.755485 0.470500 -0.455930
vn -0.819911 0.427115 -0.381207
vn -0.624152 0.492011 -0.606926
vn -0.796366 0.389722 -0.462512
vn -0.519304 0.507723 -0.687417
vn -0.742744 0.397713 -0.538661
vn -0.432590 0.455869 -0.777849
vn -0.356044 0.512639 -0.781302
vn -0.349349 0.380698 -0.856168
vn -0.247507 0.416273 -0.874904
vn -0.250362 0.267870 -0.930357
vn -0.129315 0.287246 -0.949088
vn -0.453292 0.336966 -0.825215
vn -0.524377 0.394774 -0.754441
vn -0.591177 0.437640 -0.677481
vn -0.186559 0.156026 -0.969975
vn -0.061462 0.169724 -0.983573
vn -0.379096 0.248935 -0.891245
vn -0.579730 0.296243 -0.759047
vn -0.163364 0.084854 -0.982910
vn -0.038535 0.088677 -0.995315
vn -0.324136 0.151838 -0.933746
vn -0.159093 0.016747 -0.987122
vn -0.032886 0.015081 -0.999345
vn -0.305815 0.084614 -0.948324
vn -0.303910 0.018357 -0.952524
vn -0.519575 0.225192 -0.824215
vn -0.628733 0.345294 -0.696754
vn -0.461244 0.080379 -0.883625
vn -0.449523 0.019616 -0.893053
vn -0.478063 0.141133 -0.866912
vn -0.693512 0.248237 -0.676328
vn -0.616734 0.071225 -0.783943
vn -0.623868 0.020529 -0.781260
vn -0.723397 0.020652 -0.690124
vn -0.654200 0.187502 -0.732711
vn -0.628998 0.122153 -0.767750
vn -0.749034 0.089043 -0.656520
vn -0.771426 0.143925 -0.619828
vn -0.851649 0.069688 -0.519459
vn -0.871051 0.108632 -0.479030
vn -0.791384 0.195627 -0.579173
vn -0.949603 0.081277 -0.302733
vn -0.881999 0.143454 -0.448886
vn -0.956120 0.101715 -0.274751
vn -0.733967 0.297648 -0.610490
vn -0.818030 0.232693 -0.526005
vn -0.892623 0.165631 -0.419273
vn -0.958417 0.114479 -0.261401
vn -0.668429 0.369746 -0.645361
vn -0.706714 0.388137 -0.591528
vn -0.785537 0.318401 -0.530614
vn -0.849821 0.242578 -0.467932
vn -0.834296 0.309852 -0.456007
vn -0.913021 0.173101 -0.369364
vn -0.844636 0.356588 -0.399293
vn -0.884852 0.228445 -0.406017
vn -0.868695 0.379409 -0.318462
vn -0.873929 0.278298 -0.398495
vn -0.900089 0.353098 -0.255269
vn -0.912340 0.282008 -0.296828
vn -0.881382 0.311024 -0.355569
vn -0.902930 0.246985 -0.351733
vn -0.910759 0.219363 -0.349855
vn -0.934791 0.169200 -0.312309
vn -0.962706 0.123207 -0.240868
vn -0.988805 0.089327 -0.119518
vn -0.989270 0.097870 -0.108469
vn -0.970808 0.127264 -0.203310
vn -0.952600 0.164727 -0.255770
vn -0.921511 0.213926 -0.324118
vn -0.997446 0.069597 0.016055
vn -0.992058 0.099538 -0.076896
vn -0.997774 0.049540 0.044630
vn -0.924670 0.235763 -0.299000
vn -0.961536 0.161042 -0.222517
vn -0.981342 0.125282 -0.145853
vn -0.996844 0.032861 0.072271
vn -0.993889 0.104372 -0.035943
vn -0.985999 0.120461 -0.115304
vn -0.994258 0.106659 -0.008644
vn -0.995151 0.017858 0.096727
vn -0.988760 -0.149412 -0.005486
vn -0.966790 -0.220723 -0.128831
vn -0.929193 -0.284389 -0.236059
vn -0.923535 -0.313077 -0.221508
vn -0.961993 -0.253692 -0.101043
vn -0.919344 -0.359214 -0.160540
vn -0.979757 -0.200102 -0.005854
vn -0.951290 -0.303984 -0.051384
vn -0.968670 -0.247167 0.024234
vn -0.994240 -0.051365 0.094070
vn -0.990284 -0.115557 0.077357
vn -0.993711 0.019137 0.110329
vn -0.994547 0.103143 0.015412
vn -0.989171 0.126939 -0.073674
vn -0.976756 0.145997 -0.156945
vn -0.959780 0.173895 -0.220415
vn -0.940906 0.211937 -0.264158
vn -0.993928 0.037618 0.103399
vn -0.994246 0.104362 0.024159
vn -0.990037 0.131064 -0.051469
vn -0.981854 0.144694 -0.122581
vn -0.966371 0.171480 -0.191629
vn -0.989621 -0.025983 0.141336
vn -0.993217 0.049664 0.105137
vn -0.993665 0.106245 0.036641
vn -0.949066 0.209472 -0.235360
vn -0.933781 0.258335 -0.247622
vn -0.926925 0.261611 -0.269015
vn -0.918621 0.307913 -0.247637
vn -0.914632 0.346485 -0.208317
vn -0.925870 0.303099 -0.225603
vn -0.914601 0.382082 -0.132354
vn -0.922355 0.343352 -0.177118
vn -0.913765 0.404853 -0.033588
vn -0.917115 0.395607 0.048949
vn -0.925277 0.349168 0.148137
vn -0.927879 0.278289 0.248183
vn -0.915400 0.203444 0.347351
vn -0.906299 0.131716 0.401588
vn -0.928601 0.209041 0.306598
vn -0.934716 0.282758 0.215299
vn -0.930729 0.345530 0.119799
vn -0.926139 0.374012 0.048798
vn -0.891662 0.063725 0.448193
vn -0.936908 0.215315 0.275397
vn -0.939598 0.289884 0.181999
vn -0.921787 0.143654 0.360101
vn -0.939835 0.317739 0.125506
vn -0.913242 0.082101 0.399060
vn -0.921309 0.388336 -0.019602
vn -0.930720 0.363106 0.043750
vn -0.920761 0.381824 -0.080067
vn -0.920895 0.369099 -0.125374
vn -0.928379 0.357570 -0.101277
vn -0.926688 0.371145 -0.059165
vn -0.926497 0.375967 -0.015908
vn -0.900209 0.026841 0.434630
vn -0.876425 -0.000315 0.481539
vn -0.866543 -0.026333 0.498407
vn -0.903054 -0.154364 0.400830
vn -0.897333 -0.248688 0.364621
vn -0.910199 -0.063120 0.409332
vn -0.907932 -0.024742 0.418386
vn -0.908409 -0.107377 0.404059
vn -0.918960 0.055116 0.390479
vn -0.904369 -0.002904 0.426741
vn -0.924832 0.100620 0.366827
vn -0.931422 0.155358 0.329115
vn -0.937844 0.162188 0.306829
vn -0.943650 0.229684 0.238265
vn -0.947828 0.256877 0.188774
vn -0.929428 -0.073458 0.361618
vn -0.927682 -0.056325 0.369098
vn -0.934577 -0.118334 0.335503
vn -0.933256 0.114765 0.340385
vn -0.929850 0.079219 0.359311
vn -0.945174 0.193727 0.262899
vn -0.947349 0.214113 0.238086
vn -0.949298 0.238202 0.205166
vn -0.948750 0.205442 0.240138
vn -0.949716 0.268673 0.160794
vn -0.941782 0.320232 0.102459
vn -0.932763 0.359108 0.031536
vn -0.942139 0.160622 0.294237
vn -0.946894 0.178424 0.267500
vn -0.940300 0.136187 0.311914
vn -0.944844 0.155053 0.288492
vn -0.951369 0.220652 0.214966
vn -0.950400 0.195687 0.241756
vn -0.948540 0.173660 0.264792
vn -0.952538 0.241398 0.185467
vn -0.940640 0.120639 0.317242
vn -0.943283 0.137749 0.302063
vn -0.946856 0.152482 0.283219
vn -0.937828 0.101814 0.331832
vn -0.945662 0.136193 0.295255
vn -0.944121 0.114313 0.309140
vn -0.951216 0.189721 0.243298
vn -0.949594 0.169714 0.263570
vn -0.948594 0.152248 0.277469
vn -0.947975 0.137790 0.286979
vn -0.952674 0.210758 0.219073
vn -0.954594 0.222608 0.197980
vn -0.942660 0.091459 0.320980
vn -0.946749 0.117222 0.299875
vn -0.935124 0.073904 0.346529
vn -0.926233 0.051988 0.373348
vn -0.917967 0.032395 0.395331
vn -0.929561 0.045334 0.365870
vn -0.920487 0.018134 0.390353
vn -0.939579 0.064872 0.336128
vn -0.920024 -0.016780 0.391502
vn -0.933823 0.038944 0.355611
vn -0.925457 0.010812 0.378698
vn -0.939131 0.036917 0.341570
vn -0.946519 0.079249 0.312765
vn -0.944596 0.057329 0.323191
vn -0.946086 0.098794 0.308480
vn -0.935915 -0.061133 0.346881
vn -0.930821 -0.023717 0.364705
vn -0.932362 0.010411 0.361375
vn -0.939737 -0.091659 0.329383
vn -0.942612 -0.115406 0.313311
vn -0.953414 -0.143679 0.265250
vn -0.949492 -0.164265 0.267361
vn -0.947585 -0.103916 0.302135
vn -0.963409 -0.168562 0.208399
vn -0.958622 -0.119132 0.258557
vn -0.974779 -0.144415 0.170147
vn -0.945125 -0.067358 0.319690
vn -0.937854 -0.020599 0.346419
vn -0.963887 -0.093347 0.249414
vn -0.935097 -0.169945 0.310987
vn -0.958363 -0.197550 0.206188
vn -0.929292 -0.217335 0.298634
vn -0.948037 -0.216594 0.233053
vn -0.952132 -0.060874 0.299563
vn -0.957168 -0.047935 0.285537
vn -0.914734 -0.299837 0.270850
vn -0.942636 -0.012685 0.333581
vn -0.883497 -0.399827 0.244074
vn -0.939907 0.013011 0.341183
vn -0.832025 -0.493111 0.254117
vn -0.944337 0.035942 0.327010
vn -0.922081 -0.350061 0.164993
vn -0.887991 -0.440178 0.133101
vn -0.840135 -0.526639 0.129709
vn -0.940647 -0.273131 0.201454
vn -0.954086 -0.258808 0.150796
vn -0.963219 -0.230785 0.137653
vn -0.873686 -0.486202 0.016727
vn -0.914336 -0.401717 0.051116
vn -0.939462 -0.329139 0.095282
vn -0.824932 -0.564939 0.018194
vn -0.951545 -0.300132 0.066959
vn -0.964130 -0.256017 0.070063
vn -0.944533 -0.328418 0.000119
vn -0.973398 -0.192990 0.123494
vn -0.899828 -0.430643 -0.069685
vn -0.855633 -0.508528 -0.096392
vn -0.927348 -0.374198 0.001242
vn -0.924342 -0.373887 -0.076157
vn -0.875009 -0.453778 -0.168653
vn -0.810821 -0.553531 -0.190193
vn -0.982089 -0.166467 0.088259
vn -0.751156 -0.590874 -0.294332
vn -0.743097 -0.646505 -0.172737
vn -0.677092 -0.689372 -0.257512
vn -0.988922 -0.074328 0.128484
vn -0.800019 -0.594215 -0.082934
vn -0.603910 -0.772051 -0.198065
vn -0.670464 -0.730145 -0.131779
vn -0.727149 -0.683874 -0.059746
vn -0.607526 -0.789247 -0.089451
vn -0.536006 -0.830423 -0.151975
vn -0.762918 -0.645447 0.036792
vn -0.431744 -0.878864 -0.202968
vn -0.659034 -0.751672 -0.025764
vn -0.779702 -0.608655 0.146983
vn -0.475722 -0.873635 -0.102230
vn -0.342558 -0.913541 -0.219310
vn -0.538407 -0.841553 -0.043668
vn -0.695645 -0.715394 0.065493
vn -0.772368 -0.575549 0.268685
vn -0.385276 -0.910471 -0.150348
vn -0.584720 -0.810992 0.019842
vn -0.714665 -0.676573 0.177489
vn -0.735377 -0.529830 0.422492
vn -0.421312 -0.905842 -0.044123
vn -0.710180 -0.639228 0.295013
vn -0.616556 -0.779037 0.113839
vn -0.683871 -0.592108 0.426297
vn -0.465463 -0.884824 0.020740
vn -0.635042 -0.740476 0.220038
vn -0.497419 -0.863598 0.082298
vn -0.634409 -0.551446 0.541694
vn -0.635545 -0.701519 0.322419
vn -0.530936 -0.829786 0.171935
vn -0.620322 -0.653079 0.434382
vn -0.586664 -0.608472 0.534404
vn -0.552596 -0.790265 0.264799
vn -0.558053 -0.746170 0.363053
vn -0.532722 -0.590636 0.606099
vn -0.526820 -0.656964 0.539313
vn -0.548425 -0.699721 0.457844
vn -0.478366 -0.736951 0.477566
vn -0.483983 -0.778306 0.400000
vn -0.411311 -0.800981 0.435032
vn -0.474865 -0.820548 0.318126
vn -0.331419 -0.845004 0.419679
vn -0.400851 -0.839425 0.366995
vn -0.449175 -0.862128 0.234473
vn -0.252172 -0.866438 0.430922
vn -0.375334 -0.877579 0.298295
vn -0.308692 -0.877681 0.366585
vn -0.394192 -0.905792 0.155414
vn -0.194707 -0.871632 0.449829
vn -0.323925 -0.913208 0.247233
vn -0.275484 -0.904808 0.324703
vn -0.230518 -0.889149 0.395317
vn -0.183055 -0.894889 0.407020
vn -0.218253 -0.919515 0.326892
vn -0.254420 -0.935620 0.244715
vn -0.290949 -0.940003 0.178165
vn -0.291540 -0.949320 0.117455
vn -0.380651 -0.920366 0.089619
vn -0.196470 -0.971771 0.130613
vn -0.366160 -0.930500 0.009844
vn -0.290444 -0.955043 0.059449
vn -0.179281 -0.978590 0.101098
vn -0.352413 -0.931242 -0.092699
vn -0.316760 -0.947999 -0.031014
vn -0.261366 -0.964711 0.031937
vn -0.160095 -0.985194 0.061345
vn -0.336309 -0.925733 -0.172957
vn -0.299309 -0.944982 -0.131996
vn -0.231738 -0.972773 -0.003029
vn -0.189065 -0.981444 -0.031955
vn -0.261976 -0.962575 -0.069417
vn -0.278090 -0.945255 -0.170761
vn -0.225019 -0.969044 -0.101586
vn 0.167354 0.552154 -0.816774
vn 0.143175 0.552751 -0.820955
vn 0.173908 0.533708 -0.827594
vn 0.183276 0.551932 -0.813500
vn 0.205382 0.541422 -0.815280
vn 0.205116 0.524043 -0.826623
vn 0.206257 0.556037 -0.805159
vn 0.232928 0.516352 -0.824090
vn 0.239913 0.554354 -0.796953
vn 0.255383 0.528234 -0.809783
vn 0.247580 0.574952 -0.779830
vn 0.260362 0.553916 -0.790815
vn 0.271884 0.528928 -0.803937
vn 0.264363 0.573130 -0.775651
vn 0.256767 0.589365 -0.765976
vn 0.278515 0.551404 -0.786373
vn 0.292809 0.538845 -0.789879
vn 0.268125 0.589743 -0.761783
vn 0.265204 0.602322 -0.752911
vn 0.297234 0.554783 -0.777090
vn 0.317659 0.550234 -0.772228
vn 0.271115 0.603435 -0.749909
vn 0.269102 0.607151 -0.747631
vn 0.273396 0.611058 -0.742874
vn 0.276522 0.606124 -0.745754
vn 0.281661 0.592248 -0.754924
vn 0.282255 0.578423 -0.765349
vn 0.304096 0.575575 -0.759104
vn 0.328762 0.571961 -0.751516
vn 0.320663 0.558695 -0.764876
vn 0.374351 0.570235 -0.731228
vn 0.195432 0.817980 0.541032
vn 0.189702 0.776646 0.600695
vn 0.124690 0.797700 0.590023
vn 0.119517 0.755169 0.644543
vn 0.057232 0.771373 0.633805
vn 0.170468 0.733185 0.658317
vn 0.055290 0.728887 0.682398
vn 0.111496 0.714239 0.690964
vn 0.149717 0.694614 0.703631
vn 0.052374 0.688682 0.723170
vn 0.101108 0.679139 0.727013
vn 0.127053 0.651696 0.747764
vn 0.048539 0.656673 0.752612
vn 0.087455 0.639294 0.763973
vn 0.108872 0.610238 0.784702
vn 0.043224 0.621696 0.782065
vn 0.075009 0.599923 0.796533
vn 0.093649 0.567321 0.818155
vn 0.037295 0.584140 0.810796
vn 0.063851 0.560400 0.825757
vn 0.082450 0.529277 0.844433
vn 0.032085 0.549160 0.835101
vn 0.054839 0.522154 0.851086
vn 0.027452 0.514214 0.857223
vn 0.074546 0.490625 0.868176
vn 0.048987 0.488064 0.871432
vn 0.023998 0.480315 0.876768
vn 0.021343 0.442505 0.896512
vn 0.044090 0.448440 0.892725
vn 0.020182 0.405631 0.913814
vn 0.068874 0.451640 0.889538
vn 0.041799 0.409197 0.911488
vn 0.065802 0.410495 0.909486
vn 0.209764 -0.355015 0.911023
vn 0.204837 -0.352955 0.912943
vn 0.201856 -0.351318 0.914237
vn 0.198549 -0.351084 0.915051
vn 0.202912 -0.352534 0.913535
vn 0.198642 -0.352088 0.914645
vn 0.189974 -0.349182 0.917595
vn 0.202142 -0.354336 0.913009
vn 0.189116 -0.349969 0.917473
vn 0.209764 -0.355015 0.911023
vn 0.193976 -0.347133 0.917536
vn 0.178152 -0.346033 0.921153
vn 0.194618 -0.354143 0.914717
vn 0.178705 -0.347131 0.920633
vn 0.207053 -0.351463 0.913018
vn 0.182922 -0.342732 0.921452
vn 0.163182 -0.341150 0.925737
vn 0.207057 -0.356403 0.911101
vn 0.209764 -0.355015 0.911023
vn 0.185252 -0.353500 0.916907
vn 0.165603 -0.343157 0.924564
vn 0.199606 -0.347386 0.916232
vn 0.168694 -0.336633 0.926402
vn 0.147132 -0.335963 0.930312
vn 0.199682 -0.358230 0.912030
vn 0.172658 -0.351576 0.920100
vn 0.151345 -0.338866 0.928582
vn 0.188260 -0.340507 0.921202
vn 0.152008 -0.329954 0.931678
vn 0.129524 -0.328460 0.935595
vn 0.190347 -0.358585 0.913885
vn 0.157897 -0.348584 0.923882
vn 0.135020 -0.332608 0.933350
vn 0.173832 -0.332967 0.926777
vn 0.133418 -0.321861 0.937339
vn 0.110270 -0.321462 0.940480
vn 0.178260 -0.358246 0.916452
vn 0.141518 -0.344158 0.928185
vn 0.116895 -0.325873 0.938159
vn 0.163528 -0.357191 0.919605
vn 0.183912 -0.364963 0.912676
vn 0.123279 -0.339185 0.932607
vn 0.095411 -0.317334 0.943502
vn 0.147095 -0.354155 0.923546
vn 0.100762 -0.332548 0.937688
vn 0.070615 -0.308357 0.948646
vn 0.195045 -0.364092 0.910711
vn 0.169178 -0.365373 0.915359
vn 0.127424 -0.350182 0.927974
vn 0.075255 -0.324522 0.942880
vn 0.048034 -0.302077 0.952073
vn 0.204733 -0.361828 0.909486
vn 0.189265 -0.373126 0.908271
vn 0.151818 -0.364021 0.918934
vn 0.103902 -0.344569 0.932993
vn 0.049996 -0.317739 0.946859
vn 0.024829 -0.298093 0.954214
vn 0.213021 -0.359191 0.908627
vn 0.174057 -0.374895 0.910581
vn 0.131163 -0.361171 0.923229
vn 0.077796 -0.337583 0.938075
vn 0.216179 -0.357393 0.908591
vn 0.213778 -0.352416 0.911099
vn 0.156228 -0.375346 0.913624
vn 0.224005 -0.359066 0.906032
vn 0.206611 -0.346933 0.914849
vn 0.222012 -0.353668 0.908641
vn 0.195131 -0.339564 0.920120
vn 0.216131 -0.347475 0.912441
vn 0.224642 -0.346773 0.910651
vn 0.204660 -0.336706 0.919099
vn 0.179951 -0.329973 0.926680
vn 0.188247 -0.325477 0.926622
vn 0.156461 -0.324305 0.932924
vn 0.161400 -0.319222 0.933835
vn 0.136414 -0.315050 0.939220
vn 0.112833 -0.314668 0.942472
vn 0.089873 -0.313665 0.945271
vn 0.091571 -0.306334 0.947510
vn 0.067717 -0.305372 0.949822
vn 0.115665 -0.305641 0.945095
vn 0.140720 -0.308535 0.940746
vn 0.068217 -0.297444 0.952299
vn 0.043754 -0.300072 0.952913
vn 0.093091 -0.295816 0.950698
vn 0.043914 -0.290889 0.955748
vn 0.021100 -0.296647 0.954754
vn 0.167623 -0.313443 0.934696
vn 0.118501 -0.297098 0.947465
vn 0.069038 -0.287862 0.955180
vn 0.145788 -0.300776 0.942486
vn 0.174540 -0.305403 0.936090
vn 0.094223 -0.286169 0.953535
vn 0.122107 -0.287831 0.949865
vn 0.196420 -0.319450 0.927023
vn 0.151608 -0.291767 0.944398
vn 0.213226 -0.333095 0.918468
vn 0.180471 -0.296663 0.937775
vn 0.203128 -0.312595 0.927913
vn 0.220423 -0.329645 0.918013
vn 0.070225 -0.277985 0.958015
vn 0.095697 -0.275764 0.956450
vn 0.125156 -0.277110 0.952652
vn 0.156383 -0.281154 0.946835
vn 0.045228 -0.282490 0.958203
vn 0.020978 -0.286250 0.957925
vn 0.000000 -0.282780 0.959185
vn 0.000000 -0.294685 0.955594
vn -0.021117 -0.296652 0.954752
vn 0.021595 -0.276555 0.960755
vn 0.046458 -0.271521 0.961311
vn 0.070924 -0.266317 0.961273
vn 0.096200 -0.263013 0.959984
vn 0.127245 -0.265347 0.955720
vn 0.022203 -0.266929 0.963460
vn 0.047266 -0.259682 0.964537
vn 0.071493 -0.252136 0.965047
vn 0.000000 -0.272667 0.962108
vn 0.097822 -0.249304 0.963472
vn 0.128905 -0.254031 0.958568
vn 0.099862 -0.236675 0.966443
vn 0.159420 -0.271152 0.949243
vn 0.184989 -0.287640 0.939703
vn 0.161931 -0.260641 0.951759
vn 0.208397 -0.305433 0.929129
vn 0.131520 -0.244747 0.960626
vn 0.189062 -0.279014 0.941492
vn 0.164935 -0.251181 0.953784
vn 0.073167 -0.237494 0.968629
vn 0.075250 -0.224359 0.971597
vn 0.102519 -0.228126 0.968219
vn 0.134840 -0.234312 0.962765
vn 0.048320 -0.244205 0.968519
vn 0.022768 -0.254848 0.966713
vn 0.000000 -0.263059 0.964780
vn 0.049332 -0.228505 0.972292
vn 0.023653 -0.240890 0.970264
vn 0.050726 -0.214327 0.975444
vn 0.000000 -0.251473 0.967864
vn 0.077807 -0.213940 0.973743
vn 0.051874 -0.204744 0.977440
vn 0.105091 -0.218751 0.970105
vn 0.078876 -0.204995 0.975580
vn -0.022220 -0.266933 0.963459
vn -0.022785 -0.254851 0.966712
vn -0.021611 -0.276560 0.960754
vn -0.020995 -0.286255 0.957924
vn -0.043932 -0.290894 0.955746
vn -0.043771 -0.300077 0.952910
vn -0.045245 -0.282495 0.958201
vn -0.046475 -0.271525 0.961309
vn -0.068235 -0.297449 0.952296
vn -0.067735 -0.305376 0.949820
vn -0.069057 -0.287866 0.955178
vn -0.091590 -0.306338 0.947506
vn -0.089892 -0.313669 0.945268
vn -0.047283 -0.259686 0.964535
vn -0.070243 -0.277989 0.958013
vn -0.093110 -0.295820 0.950695
vn -0.112853 -0.314673 0.942468
vn -0.110290 -0.321467 0.940476
vn -0.070942 -0.266320 0.961270
vn -0.094241 -0.286173 0.953532
vn -0.115685 -0.305646 0.945091
vn -0.133438 -0.321866 0.937335
vn -0.129544 -0.328465 0.935590
vn -0.095715 -0.275768 0.956447
vn -0.118521 -0.297102 0.947461
vn -0.136435 -0.315055 0.939216
vn -0.152029 -0.329959 0.931673
vn -0.147153 -0.335968 0.930307
vn -0.122126 -0.287836 0.949861
vn -0.140740 -0.308539 0.940742
vn -0.156481 -0.324310 0.932919
vn -0.168715 -0.336638 0.926396
vn -0.163202 -0.341155 0.925731
vn -0.145809 -0.300780 0.942481
vn -0.161421 -0.319227 0.933830
vn -0.173853 -0.332972 0.926771
vn -0.182944 -0.342737 0.921446
vn -0.178173 -0.346038 0.921147
vn -0.167644 -0.313447 0.934690
vn -0.179972 -0.329977 0.926674
vn -0.188282 -0.340512 0.921196
vn -0.193997 -0.347138 0.917529
vn -0.189996 -0.349187 0.917589
vn -0.188268 -0.325481 0.926616
vn -0.195152 -0.339569 0.920113
vn -0.174560 -0.305408 0.936085
vn -0.199628 -0.347391 0.916225
vn -0.201878 -0.351323 0.914231
vn -0.198571 -0.351088 0.915045
vn -0.206633 -0.346938 0.914842
vn -0.207075 -0.351468 0.913012
vn -0.204859 -0.352960 0.912936
vn -0.202935 -0.352539 0.913528
vn -0.198664 -0.352092 0.914638
vn -0.209786 -0.355020 0.911016
vn -0.202164 -0.354341 0.913002
vn -0.189138 -0.349974 0.917467
vn -0.213800 -0.352421 0.911092
vn -0.194640 -0.354148 0.914710
vn -0.178726 -0.347136 0.920627
vn -0.216201 -0.357397 0.908584
vn -0.207079 -0.356408 0.911094
vn -0.185274 -0.353505 0.916901
vn -0.165624 -0.343162 0.924559
vn -0.213043 -0.359196 0.908620
vn -0.224027 -0.359071 0.906024
vn -0.222034 -0.353673 0.908634
vn -0.199704 -0.358234 0.912023
vn -0.172679 -0.351581 0.920094
vn -0.151365 -0.338871 0.928577
vn -0.204755 -0.361833 0.909479
vn -0.190368 -0.358590 0.913878
vn -0.157918 -0.348589 0.923876
vn -0.135040 -0.332613 0.933345
vn -0.216153 -0.347480 0.912434
vn -0.224664 -0.346777 0.910644
vn -0.204682 -0.336711 0.919092
vn -0.196441 -0.319454 0.927017
vn -0.195067 -0.364097 0.910704
vn -0.141539 -0.344164 0.928180
vn -0.116915 -0.325878 0.938155
vn -0.213247 -0.333099 0.918461
vn -0.123299 -0.339190 0.932602
vn -0.095430 -0.317338 0.943498
vn -0.100781 -0.332553 0.937684
vn -0.070634 -0.308362 0.948643
vn -0.075274 -0.324527 0.942877
vn -0.048052 -0.302082 0.952070
vn -0.050014 -0.317744 0.946857
vn -0.024846 -0.298097 0.954212
vn -0.163549 -0.357196 0.919599
vn -0.147116 -0.354160 0.923541
vn -0.127444 -0.350188 0.927969
vn -0.103922 -0.344575 0.932989
vn -0.077815 -0.337588 0.938072
vn -0.178281 -0.358251 0.916445
vn -0.183934 -0.364968 0.912670
vn -0.169199 -0.365378 0.915353
vn -0.151839 -0.364026 0.918929
vn -0.189286 -0.373132 0.908264
vn -0.131183 -0.361177 0.923224
vn -0.174079 -0.374900 0.910575
vn -0.201245 -0.369965 0.906987
vn -0.156249 -0.375351 0.913618
vn -0.210907 -0.366677 0.906127
vn -0.219638 -0.363115 0.905487
vn -0.179988 -0.385234 0.905096
vn -0.161231 -0.387893 0.907493
vn -0.195690 -0.382090 0.903168
vn -0.208103 -0.377508 0.902320
vn -0.218628 -0.372382 0.901961
vn -0.227270 -0.367259 0.901925
vn -0.134623 -0.374107 0.917562
vn -0.231524 -0.361654 0.903107
vn -0.230276 -0.354400 0.906297
vn -0.238020 -0.354494 0.904257
vn -0.216592 -0.386465 0.896511
vn -0.227564 -0.379877 0.896609
vn -0.235464 -0.371522 0.898069
vn -0.239519 -0.363825 0.900145
vn -0.203258 -0.392881 0.896845
vn -0.186592 -0.397805 0.898295
vn -0.166324 -0.401553 0.900606
vn -0.138570 -0.387768 0.911282
vn -0.109559 -0.371631 0.921893
vn -0.106682 -0.357079 0.927962
vn -0.079601 -0.351965 0.932622
vn -0.081870 -0.368026 0.926204
vn -0.084171 -0.384729 0.919184
vn -0.112013 -0.386195 0.915591
vn -0.142175 -0.402916 0.904126
vn -0.172988 -0.417230 0.892185
vn -0.053937 -0.362520 0.930414
vn -0.052708 -0.345640 0.936886
vn -0.114570 -0.402840 0.908071
vn -0.194794 -0.411877 0.890175
vn -0.212471 -0.405145 0.889221
vn -0.051530 -0.330765 0.942305
vn -0.145940 -0.420692 0.895388
vn -0.205135 -0.427608 0.880381
vn -0.226762 -0.396863 0.889426
vn -0.026538 -0.312129 0.949669
vn -0.181713 -0.434592 0.882106
vn -0.224374 -0.419151 0.879755
vn -0.238146 -0.388266 0.890245
vn -0.245342 -0.377148 0.893066
vn -0.250371 -0.397037 0.882992
vn -0.248130 -0.366608 0.896677
vn -0.239620 -0.408435 0.880774
vn -0.256841 -0.383110 0.887277
vn -0.196157 -0.458638 0.866703
vn -0.221749 -0.449209 0.865470
vn -0.242188 -0.437132 0.866176
vn -0.257737 -0.423374 0.868519
vn -0.267676 -0.407629 0.873034
vn -0.152494 -0.438913 0.885495
vn -0.116840 -0.422938 0.898594
vn -0.086518 -0.402552 0.911299
vn -0.238028 -0.467847 0.851153
vn -0.260026 -0.453789 0.852328
vn -0.276269 -0.437215 0.855873
vn -0.209801 -0.478689 0.852550
vn -0.165770 -0.465651 0.869304
vn -0.121745 -0.442532 0.888450
vn -0.088075 -0.422194 0.902217
vn -0.176334 -0.486459 0.855724
vn -0.137751 -0.490551 0.860456
vn -0.057331 -0.401295 0.914153
vn -0.131737 -0.469018 0.873308
vn -0.097320 -0.464506 0.880206
vn -0.091397 -0.443521 0.891592
vn -0.055592 -0.381586 0.922660
vn -0.058547 -0.417717 0.906689
vn -0.028783 -0.394064 0.918632
vn -0.028140 -0.374113 0.926956
vn -0.027514 -0.355725 0.934186
vn 0.000000 -0.349578 0.936907
vn -0.027283 -0.338546 0.940554
vn -0.026705 -0.324108 0.945643
vn 0.000000 -0.331933 0.943303
vn 0.000000 -0.317523 0.948250
vn 0.000000 -0.366510 0.930414
vn 0.000000 -0.306271 0.951944
vn 0.000000 -0.295967 0.955198
vn 0.026521 -0.312125 0.949671
vn 0.026688 -0.324103 0.945645
vn 0.051512 -0.330760 0.942308
vn 0.027266 -0.338540 0.940557
vn 0.052689 -0.345635 0.936889
vn 0.027496 -0.355719 0.934188
vn 0.079582 -0.351960 0.932626
vn 0.028122 -0.374107 0.926959
vn 0.053919 -0.362515 0.930417
vn 0.106662 -0.357074 0.927966
vn 0.081851 -0.368021 0.926208
vn 0.084152 -0.384723 0.919188
vn 0.109539 -0.371625 0.921898
vn 0.055574 -0.381581 0.922663
vn 0.028765 -0.394058 0.918635
vn 0.134602 -0.374101 0.917568
vn 0.161210 -0.387888 0.907499
vn 0.138549 -0.387763 0.911287
vn 0.179967 -0.385229 0.905103
vn 0.057312 -0.401289 0.914157
vn 0.000000 -0.385846 0.922563
vn 0.111993 -0.386189 0.915596
vn 0.166303 -0.401547 0.900613
vn 0.142154 -0.402910 0.904132
vn 0.114549 -0.402834 0.908077
vn 0.086499 -0.402546 0.911304
vn -0.029368 -0.409527 0.911825
vn 0.186570 -0.397800 0.898302
vn 0.172967 -0.417224 0.892192
vn 0.145918 -0.420686 0.895394
vn 0.116819 -0.422932 0.898600
vn 0.088055 -0.422187 0.902222
vn 0.195668 -0.382084 0.903175
vn 0.058528 -0.417711 0.906693
vn 0.201224 -0.369960 0.906994
vn 0.210885 -0.366673 0.906134
vn 0.208081 -0.377503 0.902327
vn 0.203236 -0.392876 0.896852
vn 0.219616 -0.363110 0.905494
vn 0.218606 -0.372377 0.901968
vn 0.227248 -0.367254 0.901933
vn 0.216570 -0.386460 0.896519
vn 0.194772 -0.411872 0.890183
vn 0.212448 -0.405140 0.889229
vn 0.227541 -0.379872 0.896617
vn 0.231502 -0.361649 0.903115
vn 0.205112 -0.427602 0.880389
vn 0.226739 -0.396858 0.889434
vn 0.235441 -0.371517 0.898077
vn 0.230253 -0.354395 0.906304
vn 0.237998 -0.354490 0.904264
vn 0.181691 -0.434586 0.882113
vn 0.152473 -0.438907 0.885501
vn 0.238123 -0.388261 0.890253
vn 0.239496 -0.363821 0.900153
vn 0.245319 -0.377143 0.893074
vn 0.232053 -0.344315 0.909725
vn 0.248107 -0.366603 0.896686
vn 0.250348 -0.397032 0.883001
vn 0.121724 -0.442525 0.888456
vn 0.226665 -0.325969 0.917806
vn 0.245787 -0.354561 0.902150
vn 0.256818 -0.383105 0.887285
vn 0.091377 -0.443514 0.891597
vn 0.213645 -0.298254 0.930269
vn 0.238937 -0.341216 0.909110
vn 0.233168 -0.320350 0.918155
vn 0.193048 -0.269922 0.943332
vn 0.246332 -0.338180 0.908270
vn 0.218869 -0.291059 0.931333
vn 0.172345 -0.232774 0.957138
vn 0.239726 -0.315199 0.918249
vn 0.201920 -0.253909 0.945917
vn 0.141722 -0.214253 0.966442
vn 0.228479 -0.278687 0.932808
vn 0.108926 -0.199752 0.973773
vn 0.181627 -0.207700 0.961183
vn 0.145940 -0.188333 0.971201
vn 0.107938 -0.174882 0.978655
vn 0.078808 -0.188677 0.978872
vn 0.213148 -0.233957 0.948595
vn 0.051591 -0.196606 0.979124
vn 0.153194 -0.144671 0.977549
vn 0.118042 -0.141091 0.982934
vn 0.196213 -0.161034 0.967248
vn 0.093463 -0.139167 0.985848
vn 0.235194 -0.194728 0.952242
vn 0.074818 -0.164845 0.983478
vn 0.069907 -0.136162 0.988217
vn 0.242395 -0.260953 0.934424
vn 0.268638 -0.231545 0.934998
vn 0.049831 -0.180445 0.982322
vn 0.047207 -0.159155 0.986124
vn 0.044812 -0.134314 0.989925
vn 0.018320 -0.131104 0.991199
vn 0.020690 -0.154912 0.987712
vn 0.000000 -0.131708 0.991288
vn 0.268388 -0.291268 0.918222
vn 0.298303 -0.271394 0.915074
vn 0.250068 -0.305790 0.918672
vn 0.023653 -0.177785 0.983785
vn 0.000000 -0.154129 0.988051
vn 0.290318 -0.321095 0.901451
vn 0.324007 -0.310081 0.893795
vn 0.344407 -0.347374 0.872190
vn 0.267718 -0.329442 0.905425
vn 0.255855 -0.334047 0.907166
vn 0.307813 -0.350900 0.884376
vn 0.359307 -0.383063 0.850976
vn 0.280869 -0.352729 0.892578
vn 0.319404 -0.379984 0.868097
vn 0.366828 -0.417017 0.831585
vn 0.266576 -0.353548 0.896627
vn 0.323985 -0.407934 0.853595
vn 0.366783 -0.449157 0.814695
vn 0.289017 -0.375695 0.880524
vn 0.255067 -0.354392 0.899637
vn 0.321592 -0.434258 0.841426
vn 0.358656 -0.480149 0.800514
vn 0.291171 -0.398026 0.869939
vn 0.272679 -0.372543 0.887050
vn 0.258302 -0.369686 0.892531
vn 0.272992 -0.390634 0.879136
vn 0.311869 -0.458360 0.832252
vn 0.342149 -0.509301 0.789650
vn 0.286554 -0.418357 0.861896
vn 0.267652 -0.407624 0.873044
vn 0.295194 -0.480531 0.825803
vn 0.317564 -0.534643 0.783141
vn 0.276245 -0.437210 0.855883
vn 0.257713 -0.423369 0.868529
vn 0.271650 -0.499385 0.822691
vn 0.285469 -0.554776 0.781493
vn 0.260002 -0.453783 0.852338
vn 0.239598 -0.408430 0.880783
vn 0.242328 -0.514539 0.822513
vn 0.249788 -0.570232 0.782587
vn 0.238005 -0.467841 0.851163
vn 0.242165 -0.437126 0.866185
vn 0.224351 -0.419145 0.879764
vn 0.221726 -0.449203 0.865479
vn 0.209171 -0.525902 0.824424
vn 0.213007 -0.581498 0.785167
vn 0.209778 -0.478683 0.852559
vn 0.196135 -0.458631 0.866711
vn 0.174836 -0.534033 0.827189
vn 0.177666 -0.589115 0.788276
vn 0.176312 -0.486452 0.855733
vn 0.137730 -0.490544 0.860464
vn 0.165748 -0.465645 0.869312
vn 0.146059 -0.541629 0.827832
vn 0.143621 -0.592498 0.792666
vn 0.131716 -0.469012 0.873315
vn 0.097300 -0.464499 0.880212
vn 0.118560 -0.542311 0.831771
vn 0.110028 -0.590347 0.799615
vn 0.119619 -0.514620 0.849033
vn 0.092840 -0.538975 0.837190
vn 0.075537 -0.583014 0.808943
vn 0.099675 -0.482268 0.870334
vn 0.092353 -0.503046 0.859311
vn 0.063497 -0.531150 0.844895
vn 0.037768 -0.568128 0.822073
vn 0.063915 -0.470776 0.879934
vn 0.061813 -0.491774 0.868526
vn 0.031628 -0.518695 0.854374
vn 0.000000 -0.551270 0.834327
vn 0.062651 -0.451918 0.889857
vn 0.030529 -0.478732 0.877430
vn 0.031520 -0.458196 0.888292
vn 0.000000 -0.444962 0.895550
vn 0.060227 -0.437252 0.897320
vn 0.031706 -0.439739 0.897566
vn 0.000000 -0.465940 0.884816
vn 0.000000 -0.505107 0.863057
vn -0.031647 -0.518702 0.854369
vn -0.037787 -0.568136 0.822067
vn 0.029956 -0.426946 0.903781
vn -0.030547 -0.478739 0.877426
vn -0.063517 -0.531157 0.844889
vn -0.075557 -0.583022 0.808935
vn -0.092861 -0.538982 0.837183
vn -0.110049 -0.590355 0.799606
vn -0.061832 -0.491782 0.868520
vn -0.118582 -0.542318 0.831763
vn -0.143643 -0.592506 0.792656
vn 0.029350 -0.409520 0.911829
vn 0.000000 -0.398982 0.916959
vn 0.000000 -0.415836 0.909440
vn 0.000000 -0.427277 0.904121
vn -0.029974 -0.426953 0.903777
vn -0.031724 -0.439746 0.897562
vn -0.060246 -0.437258 0.897316
vn -0.062670 -0.451925 0.889852
vn -0.031538 -0.458203 0.888288
vn -0.063934 -0.470784 0.879929
vn -0.099695 -0.482275 0.870328
vn -0.092373 -0.503054 0.859304
vn -0.119640 -0.514628 0.849026
vn -0.146081 -0.541636 0.827823
vn -0.177688 -0.589122 0.788265
vn -0.174859 -0.534039 0.827180
vn -0.213030 -0.581505 0.785156
vn -0.209194 -0.525908 0.824414
vn -0.249811 -0.570238 0.782575
vn -0.242352 -0.514545 0.822502
vn -0.285493 -0.554782 0.781480
vn -0.271673 -0.499391 0.822680
vn -0.317589 -0.534648 0.783127
vn -0.295219 -0.480536 0.825791
vn -0.342173 -0.509306 0.789636
vn -0.311894 -0.458365 0.832240
vn -0.358681 -0.480153 0.800500
vn -0.286578 -0.418362 0.861886
vn -0.321616 -0.434263 0.841415
vn -0.366807 -0.449162 0.814682
vn -0.273016 -0.390639 0.879127
vn -0.324009 -0.407939 0.853583
vn -0.366852 -0.417021 0.831572
vn -0.291195 -0.398031 0.869929
vn -0.258325 -0.369690 0.892523
vn -0.319428 -0.379988 0.868087
vn -0.359331 -0.383067 0.850964
vn -0.272702 -0.372548 0.887041
vn -0.289041 -0.375700 0.880514
vn -0.245810 -0.354566 0.902142
vn -0.307837 -0.350904 0.884366
vn -0.344432 -0.347378 0.872178
vn -0.280892 -0.352733 0.892569
vn -0.266599 -0.353553 0.896619
vn -0.255089 -0.354396 0.899629
vn -0.290341 -0.321099 0.901442
vn -0.324030 -0.310085 0.893785
vn -0.298326 -0.271398 0.915065
vn -0.267741 -0.329446 0.905417
vn -0.268410 -0.291271 0.918214
vn -0.268660 -0.231548 0.934990
vn -0.246354 -0.338184 0.908263
vn -0.255878 -0.334052 0.907158
vn -0.242417 -0.260956 0.934417
vn -0.235215 -0.194730 0.952236
vn -0.250090 -0.305794 0.918665
vn -0.213169 -0.233960 0.948589
vn -0.196232 -0.161036 0.967244
vn -0.239748 -0.315203 0.918242
vn -0.228501 -0.278691 0.932801
vn -0.181647 -0.207702 0.961178
vn -0.153213 -0.144673 0.977546
vn -0.201941 -0.253913 0.945911
vn -0.218891 -0.291063 0.931327
vn -0.233190 -0.320354 0.918148
vn -0.145959 -0.188335 0.971198
vn -0.118060 -0.141092 0.982932
vn -0.172365 -0.232777 0.957134
vn -0.193069 -0.269925 0.943326
vn -0.107955 -0.174884 0.978653
vn -0.093480 -0.139169 0.985847
vn -0.238959 -0.341220 0.909102
vn -0.213666 -0.298258 0.930263
vn -0.232075 -0.344319 0.909717
vn -0.226687 -0.325973 0.917799
vn -0.220445 -0.329649 0.918006
vn -0.208419 -0.305437 0.929123
vn -0.203149 -0.312600 0.927907
vn -0.189083 -0.279018 0.941486
vn -0.180492 -0.296667 0.937769
vn -0.185010 -0.287644 0.939698
vn -0.164955 -0.251185 0.953780
vn -0.161951 -0.260645 0.951754
vn -0.151628 -0.291771 0.944393
vn -0.159441 -0.271156 0.949238
vn -0.125175 -0.277114 0.952649
vn -0.156404 -0.281158 0.946831
vn -0.128923 -0.254035 0.958564
vn -0.131539 -0.244750 0.960622
vn -0.096219 -0.263017 0.959981
vn -0.127264 -0.265351 0.955716
vn -0.071510 -0.252140 0.965045
vn -0.099881 -0.236679 0.966440
vn -0.097841 -0.249307 0.963469
vn -0.134859 -0.234316 0.962761
vn -0.048337 -0.244209 0.968517
vn -0.102537 -0.228130 0.968216
vn -0.073185 -0.237498 0.968627
vn -0.075267 -0.224363 0.971595
vn -0.141742 -0.214256 0.966439
vn -0.023670 -0.240894 0.970263
vn -0.105110 -0.218755 0.970102
vn -0.049349 -0.228509 0.972290
vn 0.000000 -0.238386 0.971170
vn -0.108944 -0.199755 0.973770
vn -0.077824 -0.213944 0.973741
vn -0.050743 -0.214330 0.975442
vn -0.024862 -0.225130 0.974011
vn 0.024846 -0.225127 0.974013
vn -0.078894 -0.204998 0.975578
vn -0.051891 -0.204747 0.977438
vn -0.025727 -0.212744 0.976769
vn 0.000000 -0.221864 0.975078
vn 0.000000 -0.208772 0.977964
vn 0.025711 -0.212741 0.976770
vn -0.026604 -0.202099 0.979004
vn 0.000000 -0.200928 0.979606
vn 0.026588 -0.202096 0.979005
vn 0.000000 -0.193154 0.981168
vn 0.026093 -0.194076 0.980639
vn 0.000000 -0.176714 0.984262
vn -0.026109 -0.194079 0.980638
vn -0.023668 -0.177787 0.983784
vn -0.051608 -0.196609 0.979123
vn -0.020706 -0.154914 0.987711
vn -0.018335 -0.131105 0.991199
vn -0.049847 -0.180448 0.982321
vn -0.078826 -0.188679 0.978870
vn -0.047224 -0.159157 0.986123
vn -0.044828 -0.134316 0.989924
vn -0.069924 -0.136164 0.988216
vn -0.074835 -0.164847 0.983476
vn -0.167354 0.552153 -0.816774
vn -0.173908 0.533708 -0.827594
vn -0.143175 0.552751 -0.820955
vn -0.183276 0.551932 -0.813500
vn -0.205382 0.541421 -0.815280
vn -0.205116 0.524043 -0.826623
vn -0.206257 0.556037 -0.805159
vn -0.232928 0.516352 -0.824090
vn -0.239913 0.554354 -0.796953
vn -0.255383 0.528238 -0.809780
vn -0.247580 0.574952 -0.779830
vn -0.260362 0.553916 -0.790815
vn -0.271884 0.528928 -0.803937
vn -0.264363 0.573130 -0.775651
vn -0.256767 0.589365 -0.765976
vn -0.278515 0.551404 -0.786373
vn -0.292809 0.538845 -0.789879
vn -0.268125 0.589743 -0.761783
vn -0.265204 0.602322 -0.752911
vn -0.297234 0.554783 -0.777090
vn -0.317659 0.550234 -0.772228
vn -0.271115 0.603435 -0.749908
vn -0.269102 0.607151 -0.747631
vn -0.273396 0.611058 -0.742874
vn -0.276522 0.606124 -0.745754
vn -0.281661 0.592248 -0.754924
vn -0.282255 0.578423 -0.765349
vn -0.304096 0.575575 -0.759104
vn -0.328762 0.571961 -0.751516
vn -0.320663 0.558695 -0.764876
vn -0.374351 0.570235 -0.731228
vn -0.086877 0.411050 0.907464
vn -0.065821 0.410501 0.909481
vn -0.066229 0.370493 0.926471
vn -0.087822 0.366671 0.926196
vn -0.069667 0.325669 0.942914
vn -0.104383 0.414643 0.903978
vn -0.096892 0.313470 0.944642
vn -0.105931 0.369629 0.923121
vn -0.124550 0.418110 0.899818
vn -0.114160 0.329768 0.937134
vn -0.125251 0.377585 0.917465
vn -0.140685 0.420227 0.896447
vn -0.136790 0.290159 0.947152
vn -0.125411 0.262627 0.956713
vn -0.143883 0.386280 0.911090
vn -0.156538 0.419773 0.894028
vn -0.133786 0.346795 0.928351
vn -0.164849 0.259019 0.951701
vn -0.151485 0.230288 0.961259
vn -0.160225 0.392708 0.905598
vn -0.172655 0.417615 0.892069
vn -0.155080 0.315126 0.936294
vn -0.152380 0.362117 0.919593
vn -0.199278 0.241784 0.949647
vn -0.183043 0.209594 0.960503
vn -0.217350 0.193471 0.956728
vn -0.174599 0.397149 0.900993
vn -0.189340 0.416584 0.889161
vn -0.169221 0.371638 0.912825
vn -0.184429 0.293085 0.938130
vn -0.174879 0.336953 0.925138
vn -0.237346 0.228621 0.944139
vn -0.254738 0.179491 0.950206
vn -0.222170 0.279606 0.934056
vn -0.202857 0.318860 0.925839
vn -0.190686 0.351683 0.916492
vn -0.189231 0.380380 0.905264
vn -0.278800 0.217134 0.935480
vn -0.297108 0.169632 0.939655
vn -0.264537 0.271168 0.925466
vn -0.240738 0.305985 0.921096
vn -0.220921 0.338488 0.914669
vn -0.324579 0.208770 0.922531
vn -0.341464 0.158299 0.926468
vn -0.311210 0.264538 0.912780
vn -0.285711 0.299913 0.910177
vn -0.372894 0.201210 0.905795
vn -0.390478 0.148102 0.908621
vn -0.358900 0.258995 0.896723
vn -0.423627 0.194675 0.884670
vn -0.443404 0.137843 0.885659
vn -0.208712 0.366462 0.906722
vn -0.262318 0.333098 0.905668
vn -0.333389 0.297120 0.894746
vn -0.408555 0.256449 0.875966
vn -0.478135 0.191421 0.857172
vn -0.502261 0.129459 0.854970
vn -0.240733 0.359894 0.901401
vn -0.307341 0.331361 0.892043
vn -0.381065 0.295304 0.876119
vn -0.457738 0.254990 0.851737
vn -0.538500 0.194474 0.819877
vn -0.564858 0.120557 0.816334
vn -0.508417 0.258924 0.821261
vn -0.475277 0.296788 0.828268
vn -0.279181 0.356981 0.891416
vn -0.353778 0.331414 0.874646
vn -0.428397 0.294433 0.854275
vn -0.399397 0.333528 0.853956
vn -0.319329 0.353000 0.879443
vn -0.443828 0.334654 0.831278
vn -0.363168 0.354527 0.861638
vn -0.406148 0.357442 0.840999
vn -0.524256 0.310292 0.793016
vn -0.487844 0.340732 0.803685
vn -0.448413 0.359741 0.818237
vn -0.562515 0.269204 0.781733
vn -0.608870 0.209394 0.765135
vn -0.675232 0.198823 0.710303
vn -0.642837 0.124095 0.755885
vn -0.744431 0.182130 0.642379
vn -0.756900 0.263819 0.597915
vn -0.818058 0.228211 0.527922
vn -0.823386 0.335124 0.457960
vn -0.876541 0.259003 0.405700
vn -0.879199 0.345551 0.328031
vn -0.686766 0.267564 0.675841
vn -0.624676 0.293149 0.723771
vn -0.573329 0.326493 0.751463
vn -0.747729 0.322771 0.580276
vn -0.684080 0.327473 0.651764
vn -0.837110 0.435572 0.330943
vn -0.869450 0.428169 0.246430
vn -0.822918 0.514129 0.241822
vn -0.845812 0.504412 0.173696
vn -0.794680 0.523443 0.307395
vn -0.802850 0.457783 0.381924
vn -0.766507 0.533337 0.357797
vn -0.791432 0.384326 0.475320
vn -0.772280 0.480326 0.415776
vn -0.739844 0.542064 0.398495
vn -0.731295 0.373737 0.570550
vn -0.745145 0.497764 0.443835
vn -0.721134 0.546437 0.425878
vn -0.759611 0.427597 0.490053
vn -0.718593 0.513219 0.469287
vn -0.709216 0.549034 0.442238
vn -0.699966 0.550006 0.455566
vn -0.733083 0.455584 0.505007
vn -0.672247 0.376816 0.637255
vn -0.709356 0.412949 0.571215
vn -0.706265 0.479243 0.521071
vn -0.700051 0.520856 0.488506
vn -0.624710 0.346646 0.699695
vn -0.685950 0.446661 0.574427
vn -0.656781 0.417670 0.627846
vn -0.618221 0.388215 0.683441
vn -0.573323 0.370661 0.730692
vn -0.686497 0.491834 0.535557
vn -0.530518 0.353935 0.770248
vn -0.489415 0.367532 0.790818
vn -0.529325 0.380415 0.758353
vn -0.568901 0.397616 0.719898
vn -0.607473 0.416999 0.676083
vn -0.641809 0.439547 0.628394
vn -0.667389 0.464145 0.582376
vn -0.450389 0.379516 0.808157
vn -0.488864 0.387232 0.781705
vn -0.526843 0.399553 0.750196
vn -0.563435 0.416361 0.713572
vn -0.598550 0.434464 0.673037
vn -0.410894 0.377244 0.829972
vn -0.370605 0.373974 0.850174
vn -0.329092 0.371262 0.868253
vn -0.290586 0.373800 0.880814
vn -0.254980 0.375733 0.890960
vn -0.222879 0.378684 0.898289
vn -0.199972 0.387245 0.900029
vn -0.190594 0.400692 0.896169
vn -0.336951 0.387294 0.858177
vn -0.299659 0.389017 0.871132
vn -0.264509 0.388380 0.882721
vn -0.233860 0.389267 0.890944
vn -0.213539 0.394812 0.893602
vn -0.376100 0.389072 0.840935
vn -0.414500 0.391800 0.821391
vn -0.452185 0.395670 0.799358
vn -0.488262 0.403615 0.773754
vn -0.523597 0.415828 0.743595
vn -0.557750 0.432145 0.708636
vn -0.344209 0.408492 0.845372
vn -0.382597 0.408394 0.828754
vn -0.419328 0.410409 0.809770
vn -0.454692 0.415509 0.787786
vn -0.487808 0.423950 0.763092
vn -0.519741 0.434890 0.735350
vn -0.308902 0.407294 0.859471
vn -0.274460 0.405529 0.871905
vn -0.242981 0.402415 0.882623
vn -0.219263 0.401715 0.889128
vn -0.317759 0.423160 0.848507
vn -0.283373 0.419400 0.862440
vn -0.251624 0.414608 0.874520
vn -0.228986 0.411011 0.882403
vn -0.352380 0.423714 0.834443
vn -0.387512 0.424755 0.818179
vn -0.355440 0.435906 0.826831
vn -0.423563 0.426330 0.799273
vn -0.321693 0.434952 0.841030
vn -0.390135 0.436906 0.810499
vn -0.228884 0.421277 0.877575
vn -0.233570 0.417648 0.878075
vn -0.256988 0.423522 0.868669
vn -0.288033 0.429735 0.855783
vn -0.220328 0.414207 0.883113
vn -0.212340 0.408645 0.887649
vn -0.203173 0.404770 0.891562
vn -0.202273 0.418327 0.885487
vn -0.213355 0.420175 0.882005
vn -0.221128 0.422588 0.878932
vn -0.228161 0.425973 0.875494
vn -0.206809 0.435005 0.876357
vn -0.193924 0.436991 0.878312
vn -0.216661 0.433591 0.874675
vn -0.225001 0.432951 0.872885
vn -0.217776 0.457057 0.862364
vn -0.205636 0.462913 0.862221
vn -0.226275 0.451773 0.862960
vn -0.233052 0.482846 0.844125
vn -0.219994 0.488753 0.844229
vn -0.233744 0.426539 0.873744
vn -0.239557 0.429287 0.870819
vn -0.229272 0.433225 0.871637
vn -0.233045 0.446703 0.863798
vn -0.241606 0.477439 0.844795
vn -0.247431 0.505309 0.826704
vn -0.236896 0.514383 0.824191
vn -0.232430 0.428621 0.873075
vn -0.233673 0.434678 0.869743
vn -0.235694 0.445051 0.863932
vn -0.248186 0.471625 0.846152
vn -0.255489 0.496744 0.829440
vn -0.238297 0.432948 0.869351
vn -0.239056 0.443328 0.863894
vn -0.251301 0.466739 0.847940
vn -0.260506 0.488134 0.832983
vn -0.254512 0.461810 0.849680
vn -0.263372 0.481655 0.835849
vn -0.265822 0.473875 0.839512
vn -0.240728 0.437860 0.866215
vn -0.242970 0.442569 0.863191
vn -0.256686 0.456575 0.851852
vn -0.244783 0.437710 0.865154
vn -0.246496 0.440142 0.863432
vn -0.248650 0.442540 0.861587
vn -0.258018 0.450856 0.854491
vn -0.250490 0.441683 0.861494
vn -0.266977 0.457204 0.848344
vn -0.264932 0.452565 0.851467
vn -0.267128 0.466720 0.843099
vn -0.287513 0.470093 0.834475
vn -0.263438 0.438402 0.859305
vn -0.276777 0.460748 0.843271
vn -0.289806 0.442103 0.848856
vn -0.295861 0.466628 0.833502
vn -0.317495 0.473070 0.821829
vn -0.322503 0.447220 0.834258
vn -0.358422 0.467239 0.808221
vn -0.356468 0.449356 0.819152
vn -0.392705 0.467779 0.791811
vn -0.390707 0.450354 0.802826
vn -0.426895 0.452027 0.783219
vn -0.427318 0.469270 0.772777
vn -0.426807 0.438587 0.790871
vn -0.458164 0.456661 0.762592
vn -0.458882 0.471819 0.752871
vn -0.457923 0.442086 0.771276
vn -0.487322 0.462119 0.740921
vn -0.486730 0.475516 0.732788
vn -0.456993 0.431198 0.777962
vn -0.487319 0.449177 0.748839
vn -0.515827 0.472900 0.714345
vn -0.516682 0.485852 0.704973
vn -0.487972 0.437910 0.755061
vn -0.516326 0.458948 0.723031
vn -0.545072 0.484717 0.684066
vn -0.543553 0.496352 0.676894
vn -0.517648 0.448275 0.728759
vn -0.570745 0.498784 0.652277
vn -0.569536 0.509807 0.644767
vn -0.545368 0.472426 0.692378
vn -0.547446 0.462898 0.697157
vn -0.593682 0.514592 0.618657
vn -0.591288 0.525964 0.611343
vn -0.571380 0.488216 0.659675
vn -0.551058 0.450940 0.702131
vn -0.609697 0.528538 0.590693
vn -0.606589 0.538246 0.585100
vn -0.594524 0.504172 0.626379
vn -0.574607 0.478776 0.663777
vn -0.579824 0.467791 0.667065
vn -0.621150 0.540970 0.567032
vn -0.617888 0.547576 0.564247
vn -0.612788 0.520312 0.594783
vn -0.598404 0.495321 0.629738
vn -0.589928 0.449777 0.670586
vn -0.629481 0.550347 0.548518
vn -0.624567 0.551810 0.552650
vn -0.631135 0.553477 0.543444
vn -0.625509 0.553252 0.550137
vn -0.623622 0.553333 0.552195
vn -0.626754 0.534259 0.567227
vn -0.605265 0.484728 0.631421
vn -0.618665 0.510471 0.597221
vn -0.617543 0.468550 0.631745
vn -0.637020 0.547290 0.542844
vn -0.634159 0.525933 0.566777
vn -0.626441 0.501080 0.597068
vn -0.628681 0.454943 0.630704
vn -0.640232 0.487731 0.593483
vn -0.653281 0.476324 0.588506
vn -0.644426 0.517461 0.562983
vn -0.647116 0.543145 0.535009
vn -0.670798 0.501041 0.546798
vn -0.658010 0.508850 0.555063
vn -0.685749 0.527004 0.502011
vn -0.659131 0.537960 0.525496
vn -0.671829 0.532783 0.514576
vn -0.639106 0.553245 0.534287
vn -0.687817 0.551168 0.472357
vn -0.649037 0.553282 0.522141
vn -0.661160 0.552788 0.507239
vn -0.673510 0.551794 0.491841
vn -0.636584 0.559994 0.530252
vn -0.678357 0.575837 0.456337
vn -0.688592 0.578239 0.437586
vn -0.667709 0.572198 0.476186
vn -0.656003 0.567865 0.497182
vn -0.646128 0.563624 0.514632
vn -0.629707 0.556984 0.541514
vn -0.619351 0.552009 0.558292
vn -0.660149 0.598014 0.454514
vn -0.669276 0.603600 0.433286
vn -0.651545 0.591941 0.474441
vn -0.642942 0.584721 0.494699
vn -0.634052 0.575529 0.516473
vn -0.626323 0.565456 0.536636
vn -0.622194 0.557338 0.549771
vn -0.607201 0.543299 0.579770
vn -0.637659 0.615115 0.463707
vn -0.645819 0.624618 0.439056
vn -0.630082 0.605321 0.486398
vn -0.623844 0.593319 0.508715
vn -0.613135 0.565068 0.552054
vn -0.609382 0.552917 0.568275
vn -0.591523 0.531119 0.606641
vn -0.617053 0.577441 0.534610
vn -0.611350 0.629088 0.480103
vn -0.618115 0.642466 0.452959
vn -0.605450 0.613539 0.506952
vn -0.592435 0.542383 0.595685
vn -0.568946 0.516083 0.640281
vn -0.594745 0.558035 0.578684
vn -0.596359 0.574361 0.560773
vn -0.600727 0.596417 0.532366
vn -0.581030 0.637853 0.505518
vn -0.585567 0.656911 0.474951
vn -0.569788 0.530189 0.627886
vn -0.535008 0.499267 0.681541
vn -0.570604 0.546861 0.612662
vn -0.577921 0.618952 0.531889
vn -0.572472 0.567538 0.591758
vn -0.575743 0.596510 0.559192
vn -0.548881 0.643953 0.532967
vn -0.553182 0.665699 0.500834
vn -0.517425 0.672724 0.528879
vn -0.535817 0.531523 0.656036
vn -0.544493 0.622161 0.562533
vn -0.515016 0.648243 0.560838
vn -0.480148 0.674660 0.560617
vn -0.537642 0.555525 0.634297
vn -0.540356 0.592951 0.597013
vn -0.479153 0.649419 0.590480
vn -0.439217 0.671722 0.596555
vn -0.505811 0.546007 0.667856
vn -0.509635 0.587938 0.628173
vn -0.513166 0.622373 0.591027
vn -0.439936 0.645770 0.624049
vn -0.403725 0.662984 0.630443
vn -0.477136 0.620705 0.622146
vn -0.474966 0.582355 0.659750
vn -0.472513 0.539481 0.696916
vn -0.504792 0.520369 0.688767
vn -0.404682 0.637170 0.655932
vn -0.368784 0.647700 0.666695
vn -0.440528 0.615417 0.653603
vn -0.440148 0.576973 0.688020
vn -0.438630 0.535194 0.721922
vn -0.371245 0.624777 0.686900
vn -0.340266 0.630047 0.698040
vn -0.405118 0.608498 0.682356
vn -0.343409 0.607713 0.716069
vn -0.316926 0.609054 0.727057
vn -0.372584 0.597848 0.709760
vn -0.405823 0.571043 0.713595
vn -0.321082 0.588793 0.741775
vn -0.295044 0.585501 0.755074
vn -0.404695 0.534309 0.742116
vn -0.344616 0.584184 0.734826
vn -0.372954 0.564786 0.736153
vn -0.299119 0.568263 0.766554
vn -0.273782 0.561670 0.780750
vn -0.322875 0.569161 0.756180
vn -0.345045 0.556017 0.756168
vn -0.279606 0.546914 0.789117
vn -0.254058 0.538288 0.803555
vn -0.302381 0.552172 0.776963
vn -0.263003 0.526657 0.808370
vn -0.284227 0.533465 0.796637
vn -0.269542 0.515483 0.813403
vn -0.323519 0.546414 0.772507
vn -0.372237 0.534305 0.758919
vn -0.305400 0.535807 0.787173
vn -0.273802 0.505052 0.818508
vn -0.288054 0.520211 0.803993
vn -0.344901 0.530904 0.774070
vn -0.277495 0.496094 0.822731
vn -0.324216 0.525344 0.786700
vn -0.307533 0.517975 0.798201
vn -0.291703 0.508244 0.810307
vn -0.280370 0.487810 0.826701
vn -0.295476 0.499481 0.814379
vn -0.310568 0.505876 0.804759
vn -0.327789 0.509080 0.795859
vn -0.347182 0.511988 0.785706
vn -0.284055 0.479390 0.830360
vn -0.300613 0.487879 0.819515
vn -0.306310 0.476830 0.823897
vn -0.319450 0.478050 0.818181
vn -0.315020 0.491724 0.811769
vn -0.337494 0.478182 0.810827
vn -0.332761 0.492934 0.803919
vn -0.351266 0.493088 0.795912
vn -0.356796 0.477302 0.803044
vn -0.376938 0.493825 0.783616
vn -0.380786 0.477199 0.792012
vn -0.373443 0.513215 0.772755
vn -0.404687 0.511477 0.758037
vn -0.406697 0.491414 0.770136
vn -0.409227 0.475884 0.778503
vn -0.437224 0.491107 0.753425
vn -0.436718 0.476150 0.763255
vn -0.437409 0.510572 0.740263
vn -0.470861 0.513489 0.717369
vn -0.468872 0.493939 0.732245
vn -0.468008 0.479359 0.742417
vn -0.503989 0.501803 0.702986
vn -0.503286 0.487711 0.713331
vn -0.534961 0.513260 0.671104
vn -0.709216 0.549034 0.442238
vn -0.688592 0.578239 0.437586
vn -0.699966 0.550006 0.455566
vn -0.698145 0.580412 0.419184
vn -0.721134 0.546437 0.425878
vn -0.669276 0.603600 0.433286
vn -0.710237 0.581527 0.396723
vn -0.739844 0.542064 0.398495
vn -0.678847 0.608768 0.410571
vn -0.645819 0.624618 0.439056
vn -0.724024 0.582623 0.369242
vn -0.766507 0.533337 0.357797
vn -0.690585 0.614529 0.381374
vn -0.655577 0.633644 0.410749
vn -0.618115 0.642466 0.452959
vn -0.747622 0.583300 0.317526
vn -0.794680 0.523443 0.307395
vn -0.702083 0.618983 0.352050
vn -0.625868 0.655579 0.422499
vn -0.585567 0.656911 0.474951
vn -0.665661 0.643806 0.377371
vn -0.771487 0.583344 0.254003
vn -0.822918 0.514129 0.241822
vn -0.720519 0.628984 0.291944
vn -0.674045 0.651736 0.347712
vn -0.634628 0.669479 0.386063
vn -0.591100 0.672030 0.446068
vn -0.794050 0.579916 0.182160
vn -0.845812 0.504412 0.173696
vn -0.810890 0.575354 0.106887
vn -0.738924 0.637686 0.217594
vn -0.755154 0.641771 0.133686
vn -0.763953 0.642297 0.061896
vn -0.687155 0.669251 0.282701
vn -0.557330 0.683490 0.471407
vn -0.553182 0.665699 0.500834
vn -0.708734 0.695410 0.118743
vn -0.711573 0.701709 0.035621
vn -0.699153 0.683313 0.210400
vn -0.641156 0.681320 0.353160
vn -0.599678 0.689527 0.406128
vn -0.661886 0.738408 0.129072
vn -0.659031 0.750599 0.047746
vn -0.610513 0.787246 0.086703
vn -0.650894 0.703444 0.285489
vn -0.658405 0.721808 0.213298
vn -0.616178 0.771379 0.159058
vn -0.562340 0.816323 0.131872
vn -0.604821 0.705270 0.369845
vn -0.611945 0.730558 0.303000
vn -0.616242 0.752448 0.232523
vn -0.570041 0.797726 0.196688
vn -0.516396 0.835927 0.185907
vn -0.561655 0.704121 0.434461
vn -0.572656 0.775549 0.265686
vn -0.525099 0.815446 0.243557
vn -0.470831 0.848085 0.243043
vn -0.566106 0.722448 0.396979
vn -0.571056 0.750388 0.332886
vn -0.529279 0.790597 0.307930
vn -0.479593 0.825235 0.298291
vn -0.422382 0.853843 0.304213
vn -0.526326 0.732503 0.431765
vn -0.523026 0.712276 0.468087
vn -0.529142 0.762890 0.371494
vn -0.484393 0.798057 0.358425
vn -0.430918 0.827514 0.359903
vn -0.373195 0.853341 0.364054
vn -0.485805 0.768174 0.417015
vn -0.436439 0.797777 0.416021
vn -0.379901 0.821900 0.424447
vn -0.321648 0.846345 0.424550
vn -0.484414 0.736520 0.472104
vn -0.440131 0.766385 0.467910
vn -0.333540 0.809649 0.482928
vn -0.261594 0.834288 0.485317
vn -0.389125 0.789994 0.473805
vn -0.482661 0.715524 0.505039
vn -0.440614 0.734020 0.516793
vn -0.396107 0.758240 0.517853
vn -0.344009 0.775361 0.529598
vn -0.277710 0.786304 0.551909
vn -0.520276 0.691772 0.500764
vn -0.517425 0.672724 0.528879
vn -0.481048 0.693982 0.535707
vn -0.480148 0.674660 0.560617
vn -0.439724 0.712073 0.547353
vn -0.438806 0.690467 0.575069
vn -0.439217 0.671722 0.596555
vn -0.399302 0.725842 0.560099
vn -0.401843 0.682037 0.611022
vn -0.403725 0.662984 0.630443
vn -0.400775 0.703056 0.587445
vn -0.353059 0.743312 0.568187
vn -0.365994 0.665702 0.650299
vn -0.368784 0.647700 0.666695
vn -0.358026 0.711534 0.604596
vn -0.362724 0.686078 0.630657
vn -0.295561 0.752091 0.589070
vn -0.336320 0.647303 0.684023
vn -0.340266 0.630047 0.698040
vn -0.310535 0.721851 0.618465
vn -0.323345 0.694594 0.642641
vn -0.331539 0.667326 0.666902
vn -0.310913 0.627717 0.713655
vn -0.316926 0.609054 0.727057
vn -0.304432 0.647220 0.698876
vn -0.293595 0.675445 0.676443
vn -0.277805 0.700030 0.657862
vn -0.252904 0.721399 0.644688
vn -0.287178 0.605681 0.742078
vn -0.295044 0.585501 0.755074
vn -0.277606 0.625867 0.728853
vn -0.263831 0.653002 0.709916
vn -0.245240 0.673354 0.697461
vn -0.264677 0.579927 0.770475
vn -0.273782 0.561670 0.780750
vn -0.251128 0.597481 0.761545
vn -0.234447 0.621557 0.747463
vn -0.242597 0.551504 0.798117
vn -0.254058 0.538288 0.803555
vn -0.226967 0.566481 0.792203
vn -0.222014 0.522412 0.823283
vn -0.236896 0.514383 0.824191
vn -0.218816 0.689328 0.690613
vn -0.216018 0.639465 0.737849
vn -0.207660 0.586620 0.782786
vn -0.203814 0.532017 0.821838
vn -0.204735 0.495053 0.844397
vn -0.219994 0.488753 0.844229
vn -0.191829 0.651860 0.733676
vn -0.187266 0.598916 0.778608
vn -0.183333 0.546381 0.817225
vn -0.186003 0.502254 0.844479
vn -0.190320 0.469131 0.862377
vn -0.205636 0.462913 0.862221
vn -0.165689 0.609655 0.775157
vn -0.163487 0.559334 0.812661
vn -0.165882 0.511851 0.842907
vn -0.172806 0.474887 0.862914
vn -0.177775 0.441919 0.879263
vn -0.193924 0.436991 0.878312
vn -0.172655 0.417615 0.892069
vn -0.189340 0.416584 0.889161
vn -0.156538 0.419773 0.894028
vn -0.161733 0.446551 0.880020
vn -0.140685 0.420227 0.896447
vn -0.145915 0.451615 0.880201
vn -0.124550 0.418110 0.899818
vn -0.154515 0.481932 0.862477
vn -0.130040 0.455432 0.880722
vn -0.104383 0.414643 0.903978
vn -0.137712 0.487632 0.862120
vn -0.109583 0.455473 0.883479
vn -0.086877 0.411050 0.907464
vn -0.147898 0.519815 0.841379
vn -0.090300 0.453340 0.886752
vn -0.065821 0.410501 0.909481
vn -0.068894 0.451647 0.889533
vn -0.117324 0.489859 0.863871
vn -0.096391 0.490884 0.865876
vn -0.074566 0.490633 0.868170
vn -0.127953 0.525903 0.840865
vn -0.105377 0.529027 0.842037
vn -0.082470 0.529285 0.844426
vn -0.093670 0.567329 0.818147
vn -0.119435 0.568444 0.814007
vn -0.108893 0.610246 0.784692
vn -0.142911 0.566582 0.811518
vn -0.140210 0.613943 0.776798
vn -0.127074 0.651704 0.747753
vn -0.163712 0.656650 0.736212
vn -0.149738 0.694622 0.703618
vn -0.189461 0.697450 0.691136
vn -0.170490 0.733192 0.658303
vn -0.219814 0.735822 0.640506
vn -0.189724 0.776652 0.600680
vn -0.195454 0.817985 0.541016
vn 0.189702 0.776646 0.600695
vn 0.195432 0.817980 0.541032
vn 0.261572 0.834284 0.485335
vn 0.277687 0.786300 0.551927
vn 0.333518 0.809647 0.482948
vn 0.321626 0.846343 0.424570
vn 0.219791 0.735816 0.640521
vn 0.170468 0.733185 0.658317
vn 0.379879 0.821899 0.424468
vn 0.373174 0.853341 0.364075
vn 0.189439 0.697442 0.691149
vn 0.149717 0.694614 0.703631
vn 0.430898 0.827515 0.359925
vn 0.422363 0.853845 0.304235
vn 0.163690 0.656643 0.736224
vn 0.127053 0.651696 0.747764
vn 0.479574 0.825238 0.298312
vn 0.470813 0.848089 0.243064
vn 0.140189 0.613935 0.776808
vn 0.108872 0.610238 0.784702
vn 0.525081 0.815450 0.243579
vn 0.516379 0.835933 0.185929
vn 0.119413 0.568436 0.814015
vn 0.093649 0.567321 0.818155
vn 0.570025 0.797732 0.196709
vn 0.562325 0.816330 0.131893
vn 0.105356 0.529019 0.842044
vn 0.082450 0.529277 0.844433
vn 0.074546 0.490625 0.868176
vn 0.096371 0.490876 0.865883
vn 0.068874 0.451640 0.889538
vn 0.127932 0.525896 0.840873
vn 0.142889 0.566574 0.811527
vn 0.090280 0.453333 0.886757
vn 0.065802 0.410495 0.909486
vn 0.086857 0.411044 0.907468
vn 0.117303 0.489852 0.863878
vn 0.109562 0.455467 0.883485
vn 0.104363 0.414636 0.903983
vn 0.130019 0.455425 0.880729
vn 0.124529 0.418104 0.899823
vn 0.137691 0.487625 0.862127
vn 0.147876 0.519808 0.841387
vn 0.145893 0.451609 0.880207
vn 0.140664 0.420221 0.896453
vn 0.154493 0.481925 0.862485
vn 0.161711 0.446544 0.880027
vn 0.156517 0.419767 0.894034
vn 0.163465 0.559327 0.812670
vn 0.165860 0.511844 0.842915
vn 0.172784 0.474881 0.862922
vn 0.177753 0.441913 0.879271
vn 0.172633 0.417610 0.892076
vn 0.193901 0.436986 0.878320
vn 0.189318 0.416578 0.889169
vn 0.205613 0.462907 0.862230
vn 0.190297 0.469125 0.862385
vn 0.219971 0.488747 0.844239
vn 0.204713 0.495047 0.844406
vn 0.236873 0.514377 0.824202
vn 0.185980 0.502247 0.844488
vn 0.221990 0.522406 0.823294
vn 0.254034 0.538282 0.803566
vn 0.203791 0.532011 0.821848
vn 0.242574 0.551498 0.798128
vn 0.273758 0.561664 0.780763
vn 0.183311 0.546375 0.817234
vn 0.264653 0.579921 0.770487
vn 0.295020 0.585496 0.755088
vn 0.226944 0.566474 0.792215
vn 0.207637 0.586613 0.782798
vn 0.287154 0.605676 0.742092
vn 0.316902 0.609048 0.727072
vn 0.251104 0.597475 0.761558
vn 0.187243 0.598909 0.778619
vn 0.310889 0.627712 0.713671
vn 0.340242 0.630042 0.698057
vn 0.277582 0.625861 0.728867
vn 0.234424 0.621550 0.747476
vn 0.165667 0.609647 0.775167
vn 0.336296 0.647298 0.684040
vn 0.368760 0.647696 0.666713
vn 0.304408 0.647214 0.698892
vn 0.263807 0.652996 0.709931
vn 0.215995 0.639458 0.737862
vn 0.191806 0.651852 0.733688
vn 0.365970 0.665698 0.650317
vn 0.403702 0.662980 0.630462
vn 0.331515 0.667321 0.666919
vn 0.293571 0.675440 0.676459
vn 0.245217 0.673347 0.697476
vn 0.218792 0.689321 0.690627
vn 0.401819 0.682034 0.611041
vn 0.439194 0.671719 0.596575
vn 0.362700 0.686073 0.630676
vn 0.277782 0.700024 0.657878
vn 0.252881 0.721393 0.644704
vn 0.323321 0.694589 0.642658
vn 0.438783 0.690465 0.575090
vn 0.480125 0.674659 0.560638
vn 0.295538 0.752086 0.589087
vn 0.310511 0.721846 0.618483
vn 0.358002 0.711530 0.604615
vn 0.400751 0.703053 0.587465
vn 0.481025 0.693981 0.535729
vn 0.517403 0.672724 0.528901
vn 0.343986 0.775357 0.529617
vn 0.353036 0.743308 0.568206
vn 0.439701 0.712071 0.547374
vn 0.399279 0.725840 0.560119
vn 0.520254 0.691772 0.500786
vn 0.553160 0.665700 0.500857
vn 0.389102 0.789993 0.473825
vn 0.396083 0.758238 0.517874
vn 0.482639 0.715523 0.505060
vn 0.440591 0.734018 0.516814
vn 0.557309 0.683491 0.471430
vn 0.585546 0.656913 0.474975
vn 0.436418 0.797777 0.416042
vn 0.440109 0.766384 0.467931
vn 0.484391 0.736520 0.472126
vn 0.523005 0.712277 0.468110
vn 0.484373 0.798059 0.358448
vn 0.485784 0.768175 0.417037
vn 0.526305 0.732505 0.431787
vn 0.529260 0.790600 0.307953
vn 0.529122 0.762893 0.371517
vn 0.572639 0.775554 0.265709
vn 0.571037 0.750392 0.332909
vn 0.561635 0.704123 0.434485
vn 0.566087 0.722451 0.397002
vn 0.611928 0.730562 0.303023
vn 0.616226 0.752454 0.232545
vn 0.604802 0.705274 0.369869
vn 0.599658 0.689530 0.406152
vn 0.616164 0.771386 0.159080
vn 0.610500 0.787254 0.086723
vn 0.658391 0.721814 0.213320
vn 0.661873 0.738416 0.129093
vn 0.659020 0.750608 0.047765
vn 0.711563 0.701718 0.035640
vn 0.708723 0.695418 0.118764
vn 0.763944 0.642306 0.061916
vn 0.650878 0.703449 0.285512
vn 0.755144 0.641779 0.133708
vn 0.810882 0.575362 0.106908
vn 0.699140 0.683320 0.210423
vn 0.641138 0.681324 0.353184
vn 0.794039 0.579924 0.182182
vn 0.845803 0.504419 0.173718
vn 0.822907 0.514135 0.241846
vn 0.687140 0.669257 0.282725
vn 0.738912 0.637693 0.217617
vn 0.771474 0.583351 0.254028
vn 0.794667 0.523448 0.307420
vn 0.720504 0.628990 0.291968
vn 0.747608 0.583305 0.317550
vn 0.766492 0.533341 0.357822
vn 0.674028 0.651740 0.347736
vn 0.724008 0.582628 0.369266
vn 0.739828 0.542068 0.398520
vn 0.702066 0.618988 0.352075
vn 0.634609 0.669483 0.386087
vn 0.710220 0.581531 0.396748
vn 0.721117 0.546440 0.425903
vn 0.665644 0.643810 0.377395
vn 0.690568 0.614534 0.381398
vn 0.591080 0.672032 0.446092
vn 0.625848 0.655582 0.422523
vn 0.618095 0.642468 0.452983
vn 0.655558 0.633647 0.410773
vn 0.645800 0.624621 0.439080
vn 0.678829 0.608771 0.410595
vn 0.669257 0.603603 0.433311
vn 0.698128 0.580416 0.419208
vn 0.688573 0.578242 0.437610
vn 0.709198 0.549037 0.442263
vn 0.699948 0.550009 0.455591
vn -0.189724 0.776652 0.600680
vn -0.195454 0.817985 0.541016
vn -0.124711 0.797708 0.590008
vn -0.119537 0.755177 0.644530
vn -0.057252 0.771381 0.633793
vn -0.170490 0.733192 0.658303
vn -0.055309 0.728895 0.682387
vn -0.111518 0.714247 0.690952
vn -0.149738 0.694622 0.703618
vn -0.052394 0.688691 0.723160
vn -0.101129 0.679147 0.727002
vn -0.127074 0.651704 0.747753
vn -0.048558 0.656681 0.752603
vn -0.087476 0.639303 0.763963
vn -0.108893 0.610246 0.784692
vn -0.043244 0.621705 0.782057
vn -0.075029 0.599932 0.796525
vn -0.093670 0.567329 0.818147
vn -0.037314 0.584148 0.810789
vn -0.063870 0.560408 0.825750
vn -0.082470 0.529285 0.844426
vn -0.032104 0.549169 0.835095
vn -0.054858 0.522162 0.851080
vn -0.027471 0.514222 0.857217
vn -0.074566 0.490633 0.868170
vn -0.049006 0.488071 0.871427
vn -0.024017 0.480322 0.876763
vn -0.021361 0.442512 0.896508
vn -0.044109 0.448446 0.892721
vn -0.020200 0.405638 0.913811
vn -0.068894 0.451647 0.889533
vn -0.041817 0.409203 0.911484
vn -0.065821 0.410501 0.909481
vn 0.822907 0.514135 0.241846
vn 0.845803 0.504419 0.173718
vn 0.869441 0.428175 0.246452
vn 0.837098 0.435577 0.330968
vn 0.879188 0.345555 0.328055
vn 0.823371 0.335127 0.457985
vn 0.876330 0.259047 0.406128
vn 0.794667 0.523448 0.307420
vn 0.818042 0.228213 0.527946
vn 0.802836 0.457787 0.381949
vn 0.766492 0.533341 0.357822
vn 0.772265 0.480330 0.415801
vn 0.739828 0.542068 0.398520
vn 0.756881 0.263820 0.597938
vn 0.744413 0.182130 0.642400
vn 0.791416 0.384328 0.475345
vn 0.745128 0.497768 0.443861
vn 0.721117 0.546440 0.425903
vn 0.675211 0.198823 0.710323
vn 0.642815 0.124094 0.755903
vn 0.564836 0.120556 0.816350
vn 0.747710 0.322772 0.580299
vn 0.759593 0.427600 0.490078
vn 0.718575 0.513222 0.469312
vn 0.709198 0.549037 0.442263
vn 0.699948 0.550009 0.455591
vn 0.686745 0.267564 0.675863
vn 0.608847 0.209394 0.765153
vn 0.731276 0.373738 0.570574
vn 0.733065 0.455587 0.505031
vn 0.684059 0.327473 0.651786
vn 0.538477 0.194473 0.819892
vn 0.502238 0.129458 0.854984
vn 0.624653 0.293148 0.723791
vn 0.478112 0.191419 0.857186
vn 0.443381 0.137842 0.885671
vn 0.562491 0.269203 0.781751
vn 0.423604 0.194673 0.884682
vn 0.390455 0.148100 0.908631
vn 0.508393 0.258923 0.821277
vn 0.372871 0.201208 0.905805
vn 0.341442 0.158297 0.926477
vn 0.457714 0.254988 0.851750
vn 0.408531 0.256447 0.875978
vn 0.324556 0.208767 0.922540
vn 0.297086 0.169630 0.939662
vn 0.475252 0.296786 0.828283
vn 0.524232 0.310290 0.793033
vn 0.358876 0.258992 0.896733
vn 0.278778 0.217131 0.935488
vn 0.254718 0.179489 0.950212
vn 0.573306 0.326492 0.751481
vn 0.311187 0.264535 0.912789
vn 0.237324 0.228618 0.944146
vn 0.217329 0.193469 0.956733
vn 0.624688 0.346645 0.699716
vn 0.264515 0.271165 0.925474
vn 0.199257 0.241781 0.949652
vn 0.183023 0.209592 0.960507
vn 0.151466 0.230285 0.961263
vn 0.672225 0.376816 0.637278
vn 0.222148 0.279603 0.934062
vn 0.164829 0.259016 0.951705
vn 0.125392 0.262624 0.956716
vn 0.709337 0.412950 0.571239
vn 0.184408 0.293081 0.938135
vn 0.136770 0.290154 0.947156
vn 0.096873 0.313466 0.944645
vn 0.706246 0.479245 0.521095
vn 0.155059 0.315121 0.936299
vn 0.700032 0.520858 0.488530
vn 0.656759 0.417670 0.627869
vn 0.685930 0.446662 0.574450
vn 0.686477 0.491836 0.535581
vn 0.618198 0.388214 0.683462
vn 0.573299 0.370659 0.730712
vn 0.530493 0.353933 0.770265
vn 0.487820 0.340730 0.803700
vn 0.641787 0.439547 0.628417
vn 0.607450 0.416998 0.676104
vn 0.568877 0.397614 0.719918
vn 0.529301 0.380413 0.758371
vn 0.489390 0.367530 0.790834
vn 0.667368 0.464146 0.582399
vn 0.443803 0.334652 0.831292
vn 0.448388 0.359738 0.818252
vn 0.428373 0.294431 0.854288
vn 0.381041 0.295301 0.876131
vn 0.399372 0.333525 0.853969
vn 0.333366 0.297117 0.894756
vn 0.406123 0.357439 0.841012
vn 0.353754 0.331410 0.874657
vn 0.285688 0.299909 0.910185
vn 0.363144 0.354523 0.861649
vn 0.307317 0.331358 0.892053
vn 0.240715 0.305981 0.921103
vn 0.319305 0.352996 0.879453
vn 0.262296 0.333093 0.905676
vn 0.202836 0.318855 0.925845
vn 0.279158 0.356976 0.891425
vn 0.220899 0.338483 0.914676
vn 0.174857 0.336948 0.925144
vn 0.240711 0.359889 0.901409
vn 0.190664 0.351678 0.916499
vn 0.208690 0.366458 0.906729
vn 0.290562 0.373796 0.880824
vn 0.254957 0.375728 0.890969
vn 0.222857 0.378679 0.898297
vn 0.329068 0.371258 0.868264
vn 0.370580 0.373971 0.850186
vn 0.410869 0.377241 0.829986
vn 0.450365 0.379513 0.808172
vn 0.488839 0.387230 0.781722
vn 0.526819 0.399551 0.750214
vn 0.563411 0.416359 0.713592
vn 0.598527 0.434463 0.673058
vn 0.336926 0.387289 0.858189
vn 0.376076 0.389068 0.840948
vn 0.414475 0.391796 0.821405
vn 0.452160 0.395667 0.799374
vn 0.488237 0.403612 0.773771
vn 0.523573 0.415826 0.743613
vn 0.557726 0.432144 0.708656
vn 0.299635 0.389012 0.871142
vn 0.264486 0.388375 0.882730
vn 0.233838 0.389262 0.890952
vn 0.454667 0.415506 0.787802
vn 0.487783 0.423948 0.763109
vn 0.519716 0.434888 0.735369
vn 0.419304 0.410406 0.809785
vn 0.382572 0.408391 0.828767
vn 0.344185 0.408488 0.845384
vn 0.308878 0.407289 0.859482
vn 0.274436 0.405524 0.871915
vn 0.242957 0.402410 0.882631
vn 0.387488 0.424751 0.818193
vn 0.352355 0.423710 0.834455
vn 0.317735 0.423156 0.848519
vn 0.283350 0.419395 0.862450
vn 0.355415 0.435901 0.826844
vn 0.423538 0.426327 0.799288
vn 0.251601 0.414603 0.874529
vn 0.321668 0.434947 0.841041
vn 0.390110 0.436902 0.810513
vn 0.390682 0.450350 0.802841
vn 0.356444 0.449351 0.819165
vn 0.426782 0.438583 0.790887
vn 0.456969 0.431195 0.777978
vn 0.457898 0.442083 0.771292
vn 0.426870 0.452023 0.783235
vn 0.487948 0.437908 0.755079
vn 0.487294 0.449174 0.748857
vn 0.517624 0.448273 0.728778
vn 0.392680 0.467775 0.791826
vn 0.358398 0.467235 0.808234
vn 0.427293 0.469266 0.772793
vn 0.458139 0.456658 0.762609
vn 0.458857 0.471816 0.752888
vn 0.322479 0.447215 0.834269
vn 0.317470 0.473065 0.821841
vn 0.487297 0.462116 0.740939
vn 0.486705 0.475513 0.732806
vn 0.515803 0.472898 0.714364
vn 0.516658 0.485850 0.704993
vn 0.289782 0.442098 0.848867
vn 0.295837 0.466623 0.833513
vn 0.276753 0.460742 0.843282
vn 0.288009 0.429730 0.855794
vn 0.256965 0.423517 0.868679
vn 0.263414 0.438396 0.859315
vn 0.264909 0.452560 0.851477
vn 0.239534 0.429281 0.870828
vn 0.250466 0.441677 0.861503
vn 0.244760 0.437704 0.865164
vn 0.233547 0.417642 0.878084
vn 0.228963 0.411006 0.882412
vn 0.219241 0.401709 0.889136
vn 0.228861 0.421272 0.877584
vn 0.213516 0.394806 0.893610
vn 0.233721 0.426534 0.873752
vn 0.220305 0.414202 0.883121
vn 0.199950 0.387240 0.900036
vn 0.228138 0.425967 0.875503
vn 0.232407 0.428615 0.873084
vn 0.212318 0.408640 0.887657
vn 0.238273 0.432943 0.869360
vn 0.233650 0.434672 0.869752
vn 0.240705 0.437854 0.866224
vn 0.246473 0.440136 0.863442
vn 0.242947 0.442564 0.863200
vn 0.248626 0.442534 0.861596
vn 0.257994 0.450851 0.854501
vn 0.221105 0.422582 0.878941
vn 0.229249 0.433220 0.871645
vn 0.256662 0.456569 0.851862
vn 0.266954 0.457198 0.848354
vn 0.239033 0.443322 0.863903
vn 0.267104 0.466714 0.843109
vn 0.287490 0.470088 0.834486
vn 0.254488 0.461804 0.849690
vn 0.235671 0.445046 0.863941
vn 0.224978 0.432945 0.872894
vn 0.213333 0.420170 0.882013
vn 0.203151 0.404764 0.891569
vn 0.284031 0.479385 0.830371
vn 0.265798 0.473870 0.839523
vn 0.251278 0.466734 0.847950
vn 0.233022 0.446697 0.863807
vn 0.216639 0.433586 0.874683
vn 0.202250 0.418322 0.885495
vn 0.190573 0.400687 0.896176
vn 0.300589 0.487874 0.819527
vn 0.306286 0.476825 0.823909
vn 0.319425 0.478045 0.818193
vn 0.189209 0.380374 0.905271
vn 0.169200 0.371633 0.912831
vn 0.174577 0.397143 0.900999
vn 0.189318 0.416578 0.889169
vn 0.152359 0.362112 0.919599
vn 0.206786 0.434999 0.876365
vn 0.172633 0.417610 0.892076
vn 0.193901 0.436986 0.878320
vn 0.160203 0.392703 0.905605
vn 0.156517 0.419767 0.894034
vn 0.143862 0.386274 0.911096
vn 0.140664 0.420221 0.896453
vn 0.133766 0.346790 0.928355
vn 0.125230 0.377579 0.917470
vn 0.124529 0.418104 0.899823
vn 0.114140 0.329763 0.937138
vn 0.105911 0.369624 0.923126
vn 0.104363 0.414636 0.903983
vn 0.087802 0.366666 0.926200
vn 0.069649 0.325665 0.942917
vn 0.086857 0.411044 0.907468
vn 0.066210 0.370487 0.926475
vn 0.065802 0.410495 0.909486
vn 0.985309 -0.003822 0.170736
vn 0.988013 0.025247 0.152290
vn 0.993320 0.070352 0.091466
vn 0.986114 -0.041882 0.160700
vn 0.980935 -0.003019 0.194312
vn 0.982635 -0.123870 0.138144
vn 0.982930 -0.065054 0.172093
vn 0.976900 -0.074817 0.200171
vn 0.979708 -0.028831 0.198346
vn 0.974014 -0.101081 0.202682
vn 0.966509 -0.064586 0.248374
vn 0.971153 -0.067372 0.228743
vn 0.975795 -0.047144 0.213546
vn 0.956259 -0.020510 0.291802
vn 0.973021 -0.019837 0.229864
vn 0.969331 -0.039599 0.242546
vn 0.964982 -0.036653 0.259743
vn 0.962809 -0.011122 0.269954
vn 0.946360 0.002511 0.323105
vn 0.966736 -0.014003 0.255391
vn 0.956330 0.001778 0.292282
vn 0.975751 0.015630 0.218323
vn 0.972996 0.022200 0.229751
vn 0.970754 0.023861 0.238888
vn 0.968952 0.032127 0.245153
vn 0.956969 0.018146 0.289622
vn 0.949016 0.022152 0.314448
vn 0.977497 0.003120 0.210926
vn 0.944330 0.035943 0.327031
vn 0.944588 0.057330 0.323212
vn 0.951724 0.041061 0.304195
vn 0.957789 0.033018 0.285571
vn 0.968125 0.044323 0.246514
vn 0.985223 0.027006 0.169133
vn 0.946512 0.079250 0.312786
vn 0.977512 0.062600 0.201373
vn 0.990133 0.051074 0.130495
vn 0.946079 0.098795 0.308502
vn 0.979992 0.059401 0.189965
vn 0.981379 0.056517 0.183580
vn 0.982970 0.047569 0.177503
vn 0.984071 0.031803 0.174906
vn 0.988051 0.054839 0.144039
vn 0.949198 0.108272 0.295466
vn 0.949475 0.094557 0.299259
vn 0.948900 0.121001 0.291456
vn 0.951406 0.133496 0.277499
vn 0.950776 0.117924 0.286565
vn 0.951224 0.103130 0.290754
vn 0.990567 0.077043 0.113319
vn 0.986928 0.074553 0.142884
vn 0.992748 0.092512 0.076767
vn 0.985295 0.083696 0.148957
vn 0.992483 0.116739 0.036744
vn 0.983939 0.085101 0.156913
vn 0.989354 0.141443 -0.034236
vn 0.984075 0.153591 -0.089478
vn 0.987643 0.154716 -0.024974
vn 0.990706 0.132570 0.030439
vn 0.981630 0.086192 0.170219
vn 0.976257 0.169420 -0.134979
vn 0.991116 0.114013 0.068486
vn 0.988628 0.099668 0.112607
vn 0.986989 0.108373 0.118780
vn 0.985796 0.109320 0.127494
vn 0.984033 0.109208 0.140543
vn 0.978590 0.176047 -0.106624
vn 0.983950 0.163412 -0.071692
vn 0.986080 0.165029 -0.020306
vn 0.971111 0.187083 -0.148135
vn 0.982638 0.175076 -0.061415
vn 0.988250 0.150222 0.028200
vn 0.964547 0.194941 -0.177897
vn 0.983548 0.180302 -0.011186
vn 0.988579 0.131242 0.074076
vn 0.952089 0.222425 -0.209890
vn 0.986028 0.161940 0.039050
vn 0.986803 0.137906 0.084868
vn 0.984719 0.165648 0.053745
vn 0.985889 0.137730 0.095145
vn 0.984248 0.164467 0.064864
vn 0.984721 0.136054 0.108692
vn 0.983729 0.161464 0.078785
vn 0.981105 0.193382 0.006055
vn 0.980923 0.192807 0.024802
vn 0.981044 0.190204 0.037073
vn 0.981387 0.184920 0.051815
vn 0.980782 0.189558 -0.046196
vn 0.978452 0.186383 -0.088841
vn 0.974104 0.188291 -0.125171
vn 0.983141 0.158830 0.090594
vn 0.981295 0.180758 0.066236
vn 0.983604 0.135447 0.119065
vn 0.981938 0.110150 0.153831
vn 0.979186 0.088654 0.182579
vn 0.974997 0.067258 0.211797
vn 0.971007 0.198846 -0.132686
vn 0.966991 0.205598 -0.150527
vn 0.974503 0.196802 -0.107761
vn 0.960735 0.216702 -0.173288
vn 0.970521 0.207227 -0.123069
vn 0.977073 0.199808 -0.073515
vn 0.965903 0.217829 -0.139936
vn 0.973305 0.209577 -0.093561
vn 0.978178 0.206274 -0.024860
vn 0.975242 0.215172 -0.051025
vn 0.975779 0.218701 -0.005064
vn 0.969671 0.218907 -0.108709
vn 0.971840 0.224761 -0.070775
vn 0.975761 0.218676 0.008497
vn 0.973416 0.227101 -0.029760
vn 0.976320 0.215400 0.020069
vn 0.972486 0.232294 -0.017598
vn 0.976559 0.212917 0.031596
vn 0.971514 0.236967 -0.002780
vn 0.972195 0.233912 0.011064
vn 0.970568 0.235786 -0.049006
vn 0.969920 0.240717 -0.036214
vn 0.969287 0.245153 -0.019550
vn 0.968203 0.250095 -0.005904
vn 0.968464 0.233686 -0.086424
vn 0.976765 0.208496 0.049590
vn 0.973281 0.227545 0.030777
vn 0.969163 0.245887 0.016184
vn 0.980504 0.178864 0.081362
vn 0.981896 0.159131 0.102754
vn 0.982046 0.137357 0.129301
vn 0.980596 0.113861 0.159582
vn 0.977337 0.092813 0.190257
vn 0.973156 0.072314 0.218490
vn 0.966924 0.052376 0.249630
vn 0.958952 0.048383 0.279412
vn 0.952908 0.057920 0.297676
vn 0.953258 0.074455 0.292842
vn 0.954228 0.089100 0.285501
vn 0.955172 0.103270 0.277456
vn 0.954220 0.116028 0.275684
vn 0.954829 0.130345 0.267041
vn 0.958374 0.118917 0.259572
vn 0.958272 0.105904 0.265518
vn 0.957937 0.090578 0.272308
vn 0.959043 0.075558 0.272996
vn 0.956944 0.144999 0.251462
vn 0.958654 0.130742 0.252765
vn 0.959466 0.160140 0.231905
vn 0.960635 0.138204 0.240999
vn 0.962904 0.122982 0.240190
vn 0.963086 0.107383 0.246849
vn 0.968402 0.129965 0.212852
vn 0.965477 0.137866 0.221015
vn 0.963176 0.093934 0.251931
vn 0.961700 0.172955 0.212651
vn 0.962790 0.148833 0.225574
vn 0.964866 0.166035 0.203633
vn 0.961223 0.200951 0.188865
vn 0.966703 0.163080 0.197205
vn 0.963844 0.182498 0.194163
vn 0.965617 0.187107 0.180486
vn 0.968575 0.160437 0.190059
vn 0.959875 0.227341 0.164180
vn 0.962841 0.209793 0.170072
vn 0.966783 0.190315 0.170619
vn 0.960949 0.230676 0.152855
vn 0.969857 0.167911 0.176589
vn 0.958159 0.247523 0.143751
vn 0.963726 0.214284 0.159108
vn 0.955322 0.266116 0.128618
vn 0.951263 0.291965 0.099270
vn 0.944849 0.322170 0.058882
vn 0.965042 0.215148 0.149682
vn 0.962488 0.229826 0.144213
vn 0.959668 0.246121 0.135876
vn 0.956728 0.264590 0.121092
vn 0.953134 0.287494 0.094246
vn 0.967619 0.195698 0.159422
vn 0.966323 0.215844 0.140113
vn 0.963804 0.231004 0.133111
vn 0.961606 0.244079 0.125454
vn 0.947622 0.313849 0.059267
vn 0.958755 0.261018 0.112506
vn 0.971014 0.173957 0.163921
vn 0.968839 0.198177 0.148580
vn 0.970015 0.200243 0.137746
vn 0.967834 0.218318 0.125039
vn 0.971859 0.177896 0.154410
vn 0.963385 0.244031 0.111073
vn 0.960952 0.256623 0.103514
vn 0.965770 0.231143 0.117731
vn 0.956381 0.276226 0.095048
vn 0.958602 0.269910 0.090726
vn 0.953407 0.291891 0.076257
vn 0.956139 0.283732 0.072762
vn 0.960950 0.263840 0.083449
vn 0.962518 0.253479 0.096478
vn 0.964840 0.242297 0.101866
vn 0.949961 0.307245 0.056346
vn 0.967019 0.231753 0.105666
vn 0.964408 0.249631 0.087191
vn 0.959723 0.271959 0.070494
vn 0.943161 0.330489 0.034997
vn 0.954085 0.294125 0.056676
vn 0.939017 0.342859 0.026371
vn 0.934455 0.356077 -0.001847
vn 0.938340 0.345649 0.006714
vn 0.935307 0.353039 -0.023764
vn 0.947331 0.317678 0.040549
vn 0.936858 0.347322 -0.040798
vn 0.950518 0.308587 0.035920
vn 0.944946 0.326415 0.023028
vn 0.938743 0.344230 -0.016344
vn 0.938994 0.338955 -0.058311
vn 0.940801 0.337566 -0.030698
vn 0.943129 0.332415 0.002753
vn 0.949684 0.312876 0.014454
vn 0.955520 0.293242 0.031463
vn 0.945362 0.325597 -0.016654
vn 0.936877 0.338632 -0.087117
vn 0.943784 0.327560 -0.044461
vn 0.942273 0.326796 -0.072987
vn 0.932783 0.335154 -0.132620
vn 0.958395 0.279927 0.055856
vn 0.947459 0.315630 -0.051945
vn 0.941045 0.322527 -0.102032
vn 0.928617 0.320404 -0.187114
vn 0.963645 0.257176 0.072448
vn 0.946136 0.313630 -0.080389
vn 0.951687 0.301900 -0.056120
vn 0.949009 0.313779 -0.030416
vn 0.939140 0.313517 -0.140440
vn 0.932437 0.291914 -0.212950
vn 0.945424 0.307561 -0.107607
vn 0.938507 0.299285 -0.172145
vn 0.939988 0.257985 -0.223309
vn 0.950753 0.309887 -0.006281
vn 0.950449 0.299838 -0.082122
vn 0.944784 0.297553 -0.137278
vn 0.950199 0.292428 -0.107736
vn 0.938998 0.283915 -0.194101
vn 0.955750 0.294040 0.009063
vn 0.954828 0.285952 -0.080835
vn 0.944335 0.290206 -0.154958
vn 0.946117 0.273058 -0.174072
vn 0.944685 0.260269 -0.199575
vn 0.949797 0.283247 -0.132876
vn 0.952707 0.235120 -0.192529
vn 0.954153 0.246349 -0.170012
vn 0.960522 0.229767 -0.156857
vn 0.948726 0.275972 -0.154139
vn 0.954924 0.278919 -0.101614
vn 0.955287 0.255335 -0.149100
vn 0.955240 0.268054 -0.125156
vn 0.965208 0.229845 -0.124683
vn 0.960453 0.240858 -0.139703
vn 0.964540 0.243525 -0.101779
vn 0.960357 0.254254 -0.114324
vn 0.959663 0.265671 -0.092008
vn 0.967236 0.245100 -0.066189
vn 0.963779 0.254643 -0.079285
vn 0.966701 0.250278 -0.053377
vn 0.959209 0.272586 -0.074931
vn 0.966635 0.253991 -0.033251
vn 0.963212 0.260805 -0.064836
vn 0.955861 0.288187 -0.057247
vn 0.959801 0.275691 -0.052694
vn 0.956594 0.288837 -0.038744
vn 0.963356 0.264656 -0.043609
vn 0.965832 0.258463 -0.019106
vn 0.959845 0.277969 -0.037819
vn 0.963080 0.267607 -0.029383
vn 0.953029 0.300657 -0.036628
vn 0.954660 0.296898 -0.021800
vn 0.958083 0.286217 -0.012493
vn 0.961121 0.276080 -0.005017
vn 0.964623 0.263619 0.002808
vn 0.961090 0.275543 0.019530
vn 0.965544 0.258669 0.028543
vn 0.961806 0.270627 0.041125
vn 0.969852 0.240304 0.040510
vn 0.966581 0.251725 0.048530
vn 0.963138 0.262526 0.058691
vn 0.973435 0.222505 0.053993
vn 0.970320 0.234437 0.059324
vn 0.967134 0.246502 0.062365
vn 0.967313 0.241877 0.076169
vn 0.976247 0.205183 0.069579
vn 0.973111 0.219376 0.070210
vn 0.970399 0.230892 0.070813
vn 0.979383 0.177525 0.096403
vn 0.975648 0.203007 0.083065
vn 0.973372 0.213965 0.082252
vn 0.980493 0.157901 0.117055
vn 0.978237 0.177505 0.107444
vn 0.980283 0.137696 0.141724
vn 0.970333 0.226156 0.085480
vn 0.975504 0.198524 0.094765
vn 0.978934 0.157029 0.130499
vn 0.978697 0.117205 0.168568
vn 0.972848 0.210315 0.096613
vn 0.969757 0.223564 0.097935
vn 0.977164 0.176249 0.118684
vn 0.978496 0.139004 0.152390
vn 0.974344 0.197612 0.107722
vn 0.977476 0.158198 0.139695
vn 0.975798 0.096292 0.196331
vn 0.971012 0.077924 0.225971
vn 0.974267 0.100572 0.201715
vn 0.976615 0.120904 0.177776
vn 0.965785 0.062500 0.251699
vn 0.969423 0.085540 0.230006
vn 0.958998 0.062591 0.276414
vn 0.964658 0.072546 0.253322
vn 0.963977 0.082728 0.252793
vn 0.972416 0.104764 0.208404
vn 0.968129 0.092300 0.232823
vn 0.967507 0.100378 0.232065
vn 0.971307 0.111396 0.210126
vn 0.974608 0.124430 0.186164
vn 0.967447 0.111988 0.226948
vn 0.970203 0.124895 0.207621
vn 0.972452 0.135805 0.189457
vn 0.970527 0.141072 0.195389
vn 0.972235 0.150456 0.179227
vn 0.973574 0.157112 0.165741
vn 0.974854 0.147864 0.166722
vn 0.974706 0.163503 0.152369
vn 0.976738 0.141771 0.160886
vn 0.975926 0.161065 0.147062
vn 0.972737 0.180628 0.145449
vn 0.975794 0.177167 0.128207
vn 0.974023 0.179817 0.137639
vn 0.971212 0.202191 0.125958
vn 0.972553 0.203253 0.113267
vn 0.969052 0.219706 0.112548
vn 0.967444 0.236061 0.091251
vn 0.280346 0.487805 0.826712
vn 0.263348 0.481649 0.835860
vn 0.248162 0.471619 0.846162
vn 0.226253 0.451768 0.862969
vn 0.217753 0.457052 0.862373
vn 0.205613 0.462907 0.862230
vn 0.241582 0.477434 0.844805
vn 0.233029 0.482840 0.844134
vn 0.219971 0.488747 0.844239
vn 0.260483 0.488129 0.832994
vn 0.277472 0.496089 0.822743
vn 0.247408 0.505303 0.826715
vn 0.236873 0.514377 0.824202
vn 0.255465 0.496738 0.829451
vn 0.262979 0.526651 0.808381
vn 0.254034 0.538282 0.803566
vn 0.273779 0.505046 0.818519
vn 0.269518 0.515477 0.813415
vn 0.295452 0.499475 0.814391
vn 0.279582 0.546908 0.789130
vn 0.273758 0.561664 0.780763
vn 0.284203 0.533459 0.796649
vn 0.288030 0.520205 0.804006
vn 0.291678 0.508238 0.810319
vn 0.314996 0.491719 0.811782
vn 0.337469 0.478177 0.810840
vn 0.299095 0.568257 0.766568
vn 0.295020 0.585496 0.755088
vn 0.302357 0.552166 0.776977
vn 0.305375 0.535802 0.787186
vn 0.310544 0.505871 0.804771
vn 0.307509 0.517970 0.798214
vn 0.332736 0.492929 0.803932
vn 0.321057 0.588787 0.741790
vn 0.316902 0.609048 0.727072
vn 0.322851 0.569156 0.756194
vn 0.323495 0.546408 0.772521
vn 0.327764 0.509075 0.795872
vn 0.324191 0.525339 0.786714
vn 0.351241 0.493084 0.795926
vn 0.356772 0.477297 0.803058
vn 0.347157 0.511983 0.785720
vn 0.376913 0.493821 0.783631
vn 0.380761 0.477195 0.792026
vn 0.344876 0.530899 0.774084
vn 0.345020 0.556012 0.756183
vn 0.373419 0.513210 0.772770
vn 0.406672 0.491410 0.770152
vn 0.409202 0.475881 0.778519
vn 0.372213 0.534300 0.758934
vn 0.404662 0.511473 0.758053
vn 0.437199 0.491103 0.753442
vn 0.436693 0.476147 0.763271
vn 0.344592 0.584179 0.734841
vn 0.372929 0.564782 0.736169
vn 0.404671 0.534305 0.742132
vn 0.343385 0.607708 0.716085
vn 0.340242 0.630042 0.698057
vn 0.372559 0.597844 0.709776
vn 0.371220 0.624772 0.686917
vn 0.368760 0.647696 0.666713
vn 0.405798 0.571039 0.713612
vn 0.404658 0.637167 0.655950
vn 0.403702 0.662980 0.630462
vn 0.405094 0.608494 0.682374
vn 0.439912 0.645768 0.624069
vn 0.439194 0.671719 0.596575
vn 0.440124 0.576970 0.688039
vn 0.440504 0.615414 0.653622
vn 0.479129 0.649418 0.590501
vn 0.480125 0.674659 0.560638
vn 0.477112 0.620703 0.622167
vn 0.514993 0.648243 0.560860
vn 0.517403 0.672724 0.528901
vn 0.513143 0.622372 0.591048
vn 0.474942 0.582353 0.659769
vn 0.438605 0.535191 0.721939
vn 0.548859 0.643954 0.532990
vn 0.553160 0.665700 0.500857
vn 0.585546 0.656913 0.474975
vn 0.544470 0.622161 0.562555
vn 0.581008 0.637854 0.505541
vn 0.618095 0.642468 0.452983
vn 0.509611 0.587936 0.628194
vn 0.611330 0.629090 0.480127
vn 0.645800 0.624621 0.439080
vn 0.577899 0.618953 0.531912
vn 0.637639 0.615117 0.463732
vn 0.669257 0.603603 0.433311
vn 0.472489 0.539478 0.696935
vn 0.540333 0.592950 0.597035
vn 0.605429 0.613540 0.506976
vn 0.660130 0.598016 0.454538
vn 0.688573 0.578242 0.437610
vn 0.505786 0.546005 0.667877
vn 0.575721 0.596510 0.559215
vn 0.630062 0.605323 0.486422
vn 0.678338 0.575840 0.456362
vn 0.537618 0.555524 0.634319
vn 0.600705 0.596418 0.532390
vn 0.651526 0.591944 0.474465
vn 0.687798 0.551171 0.472382
vn 0.572449 0.567537 0.591780
vn 0.535794 0.531522 0.656056
vn 0.623823 0.593321 0.508739
vn 0.667690 0.572201 0.476211
vn 0.685730 0.527006 0.502036
vn 0.596337 0.574361 0.560795
vn 0.642922 0.584723 0.494723
vn 0.673491 0.551796 0.491865
vn 0.670777 0.501043 0.546822
vn 0.570581 0.546861 0.612684
vn 0.617032 0.577442 0.534634
vn 0.655983 0.567867 0.497206
vn 0.671809 0.532785 0.514600
vn 0.653260 0.476325 0.588529
vn 0.594722 0.558035 0.578707
vn 0.634031 0.575530 0.516497
vn 0.661140 0.552790 0.507264
vn 0.657989 0.508851 0.555087
vn 0.628658 0.454943 0.630727
vn 0.640210 0.487731 0.593506
vn 0.659110 0.537962 0.525520
vn 0.646108 0.563626 0.514656
vn 0.613113 0.565069 0.552077
vn 0.617520 0.468550 0.631767
vn 0.644404 0.517462 0.563007
vn 0.649016 0.553283 0.522165
vn 0.626302 0.565457 0.536660
vn 0.589904 0.449776 0.670607
vn 0.626419 0.501081 0.597091
vn 0.647095 0.543146 0.535032
vn 0.636563 0.559995 0.530276
vn 0.605242 0.484728 0.631443
vn 0.579800 0.467791 0.667086
vn 0.634138 0.525934 0.566800
vn 0.639085 0.553246 0.534311
vn 0.631114 0.553478 0.543468
vn 0.636999 0.547291 0.542868
vn 0.629686 0.556986 0.541537
vn 0.618643 0.510471 0.597244
vn 0.626732 0.534260 0.567250
vn 0.598382 0.495320 0.629760
vn 0.622172 0.557339 0.549795
vn 0.629460 0.550348 0.548541
vn 0.612765 0.520312 0.594806
vn 0.609360 0.552918 0.568298
vn 0.621128 0.540970 0.567055
vn 0.592413 0.542383 0.595708
vn 0.569765 0.530188 0.627908
vn 0.607179 0.543299 0.579793
vn 0.591500 0.531119 0.606663
vn 0.619330 0.552010 0.558315
vn 0.568922 0.516082 0.640302
vn 0.623600 0.553333 0.552218
vn 0.625488 0.553253 0.550160
vn 0.624545 0.551811 0.552674
vn 0.617867 0.547577 0.564270
vn 0.534984 0.499266 0.681562
vn 0.606566 0.538246 0.585123
vn 0.534937 0.513259 0.671124
vn 0.503261 0.487709 0.713350
vn 0.609674 0.528538 0.590716
vn 0.591265 0.525964 0.611366
vn 0.503964 0.501801 0.703005
vn 0.467983 0.479356 0.742435
vn 0.504768 0.520367 0.688787
vn 0.468847 0.493936 0.732263
vn 0.470837 0.513487 0.717387
vn 0.437384 0.510569 0.740280
vn 0.594501 0.504172 0.626402
vn 0.574584 0.478776 0.663797
vn 0.593659 0.514592 0.618679
vn 0.569513 0.509806 0.644789
vn 0.571356 0.488215 0.659696
vn 0.570722 0.498783 0.652298
vn 0.543529 0.496350 0.676914
vn 0.551035 0.450938 0.702151
vn 0.547422 0.462896 0.697177
vn 0.545344 0.472424 0.692398
vn 0.545048 0.484716 0.684086
vn 0.516302 0.458946 0.723050
vn 0.137645 -0.036227 0.989819
vn 0.135091 -0.009730 0.990785
vn 0.132176 -0.032030 0.990709
vn 0.138447 0.013026 0.990284
vn 0.132550 0.042642 0.990259
vn 0.127692 0.012709 0.991732
vn 0.123427 0.034462 0.991755
vn 0.125912 -0.003689 0.992035
vn 0.115151 0.048053 0.992185
vn 0.118618 0.013833 0.992844
vn 0.108926 0.029987 0.993598
vn 0.096645 0.043489 0.994368
vn 0.102744 0.008372 0.994673
vn 0.113564 -0.007099 0.993505
vn 0.123246 -0.020724 0.992160
vn 0.079834 0.057143 0.995169
vn 0.121193 -0.048895 0.991424
vn 0.115443 -0.035059 0.992695
vn 0.106018 -0.022998 0.994098
vn 0.091502 0.021435 0.995574
vn 0.063943 0.064976 0.995836
vn 0.100054 -0.052072 0.993619
vn 0.102357 -0.066192 0.992543
vn 0.078555 -0.070602 0.994407
vn 0.104522 -0.077071 0.991532
vn 0.080735 -0.083025 0.993272
vn 0.087133 -0.105890 0.990553
vn 0.069907 -0.136162 0.988217
vn 0.062153 -0.086828 0.994283
vn 0.064517 -0.107050 0.992158
vn 0.042650 -0.109784 0.993040
vn 0.044812 -0.134314 0.989925
vn 0.044229 -0.089800 0.994977
vn 0.015762 -0.109197 0.993895
vn 0.018320 -0.131104 0.991199
vn 0.000000 -0.107861 0.994166
vn 0.000000 -0.131708 0.991288
vn -0.018335 -0.131105 0.991199
vn 0.027736 -0.091875 0.995384
vn 0.060008 -0.072635 0.995552
vn -0.015777 -0.109199 0.993895
vn -0.044828 -0.134316 0.989924
vn 0.013870 -0.093393 0.995533
vn 0.042473 -0.078288 0.996026
vn 0.057269 -0.065310 0.996220
vn 0.069739 -0.058211 0.995865
vn -0.042666 -0.109785 0.993039
vn 0.025171 -0.078718 0.996579
vn 0.080361 -0.056822 0.995145
vn -0.064533 -0.107051 0.992157
vn 0.094083 -0.035738 0.994923
vn -0.027751 -0.091876 0.995384
vn -0.044245 -0.089802 0.994976
vn -0.062169 -0.086829 0.994282
vn -0.013885 -0.093394 0.995532
vn -0.080751 -0.083026 0.993270
vn -0.078572 -0.070603 0.994405
vn -0.104538 -0.077072 0.991530
vn -0.060024 -0.072636 0.995551
vn -0.042488 -0.078289 0.996025
vn -0.057284 -0.065311 0.996219
vn 0.000000 -0.093486 0.995621
vn -0.025186 -0.078719 0.996579
vn -0.102373 -0.066193 0.992541
vn -0.069755 -0.058211 0.995864
vn 0.014053 -0.081897 0.996542
vn -0.014068 -0.081898 0.996541
vn 0.000000 -0.082430 0.996597
vn -0.100070 -0.052073 0.993617
vn -0.121210 -0.048896 0.991422
vn -0.080377 -0.056823 0.995144
vn 0.018153 -0.060055 0.998030
vn 0.010077 -0.060232 0.998134
vn -0.010091 -0.060232 0.998133
vn 0.000000 -0.060274 0.998182
vn -0.018168 -0.060056 0.998030
vn 0.026324 -0.058891 0.997917
vn 0.031745 -0.070454 0.997010
vn 0.044502 -0.070614 0.996511
vn 0.046482 -0.062337 0.996972
vn 0.018738 -0.039337 0.999050
vn 0.027220 -0.043781 0.998670
vn 0.033884 -0.055379 0.997890
vn 0.037995 -0.062848 0.997300
vn 0.048252 -0.049860 0.997590
vn 0.054000 -0.060079 0.996732
vn 0.009908 -0.041569 0.999086
vn 0.034882 -0.046346 0.998316
vn 0.058079 -0.054947 0.996799
vn 0.059117 -0.049358 0.997030
vn 0.063893 -0.056906 0.996333
vn 0.064691 -0.048763 0.996713
vn 0.069998 -0.047563 0.996413
vn 0.079687 -0.044226 0.995838
vn 0.074718 -0.031668 0.996702
vn 0.066442 -0.038374 0.997052
vn 0.061438 -0.043023 0.997183
vn 0.084597 -0.022629 0.996158
vn 0.065983 -0.023141 0.997552
vn 0.094632 -0.008927 0.995472
vn 0.073010 -0.012821 0.997249
vn 0.057623 -0.045397 0.997306
vn 0.059938 -0.030870 0.997725
vn 0.056819 -0.037089 0.997695
vn 0.082582 0.002950 0.996580
vn 0.054968 -0.042138 0.997599
vn 0.049080 -0.039179 0.998026
vn 0.049391 -0.031834 0.998272
vn 0.050675 -0.024914 0.998404
vn 0.054398 -0.017919 0.998359
vn 0.039460 -0.023106 0.998954
vn 0.041356 -0.031285 0.998655
vn 0.042280 -0.038617 0.998359
vn 0.059951 -0.006262 0.998182
vn 0.032356 -0.036366 0.998815
vn 0.037617 -0.042284 0.998397
vn 0.027174 -0.029630 0.999192
vn 0.014909 -0.028671 0.999478
vn 0.067584 0.010305 0.997660
vn 0.021137 -0.020581 0.999565
vn 0.074759 0.032592 0.996669
vn 0.060490 0.040849 0.997333
vn 0.048405 0.071867 0.996239
vn 0.035895 0.078759 0.996247
vn 0.045448 0.047858 0.997820
vn 0.055781 0.018669 0.998268
vn 0.019657 0.056960 0.998183
vn 0.047814 0.001571 0.998855
vn 0.033327 0.054225 0.997972
vn 0.000000 0.036434 0.999336
vn 0.018365 0.035506 0.999201
vn 0.000000 0.020261 0.999795
vn -0.018379 0.035507 0.999200
vn 0.030386 0.032424 0.999012
vn 0.042118 0.026585 0.998759
vn -0.030400 0.032425 0.999012
vn 0.015066 0.018587 0.999714
vn 0.037119 0.009386 0.999267
vn 0.026013 0.015507 0.999541
vn 0.020313 -0.000248 0.999794
vn 0.030246 -0.004633 0.999532
vn 0.043089 -0.012682 0.998991
vn 0.025123 -0.014884 0.999574
vn 0.011423 0.002668 0.999931
vn 0.013228 -0.019509 0.999722
vn 0.015918 -0.011769 0.999804
vn 0.008652 -0.010106 0.999911
vn 0.008005 -0.030003 0.999518
vn 0.000000 0.003988 0.999992
vn 0.007169 -0.020082 0.999773
vn 0.000000 -0.041760 0.999128
vn 0.000000 -0.009559 0.999954
vn 0.000000 -0.029462 0.999566
vn -0.009922 -0.041569 0.999086
vn 0.000000 -0.019862 0.999803
vn -0.008018 -0.030003 0.999518
vn -0.007183 -0.020082 0.999773
vn -0.008665 -0.010107 0.999911
vn -0.018752 -0.039338 0.999050
vn -0.013241 -0.019509 0.999722
vn -0.014923 -0.028671 0.999478
vn -0.011436 0.002668 0.999931
vn -0.015931 -0.011769 0.999804
vn -0.015080 0.018587 0.999714
vn -0.020326 -0.000248 0.999793
vn -0.025137 -0.014884 0.999573
vn -0.021151 -0.020582 0.999564
vn -0.039475 -0.023107 0.998953
vn -0.027189 -0.029631 0.999191
vn -0.026027 0.015507 0.999541
vn -0.032371 -0.036367 0.998814
vn -0.042132 0.026586 0.998758
vn -0.037134 0.009386 0.999266
vn -0.030260 -0.004633 0.999531
vn -0.047828 0.001571 0.998854
vn -0.043103 -0.012682 0.998990
vn -0.059966 -0.006262 0.998181
vn -0.054413 -0.017920 0.998358
vn -0.082597 0.002950 0.996579
vn -0.073025 -0.012821 0.997248
vn -0.094648 -0.008927 0.995471
vn -0.102760 0.008372 0.994671
vn -0.108942 0.029987 0.993596
vn -0.115168 0.048054 0.992183
vn -0.123443 0.034462 0.991753
vn -0.118633 0.013833 0.992842
vn -0.132567 0.042642 0.990256
vn -0.127709 0.012709 0.991730
vn -0.138463 0.013026 0.990282
vn -0.146149 0.019316 0.989074
vn -0.142748 -0.014874 0.989647
vn -0.135107 -0.009731 0.990783
vn -0.125928 -0.003689 0.992033
vn -0.113580 -0.007100 0.993504
vn -0.143522 -0.040729 0.988809
vn -0.137662 -0.036227 0.989817
vn -0.132193 -0.032030 0.990706
vn -0.123263 -0.020724 0.992158
vn -0.115460 -0.035060 0.992693
vn -0.106034 -0.022999 0.994097
vn -0.094099 -0.035739 0.994921
vn -0.084612 -0.022630 0.996157
vn -0.065998 -0.023142 0.997551
vn -0.074733 -0.031669 0.996701
vn -0.079702 -0.044227 0.995837
vn -0.070014 -0.047564 0.996411
vn -0.066457 -0.038374 0.997051
vn -0.050689 -0.024914 0.998404
vn -0.064707 -0.048763 0.996712
vn -0.059952 -0.030871 0.997724
vn -0.041370 -0.031286 0.998654
vn -0.063908 -0.056907 0.996332
vn -0.061453 -0.043023 0.997182
vn -0.049405 -0.031834 0.998271
vn -0.058094 -0.054947 0.996798
vn -0.056834 -0.037089 0.997694
vn -0.049095 -0.039180 0.998025
vn -0.059133 -0.049358 0.997029
vn -0.057638 -0.045398 0.997305
vn -0.048267 -0.049861 0.997589
vn -0.054982 -0.042139 0.997598
vn -0.042295 -0.038618 0.998359
vn -0.054016 -0.060079 0.996731
vn -0.037632 -0.042284 0.998397
vn -0.034896 -0.046347 0.998316
vn -0.027235 -0.043782 0.998670
vn -0.033899 -0.055380 0.997890
vn -0.026338 -0.058892 0.997917
vn -0.031759 -0.070455 0.997009
vn -0.038010 -0.062849 0.997299
vn -0.046497 -0.062338 0.996971
vn -0.044517 -0.070615 0.996510
vn -0.985312 -0.003822 0.170719
vn -0.988016 0.025247 0.152273
vn -0.993321 0.070351 0.091450
vn -0.986117 -0.041881 0.160682
vn -0.980939 -0.003019 0.194294
vn -0.982638 -0.123868 0.138126
vn -0.982934 -0.065053 0.172074
vn -0.976904 -0.074816 0.200152
vn -0.979712 -0.028830 0.198328
vn -0.974018 -0.101080 0.202663
vn -0.966514 -0.064585 0.248355
vn -0.971157 -0.067372 0.228724
vn -0.975799 -0.047143 0.213527
vn -0.956265 -0.020510 0.291782
vn -0.973025 -0.019837 0.229845
vn -0.969336 -0.039599 0.242527
vn -0.964987 -0.036652 0.259723
vn -0.962814 -0.011122 0.269935
vn -0.946367 0.002511 0.323085
vn -0.966742 -0.014003 0.255372
vn -0.956336 0.001778 0.292263
vn -0.949023 0.022152 0.314428
vn -0.956975 0.018146 0.289602
vn -0.968957 0.032126 0.245134
vn -0.970758 0.023861 0.238870
vn -0.973001 0.022199 0.229733
vn -0.951731 0.041061 0.304175
vn -0.957794 0.033017 0.285551
vn -0.968130 0.044322 0.246494
vn -0.977516 0.062599 0.201355
vn -0.975755 0.015630 0.218305
vn -0.979996 0.059400 0.189946
vn -0.981382 0.056516 0.183562
vn -0.977501 0.003120 0.210908
vn -0.982973 0.047568 0.177485
vn -0.985226 0.027006 0.169116
vn -0.984074 0.031803 0.174889
vn -0.990135 0.051073 0.130478
vn -0.988054 0.054838 0.144021
vn -0.983942 0.085100 0.156895
vn -0.985298 0.083695 0.148939
vn -0.986930 0.074552 0.142866
vn -0.990569 0.077042 0.113302
vn -0.992749 0.092510 0.076751
vn -0.981633 0.086191 0.170201
vn -0.992483 0.116738 0.036729
vn -0.989356 0.141428 -0.034251
vn -0.984076 0.153575 -0.089494
vn -0.987645 0.154701 -0.024989
vn -0.990707 0.132568 0.030423
vn -0.991117 0.114011 0.068470
vn -0.976258 0.169403 -0.134996
vn -0.988630 0.099666 0.112589
vn -0.986991 0.108372 0.118762
vn -0.985799 0.109318 0.127477
vn -0.984036 0.109207 0.140525
vn -0.988251 0.150220 0.028185
vn -0.988580 0.131240 0.074059
vn -0.986804 0.137904 0.084851
vn -0.985891 0.137729 0.095128
vn -0.984723 0.136052 0.108675
vn -0.986082 0.165014 -0.020322
vn -0.983951 0.163396 -0.071708
vn -0.978591 0.176031 -0.106640
vn -0.982639 0.175060 -0.061431
vn -0.983550 0.180287 -0.011201
vn -0.971111 0.187066 -0.148152
vn -0.986029 0.161937 0.039034
vn -0.964547 0.194924 -0.177914
vn -0.984721 0.165646 0.053729
vn -0.952089 0.222407 -0.209908
vn -0.984249 0.164465 0.064847
vn -0.983731 0.161461 0.078768
vn -0.981106 0.193379 0.006040
vn -0.980924 0.192804 0.024786
vn -0.981045 0.190201 0.037057
vn -0.981388 0.184918 0.051798
vn -0.980784 0.189542 -0.046212
vn -0.978454 0.186367 -0.088858
vn -0.974105 0.188275 -0.125188
vn -0.975761 0.218672 0.008481
vn -0.975782 0.218687 -0.005080
vn -0.978181 0.206259 -0.024876
vn -0.977075 0.199792 -0.073531
vn -0.974505 0.196786 -0.107778
vn -0.971008 0.198829 -0.132704
vn -0.975245 0.215156 -0.051041
vn -0.966991 0.205582 -0.150544
vn -0.970522 0.207210 -0.123086
vn -0.973307 0.209561 -0.093578
vn -0.960736 0.216684 -0.173306
vn -0.965904 0.217812 -0.139954
vn -0.969673 0.218891 -0.108727
vn -0.971843 0.224745 -0.070791
vn -0.973420 0.227086 -0.029776
vn -0.972490 0.232279 -0.017614
vn -0.952708 0.235102 -0.192547
vn -0.960523 0.229750 -0.156875
vn -0.965209 0.229828 -0.124700
vn -0.939988 0.257967 -0.223327
vn -0.932438 0.291896 -0.212969
vn -0.928619 0.320386 -0.187133
vn -0.932786 0.335137 -0.132640
vn -0.964542 0.243509 -0.101796
vn -0.960455 0.240841 -0.139721
vn -0.954154 0.246331 -0.170031
vn -0.944686 0.260251 -0.199594
vn -0.938999 0.283897 -0.194120
vn -0.938509 0.299267 -0.172164
vn -0.946119 0.273040 -0.174091
vn -0.955289 0.255318 -0.149117
vn -0.939143 0.313500 -0.140459
vn -0.960359 0.254237 -0.114341
vn -0.948728 0.275955 -0.154158
vn -0.944337 0.290188 -0.154976
vn -0.955242 0.268037 -0.125174
vn -0.944787 0.297536 -0.137297
vn -0.949800 0.283230 -0.132894
vn -0.941049 0.322511 -0.102051
vn -0.945428 0.307544 -0.107625
vn -0.950202 0.292411 -0.107754
vn -0.954926 0.278902 -0.101632
vn -0.959666 0.265654 -0.092026
vn -0.954832 0.285936 -0.080853
vn -0.950453 0.299822 -0.082140
vn -0.951690 0.301884 -0.056137
vn -0.946140 0.313614 -0.080407
vn -0.936881 0.338616 -0.087136
vn -0.963782 0.254627 -0.079302
vn -0.959212 0.272570 -0.074949
vn -0.942277 0.326780 -0.073005
vn -0.934191 0.351101 -0.063366
vn -0.955865 0.288171 -0.057264
vn -0.947464 0.315614 -0.051962
vn -0.938998 0.338940 -0.058328
vn -0.932418 0.359234 -0.039349
vn -0.943788 0.327544 -0.044478
vn -0.936863 0.347307 -0.040815
vn -0.931653 0.363218 -0.009776
vn -0.940806 0.337551 -0.030715
vn -0.945367 0.325581 -0.016671
vn -0.935312 0.353024 -0.023782
vn -0.938748 0.344214 -0.016361
vn -0.949013 0.313764 -0.030432
vn -0.943131 0.332410 0.002736
vn -0.934460 0.356062 -0.001864
vn -0.938342 0.345643 0.006697
vn -0.944948 0.326410 0.023010
vn -0.949686 0.312871 0.014437
vn -0.936022 0.351058 0.024901
vn -0.950757 0.309873 -0.006297
vn -0.939019 0.342853 0.026354
vn -0.953033 0.300641 -0.036645
vn -0.954665 0.296883 -0.021816
vn -0.956598 0.288822 -0.038761
vn -0.959804 0.275675 -0.052711
vn -0.959849 0.277954 -0.037836
vn -0.958088 0.286202 -0.012509
vn -0.963215 0.260789 -0.064853
vn -0.963360 0.264640 -0.043626
vn -0.963084 0.267592 -0.029400
vn -0.955752 0.294035 0.009046
vn -0.966638 0.253975 -0.033268
vn -0.966705 0.250262 -0.053394
vn -0.961126 0.276066 -0.005033
vn -0.967239 0.245084 -0.066206
vn -0.968466 0.233670 -0.086441
vn -0.970571 0.235771 -0.049023
vn -0.969923 0.240702 -0.036231
vn -0.965836 0.258448 -0.019122
vn -0.969291 0.245138 -0.019566
vn -0.971517 0.236952 -0.002796
vn -0.968207 0.250080 -0.005920
vn -0.964624 0.263615 0.002792
vn -0.976321 0.215397 0.020053
vn -0.972196 0.233909 0.011048
vn -0.976560 0.212914 0.031579
vn -0.969165 0.245883 0.016168
vn -0.961092 0.275538 0.019513
vn -0.981296 0.180756 0.066219
vn -0.973283 0.227541 0.030760
vn -0.965546 0.258665 0.028526
vn -0.955522 0.293238 0.031446
vn -0.983143 0.158828 0.090577
vn -0.976767 0.208493 0.049573
vn -0.969854 0.240300 0.040493
vn -0.961807 0.270622 0.041108
vn -0.950520 0.308582 0.035902
vn -0.983607 0.135445 0.119047
vn -0.973437 0.222501 0.053976
vn -0.966583 0.251722 0.048513
vn -0.947333 0.317674 0.040531
vn -0.943163 0.330484 0.034979
vn -0.949964 0.307240 0.056328
vn -0.944852 0.322165 0.058864
vn -0.970321 0.234433 0.059307
vn -0.954087 0.294120 0.056658
vn -0.958397 0.279923 0.055838
vn -0.963141 0.262522 0.058674
vn -0.947624 0.313844 0.059248
vn -0.943629 0.324213 0.066712
vn -0.967136 0.246498 0.062347
vn -0.951267 0.291961 0.099251
vn -0.942726 0.322725 0.084356
vn -0.950282 0.290938 0.110995
vn -0.950043 0.282187 0.133375
vn -0.953477 0.251326 0.166484
vn -0.954082 0.254762 0.157557
vn -0.955516 0.229537 0.185210
vn -0.956350 0.234669 0.174140
vn -0.954500 0.261957 0.142508
vn -0.955326 0.266112 0.128599
vn -0.953138 0.287489 0.094227
vn -0.953410 0.291887 0.076238
vn -0.956142 0.283727 0.072743
vn -0.956385 0.276221 0.095029
vn -0.959726 0.271955 0.070476
vn -0.963647 0.257172 0.072430
vn -0.967315 0.241874 0.076151
vn -0.970401 0.230889 0.070795
vn -0.973113 0.219373 0.070192
vn -0.976249 0.205180 0.069562
vn -0.980506 0.178861 0.081345
vn -0.981898 0.159129 0.102737
vn -0.979385 0.177523 0.096385
vn -0.975650 0.203004 0.083048
vn -0.973374 0.213962 0.082234
vn -0.970336 0.226152 0.085462
vn -0.982049 0.137355 0.129283
vn -0.980495 0.157898 0.117037
vn -0.978239 0.177502 0.107427
vn -0.975506 0.198521 0.094747
vn -0.972851 0.210312 0.096595
vn -0.969759 0.223560 0.097917
vn -0.981941 0.110149 0.153813
vn -0.979190 0.088653 0.182560
vn -0.980600 0.113859 0.159563
vn -0.975001 0.067257 0.211778
vn -0.977341 0.092812 0.190238
vn -0.980285 0.137694 0.141706
vn -0.973161 0.072313 0.218471
vn -0.978700 0.117204 0.168549
vn -0.978937 0.157027 0.130481
vn -0.966929 0.052375 0.249611
vn -0.975802 0.096291 0.196312
vn -0.971017 0.077923 0.225952
vn -0.958957 0.048382 0.279392
vn -0.978500 0.139002 0.152371
vn -0.977167 0.176247 0.118666
vn -0.974271 0.100571 0.201695
vn -0.965790 0.062499 0.251680
vn -0.952915 0.057919 0.297656
vn -0.977479 0.158195 0.139677
vn -0.974346 0.197609 0.107704
vn -0.969427 0.085539 0.229986
vn -0.959004 0.062590 0.276393
vn -0.953264 0.074454 0.292821
vn -0.975797 0.177164 0.128189
vn -0.972555 0.203250 0.113249
vn -0.974026 0.179814 0.137620
vn -0.975929 0.161063 0.147044
vn -0.964663 0.072545 0.253302
vn -0.976741 0.141769 0.160867
vn -0.976619 0.120902 0.177757
vn -0.972420 0.104763 0.208385
vn -0.968134 0.092299 0.232803
vn -0.963983 0.082727 0.252773
vn -0.974612 0.124429 0.186144
vn -0.974857 0.147862 0.166703
vn -0.971312 0.111394 0.210107
vn -0.959049 0.075557 0.272976
vn -0.967512 0.100377 0.232045
vn -0.972456 0.135803 0.189437
vn -0.974709 0.163500 0.152350
vn -0.963181 0.093933 0.251911
vn -0.957943 0.090577 0.272287
vn -0.970208 0.124893 0.207601
vn -0.967452 0.111986 0.226928
vn -0.968407 0.129964 0.212832
vn -0.963091 0.107382 0.246828
vn -0.954234 0.089099 0.285481
vn -0.958277 0.105903 0.265498
vn -0.949482 0.094556 0.299238
vn -0.970531 0.141070 0.195370
vn -0.962909 0.122981 0.240170
vn -0.955178 0.103268 0.277435
vn -0.949205 0.108271 0.295445
vn -0.958380 0.118916 0.259552
vn -0.951230 0.103129 0.290733
vn -0.954226 0.116026 0.275664
vn -0.950782 0.117923 0.286544
vn -0.948907 0.121000 0.291435
vn -0.954835 0.130344 0.267020
vn -0.949863 0.138375 0.280380
vn -0.951412 0.133494 0.277479
vn -0.949863 0.150412 0.274109
vn -0.950367 0.166198 0.263022
vn -0.952539 0.157648 0.260416
vn -0.952045 0.184140 0.244341
vn -0.954087 0.153383 0.257276
vn -0.956950 0.144997 0.251441
vn -0.953030 0.199733 0.227685
vn -0.955425 0.189315 0.226545
vn -0.954793 0.205035 0.215245
vn -0.956941 0.176041 0.230809
vn -0.956956 0.206370 0.204077
vn -0.957747 0.212255 0.194084
vn -0.959227 0.192510 0.206937
vn -0.958596 0.217873 0.183370
vn -0.959471 0.160138 0.231885
vn -0.961704 0.172952 0.212631
vn -0.961227 0.200948 0.188844
vn -0.957052 0.244532 0.155740
vn -0.959880 0.227338 0.164160
vn -0.958162 0.247520 0.143732
vn -0.960953 0.230673 0.152836
vn -0.956732 0.264586 0.121072
vn -0.962845 0.209790 0.170052
vn -0.959671 0.246117 0.135856
vn -0.958759 0.261014 0.112487
vn -0.961610 0.244075 0.125435
vn -0.958605 0.269906 0.090707
vn -0.960955 0.256619 0.103496
vn -0.960953 0.263836 0.083430
vn -0.964410 0.249627 0.087173
vn -0.967447 0.236058 0.091233
vn -0.969055 0.219702 0.112529
vn -0.967022 0.231749 0.105648
vn -0.964842 0.242293 0.101848
vn -0.962521 0.253475 0.096459
vn -0.963389 0.244028 0.111054
vn -0.971215 0.202188 0.125940
vn -0.967837 0.218315 0.125021
vn -0.965774 0.231140 0.117712
vn -0.963808 0.231001 0.133092
vn -0.972741 0.180625 0.145430
vn -0.970018 0.200240 0.137727
vn -0.966326 0.215841 0.140094
vn -0.962492 0.229822 0.144194
vn -0.971863 0.177894 0.154391
vn -0.963729 0.214281 0.159088
vn -0.965046 0.215145 0.149663
vn -0.968843 0.198174 0.148561
vn -0.973577 0.157110 0.165722
vn -0.966787 0.190313 0.170600
vn -0.967623 0.195695 0.159403
vn -0.971018 0.173955 0.163902
vn -0.972239 0.150454 0.179208
vn -0.969861 0.167909 0.176569
vn -0.965621 0.187104 0.180466
vn -0.968579 0.160435 0.190040
vn -0.965482 0.137864 0.220994
vn -0.963848 0.182496 0.194143
vn -0.964870 0.166033 0.203613
vn -0.966708 0.163078 0.197185
vn -0.962795 0.148831 0.225554
vn -0.960640 0.138202 0.240979
vn -0.958659 0.130740 0.252744

vt 0.023570 0.986533
vt 0.023588 0.986475
vt 0.023479 0.986454
vt 0.023461 0.986511
vt 0.023369 0.986434
vt 0.023550 0.986600
vt 0.023354 0.986493
vt 0.023432 0.986575
vt 0.023248 0.986472
vt 0.023266 0.986411
vt 0.023416 0.986637
vt 0.023282 0.986603
vt 0.023533 0.986663
vt 0.023507 0.986773
vt 0.023392 0.986746
vt 0.023271 0.986722
vt 0.023136 0.986700
vt 0.023330 0.986554
vt 0.023232 0.986531
vt 0.023122 0.986559
vt 0.022983 0.986680
vt 0.023139 0.986504
vt 0.022958 0.986513
vt 0.022806 0.986655
vt 0.023152 0.986447
vt 0.023168 0.986391
vt 0.023050 0.986480
vt 0.023063 0.986421
vt 0.023076 0.986373
vt 0.022968 0.986457
vt 0.022981 0.986399
vt 0.022990 0.986352
vt 0.022892 0.986434
vt 0.022903 0.986379
vt 0.022912 0.986333
vt 0.022824 0.986475
vt 0.022694 0.986443
vt 0.022632 0.986639
vt 0.022472 0.986652
vt 0.022839 0.986361
vt 0.022845 0.986320
vt 0.022785 0.986308
vt 0.022830 0.986413
vt 0.022768 0.986393
vt 0.022779 0.986344
vt 0.022733 0.986297
vt 0.022722 0.986327
vt 0.022699 0.986290
vt 0.022706 0.986374
vt 0.022661 0.986302
vt 0.022673 0.986283
vt 0.022589 0.986333
vt 0.022649 0.986284
vt 0.022583 0.986434
vt 0.022387 0.986476
vt 0.022434 0.986580
vt 0.022311 0.986672
vt 0.022107 0.986705
vt 0.022040 0.986475
vt 0.022576 0.986286
vt 0.022366 0.986323
vt 0.022017 0.986279
vt 0.022683 0.986266
vt 0.022704 0.986276
vt 0.022357 0.986206
vt 0.022583 0.986225
vt 0.022351 0.986095
vt 0.021994 0.986066
vt 0.022170 0.986028
vt 0.022382 0.985970
vt 0.022745 0.986238
vt 0.022741 0.986261
vt 0.022722 0.986176
vt 0.022522 0.986097
vt 0.022724 0.986044
vt 0.022548 0.985901
vt 0.022786 0.986215
vt 0.022787 0.986245
vt 0.022780 0.986154
vt 0.022842 0.986192
vt 0.022844 0.986226
vt 0.022875 0.985978
vt 0.022690 0.985820
vt 0.022843 0.986130
vt 0.022914 0.986168
vt 0.022914 0.986208
vt 0.022915 0.986099
vt 0.022990 0.986141
vt 0.022995 0.986186
vt 0.023012 0.985895
vt 0.022819 0.985730
vt 0.022983 0.986064
vt 0.023073 0.986100
vt 0.023087 0.986154
vt 0.023136 0.985806
vt 0.022935 0.985635
vt 0.023053 0.986023
vt 0.023125 0.985981
vt 0.023160 0.986054
vt 0.023186 0.986113
vt 0.023202 0.985926
vt 0.023248 0.985995
vt 0.023284 0.986053
vt 0.023254 0.985697
vt 0.023043 0.985545
vt 0.023280 0.985863
vt 0.023332 0.985927
vt 0.023378 0.985979
vt 0.023320 0.985620
vt 0.023142 0.985453
vt 0.023346 0.985795
vt 0.023418 0.985710
vt 0.023402 0.985851
vt 0.023456 0.985901
vt 0.023478 0.985760
vt 0.023534 0.985802
vt 0.011395 0.986454
vt 0.011286 0.986475
vt 0.011304 0.986533
vt 0.011413 0.986511
vt 0.011324 0.986600
vt 0.011505 0.986434
vt 0.011442 0.986575
vt 0.011520 0.986493
vt 0.011458 0.986637
vt 0.011592 0.986603
vt 0.011341 0.986663
vt 0.011367 0.986773
vt 0.011483 0.986746
vt 0.011603 0.986722
vt 0.011738 0.986700
vt 0.011626 0.986472
vt 0.011608 0.986411
vt 0.011544 0.986554
vt 0.011642 0.986531
vt 0.011752 0.986559
vt 0.011891 0.986680
vt 0.011722 0.986447
vt 0.011707 0.986391
vt 0.011735 0.986504
vt 0.011917 0.986513
vt 0.012068 0.986655
vt 0.011824 0.986480
vt 0.011811 0.986421
vt 0.011798 0.986373
vt 0.011906 0.986457
vt 0.011893 0.986399
vt 0.011884 0.986352
vt 0.011982 0.986434
vt 0.011971 0.986379
vt 0.011963 0.986333
vt 0.012050 0.986475
vt 0.012180 0.986443
vt 0.012242 0.986639
vt 0.012402 0.986652
vt 0.012035 0.986361
vt 0.012030 0.986320
vt 0.012090 0.986308
vt 0.012044 0.986413
vt 0.012106 0.986393
vt 0.012096 0.986344
vt 0.012141 0.986297
vt 0.012152 0.986327
vt 0.012176 0.986290
vt 0.012168 0.986374
vt 0.012214 0.986302
vt 0.012201 0.986283
vt 0.012286 0.986333
vt 0.012225 0.986284
vt 0.012291 0.986434
vt 0.012487 0.986476
vt 0.012441 0.986580
vt 0.012562 0.986672
vt 0.012768 0.986705
vt 0.012834 0.986475
vt 0.012299 0.986286
vt 0.012508 0.986323
vt 0.012857 0.986279
vt 0.012191 0.986266
vt 0.012170 0.986276
vt 0.012517 0.986206
vt 0.012291 0.986225
vt 0.012524 0.986095
vt 0.012881 0.986066
vt 0.012704 0.986028
vt 0.012492 0.985970
vt 0.012129 0.986238
vt 0.012133 0.986261
vt 0.012153 0.986176
vt 0.012352 0.986097
vt 0.012150 0.986044
vt 0.012326 0.985901
vt 0.012089 0.986215
vt 0.012087 0.986245
vt 0.012094 0.986154
vt 0.012032 0.986192
vt 0.012030 0.986226
vt 0.011999 0.985978
vt 0.012185 0.985820
vt 0.012032 0.986130
vt 0.011960 0.986168
vt 0.011960 0.986208
vt 0.011959 0.986099
vt 0.011885 0.986141
vt 0.011879 0.986186
vt 0.011863 0.985895
vt 0.012055 0.985730
vt 0.011891 0.986064
vt 0.011802 0.986100
vt 0.011787 0.986154
vt 0.011738 0.985806
vt 0.011939 0.985635
vt 0.011821 0.986023
vt 0.011750 0.985981
vt 0.011714 0.986054
vt 0.011688 0.986113
vt 0.011673 0.985926
vt 0.011627 0.985995
vt 0.011590 0.986053
vt 0.011621 0.985697
vt 0.011831 0.985545
vt 0.011594 0.985863
vt 0.011543 0.985927
vt 0.011496 0.985979
vt 0.011555 0.985620
vt 0.011733 0.985453
vt 0.011528 0.985795
vt 0.011456 0.985710
vt 0.011472 0.985851
vt 0.011419 0.985901
vt 0.011396 0.985760
vt 0.011340 0.985802
vt 0.025677 0.986555
vt 0.026435 0.986555
vt 0.026435 0.985596
vt 0.025757 0.985609
vt 0.024998 0.986444
vt 0.025839 0.984704
vt 0.026435 0.984671
vt 0.025186 0.985550
vt 0.024119 0.985952
vt 0.025903 0.983832
vt 0.026435 0.983838
vt 0.025349 0.984699
vt 0.024448 0.985199
vt 0.023433 0.985161
vt 0.025976 0.982888
vt 0.026435 0.982859
vt 0.026435 0.982251
vt 0.025496 0.983806
vt 0.024713 0.984497
vt 0.023840 0.984638
vt 0.023089 0.984519
vt 0.025733 0.982144
vt 0.026435 0.981499
vt 0.025635 0.982855
vt 0.024940 0.983677
vt 0.024188 0.984058
vt 0.023496 0.984159
vt 0.022684 0.983827
vt 0.025163 0.982750
vt 0.025304 0.982000
vt 0.024435 0.983411
vt 0.024701 0.982576
vt 0.023855 0.983654
vt 0.023184 0.983512
vt 0.024150 0.983115
vt 0.025861 0.981225
vt 0.025943 0.980158
vt 0.026435 0.980513
vt 0.025428 0.981016
vt 0.024902 0.981827
vt 0.023611 0.983114
vt 0.024349 0.982266
vt 0.025992 0.978993
vt 0.026435 0.979390
vt 0.023948 0.982764
vt 0.023795 0.982387
vt 0.023291 0.982804
vt 0.026008 0.978015
vt 0.026435 0.978400
vt 0.022729 0.983114
vt 0.025992 0.977025
vt 0.026435 0.977427
vt 0.025948 0.976205
vt 0.026435 0.976484
vt 0.026020 0.975248
vt 0.026435 0.975485
vt 0.026435 0.974285
vt 0.025571 0.976073
vt 0.025598 0.976835
vt 0.025970 0.974165
vt 0.026435 0.972959
vt 0.025478 0.975061
vt 0.025947 0.972999
vt 0.026435 0.971798
vt 0.025599 0.977811
vt 0.025231 0.975998
vt 0.025407 0.974028
vt 0.025931 0.971908
vt 0.026435 0.970693
vt 0.025235 0.976781
vt 0.025577 0.978753
vt 0.025095 0.974970
vt 0.025367 0.972974
vt 0.025934 0.970845
vt 0.026435 0.969610
vt 0.025220 0.977757
vt 0.024954 0.975932
vt 0.024993 0.973945
vt 0.025351 0.971936
vt 0.025956 0.969821
vt 0.026435 0.968789
vt 0.026013 0.968789
vt 0.025367 0.970903
vt 0.025420 0.969860
vt 0.025520 0.968789
vt 0.024931 0.972923
vt 0.024805 0.974895
vt 0.024905 0.971909
vt 0.024982 0.969858
vt 0.025122 0.968789
vt 0.024924 0.970891
vt 0.024526 0.973835
vt 0.024477 0.969848
vt 0.024575 0.968789
vt 0.024446 0.972845
vt 0.024412 0.971861
vt 0.024420 0.970866
vt 0.023821 0.969823
vt 0.023819 0.968789
vt 0.023817 0.970820
vt 0.023848 0.971785
vt 0.023915 0.972735
vt 0.023315 0.969790
vt 0.023377 0.968789
vt 0.023326 0.970762
vt 0.023389 0.971701
vt 0.022843 0.969763
vt 0.022931 0.968789
vt 0.022847 0.970699
vt 0.022354 0.969736
vt 0.022501 0.968789
vt 0.024013 0.973690
vt 0.023497 0.972628
vt 0.022920 0.971603
vt 0.022362 0.970640
vt 0.021799 0.969696
vt 0.021937 0.968789
vt 0.023637 0.973545
vt 0.023042 0.972493
vt 0.022458 0.971507
vt 0.021831 0.970591
vt 0.021171 0.969634
vt 0.021329 0.968789
vt 0.023193 0.973359
vt 0.022603 0.972349
vt 0.021973 0.971461
vt 0.021255 0.970538
vt 0.020494 0.969623
vt 0.020003 0.968789
vt 0.022834 0.973014
vt 0.022212 0.972347
vt 0.022551 0.973288
vt 0.021461 0.971452
vt 0.020696 0.970517
vt 0.021784 0.972391
vt 0.020973 0.971472
vt 0.023091 0.974244
vt 0.022190 0.973368
vt 0.021391 0.972584
vt 0.023748 0.974455
vt 0.022636 0.974349
vt 0.021740 0.973513
vt 0.024139 0.974650
vt 0.022298 0.974515
vt 0.024481 0.974786
vt 0.024611 0.975760
vt 0.024275 0.975579
vt 0.023903 0.975397
vt 0.023402 0.975237
vt 0.022949 0.975214
vt 0.022627 0.975292
vt 0.024618 0.976460
vt 0.024305 0.976289
vt 0.024013 0.976262
vt 0.023585 0.975988
vt 0.023177 0.975889
vt 0.022837 0.975894
vt 0.024960 0.976800
vt 0.024102 0.977219
vt 0.023728 0.976933
vt 0.023348 0.976573
vt 0.024376 0.977234
vt 0.024645 0.977352
vt 0.024902 0.977866
vt 0.022968 0.976402
vt 0.025182 0.978658
vt 0.024162 0.978064
vt 0.024372 0.977983
vt 0.024627 0.977934
vt 0.023892 0.977882
vt 0.023586 0.977440
vt 0.023337 0.977097
vt 0.023727 0.977891
vt 0.024554 0.978721
vt 0.024329 0.978717
vt 0.024130 0.978742
vt 0.023930 0.978553
vt 0.023788 0.978408
vt 0.024860 0.978683
vt 0.023610 0.977950
vt 0.023678 0.978341
vt 0.023467 0.977587
vt 0.023535 0.978016
vt 0.023887 0.979148
vt 0.023778 0.978940
vt 0.023697 0.978750
vt 0.023599 0.978344
vt 0.024060 0.979372
vt 0.024246 0.979452
vt 0.024453 0.979557
vt 0.024775 0.979660
vt 0.025138 0.979741
vt 0.025556 0.979908
vt 0.025012 0.980821
vt 0.024660 0.980633
vt 0.024559 0.981580
vt 0.024332 0.980367
vt 0.024246 0.981165
vt 0.024005 0.981703
vt 0.024123 0.980163
vt 0.024045 0.980869
vt 0.023831 0.981349
vt 0.023632 0.981994
vt 0.023938 0.979994
vt 0.023851 0.980593
vt 0.023735 0.979752
vt 0.023684 0.981017
vt 0.023629 0.980389
vt 0.023543 0.980689
vt 0.023717 0.979315
vt 0.023446 0.980281
vt 0.023243 0.980416
vt 0.023301 0.980869
vt 0.023415 0.981311
vt 0.023599 0.979680
vt 0.023669 0.979131
vt 0.023432 0.979927
vt 0.023576 0.979517
vt 0.023519 0.981667
vt 0.023029 0.980966
vt 0.023427 0.979817
vt 0.023223 0.980028
vt 0.023225 0.982315
vt 0.023116 0.981435
vt 0.023222 0.980110
vt 0.023016 0.980194
vt 0.022945 0.980527
vt 0.022761 0.982542
vt 0.023164 0.981856
vt 0.022714 0.980992
vt 0.022768 0.982021
vt 0.022780 0.981529
vt 0.022827 0.980198
vt 0.023020 0.980107
vt 0.022598 0.980416
vt 0.022341 0.982107
vt 0.022389 0.981537
vt 0.022365 0.980975
vt 0.022306 0.980483
vt 0.022296 0.982648
vt 0.022245 0.983197
vt 0.022166 0.983807
vt 0.022365 0.984892
vt 0.021830 0.984587
vt 0.021888 0.985732
vt 0.021413 0.985241
vt 0.020823 0.986472
vt 0.020450 0.985844
vt 0.019477 0.986709
vt 0.020885 0.984558
vt 0.021374 0.983871
vt 0.021617 0.983116
vt 0.021713 0.982613
vt 0.019293 0.986105
vt 0.018341 0.986709
vt 0.020801 0.983582
vt 0.019958 0.985031
vt 0.018285 0.986180
vt 0.017469 0.986709
vt 0.021803 0.982084
vt 0.021094 0.982938
vt 0.020328 0.984107
vt 0.018979 0.985296
vt 0.019575 0.984485
vt 0.019901 0.983765
vt 0.021899 0.981525
vt 0.021227 0.982428
vt 0.020317 0.983318
vt 0.021943 0.980938
vt 0.020582 0.982764
vt 0.021932 0.980461
vt 0.021413 0.981425
vt 0.021312 0.981958
vt 0.021533 0.980906
vt 0.020692 0.982246
vt 0.021080 0.981247
vt 0.021606 0.980410
vt 0.020680 0.981602
vt 0.021240 0.980797
vt 0.020784 0.981012
vt 0.021912 0.979987
vt 0.021650 0.979979
vt 0.022202 0.979974
vt 0.021352 0.980353
vt 0.020982 0.980658
vt 0.021420 0.979948
vt 0.021127 0.980273
vt 0.021677 0.979625
vt 0.021461 0.979590
vt 0.021897 0.979646
vt 0.021208 0.979899
vt 0.020778 0.980518
vt 0.020923 0.980186
vt 0.020592 0.980816
vt 0.020999 0.979841
vt 0.021251 0.979544
vt 0.021051 0.979499
vt 0.020469 0.981230
vt 0.020345 0.981011
vt 0.021506 0.979254
vt 0.021288 0.979207
vt 0.021070 0.979150
vt 0.020170 0.981357
vt 0.020085 0.981109
vt 0.020263 0.981710
vt 0.021708 0.979289
vt 0.021317 0.978878
vt 0.021086 0.978804
vt 0.021554 0.978929
vt 0.019879 0.981409
vt 0.019837 0.981173
vt 0.021371 0.978558
vt 0.019915 0.981722
vt 0.019618 0.981409
vt 0.019604 0.981192
vt 0.021136 0.978450
vt 0.020774 0.978657
vt 0.019621 0.981696
vt 0.019385 0.981398
vt 0.019385 0.981190
vt 0.020812 0.978284
vt 0.020487 0.978473
vt 0.019368 0.981667
vt 0.019157 0.981382
vt 0.019168 0.981172
vt 0.020457 0.978089
vt 0.020154 0.978253
vt 0.019134 0.981636
vt 0.018942 0.981364
vt 0.018960 0.981148
vt 0.020063 0.977891
vt 0.019861 0.978245
vt 0.018916 0.981611
vt 0.018731 0.981341
vt 0.018753 0.981116
vt 0.018707 0.981584
vt 0.018514 0.981323
vt 0.018520 0.981092
vt 0.018270 0.981310
vt 0.018268 0.981083
vt 0.017992 0.981090
vt 0.018505 0.981568
vt 0.018685 0.981862
vt 0.018885 0.981888
vt 0.019099 0.981921
vt 0.019343 0.981968
vt 0.019065 0.982236
vt 0.019592 0.982028
vt 0.018865 0.982215
vt 0.019298 0.982287
vt 0.019289 0.982615
vt 0.019875 0.982089
vt 0.019539 0.982361
vt 0.018827 0.982549
vt 0.018667 0.982193
vt 0.020264 0.982172
vt 0.019774 0.982442
vt 0.020183 0.982618
vt 0.019574 0.982831
vt 0.019953 0.983103
vt 0.019267 0.983155
vt 0.019590 0.983505
vt 0.019287 0.984094
vt 0.019009 0.982848
vt 0.019055 0.983803
vt 0.018720 0.984728
vt 0.018818 0.983396
vt 0.018614 0.983002
vt 0.018545 0.984331
vt 0.018178 0.985384
vt 0.018410 0.984016
vt 0.018098 0.984805
vt 0.017469 0.986163
vt 0.018444 0.982612
vt 0.018276 0.983570
vt 0.018013 0.984409
vt 0.017469 0.985404
vt 0.016654 0.986180
vt 0.016597 0.986709
vt 0.018164 0.983134
vt 0.017948 0.984100
vt 0.017469 0.984833
vt 0.016760 0.985384
vt 0.015645 0.986105
vt 0.015462 0.986709
vt 0.017882 0.983636
vt 0.017469 0.984437
vt 0.016841 0.984805
vt 0.015959 0.985296
vt 0.014488 0.985844
vt 0.014115 0.986472
vt 0.017469 0.984149
vt 0.016925 0.984409
vt 0.016218 0.984728
vt 0.014980 0.985031
vt 0.013525 0.985241
vt 0.013051 0.985732
vt 0.014053 0.984558
vt 0.013108 0.984587
vt 0.012573 0.984892
vt 0.015363 0.984485
vt 0.016393 0.984331
vt 0.012772 0.983807
vt 0.012255 0.983827
vt 0.013565 0.983871
vt 0.014610 0.984107
vt 0.015651 0.984094
vt 0.014138 0.983582
vt 0.015038 0.983765
vt 0.013321 0.983116
vt 0.012694 0.983197
vt 0.015883 0.983803
vt 0.015349 0.983505
vt 0.014622 0.983318
vt 0.013845 0.982938
vt 0.013225 0.982613
vt 0.016528 0.984016
vt 0.016990 0.984100
vt 0.014985 0.983103
vt 0.014357 0.982764
vt 0.015671 0.983155
vt 0.016121 0.983396
vt 0.016662 0.983570
vt 0.017056 0.983636
vt 0.013711 0.982428
vt 0.017469 0.983662
vt 0.017827 0.983189
vt 0.018063 0.982686
vt 0.016324 0.983002
vt 0.016775 0.983134
vt 0.017112 0.983189
vt 0.017469 0.983216
vt 0.017774 0.982713
vt 0.015929 0.982848
vt 0.015650 0.982615
vt 0.016111 0.982549
vt 0.016494 0.982612
vt 0.016876 0.982686
vt 0.017165 0.982713
vt 0.017469 0.982724
vt 0.015365 0.982831
vt 0.014755 0.982618
vt 0.015165 0.982442
vt 0.014246 0.982246
vt 0.014674 0.982172
vt 0.016920 0.982171
vt 0.017204 0.982170
vt 0.016661 0.982177
vt 0.013626 0.981958
vt 0.014258 0.981602
vt 0.013136 0.982084
vt 0.012643 0.982648
vt 0.012210 0.983114
vt 0.016670 0.981833
vt 0.016484 0.982184
vt 0.016271 0.982193
vt 0.016924 0.981835
vt 0.016444 0.981844
vt 0.016073 0.982215
vt 0.016253 0.981862
vt 0.015874 0.982236
vt 0.016053 0.981888
vt 0.016668 0.981562
vt 0.016924 0.981559
vt 0.016433 0.981568
vt 0.017210 0.981833
vt 0.017212 0.981562
vt 0.017469 0.981562
vt 0.017469 0.981836
vt 0.017219 0.981299
vt 0.016931 0.981305
vt 0.016668 0.981310
vt 0.017469 0.982169
vt 0.017734 0.982170
vt 0.017728 0.981833
vt 0.018019 0.982171
vt 0.018014 0.981835
vt 0.018277 0.982177
vt 0.018269 0.981833
vt 0.018454 0.982184
vt 0.018494 0.981844
vt 0.018270 0.981562
vt 0.017726 0.981562
vt 0.018014 0.981559
vt 0.018007 0.981305
vt 0.017719 0.981299
vt 0.017717 0.981090
vt 0.017469 0.981296
vt 0.017469 0.981088
vt 0.017708 0.980897
vt 0.017222 0.981090
vt 0.016946 0.981090
vt 0.016671 0.981083
vt 0.017231 0.980897
vt 0.016418 0.981092
vt 0.017469 0.980896
vt 0.017695 0.980727
vt 0.017243 0.980727
vt 0.016424 0.981323
vt 0.016186 0.981116
vt 0.017469 0.980722
vt 0.017679 0.980601
vt 0.017259 0.980601
vt 0.017469 0.980596
vt 0.017658 0.980468
vt 0.017281 0.980468
vt 0.017469 0.980464
vt 0.017633 0.980330
vt 0.017305 0.980330
vt 0.017469 0.980326
vt 0.017612 0.980202
vt 0.017327 0.980202
vt 0.017469 0.980199
vt 0.017593 0.980073
vt 0.017346 0.980073
vt 0.017469 0.980071
vt 0.017578 0.979947
vt 0.017360 0.979947
vt 0.017469 0.979948
vt 0.017567 0.979804
vt 0.017371 0.979804
vt 0.017469 0.979804
vt 0.017469 0.979660
vt 0.017564 0.979661
vt 0.017375 0.979661
vt 0.017469 0.979521
vt 0.017571 0.979517
vt 0.017663 0.979645
vt 0.017367 0.979517
vt 0.017275 0.979645
vt 0.017675 0.979497
vt 0.017770 0.979619
vt 0.017777 0.979464
vt 0.017469 0.979394
vt 0.017264 0.979497
vt 0.017169 0.979619
vt 0.017162 0.979464
vt 0.017683 0.979339
vt 0.017799 0.979283
vt 0.017581 0.979375
vt 0.017358 0.979375
vt 0.017256 0.979339
vt 0.017140 0.979283
vt 0.017469 0.979264
vt 0.017584 0.979237
vt 0.017688 0.979183
vt 0.017354 0.979237
vt 0.017250 0.979183
vt 0.017469 0.979124
vt 0.017801 0.979115
vt 0.017923 0.979206
vt 0.017578 0.979095
vt 0.017360 0.979095
vt 0.017138 0.979115
vt 0.017016 0.979206
vt 0.017688 0.979035
vt 0.017912 0.978996
vt 0.018061 0.978977
vt 0.017469 0.978977
vt 0.017250 0.979035
vt 0.017026 0.978996
vt 0.016877 0.978977
vt 0.017797 0.978955
vt 0.018029 0.978848
vt 0.018185 0.978825
vt 0.017358 0.978952
vt 0.017141 0.978955
vt 0.016909 0.978848
vt 0.016753 0.978825
vt 0.017898 0.978845
vt 0.018145 0.978717
vt 0.018328 0.978720
vt 0.017249 0.978892
vt 0.017041 0.978845
vt 0.016793 0.978717
vt 0.016610 0.978720
vt 0.017996 0.978706
vt 0.018272 0.978593
vt 0.018479 0.978634
vt 0.017151 0.978810
vt 0.016942 0.978706
vt 0.016666 0.978593
vt 0.016460 0.978634
vt 0.018104 0.978596
vt 0.017060 0.978715
vt 0.016834 0.978596
vt 0.016967 0.978602
vt 0.016528 0.978503
vt 0.016719 0.978484
vt 0.016874 0.978486
vt 0.016375 0.978415
vt 0.016300 0.978559
vt 0.016218 0.978344
vt 0.016127 0.978502
vt 0.016052 0.978269
vt 0.015947 0.978441
vt 0.015865 0.978195
vt 0.015754 0.978385
vt 0.015655 0.978128
vt 0.015547 0.978332
vt 0.015440 0.978042
vt 0.015321 0.978289
vt 0.015198 0.977962
vt 0.015077 0.978245
vt 0.014876 0.977891
vt 0.014785 0.978253
vt 0.014481 0.978089
vt 0.014452 0.978473
vt 0.014126 0.978284
vt 0.014164 0.978657
vt 0.013802 0.978450
vt 0.013852 0.978804
vt 0.015789 0.977965
vt 0.015591 0.977863
vt 0.015391 0.977732
vt 0.015215 0.977560
vt 0.015984 0.978053
vt 0.016155 0.978134
vt 0.016317 0.978208
vt 0.016470 0.978291
vt 0.016600 0.978385
vt 0.016779 0.978393
vt 0.015529 0.977303
vt 0.015656 0.977492
vt 0.015816 0.977641
vt 0.015085 0.977303
vt 0.015897 0.977295
vt 0.015998 0.977770
vt 0.014766 0.977519
vt 0.016031 0.977450
vt 0.016159 0.977867
vt 0.014413 0.977720
vt 0.016180 0.977601
vt 0.016306 0.977974
vt 0.016326 0.977732
vt 0.016441 0.978081
vt 0.016444 0.977853
vt 0.016560 0.978181
vt 0.016557 0.977969
vt 0.016672 0.978283
vt 0.016648 0.978077
vt 0.016328 0.977469
vt 0.016459 0.977613
vt 0.016574 0.977730
vt 0.016631 0.977885
vt 0.016701 0.978018
vt 0.016737 0.978192
vt 0.016830 0.978308
vt 0.016188 0.977303
vt 0.016902 0.978389
vt 0.016073 0.977141
vt 0.016985 0.978482
vt 0.015775 0.977121
vt 0.017076 0.978589
vt 0.015426 0.977081
vt 0.017166 0.978682
vt 0.015006 0.977015
vt 0.017250 0.978751
vt 0.014686 0.977226
vt 0.017358 0.978808
vt 0.017469 0.978833
vt 0.017581 0.978952
vt 0.017690 0.978892
vt 0.017581 0.978808
vt 0.017469 0.978691
vt 0.017362 0.978668
vt 0.017787 0.978810
vt 0.017688 0.978751
vt 0.017577 0.978668
vt 0.017878 0.978715
vt 0.017772 0.978682
vt 0.017971 0.978602
vt 0.017256 0.978613
vt 0.017469 0.978542
vt 0.017683 0.978613
vt 0.017862 0.978589
vt 0.017172 0.978553
vt 0.017363 0.978524
vt 0.017575 0.978524
vt 0.017767 0.978553
vt 0.017084 0.978471
vt 0.017256 0.978475
vt 0.017469 0.978380
vt 0.017683 0.978475
vt 0.017172 0.978416
vt 0.016996 0.978384
vt 0.017363 0.978367
vt 0.017575 0.978367
vt 0.017091 0.978353
vt 0.016934 0.978321
vt 0.017003 0.978284
vt 0.016867 0.978251
vt 0.016893 0.978184
vt 0.016781 0.978138
vt 0.017102 0.978236
vt 0.017008 0.978181
vt 0.016808 0.978078
vt 0.016906 0.978087
vt 0.017183 0.978276
vt 0.017265 0.978329
vt 0.017022 0.978055
vt 0.017109 0.978102
vt 0.016929 0.977978
vt 0.017195 0.978144
vt 0.017358 0.978216
vt 0.017265 0.978186
vt 0.017469 0.978218
vt 0.017039 0.977922
vt 0.017120 0.977970
vt 0.016945 0.977857
vt 0.017206 0.978013
vt 0.017071 0.977795
vt 0.017140 0.977845
vt 0.017469 0.978074
vt 0.017581 0.978216
vt 0.017354 0.978072
vt 0.017275 0.978052
vt 0.017673 0.978329
vt 0.017766 0.978416
vt 0.017854 0.978471
vt 0.017953 0.978482
vt 0.018064 0.978486
vt 0.018219 0.978484
vt 0.018410 0.978503
vt 0.018563 0.978415
vt 0.018638 0.978559
vt 0.018721 0.978344
vt 0.018812 0.978502
vt 0.018887 0.978269
vt 0.018991 0.978441
vt 0.019074 0.978195
vt 0.019184 0.978385
vt 0.019283 0.978128
vt 0.019391 0.978332
vt 0.019498 0.978042
vt 0.019617 0.978289
vt 0.019740 0.977962
vt 0.018621 0.978208
vt 0.018783 0.978134
vt 0.018954 0.978053
vt 0.019149 0.977965
vt 0.019347 0.977863
vt 0.019547 0.977732
vt 0.019723 0.977560
vt 0.018468 0.978291
vt 0.018338 0.978385
vt 0.018159 0.978393
vt 0.018036 0.978389
vt 0.017942 0.978384
vt 0.017848 0.978353
vt 0.018497 0.978081
vt 0.018378 0.978181
vt 0.018267 0.978283
vt 0.018109 0.978308
vt 0.018004 0.978321
vt 0.017935 0.978284
vt 0.017837 0.978236
vt 0.018632 0.977974
vt 0.017755 0.978276
vt 0.018779 0.977867
vt 0.018940 0.977770
vt 0.019122 0.977641
vt 0.019282 0.977492
vt 0.019409 0.977303
vt 0.019042 0.977295
vt 0.018907 0.977450
vt 0.018758 0.977601
vt 0.018613 0.977732
vt 0.019854 0.977303
vt 0.018494 0.977853
vt 0.020172 0.977519
vt 0.018381 0.977969
vt 0.020525 0.977720
vt 0.018291 0.978077
vt 0.018202 0.978192
vt 0.018237 0.978018
vt 0.018307 0.977885
vt 0.018364 0.977730
vt 0.018071 0.978251
vt 0.018158 0.978138
vt 0.018045 0.978184
vt 0.018479 0.977613
vt 0.018131 0.978078
vt 0.017930 0.978181
vt 0.018610 0.977469
vt 0.018033 0.978087
vt 0.018750 0.977303
vt 0.018865 0.977141
vt 0.019164 0.977121
vt 0.019513 0.977081
vt 0.019932 0.977015
vt 0.020252 0.977226
vt 0.018608 0.977170
vt 0.018720 0.977012
vt 0.018480 0.977340
vt 0.018383 0.977492
vt 0.018361 0.977187
vt 0.018295 0.977614
vt 0.018294 0.977374
vt 0.018269 0.977841
vt 0.018551 0.976838
vt 0.018410 0.976960
vt 0.018659 0.976708
vt 0.018232 0.977013
vt 0.018813 0.976848
vt 0.018746 0.976571
vt 0.018186 0.977261
vt 0.018152 0.977403
vt 0.018072 0.977011
vt 0.018056 0.977186
vt 0.017956 0.977008
vt 0.018962 0.976972
vt 0.019258 0.976922
vt 0.019055 0.976791
vt 0.019599 0.976819
vt 0.018246 0.977514
vt 0.018257 0.977652
vt 0.018894 0.976675
vt 0.019348 0.976681
vt 0.019134 0.976594
vt 0.018969 0.976518
vt 0.018817 0.976443
vt 0.019193 0.976414
vt 0.019018 0.976362
vt 0.018869 0.976321
vt 0.019051 0.976222
vt 0.018902 0.976204
vt 0.019401 0.976477
vt 0.019062 0.976092
vt 0.018913 0.976092
vt 0.019220 0.976253
vt 0.019664 0.976575
vt 0.019049 0.975967
vt 0.018899 0.975982
vt 0.019227 0.976102
vt 0.019433 0.976296
vt 0.019981 0.976709
vt 0.019011 0.975839
vt 0.018860 0.975871
vt 0.019207 0.975962
vt 0.019435 0.976114
vt 0.019693 0.976347
vt 0.018945 0.975707
vt 0.018794 0.975760
vt 0.019156 0.975818
vt 0.019408 0.975947
vt 0.019688 0.976131
vt 0.020021 0.976439
vt 0.018852 0.975579
vt 0.018703 0.975654
vt 0.019080 0.975667
vt 0.019342 0.975787
vt 0.019644 0.975934
vt 0.018725 0.975467
vt 0.018588 0.975558
vt 0.018976 0.975525
vt 0.019242 0.975619
vt 0.018583 0.975365
vt 0.018459 0.975471
vt 0.018834 0.975397
vt 0.019990 0.976145
vt 0.019557 0.975747
vt 0.018436 0.975274
vt 0.018326 0.975392
vt 0.019114 0.975461
vt 0.019919 0.975914
vt 0.020440 0.976054
vt 0.020438 0.976537
vt 0.018287 0.975195
vt 0.018195 0.975324
vt 0.020346 0.976895
vt 0.020623 0.977420
vt 0.020745 0.977090
vt 0.020884 0.977919
vt 0.020991 0.977607
vt 0.021184 0.978087
vt 0.020828 0.976707
vt 0.021087 0.977294
vt 0.021443 0.978231
vt 0.021264 0.977772
vt 0.021521 0.977921
vt 0.021369 0.977449
vt 0.021169 0.976921
vt 0.020943 0.976331
vt 0.021676 0.978322
vt 0.021761 0.978027
vt 0.021602 0.978624
vt 0.021746 0.978968
vt 0.021799 0.978668
vt 0.021898 0.979325
vt 0.021915 0.979013
vt 0.022136 0.979631
vt 0.022106 0.979349
vt 0.022381 0.979851
vt 0.022283 0.979544
vt 0.022606 0.980084
vt 0.022812 0.980088
vt 0.021950 0.978711
vt 0.022099 0.979075
vt 0.022234 0.979234
vt 0.021866 0.978385
vt 0.021950 0.978115
vt 0.022652 0.980015
vt 0.022545 0.979915
vt 0.022432 0.979737
vt 0.022673 0.979893
vt 0.022348 0.979506
vt 0.022563 0.979804
vt 0.022481 0.979674
vt 0.022072 0.978203
vt 0.022002 0.978447
vt 0.022115 0.978487
vt 0.022117 0.978796
vt 0.022219 0.978937
vt 0.022308 0.979266
vt 0.022411 0.979505
vt 0.022297 0.979006
vt 0.022588 0.979688
vt 0.022529 0.979600
vt 0.022655 0.979740
vt 0.022205 0.978733
vt 0.022248 0.978851
vt 0.022181 0.978636
vt 0.022240 0.978696
vt 0.022366 0.979295
vt 0.022347 0.979083
vt 0.022311 0.978876
vt 0.022278 0.978772
vt 0.022344 0.978930
vt 0.022236 0.978570
vt 0.022184 0.978484
vt 0.022271 0.978654
vt 0.022427 0.979320
vt 0.022396 0.979139
vt 0.022365 0.978951
vt 0.022471 0.979480
vt 0.022207 0.978375
vt 0.022240 0.978463
vt 0.022264 0.978551
vt 0.022182 0.978274
vt 0.022251 0.978384
vt 0.022271 0.978454
vt 0.022253 0.978305
vt 0.022284 0.978379
vt 0.022287 0.978629
vt 0.022283 0.978535
vt 0.022294 0.978455
vt 0.022300 0.978729
vt 0.022336 0.978791
vt 0.022358 0.978828
vt 0.022381 0.978856
vt 0.022394 0.978992
vt 0.022304 0.978605
vt 0.022310 0.978678
vt 0.022338 0.978708
vt 0.022354 0.978635
vt 0.022299 0.978521
vt 0.022376 0.978719
vt 0.022342 0.978485
vt 0.022315 0.978448
vt 0.022392 0.978750
vt 0.022419 0.978659
vt 0.022412 0.978780
vt 0.022311 0.978389
vt 0.022389 0.978577
vt 0.022335 0.978394
vt 0.022310 0.978280
vt 0.022413 0.978910
vt 0.022371 0.978468
vt 0.022336 0.978295
vt 0.022263 0.978219
vt 0.022347 0.978175
vt 0.022234 0.978112
vt 0.022306 0.978090
vt 0.022151 0.977996
vt 0.022274 0.977985
vt 0.022043 0.977862
vt 0.021860 0.977733
vt 0.021630 0.977613
vt 0.021543 0.977059
vt 0.021300 0.976686
vt 0.022330 0.977955
vt 0.022252 0.977891
vt 0.022223 0.977720
vt 0.022135 0.977615
vt 0.021969 0.977439
vt 0.021771 0.977248
vt 0.022383 0.978050
vt 0.022325 0.977823
vt 0.022398 0.977926
vt 0.022276 0.977462
vt 0.022215 0.977384
vt 0.022325 0.977652
vt 0.022404 0.977788
vt 0.022088 0.977182
vt 0.022467 0.977917
vt 0.022311 0.977295
vt 0.022352 0.977437
vt 0.022416 0.977617
vt 0.022281 0.977186
vt 0.022482 0.977786
vt 0.021922 0.976962
vt 0.022188 0.976964
vt 0.022368 0.977047
vt 0.021736 0.976769
vt 0.022054 0.976733
vt 0.022377 0.977233
vt 0.022509 0.976913
vt 0.022306 0.976793
vt 0.022499 0.977152
vt 0.022770 0.977003
vt 0.022444 0.977404
vt 0.021474 0.976444
vt 0.022641 0.977268
vt 0.022508 0.977631
vt 0.021158 0.976068
vt 0.022555 0.977431
vt 0.022669 0.977492
vt 0.022597 0.977670
vt 0.020820 0.975747
vt 0.022562 0.977800
vt 0.021371 0.975808
vt 0.021044 0.975493
vt 0.021672 0.976168
vt 0.021899 0.976490
vt 0.022206 0.976504
vt 0.022457 0.976603
vt 0.021567 0.975463
vt 0.021869 0.975834
vt 0.022069 0.976170
vt 0.021226 0.975160
vt 0.022369 0.976248
vt 0.022704 0.976416
vt 0.022580 0.976020
vt 0.022760 0.976758
vt 0.021697 0.975052
vt 0.022008 0.975419
vt 0.022237 0.975859
vt 0.022410 0.975558
vt 0.022135 0.974969
vt 0.021753 0.974550
vt 0.023037 0.976855
vt 0.021784 0.974080
vt 0.021341 0.974269
vt 0.023288 0.977327
vt 0.021322 0.973830
vt 0.021328 0.974773
vt 0.020898 0.974049
vt 0.021067 0.973261
vt 0.020901 0.974489
vt 0.020856 0.973636
vt 0.020754 0.972340
vt 0.020839 0.974882
vt 0.020519 0.973887
vt 0.020638 0.973088
vt 0.020425 0.971507
vt 0.020699 0.975212
vt 0.020508 0.974282
vt 0.020463 0.973458
vt 0.020350 0.972325
vt 0.020059 0.970691
vt 0.020272 0.972955
vt 0.020088 0.973310
vt 0.019946 0.971681
vt 0.020077 0.972407
vt 0.020114 0.973711
vt 0.019939 0.972840
vt 0.019704 0.973170
vt 0.019773 0.969907
vt 0.019405 0.971002
vt 0.019342 0.969308
vt 0.019153 0.970194
vt 0.018464 0.969126
vt 0.018671 0.968789
vt 0.017469 0.969108
vt 0.017469 0.968789
vt 0.016268 0.968789
vt 0.016474 0.969126
vt 0.014936 0.968789
vt 0.017469 0.969432
vt 0.018172 0.969468
vt 0.018774 0.969682
vt 0.015596 0.969308
vt 0.016767 0.969468
vt 0.017469 0.969721
vt 0.017983 0.969759
vt 0.018405 0.969929
vt 0.014445 0.969623
vt 0.013609 0.968789
vt 0.013767 0.969634
vt 0.013001 0.968789
vt 0.013140 0.969696
vt 0.012437 0.968789
vt 0.012585 0.969736
vt 0.012008 0.968789
vt 0.012095 0.969763
vt 0.011562 0.968789
vt 0.011624 0.969790
vt 0.011119 0.968789
vt 0.011117 0.969823
vt 0.010364 0.968789
vt 0.010462 0.969848
vt 0.009817 0.968789
vt 0.009957 0.969858
vt 0.009418 0.968789
vt 0.009518 0.969860
vt 0.008925 0.968789
vt 0.008982 0.969821
vt 0.008503 0.968789
vt 0.008503 0.969610
vt 0.009005 0.970845
vt 0.008503 0.970693
vt 0.009572 0.970903
vt 0.010015 0.970891
vt 0.010518 0.970866
vt 0.011121 0.970820
vt 0.009008 0.971908
vt 0.008503 0.971798
vt 0.009588 0.971936
vt 0.010033 0.971909
vt 0.010526 0.971861
vt 0.008991 0.972999
vt 0.008503 0.972959
vt 0.009571 0.972974
vt 0.010008 0.972923
vt 0.008968 0.974165
vt 0.008503 0.974285
vt 0.009532 0.974028
vt 0.008918 0.975248
vt 0.008503 0.975485
vt 0.008503 0.976484
vt 0.010493 0.972845
vt 0.009946 0.973945
vt 0.009460 0.975061
vt 0.008990 0.976205
vt 0.008503 0.977427
vt 0.009367 0.976073
vt 0.008947 0.977025
vt 0.008503 0.978400
vt 0.009844 0.974970
vt 0.010412 0.973835
vt 0.009707 0.975998
vt 0.008930 0.978015
vt 0.008503 0.979390
vt 0.009341 0.976835
vt 0.010133 0.974895
vt 0.008947 0.978993
vt 0.008503 0.980513
vt 0.009984 0.975932
vt 0.009340 0.977811
vt 0.009704 0.976781
vt 0.008996 0.980158
vt 0.008503 0.981499
vt 0.009362 0.978753
vt 0.009718 0.977757
vt 0.009978 0.976800
vt 0.010328 0.975760
vt 0.010321 0.976460
vt 0.010457 0.974786
vt 0.010036 0.977866
vt 0.009757 0.978658
vt 0.010293 0.977352
vt 0.010634 0.976289
vt 0.010663 0.975579
vt 0.010799 0.974650
vt 0.010562 0.977234
vt 0.010925 0.973690
vt 0.011023 0.972735
vt 0.011090 0.971785
vt 0.011036 0.975397
vt 0.010925 0.976262
vt 0.011190 0.974455
vt 0.011302 0.973545
vt 0.011442 0.972628
vt 0.011549 0.971701
vt 0.010836 0.977219
vt 0.011612 0.970762
vt 0.012091 0.970699
vt 0.012019 0.971603
vt 0.011897 0.972493
vt 0.012577 0.970640
vt 0.012481 0.971507
vt 0.013107 0.970591
vt 0.011746 0.973359
vt 0.012335 0.972349
vt 0.012965 0.971461
vt 0.013684 0.970538
vt 0.011847 0.974244
vt 0.012104 0.973014
vt 0.012388 0.973288
vt 0.012726 0.972347
vt 0.013478 0.971452
vt 0.014242 0.970517
vt 0.013154 0.972391
vt 0.012748 0.973368
vt 0.013966 0.971472
vt 0.013547 0.972584
vt 0.012303 0.974349
vt 0.013199 0.973513
vt 0.012641 0.974515
vt 0.014879 0.970691
vt 0.014513 0.971507
vt 0.014184 0.972340
vt 0.013872 0.973261
vt 0.015165 0.969907
vt 0.014588 0.972325
vt 0.014992 0.971681
vt 0.015533 0.971002
vt 0.015785 0.970194
vt 0.014300 0.973088
vt 0.016164 0.969682
vt 0.016956 0.969759
vt 0.016533 0.969929
vt 0.017469 0.969998
vt 0.016270 0.970311
vt 0.016745 0.970085
vt 0.017048 0.970018
vt 0.016147 0.970864
vt 0.017890 0.970018
vt 0.017469 0.970325
vt 0.017058 0.970340
vt 0.016668 0.970367
vt 0.018194 0.970085
vt 0.017880 0.970340
vt 0.016608 0.970793
vt 0.017041 0.970746
vt 0.017469 0.970730
vt 0.018669 0.970311
vt 0.018270 0.970367
vt 0.017897 0.970746
vt 0.017469 0.971228
vt 0.017036 0.971235
vt 0.016597 0.971286
vt 0.018791 0.970864
vt 0.018330 0.970793
vt 0.017903 0.971235
vt 0.017469 0.971847
vt 0.018341 0.971286
vt 0.018789 0.971405
vt 0.017906 0.971840
vt 0.017032 0.971840
vt 0.019256 0.971603
vt 0.018349 0.971854
vt 0.017469 0.972327
vt 0.019722 0.971974
vt 0.018787 0.971949
vt 0.017924 0.972338
vt 0.019213 0.972094
vt 0.019624 0.972288
vt 0.018401 0.972384
vt 0.018867 0.972482
vt 0.019879 0.972500
vt 0.019610 0.972686
vt 0.019240 0.972575
vt 0.019319 0.973032
vt 0.018942 0.972888
vt 0.018472 0.972730
vt 0.017961 0.972600
vt 0.019668 0.973552
vt 0.019246 0.973436
vt 0.018869 0.973172
vt 0.020096 0.974089
vt 0.017469 0.972569
vt 0.018428 0.972962
vt 0.019661 0.973927
vt 0.020465 0.974651
vt 0.020067 0.974450
vt 0.020367 0.974990
vt 0.017014 0.972338
vt 0.020507 0.975469
vt 0.020240 0.975737
vt 0.020216 0.975261
vt 0.020000 0.974781
vt 0.019672 0.974289
vt 0.020024 0.975521
vt 0.019904 0.975045
vt 0.019804 0.975703
vt 0.019779 0.975301
vt 0.019655 0.974607
vt 0.019191 0.973774
vt 0.019626 0.975496
vt 0.019597 0.974887
vt 0.019317 0.974185
vt 0.018801 0.973425
vt 0.019428 0.975561
vt 0.019513 0.975125
vt 0.019340 0.974498
vt 0.018856 0.973819
vt 0.018368 0.973210
vt 0.019264 0.975389
vt 0.019320 0.974755
vt 0.019007 0.974134
vt 0.018596 0.973585
vt 0.017957 0.972844
vt 0.019055 0.974411
vt 0.018632 0.973909
vt 0.017469 0.972804
vt 0.017469 0.973061
vt 0.017932 0.973097
vt 0.018258 0.973436
vt 0.016977 0.972600
vt 0.018732 0.974138
vt 0.018416 0.973740
vt 0.017872 0.973361
vt 0.016981 0.972844
vt 0.018436 0.974000
vt 0.018133 0.973630
vt 0.018252 0.973900
vt 0.018789 0.974366
vt 0.018503 0.974177
vt 0.018285 0.974076
vt 0.019056 0.974640
vt 0.019266 0.974964
vt 0.019413 0.975308
vt 0.019193 0.975143
vt 0.019023 0.974837
vt 0.018801 0.974569
vt 0.018536 0.974355
vt 0.018283 0.974207
vt 0.019071 0.975237
vt 0.018974 0.975002
vt 0.018792 0.974740
vt 0.018563 0.974522
vt 0.018951 0.975321
vt 0.018876 0.975103
vt 0.018761 0.974879
vt 0.018774 0.975197
vt 0.018296 0.974349
vt 0.018574 0.974662
vt 0.018683 0.974986
vt 0.018676 0.975285
vt 0.018600 0.975088
vt 0.018516 0.975184
vt 0.018556 0.974775
vt 0.018338 0.974482
vt 0.018498 0.974888
vt 0.018428 0.974995
vt 0.018356 0.975099
vt 0.018363 0.974599
vt 0.018356 0.974691
vt 0.018314 0.974808
vt 0.018260 0.974921
vt 0.018199 0.975028
vt 0.018141 0.975132
vt 0.018065 0.975268
vt 0.017997 0.975086
vt 0.017935 0.975230
vt 0.018044 0.974979
vt 0.018092 0.974868
vt 0.018132 0.974755
vt 0.018152 0.974668
vt 0.017850 0.975054
vt 0.017795 0.975206
vt 0.017921 0.974830
vt 0.017890 0.974940
vt 0.017670 0.975041
vt 0.017636 0.975202
vt 0.017943 0.974718
vt 0.017713 0.974808
vt 0.017695 0.974919
vt 0.017469 0.974802
vt 0.017469 0.975035
vt 0.017469 0.975202
vt 0.017302 0.975202
vt 0.017469 0.974908
vt 0.017269 0.975041
vt 0.017143 0.975206
vt 0.017726 0.974699
vt 0.017243 0.974919
vt 0.017088 0.975054
vt 0.017004 0.975230
vt 0.016941 0.975086
vt 0.016873 0.975268
vt 0.017048 0.974940
vt 0.016797 0.975132
vt 0.016743 0.975324
vt 0.017939 0.974653
vt 0.017225 0.974808
vt 0.016894 0.974979
vt 0.016651 0.975195
vt 0.016613 0.975392
vt 0.017017 0.974830
vt 0.016739 0.975028
vt 0.016502 0.975274
vt 0.016479 0.975471
vt 0.016846 0.974868
vt 0.016583 0.975099
vt 0.016355 0.975365
vt 0.016351 0.975558
vt 0.016679 0.974921
vt 0.016806 0.974755
vt 0.016996 0.974718
vt 0.016423 0.975184
vt 0.016510 0.974995
vt 0.016624 0.974808
vt 0.016213 0.975467
vt 0.016235 0.975654
vt 0.017212 0.974699
vt 0.016786 0.974668
vt 0.016086 0.975579
vt 0.016144 0.975760
vt 0.017469 0.974699
vt 0.016999 0.974653
vt 0.015993 0.975707
vt 0.016078 0.975871
vt 0.017719 0.974642
vt 0.017220 0.974642
vt 0.015928 0.975839
vt 0.016040 0.975982
vt 0.017469 0.974644
vt 0.017469 0.974582
vt 0.017708 0.974576
vt 0.017231 0.974576
vt 0.017926 0.974579
vt 0.017012 0.974579
vt 0.015889 0.975967
vt 0.016026 0.976092
vt 0.017683 0.974498
vt 0.018146 0.974579
vt 0.017256 0.974498
vt 0.017888 0.974489
vt 0.018112 0.974477
vt 0.018076 0.974362
vt 0.017859 0.974384
vt 0.018087 0.974221
vt 0.017469 0.974509
vt 0.017664 0.974402
vt 0.017469 0.974413
vt 0.017879 0.974236
vt 0.018135 0.974065
vt 0.017673 0.974247
vt 0.017469 0.974262
vt 0.017274 0.974402
vt 0.017932 0.974049
vt 0.018023 0.973837
vt 0.017702 0.974055
vt 0.017469 0.974065
vt 0.017804 0.973601
vt 0.017750 0.973819
vt 0.017469 0.973346
vt 0.017469 0.973827
vt 0.017469 0.973616
vt 0.017265 0.974247
vt 0.017236 0.974055
vt 0.017189 0.973819
vt 0.017134 0.973601
vt 0.017067 0.973361
vt 0.017007 0.973097
vt 0.017080 0.974384
vt 0.017060 0.974236
vt 0.017007 0.974049
vt 0.016915 0.973837
vt 0.016805 0.973630
vt 0.016681 0.973436
vt 0.016570 0.973210
vt 0.017050 0.974489
vt 0.016792 0.974579
vt 0.016827 0.974477
vt 0.016583 0.974691
vt 0.016510 0.972962
vt 0.016863 0.974362
vt 0.016575 0.974599
vt 0.016441 0.974888
vt 0.016852 0.974221
vt 0.016601 0.974482
vt 0.016382 0.974775
vt 0.016339 0.975088
vt 0.016643 0.974349
vt 0.016803 0.974065
vt 0.016364 0.974662
vt 0.016255 0.974986
vt 0.016262 0.975285
vt 0.016164 0.975197
vt 0.016104 0.975397
vt 0.016177 0.974879
vt 0.016375 0.974522
vt 0.016062 0.975103
vt 0.016146 0.974740
vt 0.015988 0.975321
vt 0.015962 0.975525
vt 0.015964 0.975002
vt 0.015868 0.975237
vt 0.015824 0.975461
vt 0.015858 0.975667
vt 0.015696 0.975619
vt 0.015675 0.975389
vt 0.015745 0.975143
vt 0.015915 0.974837
vt 0.015782 0.975818
vt 0.015596 0.975787
vt 0.015731 0.975962
vt 0.016137 0.974569
vt 0.015531 0.975947
vt 0.016403 0.974355
vt 0.016655 0.974207
vt 0.015711 0.976102
vt 0.015503 0.976114
vt 0.015877 0.976092
vt 0.016036 0.976204
vt 0.015888 0.976222
vt 0.016070 0.976321
vt 0.015718 0.976253
vt 0.015920 0.976362
vt 0.016121 0.976443
vt 0.015746 0.976414
vt 0.015969 0.976518
vt 0.016192 0.976571
vt 0.015505 0.976296
vt 0.015537 0.976477
vt 0.016044 0.976675
vt 0.015804 0.976594
vt 0.016126 0.976848
vt 0.016280 0.976708
vt 0.015591 0.976681
vt 0.015884 0.976791
vt 0.016219 0.977012
vt 0.016388 0.976838
vt 0.016330 0.977170
vt 0.016528 0.976960
vt 0.016577 0.977187
vt 0.016706 0.977013
vt 0.016752 0.977261
vt 0.016866 0.977011
vt 0.016882 0.977186
vt 0.016982 0.977008
vt 0.017002 0.977165
vt 0.017098 0.977009
vt 0.015977 0.976972
vt 0.016458 0.977340
vt 0.015680 0.976922
vt 0.016555 0.977492
vt 0.015339 0.976819
vt 0.015274 0.976575
vt 0.016645 0.977374
vt 0.016786 0.977403
vt 0.016643 0.977614
vt 0.014958 0.976709
vt 0.015245 0.976347
vt 0.015250 0.976131
vt 0.014918 0.976439
vt 0.014592 0.976895
vt 0.015294 0.975934
vt 0.014948 0.976145
vt 0.015382 0.975747
vt 0.014316 0.977420
vt 0.014501 0.976537
vt 0.014498 0.976054
vt 0.015019 0.975914
vt 0.014193 0.977090
vt 0.014055 0.977919
vt 0.013948 0.977607
vt 0.013755 0.978087
vt 0.014110 0.976707
vt 0.013851 0.977294
vt 0.013675 0.977772
vt 0.013496 0.978231
vt 0.013417 0.977921
vt 0.013569 0.977449
vt 0.013770 0.976921
vt 0.013996 0.976331
vt 0.013568 0.978558
vt 0.013621 0.978878
vt 0.013868 0.979150
vt 0.013651 0.979207
vt 0.013888 0.979499
vt 0.013385 0.978929
vt 0.013687 0.979544
vt 0.013939 0.979841
vt 0.013433 0.979254
vt 0.013730 0.979899
vt 0.014015 0.980186
vt 0.013477 0.979590
vt 0.013811 0.980273
vt 0.014160 0.980518
vt 0.013519 0.979948
vt 0.013956 0.980658
vt 0.014346 0.980816
vt 0.013587 0.980353
vt 0.013261 0.979625
vt 0.013289 0.979979
vt 0.013333 0.980410
vt 0.013699 0.980797
vt 0.014154 0.981012
vt 0.013231 0.979289
vt 0.014470 0.981230
vt 0.014593 0.981011
vt 0.014768 0.981357
vt 0.014854 0.981109
vt 0.015060 0.981409
vt 0.015102 0.981173
vt 0.015321 0.981409
vt 0.015335 0.981192
vt 0.015554 0.981398
vt 0.015553 0.981190
vt 0.015781 0.981382
vt 0.015770 0.981172
vt 0.015996 0.981364
vt 0.015978 0.981148
vt 0.016207 0.981341
vt 0.016231 0.981584
vt 0.016022 0.981611
vt 0.015805 0.981636
vt 0.015571 0.981667
vt 0.015839 0.981921
vt 0.015317 0.981696
vt 0.015595 0.981968
vt 0.015023 0.981722
vt 0.015641 0.982287
vt 0.015347 0.982028
vt 0.015399 0.982361
vt 0.015063 0.982089
vt 0.014675 0.981710
vt 0.013858 0.981247
vt 0.013405 0.980906
vt 0.013525 0.981425
vt 0.013040 0.981525
vt 0.012996 0.980938
vt 0.012597 0.982107
vt 0.013006 0.980461
vt 0.012550 0.981537
vt 0.012178 0.982542
vt 0.013027 0.979987
vt 0.012573 0.980975
vt 0.012171 0.982021
vt 0.013041 0.979646
vt 0.012632 0.980483
vt 0.012159 0.981529
vt 0.012737 0.979974
vt 0.012225 0.980992
vt 0.012340 0.980416
vt 0.011713 0.982315
vt 0.011775 0.981856
vt 0.011822 0.981435
vt 0.011647 0.982804
vt 0.011419 0.981667
vt 0.011754 0.983512
vt 0.011307 0.981994
vt 0.011442 0.984159
vt 0.011849 0.984519
vt 0.011098 0.984638
vt 0.011505 0.985161
vt 0.010490 0.985199
vt 0.010819 0.985952
vt 0.010750 0.984058
vt 0.011083 0.983654
vt 0.011327 0.983114
vt 0.009753 0.985550
vt 0.009940 0.986444
vt 0.010225 0.984497
vt 0.010503 0.983411
vt 0.009181 0.985609
vt 0.009261 0.986555
vt 0.009589 0.984699
vt 0.008503 0.985596
vt 0.008503 0.986555
vt 0.009100 0.984704
vt 0.008503 0.984671
vt 0.009998 0.983677
vt 0.010788 0.983115
vt 0.009035 0.983832
vt 0.008503 0.983838
vt 0.009443 0.983806
vt 0.010237 0.982576
vt 0.008962 0.982888
vt 0.008503 0.982859
vt 0.008503 0.982251
vt 0.009775 0.982750
vt 0.009303 0.982855
vt 0.009205 0.982144
vt 0.009634 0.982000
vt 0.009077 0.981225
vt 0.009510 0.981016
vt 0.010036 0.981827
vt 0.009382 0.979908
vt 0.009926 0.980821
vt 0.009800 0.979741
vt 0.010589 0.982266
vt 0.010379 0.981580
vt 0.010279 0.980633
vt 0.010163 0.979660
vt 0.010990 0.982764
vt 0.011143 0.982387
vt 0.010933 0.981703
vt 0.010692 0.981165
vt 0.011107 0.981349
vt 0.010606 0.980367
vt 0.011523 0.981311
vt 0.010893 0.980869
vt 0.011909 0.980966
vt 0.011254 0.981017
vt 0.011993 0.980527
vt 0.011695 0.980416
vt 0.011638 0.980869
vt 0.011396 0.980689
vt 0.011087 0.980593
vt 0.010815 0.980163
vt 0.010485 0.979557
vt 0.010078 0.978683
vt 0.010385 0.978721
vt 0.010693 0.979452
vt 0.011000 0.979994
vt 0.011310 0.980389
vt 0.010311 0.977934
vt 0.010610 0.978717
vt 0.010566 0.977983
vt 0.011492 0.980281
vt 0.011203 0.979752
vt 0.010879 0.979372
vt 0.010776 0.978064
vt 0.010809 0.978742
vt 0.011051 0.979148
vt 0.011009 0.978553
vt 0.011046 0.977882
vt 0.011210 0.976933
vt 0.011353 0.975988
vt 0.011536 0.975237
vt 0.011990 0.975214
vt 0.011761 0.975889
vt 0.012311 0.975292
vt 0.011590 0.976573
vt 0.012101 0.975894
vt 0.011971 0.976402
vt 0.011352 0.977440
vt 0.011601 0.977097
vt 0.011211 0.977891
vt 0.011150 0.978408
vt 0.011160 0.978940
vt 0.011222 0.979315
vt 0.011339 0.979680
vt 0.011506 0.979927
vt 0.011329 0.977950
vt 0.011260 0.978341
vt 0.011241 0.978750
vt 0.011270 0.979131
vt 0.011362 0.979517
vt 0.011472 0.977587
vt 0.011403 0.978016
vt 0.011339 0.978344
vt 0.011511 0.979817
vt 0.011716 0.980028
vt 0.011716 0.980110
vt 0.011922 0.980194
vt 0.012111 0.980198
vt 0.011919 0.980107
vt 0.012332 0.980084
vt 0.012126 0.980088
vt 0.012557 0.979851
vt 0.012802 0.979631
vt 0.013040 0.979325
vt 0.013192 0.978968
vt 0.013336 0.978624
vt 0.013262 0.978322
vt 0.013140 0.978668
vt 0.013023 0.979013
vt 0.012832 0.979349
vt 0.012656 0.979544
vt 0.013178 0.978027
vt 0.012988 0.978711
vt 0.012839 0.979075
vt 0.013072 0.978385
vt 0.012705 0.979234
vt 0.012988 0.978115
vt 0.012506 0.979737
vt 0.012591 0.979506
vt 0.012394 0.979915
vt 0.012286 0.980015
vt 0.012265 0.979893
vt 0.012375 0.979804
vt 0.012457 0.979674
vt 0.012895 0.977862
vt 0.013079 0.977733
vt 0.013308 0.977613
vt 0.013395 0.977059
vt 0.013639 0.976686
vt 0.012969 0.977439
vt 0.012803 0.977615
vt 0.013168 0.977248
vt 0.012787 0.977996
vt 0.012716 0.977720
vt 0.012867 0.978203
vt 0.012936 0.978447
vt 0.012823 0.978487
vt 0.012821 0.978796
vt 0.012720 0.978937
vt 0.012723 0.977384
vt 0.012663 0.977462
vt 0.012850 0.977182
vt 0.012756 0.978274
vt 0.012705 0.978112
vt 0.012758 0.978636
vt 0.012733 0.978733
vt 0.012690 0.978851
vt 0.012699 0.978696
vt 0.012641 0.979006
vt 0.012630 0.979266
vt 0.012528 0.979505
vt 0.012754 0.978484
vt 0.012703 0.978570
vt 0.012731 0.978375
vt 0.012698 0.978463
vt 0.012660 0.978772
vt 0.012668 0.978654
vt 0.012674 0.978551
vt 0.012628 0.978876
vt 0.012685 0.978305
vt 0.012687 0.978384
vt 0.012667 0.978454
vt 0.012675 0.978219
vt 0.012654 0.978379
vt 0.012629 0.978280
vt 0.012651 0.978629
vt 0.012655 0.978535
vt 0.012644 0.978455
vt 0.012627 0.978389
vt 0.012638 0.978729
vt 0.012602 0.978791
vt 0.012592 0.978175
vt 0.012602 0.978295
vt 0.012633 0.978090
vt 0.012664 0.977985
vt 0.012686 0.977891
vt 0.012608 0.977955
vt 0.012613 0.977823
vt 0.012555 0.978050
vt 0.012613 0.977652
vt 0.012540 0.977926
vt 0.012535 0.977788
vt 0.012472 0.977917
vt 0.012511 0.978121
vt 0.012471 0.978016
vt 0.012567 0.978211
vt 0.012586 0.977437
vt 0.012522 0.977617
vt 0.012457 0.977786
vt 0.012628 0.977295
vt 0.012658 0.977186
vt 0.012571 0.977047
vt 0.012751 0.976964
vt 0.012561 0.977233
vt 0.012430 0.976913
vt 0.012439 0.977152
vt 0.012168 0.977003
vt 0.012495 0.977404
vt 0.012430 0.977631
vt 0.012297 0.977268
vt 0.013017 0.976962
vt 0.012633 0.976793
vt 0.013203 0.976769
vt 0.012884 0.976733
vt 0.012383 0.977431
vt 0.012269 0.977492
vt 0.013465 0.976444
vt 0.012341 0.977670
vt 0.013781 0.976068
vt 0.012377 0.977800
vt 0.014119 0.975747
vt 0.012404 0.977913
vt 0.013267 0.976168
vt 0.013567 0.975808
vt 0.013895 0.975493
vt 0.013040 0.976490
vt 0.012732 0.976504
vt 0.012481 0.976603
vt 0.013371 0.975463
vt 0.013069 0.975834
vt 0.012869 0.976170
vt 0.013712 0.975160
vt 0.012570 0.976248
vt 0.012234 0.976416
vt 0.012359 0.976020
vt 0.012178 0.976758
vt 0.012930 0.975419
vt 0.013242 0.975052
vt 0.012701 0.975859
vt 0.012528 0.975558
vt 0.012804 0.974969
vt 0.013185 0.974550
vt 0.011902 0.976855
vt 0.013154 0.974080
vt 0.013597 0.974269
vt 0.013616 0.973830
vt 0.011651 0.977327
vt 0.013610 0.974773
vt 0.014082 0.973636
vt 0.014041 0.974049
vt 0.014037 0.974489
vt 0.014419 0.973887
vt 0.014475 0.973458
vt 0.014099 0.974882
vt 0.014666 0.972955
vt 0.014430 0.974282
vt 0.014240 0.975212
vt 0.014850 0.973310
vt 0.014861 0.972407
vt 0.014825 0.973711
vt 0.014473 0.974651
vt 0.014431 0.975469
vt 0.015000 0.972840
vt 0.014842 0.974089
vt 0.014572 0.974990
vt 0.014698 0.975737
vt 0.015234 0.973170
vt 0.014723 0.975261
vt 0.014872 0.974450
vt 0.014915 0.975521
vt 0.015270 0.973552
vt 0.014938 0.974781
vt 0.015278 0.973927
vt 0.015134 0.975703
vt 0.015034 0.975045
vt 0.015267 0.974289
vt 0.015160 0.975301
vt 0.015312 0.975496
vt 0.015284 0.974607
vt 0.015341 0.974887
vt 0.015511 0.975561
vt 0.015526 0.975308
vt 0.015426 0.975125
vt 0.015672 0.974964
vt 0.015618 0.974755
vt 0.015882 0.974640
vt 0.015598 0.974498
vt 0.016149 0.974366
vt 0.015884 0.974411
vt 0.015622 0.974185
vt 0.016436 0.974177
vt 0.015931 0.974134
vt 0.016206 0.974138
vt 0.015747 0.973774
vt 0.016654 0.974076
vt 0.016082 0.973819
vt 0.016306 0.973909
vt 0.016502 0.974000
vt 0.016686 0.973900
vt 0.016523 0.973740
vt 0.016343 0.973585
vt 0.016137 0.973425
vt 0.016070 0.973172
vt 0.015693 0.973436
vt 0.016466 0.972730
vt 0.015620 0.973032
vt 0.015997 0.972888
vt 0.016537 0.972384
vt 0.015329 0.972686
vt 0.015698 0.972575
vt 0.016071 0.972482
vt 0.016590 0.971854
vt 0.015060 0.972500
vt 0.015314 0.972288
vt 0.016151 0.971949
vt 0.016149 0.971405
vt 0.015726 0.972094
vt 0.015216 0.971974
vt 0.015682 0.971603
vt 0.022602 0.985608
vt 0.022562 0.985773
vt 0.022697 0.985558
vt 0.022627 0.985501
vt 0.022705 0.985352
vt 0.022784 0.985348
vt 0.022640 0.985351
vt 0.022854 0.985165
vt 0.022691 0.985134
vt 0.022827 0.985026
vt 0.022607 0.985092
vt 0.022718 0.985005
vt 0.022843 0.984923
vt 0.022635 0.984986
vt 0.022552 0.985038
vt 0.022749 0.984890
vt 0.022820 0.984797
vt 0.022564 0.984967
vt 0.022503 0.984989
vt 0.022754 0.984776
vt 0.022795 0.984649
vt 0.022505 0.984952
vt 0.022485 0.984965
vt 0.022472 0.984939
vt 0.022499 0.984919
vt 0.022568 0.984884
vt 0.022632 0.984876
vt 0.022668 0.984740
vt 0.022709 0.984589
vt 0.022760 0.984633
vt 0.022756 0.984312
vt 0.018268 0.981083
vt 0.018238 0.980888
vt 0.017992 0.981090
vt 0.017968 0.980897
vt 0.017717 0.981090
vt 0.018162 0.980721
vt 0.017708 0.980897
vt 0.017935 0.980731
vt 0.018083 0.980590
vt 0.017695 0.980727
vt 0.017895 0.980601
vt 0.017997 0.980451
vt 0.017679 0.980601
vt 0.017841 0.980463
vt 0.017928 0.980316
vt 0.017658 0.980468
vt 0.017792 0.980328
vt 0.017870 0.980175
vt 0.017633 0.980330
vt 0.017748 0.980193
vt 0.017828 0.980047
vt 0.017612 0.980202
vt 0.017712 0.980061
vt 0.017593 0.980073
vt 0.017799 0.979912
vt 0.017689 0.979939
vt 0.017578 0.979947
vt 0.017567 0.979804
vt 0.017670 0.979794
vt 0.017564 0.979661
vt 0.017779 0.979772
vt 0.017663 0.979645
vt 0.017770 0.979619
vt 0.018372 0.976204
vt 0.018354 0.976207
vt 0.018343 0.976211
vt 0.018330 0.976209
vt 0.018346 0.976207
vt 0.018330 0.976205
vt 0.018298 0.976209
vt 0.018343 0.976200
vt 0.018294 0.976205
vt 0.018372 0.976204
vt 0.018314 0.976220
vt 0.018252 0.976211
vt 0.018314 0.976195
vt 0.018254 0.976207
vt 0.018363 0.976215
vt 0.018272 0.976227
vt 0.018194 0.976216
vt 0.018361 0.976196
vt 0.018372 0.976204
vt 0.018277 0.976189
vt 0.018203 0.976211
vt 0.018336 0.976224
vt 0.018217 0.976238
vt 0.018130 0.976222
vt 0.018332 0.976184
vt 0.018228 0.976185
vt 0.018146 0.976215
vt 0.018294 0.976240
vt 0.018152 0.976249
vt 0.018059 0.976235
vt 0.018296 0.976175
vt 0.018170 0.976184
vt 0.018081 0.976224
vt 0.018239 0.976256
vt 0.018077 0.976264
vt 0.017979 0.976244
vt 0.018248 0.976165
vt 0.018104 0.976185
vt 0.018006 0.976233
vt 0.018190 0.976156
vt 0.018269 0.976145
vt 0.018030 0.976187
vt 0.017916 0.976245
vt 0.018125 0.976152
vt 0.017935 0.976191
vt 0.017806 0.976256
vt 0.018312 0.976158
vt 0.018210 0.976131
vt 0.018044 0.976149
vt 0.017824 0.976196
vt 0.017702 0.976258
vt 0.018350 0.976175
vt 0.018287 0.976120
vt 0.018141 0.976120
vt 0.017946 0.976147
vt 0.017710 0.976196
vt 0.017591 0.976249
vt 0.018383 0.976191
vt 0.018226 0.976100
vt 0.018057 0.976111
vt 0.017834 0.976147
vt 0.018396 0.976200
vt 0.018388 0.976216
vt 0.018155 0.976082
vt 0.018425 0.976200
vt 0.018363 0.976231
vt 0.018419 0.976218
vt 0.018321 0.976249
vt 0.018399 0.976236
vt 0.018432 0.976245
vt 0.018359 0.976268
vt 0.018265 0.976272
vt 0.018299 0.976296
vt 0.018172 0.976274
vt 0.018194 0.976298
vt 0.018092 0.976293
vt 0.017992 0.976272
vt 0.017892 0.976254
vt 0.017900 0.976285
vt 0.017793 0.976265
vt 0.018006 0.976311
vt 0.018112 0.976322
vt 0.017797 0.976298
vt 0.017683 0.976262
vt 0.017910 0.976329
vt 0.017684 0.976300
vt 0.017573 0.976251
vt 0.018221 0.976325
vt 0.018021 0.976347
vt 0.017803 0.976338
vt 0.018135 0.976357
vt 0.018252 0.976362
vt 0.017917 0.976369
vt 0.018039 0.976387
vt 0.018334 0.976325
vt 0.018162 0.976397
vt 0.018394 0.976287
vt 0.018279 0.976400
vt 0.018363 0.976357
vt 0.018423 0.976306
vt 0.017810 0.976380
vt 0.017926 0.976413
vt 0.018055 0.976433
vt 0.018186 0.976442
vt 0.017691 0.976337
vt 0.017573 0.976295
vt 0.017469 0.976285
vt 0.017469 0.976235
vt 0.017365 0.976251
vt 0.017577 0.976337
vt 0.017699 0.976384
vt 0.017815 0.976429
vt 0.017932 0.976466
vt 0.018068 0.976482
vt 0.017581 0.976378
vt 0.017704 0.976435
vt 0.017821 0.976489
vt 0.017469 0.976329
vt 0.017943 0.976524
vt 0.018079 0.976529
vt 0.017955 0.976578
vt 0.018203 0.976484
vt 0.018301 0.976438
vt 0.018217 0.976528
vt 0.018387 0.976387
vt 0.018094 0.976569
vt 0.018321 0.976474
vt 0.018234 0.976568
vt 0.017832 0.976553
vt 0.017844 0.976611
vt 0.017970 0.976616
vt 0.018112 0.976615
vt 0.017711 0.976502
vt 0.017584 0.976431
vt 0.017469 0.976371
vt 0.017719 0.976571
vt 0.017590 0.976493
vt 0.017728 0.976635
vt 0.017469 0.976422
vt 0.017859 0.976659
vt 0.017735 0.976679
vt 0.017985 0.976659
vt 0.017866 0.976699
vt 0.017358 0.976378
vt 0.017354 0.976431
vt 0.017362 0.976337
vt 0.017365 0.976295
vt 0.017254 0.976300
vt 0.017256 0.976262
vt 0.017247 0.976337
vt 0.017240 0.976384
vt 0.017141 0.976298
vt 0.017145 0.976265
vt 0.017136 0.976338
vt 0.017038 0.976285
vt 0.017047 0.976254
vt 0.017234 0.976435
vt 0.017128 0.976380
vt 0.017028 0.976329
vt 0.016947 0.976272
vt 0.016959 0.976244
vt 0.017123 0.976429
vt 0.017021 0.976369
vt 0.016932 0.976311
vt 0.016861 0.976264
vt 0.016879 0.976235
vt 0.017012 0.976413
vt 0.016917 0.976347
vt 0.016846 0.976293
vt 0.016786 0.976249
vt 0.016808 0.976222
vt 0.016899 0.976387
vt 0.016827 0.976322
vt 0.016767 0.976274
vt 0.016721 0.976238
vt 0.016745 0.976216
vt 0.016803 0.976357
vt 0.016745 0.976298
vt 0.016699 0.976256
vt 0.016666 0.976227
vt 0.016686 0.976211
vt 0.016717 0.976325
vt 0.016674 0.976272
vt 0.016645 0.976240
vt 0.016624 0.976220
vt 0.016641 0.976209
vt 0.016639 0.976296
vt 0.016617 0.976249
vt 0.016686 0.976362
vt 0.016602 0.976224
vt 0.016596 0.976211
vt 0.016608 0.976209
vt 0.016575 0.976231
vt 0.016575 0.976215
vt 0.016585 0.976207
vt 0.016592 0.976207
vt 0.016608 0.976205
vt 0.016566 0.976204
vt 0.016596 0.976200
vt 0.016645 0.976205
vt 0.016550 0.976216
vt 0.016624 0.976195
vt 0.016685 0.976207
vt 0.016543 0.976200
vt 0.016577 0.976196
vt 0.016661 0.976189
vt 0.016735 0.976211
vt 0.016555 0.976191
vt 0.016513 0.976200
vt 0.016519 0.976218
vt 0.016607 0.976184
vt 0.016710 0.976185
vt 0.016792 0.976215
vt 0.016588 0.976175
vt 0.016643 0.976175
vt 0.016768 0.976184
vt 0.016858 0.976224
vt 0.016539 0.976236
vt 0.016506 0.976245
vt 0.016579 0.976268
vt 0.016605 0.976325
vt 0.016626 0.976158
vt 0.016834 0.976185
vt 0.016932 0.976233
vt 0.016545 0.976287
vt 0.016908 0.976187
vt 0.017023 0.976245
vt 0.017003 0.976191
vt 0.017132 0.976256
vt 0.017114 0.976196
vt 0.017236 0.976258
vt 0.017229 0.976196
vt 0.017347 0.976249
vt 0.016748 0.976156
vt 0.016814 0.976152
vt 0.016894 0.976149
vt 0.016992 0.976147
vt 0.017105 0.976147
vt 0.016690 0.976165
vt 0.016670 0.976145
vt 0.016728 0.976131
vt 0.016797 0.976120
vt 0.016651 0.976120
vt 0.016881 0.976111
vt 0.016712 0.976100
vt 0.016605 0.976142
vt 0.016783 0.976082
vt 0.016566 0.976162
vt 0.016532 0.976182
vt 0.016692 0.976067
vt 0.016767 0.976040
vt 0.016630 0.976092
vt 0.016581 0.976120
vt 0.016539 0.976147
vt 0.016504 0.976173
vt 0.016870 0.976065
vt 0.016486 0.976196
vt 0.016488 0.976222
vt 0.016459 0.976227
vt 0.016552 0.976094
vt 0.016508 0.976127
vt 0.016475 0.976164
vt 0.016457 0.976195
vt 0.016605 0.976060
vt 0.016670 0.976027
vt 0.016750 0.975994
vt 0.016858 0.976018
vt 0.016974 0.976049
vt 0.016983 0.976102
vt 0.017100 0.976092
vt 0.017092 0.976032
vt 0.017085 0.975970
vt 0.016966 0.975996
vt 0.016846 0.975965
vt 0.016728 0.975943
vt 0.017216 0.976022
vt 0.017220 0.976087
vt 0.016959 0.975936
vt 0.016643 0.975983
vt 0.016573 0.976024
vt 0.017223 0.976145
vt 0.016835 0.975904
vt 0.016608 0.975936
vt 0.016517 0.976065
vt 0.017340 0.976193
vt 0.016699 0.975889
vt 0.016533 0.975983
vt 0.016472 0.976105
vt 0.016441 0.976151
vt 0.016430 0.976084
vt 0.016426 0.976191
vt 0.016474 0.976034
vt 0.016401 0.976138
vt 0.016651 0.975816
vt 0.016553 0.975874
vt 0.016474 0.975935
vt 0.016412 0.975996
vt 0.016371 0.976059
vt 0.016814 0.975843
vt 0.016954 0.975863
vt 0.017077 0.975905
vt 0.016498 0.975822
vt 0.016414 0.975891
vt 0.016351 0.975962
vt 0.016605 0.975758
vt 0.016768 0.975760
vt 0.016938 0.975796
vt 0.017074 0.975833
vt 0.016731 0.975696
vt 0.016882 0.975638
vt 0.017205 0.975874
vt 0.016902 0.975710
vt 0.017041 0.975685
vt 0.017063 0.975756
vt 0.017211 0.975949
vt 0.017201 0.975812
vt 0.017334 0.975865
vt 0.017336 0.975943
vt 0.017338 0.976016
vt 0.017469 0.976005
vt 0.017338 0.976085
vt 0.017340 0.976143
vt 0.017469 0.976078
vt 0.017469 0.976138
vt 0.017469 0.975936
vt 0.017469 0.976185
vt 0.017469 0.976229
vt 0.017599 0.976193
vt 0.017599 0.976143
vt 0.017715 0.976145
vt 0.017601 0.976085
vt 0.017719 0.976087
vt 0.017601 0.976016
vt 0.017839 0.976092
vt 0.017602 0.975943
vt 0.017722 0.976022
vt 0.017955 0.976102
vt 0.017846 0.976032
vt 0.017853 0.975970
vt 0.017964 0.976049
vt 0.017728 0.975949
vt 0.017604 0.975865
vt 0.018068 0.976065
vt 0.018172 0.976040
vt 0.018081 0.976018
vt 0.018246 0.976067
vt 0.017734 0.975874
vt 0.017469 0.975858
vt 0.017972 0.975996
vt 0.018188 0.975994
vt 0.018092 0.975965
vt 0.017979 0.975936
vt 0.017861 0.975905
vt 0.017333 0.975805
vt 0.018269 0.976027
vt 0.018210 0.975943
vt 0.018103 0.975904
vt 0.017985 0.975863
vt 0.017864 0.975833
vt 0.018309 0.976092
vt 0.017737 0.975812
vt 0.018334 0.976142
vt 0.018372 0.976162
vt 0.018358 0.976120
vt 0.018334 0.976060
vt 0.018406 0.976182
vt 0.018399 0.976147
vt 0.018434 0.976173
vt 0.018387 0.976094
vt 0.018296 0.975983
vt 0.018365 0.976024
vt 0.018430 0.976127
vt 0.018452 0.976196
vt 0.018330 0.975936
vt 0.018421 0.976065
vt 0.018463 0.976164
vt 0.018450 0.976222
vt 0.018480 0.976227
vt 0.018239 0.975889
vt 0.018125 0.975843
vt 0.018467 0.976105
vt 0.018481 0.976195
vt 0.018498 0.976151
vt 0.018461 0.976260
vt 0.018512 0.976191
vt 0.018508 0.976084
vt 0.018001 0.975796
vt 0.018448 0.976324
vt 0.018508 0.976233
vt 0.018537 0.976138
vt 0.017875 0.975756
vt 0.018410 0.976418
vt 0.018488 0.976277
vt 0.018476 0.976349
vt 0.018341 0.976513
vt 0.018517 0.976293
vt 0.018434 0.976449
vt 0.018272 0.976647
vt 0.018503 0.976373
vt 0.018384 0.976582
vt 0.018150 0.976703
vt 0.018477 0.976503
vt 0.018008 0.976743
vt 0.018324 0.976756
vt 0.018179 0.976817
vt 0.018012 0.976852
vt 0.017870 0.976771
vt 0.018439 0.976668
vt 0.017735 0.976715
vt 0.018232 0.977013
vt 0.018072 0.977011
vt 0.018410 0.976960
vt 0.017956 0.977008
vt 0.018551 0.976838
vt 0.017857 0.976876
vt 0.017840 0.977009
vt 0.018540 0.976580
vt 0.018659 0.976708
vt 0.017729 0.976787
vt 0.017719 0.976885
vt 0.017711 0.977003
vt 0.017570 0.977003
vt 0.017581 0.976887
vt 0.017469 0.976988
vt 0.018623 0.976480
vt 0.018746 0.976571
vt 0.018547 0.976414
vt 0.017595 0.976780
vt 0.017469 0.976876
vt 0.018689 0.976384
vt 0.018817 0.976443
vt 0.018869 0.976321
vt 0.018601 0.976339
vt 0.018555 0.976314
vt 0.018737 0.976287
vt 0.018902 0.976204
vt 0.018638 0.976264
vt 0.018764 0.976192
vt 0.018913 0.976092
vt 0.018586 0.976251
vt 0.018768 0.976097
vt 0.018899 0.975982
vt 0.018658 0.976187
vt 0.018543 0.976240
vt 0.018749 0.976004
vt 0.018860 0.975871
vt 0.018656 0.976110
vt 0.018600 0.976187
vt 0.018548 0.976187
vt 0.018594 0.976123
vt 0.018706 0.975914
vt 0.018794 0.975760
vt 0.018631 0.976035
vt 0.018568 0.976059
vt 0.018640 0.975825
vt 0.018703 0.975654
vt 0.018588 0.975962
vt 0.018526 0.975996
vt 0.018552 0.975741
vt 0.018588 0.975558
vt 0.018524 0.975891
vt 0.018464 0.976034
vt 0.018444 0.975661
vt 0.018459 0.975471
vt 0.018440 0.975822
vt 0.018464 0.975935
vt 0.018405 0.975983
vt 0.018386 0.975874
vt 0.018321 0.975589
vt 0.018326 0.975392
vt 0.018334 0.975758
vt 0.018288 0.975816
vt 0.018192 0.975522
vt 0.018195 0.975324
vt 0.018207 0.975696
vt 0.018056 0.975638
vt 0.018171 0.975760
vt 0.018081 0.975460
vt 0.018065 0.975268
vt 0.018036 0.975710
vt 0.017897 0.975685
vt 0.017973 0.975423
vt 0.017935 0.975230
vt 0.017981 0.975527
vt 0.017870 0.975400
vt 0.017795 0.975206
vt 0.017904 0.975621
vt 0.017872 0.975534
vt 0.017749 0.975387
vt 0.017636 0.975202
vt 0.017755 0.975617
vt 0.017744 0.975534
vt 0.017611 0.975385
vt 0.017469 0.975202
vt 0.017751 0.975687
vt 0.017608 0.975538
vt 0.017613 0.975618
vt 0.017469 0.975622
vt 0.017743 0.975739
vt 0.017615 0.975690
vt 0.017469 0.975539
vt 0.017469 0.975385
vt 0.017327 0.975385
vt 0.017302 0.975202
vt 0.017608 0.975738
vt 0.017330 0.975538
vt 0.017190 0.975387
vt 0.017143 0.975206
vt 0.017068 0.975400
vt 0.017004 0.975230
vt 0.017194 0.975534
vt 0.016965 0.975423
vt 0.016873 0.975268
vt 0.017606 0.975805
vt 0.017469 0.975805
vt 0.017469 0.975738
vt 0.017469 0.975693
vt 0.017330 0.975738
vt 0.017323 0.975690
vt 0.017196 0.975739
vt 0.017187 0.975687
vt 0.017325 0.975618
vt 0.017183 0.975617
vt 0.017034 0.975621
vt 0.017067 0.975534
vt 0.016958 0.975527
vt 0.016858 0.975460
vt 0.016743 0.975324
vt 0.016746 0.975522
vt 0.016613 0.975392
vt 0.016617 0.975589
vt 0.016479 0.975471
vt 0.016494 0.975661
vt 0.016351 0.975558
vt 0.016386 0.975741
vt 0.016235 0.975654
vt 0.016298 0.975825
vt 0.016144 0.975760
vt 0.016232 0.975914
vt 0.016078 0.975871
vt 0.016307 0.976035
vt 0.016190 0.976004
vt 0.016040 0.975982
vt 0.016345 0.976123
vt 0.016170 0.976097
vt 0.016026 0.976092
vt 0.016283 0.976110
vt 0.016390 0.976187
vt 0.016174 0.976192
vt 0.016036 0.976204
vt 0.016338 0.976187
vt 0.016281 0.976187
vt 0.016430 0.976233
vt 0.016202 0.976287
vt 0.016070 0.976321
vt 0.016300 0.976264
vt 0.016352 0.976251
vt 0.016395 0.976240
vt 0.016250 0.976384
vt 0.016121 0.976443
vt 0.016192 0.976571
vt 0.016337 0.976339
vt 0.016315 0.976480
vt 0.016280 0.976708
vt 0.016421 0.976293
vt 0.016384 0.976314
vt 0.016398 0.976580
vt 0.016388 0.976838
vt 0.016392 0.976414
vt 0.016499 0.976668
vt 0.016528 0.976960
vt 0.016436 0.976373
vt 0.016461 0.976503
vt 0.016615 0.976756
vt 0.016706 0.977013
vt 0.016554 0.976582
vt 0.016504 0.976449
vt 0.016463 0.976349
vt 0.016759 0.976817
vt 0.016866 0.977011
vt 0.016666 0.976647
vt 0.016597 0.976513
vt 0.016926 0.976852
vt 0.016982 0.977008
vt 0.016450 0.976277
vt 0.016528 0.976418
vt 0.016477 0.976260
vt 0.016490 0.976324
vt 0.016516 0.976306
vt 0.016552 0.976387
vt 0.016575 0.976357
vt 0.016617 0.976474
vt 0.016659 0.976400
vt 0.016637 0.976438
vt 0.016704 0.976568
vt 0.016721 0.976528
vt 0.016776 0.976397
vt 0.016735 0.976484
vt 0.016883 0.976433
vt 0.016752 0.976442
vt 0.016859 0.976529
vt 0.016844 0.976569
vt 0.017007 0.976466
vt 0.016870 0.976482
vt 0.017117 0.976489
vt 0.016983 0.976578
vt 0.016996 0.976524
vt 0.016827 0.976615
vt 0.017227 0.976502
vt 0.016968 0.976616
vt 0.017107 0.976553
vt 0.017094 0.976611
vt 0.016789 0.976703
vt 0.017349 0.976493
vt 0.016954 0.976659
vt 0.017220 0.976571
vt 0.017469 0.976480
vt 0.016930 0.976743
vt 0.017080 0.976659
vt 0.017210 0.976635
vt 0.017341 0.976564
vt 0.017597 0.976564
vt 0.017072 0.976699
vt 0.017203 0.976679
vt 0.017336 0.976621
vt 0.017469 0.976555
vt 0.017469 0.976615
vt 0.017602 0.976621
vt 0.017330 0.976670
vt 0.017469 0.976651
vt 0.017608 0.976670
vt 0.017469 0.976688
vt 0.017606 0.976706
vt 0.017469 0.976766
vt 0.017333 0.976706
vt 0.017344 0.976780
vt 0.017203 0.976715
vt 0.017357 0.976887
vt 0.017368 0.977003
vt 0.017209 0.976787
vt 0.017068 0.976771
vt 0.017219 0.976885
vt 0.017227 0.977003
vt 0.017098 0.977009
vt 0.017082 0.976876
vt 0.012272 0.985608
vt 0.012177 0.985558
vt 0.012312 0.985773
vt 0.012248 0.985501
vt 0.012169 0.985352
vt 0.012090 0.985348
vt 0.012234 0.985351
vt 0.012020 0.985165
vt 0.012183 0.985134
vt 0.012047 0.985026
vt 0.012268 0.985092
vt 0.012157 0.985005
vt 0.012032 0.984923
vt 0.012239 0.984986
vt 0.012322 0.985038
vt 0.012125 0.984890
vt 0.012054 0.984797
vt 0.012310 0.984967
vt 0.012372 0.984989
vt 0.012120 0.984776
vt 0.012079 0.984649
vt 0.012369 0.984952
vt 0.012389 0.984965
vt 0.012402 0.984939
vt 0.012375 0.984919
vt 0.012306 0.984884
vt 0.012242 0.984876
vt 0.012206 0.984740
vt 0.012165 0.984589
vt 0.012114 0.984633
vt 0.012118 0.984312
vt 0.608691 0.722107
vt 0.623094 0.732197
vt 0.629650 0.704493
vt 0.615366 0.694832
vt 0.640937 0.675567
vt 0.595928 0.713066
vt 0.624178 0.658736
vt 0.601375 0.686616
vt 0.582590 0.703308
vt 0.604839 0.659048
vt 0.586656 0.678488
vt 0.568310 0.693797
vt 0.588934 0.626206
vt 0.603897 0.615298
vt 0.569675 0.671893
vt 0.557118 0.685398
vt 0.583855 0.656813
vt 0.565736 0.600981
vt 0.579981 0.588029
vt 0.559323 0.668030
vt 0.549339 0.678168
vt 0.570756 0.631814
vt 0.567381 0.655104
vt 0.537361 0.580773
vt 0.550745 0.567560
vt 0.518264 0.549115
vt 0.550258 0.664289
vt 0.539506 0.670705
vt 0.556580 0.653184
vt 0.550597 0.610765
vt 0.555906 0.634952
vt 0.503100 0.564685
vt 0.481246 0.532997
vt 0.524809 0.591399
vt 0.537859 0.617516
vt 0.545834 0.636809
vt 0.542934 0.650874
vt 0.465965 0.549465
vt 0.447573 0.518623
vt 0.489549 0.577484
vt 0.511947 0.601176
vt 0.527460 0.622659
vt 0.431072 0.536796
vt 0.415560 0.507159
vt 0.452971 0.565233
vt 0.478281 0.588600
vt 0.398077 0.526587
vt 0.381592 0.497746
vt 0.418889 0.555277
vt 0.366633 0.516997
vt 0.348280 0.487021
vt 0.532338 0.639067
vt 0.500113 0.610401
vt 0.443685 0.578725
vt 0.386843 0.547124
vt 0.335140 0.509129
vt 0.310029 0.476964
vt 0.515387 0.628084
vt 0.468050 0.600438
vt 0.411606 0.570584
vt 0.357017 0.539634
vt 0.298922 0.506082
vt 0.264344 0.467777
vt 0.327514 0.535014
vt 0.353539 0.558712
vt 0.490175 0.618458
vt 0.436205 0.591774
vt 0.381349 0.564111
vt 0.406134 0.586081
vt 0.461723 0.608803
vt 0.377794 0.582589
vt 0.431724 0.601833
vt 0.403290 0.598259
vt 0.325566 0.559066
vt 0.352133 0.580638
vt 0.376450 0.596707
vt 0.295191 0.535352
vt 0.257508 0.509748
vt 0.206020 0.504385
vt 0.206601 0.467708
vt 0.136595 0.502962
vt 0.147934 0.545748
vt 0.069454 0.542860
vt 0.088304 0.606005
vt 0.005690 0.575218
vt 0.014037 0.636046
vt 0.212171 0.539799
vt 0.260185 0.548430
vt 0.296497 0.563416
vt 0.167572 0.576530
vt 0.223648 0.568284
vt 0.071283 0.686432
vt 0.020849 0.700812
vt 0.067191 0.751356
vt 0.025640 0.764643
vt 0.109275 0.733831
vt 0.111929 0.681416
vt 0.146012 0.720847
vt 0.128319 0.624701
vt 0.149084 0.678159
vt 0.177459 0.711065
vt 0.188700 0.599055
vt 0.180312 0.675251
vt 0.202312 0.702569
vt 0.162472 0.636505
vt 0.207377 0.673059
vt 0.213746 0.697606
vt 0.227966 0.690781
vt 0.190640 0.641301
vt 0.238592 0.590024
vt 0.211593 0.613085
vt 0.217433 0.646157
vt 0.224277 0.671490
vt 0.267174 0.572992
vt 0.235013 0.625380
vt 0.254775 0.608826
vt 0.275666 0.592879
vt 0.301497 0.585919
vt 0.236280 0.649300
vt 0.327202 0.581247
vt 0.352323 0.596614
vt 0.329126 0.598791
vt 0.305615 0.603298
vt 0.283774 0.610654
vt 0.266166 0.621247
vt 0.250570 0.633543
vt 0.375606 0.608402
vt 0.353961 0.609060
vt 0.332363 0.611617
vt 0.309813 0.616137
vt 0.290592 0.621914
vt 0.401111 0.609219
vt 0.428075 0.611174
vt 0.455825 0.616519
vt 0.482662 0.624660
vt 0.505418 0.632986
vt 0.521277 0.640870
vt 0.531641 0.650063
vt 0.538086 0.659756
vt 0.450835 0.624002
vt 0.476171 0.630506
vt 0.497721 0.636746
vt 0.512758 0.642200
vt 0.521556 0.649222
vt 0.425202 0.620324
vt 0.399834 0.618830
vt 0.375474 0.618350
vt 0.355583 0.619420
vt 0.335529 0.622355
vt 0.315048 0.626624
vt 0.445848 0.633286
vt 0.421861 0.631177
vt 0.398158 0.629749
vt 0.375721 0.629619
vt 0.357256 0.630797
vt 0.339300 0.632905
vt 0.469823 0.638020
vt 0.489956 0.642291
vt 0.504140 0.645725
vt 0.513470 0.650353
vt 0.465342 0.645097
vt 0.485096 0.647472
vt 0.499461 0.649286
vt 0.507782 0.652201
vt 0.441923 0.641330
vt 0.418974 0.640199
vt 0.439798 0.646835
vt 0.396778 0.638939
vt 0.464364 0.650506
vt 0.417242 0.646381
vt 0.506904 0.656626
vt 0.503727 0.655212
vt 0.497468 0.653441
vt 0.484060 0.652420
vt 0.512938 0.655849
vt 0.520828 0.656710
vt 0.528844 0.658344
vt 0.529796 0.666460
vt 0.523127 0.663580
vt 0.516013 0.660012
vt 0.508948 0.658472
vt 0.528044 0.673634
vt 0.536912 0.681090
vt 0.522027 0.669150
vt 0.516730 0.664557
vt 0.524172 0.684116
vt 0.531072 0.693398
vt 0.518259 0.677144
vt 0.517455 0.694206
vt 0.523026 0.704687
vt 0.504683 0.658220
vt 0.502820 0.658768
vt 0.510606 0.662054
vt 0.514387 0.671367
vt 0.511929 0.685962
vt 0.510183 0.702956
vt 0.514071 0.713982
vt 0.505909 0.659409
vt 0.506883 0.661586
vt 0.510142 0.667459
vt 0.507962 0.679751
vt 0.505624 0.692222
vt 0.504830 0.660101
vt 0.507069 0.665128
vt 0.504779 0.674960
vt 0.502112 0.684697
vt 0.502874 0.671839
vt 0.499262 0.679976
vt 0.497093 0.676166
vt 0.505291 0.661797
vt 0.504130 0.664390
vt 0.499830 0.668225
vt 0.504261 0.660835
vt 0.504689 0.662186
vt 0.503561 0.663900
vt 0.499298 0.666287
vt 0.501993 0.660602
vt 0.494290 0.667743
vt 0.498930 0.661313
vt 0.494144 0.671122
vt 0.477368 0.667743
vt 0.497529 0.657661
vt 0.485823 0.662063
vt 0.485474 0.657355
vt 0.480962 0.662339
vt 0.468532 0.662339
vt 0.465057 0.656753
vt 0.441690 0.662339
vt 0.438637 0.653875
vt 0.415141 0.662339
vt 0.416015 0.653849
vt 0.395504 0.653825
vt 0.395283 0.662339
vt 0.396017 0.645525
vt 0.376978 0.653900
vt 0.377572 0.662339
vt 0.376457 0.644795
vt 0.361165 0.654185
vt 0.362319 0.662339
vt 0.376136 0.638045
vt 0.359801 0.644681
vt 0.345995 0.654308
vt 0.347559 0.662339
vt 0.358757 0.638147
vt 0.344301 0.645331
vt 0.331646 0.654231
vt 0.333583 0.662339
vt 0.342428 0.639569
vt 0.318172 0.654498
vt 0.319852 0.662339
vt 0.329298 0.646469
vt 0.326519 0.641773
vt 0.306308 0.655784
vt 0.307968 0.662335
vt 0.315534 0.648441
vt 0.322039 0.636400
vt 0.297502 0.657677
vt 0.299720 0.662335
vt 0.303751 0.650813
vt 0.312392 0.644521
vt 0.307134 0.639819
vt 0.290815 0.660352
vt 0.293803 0.662335
vt 0.294415 0.653914
vt 0.300570 0.647369
vt 0.298308 0.631444
vt 0.286363 0.665063
vt 0.289004 0.663152
vt 0.286534 0.667690
vt 0.287628 0.664965
vt 0.288338 0.666980
vt 0.287193 0.658034
vt 0.294803 0.643493
vt 0.290879 0.651185
vt 0.285115 0.637202
vt 0.281658 0.665450
vt 0.283100 0.656364
vt 0.284542 0.648501
vt 0.275858 0.630302
vt 0.273632 0.644096
vt 0.262494 0.639247
vt 0.274499 0.655243
vt 0.276781 0.665332
vt 0.250464 0.651730
vt 0.262635 0.653714
vt 0.241967 0.669153
vt 0.265444 0.666312
vt 0.254263 0.667669
vt 0.281428 0.670365
vt 0.242789 0.683618
vt 0.275331 0.671936
vt 0.264526 0.675276
vt 0.253064 0.679219
vt 0.282672 0.672871
vt 0.246321 0.695175
vt 0.234373 0.703557
vt 0.254995 0.689151
vt 0.265588 0.682678
vt 0.276524 0.676490
vt 0.287328 0.669073
vt 0.290157 0.667826
vt 0.253740 0.703957
vt 0.244187 0.713566
vt 0.259724 0.697661
vt 0.270097 0.688971
vt 0.279939 0.681223
vt 0.285323 0.675956
vt 0.288991 0.670926
vt 0.293259 0.667817
vt 0.264817 0.710193
vt 0.256332 0.721611
vt 0.269286 0.703224
vt 0.277442 0.694240
vt 0.289943 0.679202
vt 0.292842 0.672862
vt 0.300347 0.667872
vt 0.285642 0.685877
vt 0.276988 0.716384
vt 0.269688 0.730166
vt 0.280847 0.707663
vt 0.299682 0.674576
vt 0.312325 0.667743
vt 0.297443 0.682480
vt 0.293798 0.690028
vt 0.286820 0.699153
vt 0.290956 0.723582
vt 0.285443 0.738766
vt 0.310137 0.675904
vt 0.331650 0.667743
vt 0.307510 0.685543
vt 0.294160 0.713147
vt 0.304332 0.693736
vt 0.298908 0.703609
vt 0.311200 0.731534
vt 0.307073 0.745201
vt 0.329343 0.750220
vt 0.324651 0.689392
vt 0.314586 0.719258
vt 0.332423 0.737404
vt 0.351739 0.754922
vt 0.321737 0.699200
vt 0.318088 0.709757
vt 0.354296 0.741619
vt 0.375362 0.758019
vt 0.339728 0.703382
vt 0.336306 0.714674
vt 0.333364 0.724391
vt 0.376995 0.745052
vt 0.398898 0.758602
vt 0.356055 0.728652
vt 0.357930 0.719268
vt 0.360361 0.707722
vt 0.344147 0.693586
vt 0.399892 0.747169
vt 0.423550 0.756334
vt 0.377917 0.732580
vt 0.378608 0.722999
vt 0.380183 0.710489
vt 0.425261 0.744676
vt 0.445634 0.751651
vt 0.400839 0.734967
vt 0.447193 0.740730
vt 0.463864 0.746249
vt 0.424264 0.733686
vt 0.400086 0.723928
vt 0.464725 0.734884
vt 0.477896 0.738680
vt 0.400137 0.712291
vt 0.446056 0.731495
vt 0.424380 0.723051
vt 0.477805 0.726525
vt 0.490989 0.730944
vt 0.464079 0.725905
vt 0.446434 0.719415
vt 0.490585 0.718010
vt 0.504044 0.722240
vt 0.477980 0.718084
vt 0.500860 0.710832
vt 0.489384 0.708184
vt 0.497392 0.700675
vt 0.463873 0.715756
vt 0.423785 0.712231
vt 0.477152 0.707772
vt 0.494220 0.691266
vt 0.487101 0.698796
vt 0.445603 0.710657
vt 0.491726 0.685997
vt 0.462349 0.706368
vt 0.474966 0.700595
vt 0.484517 0.693108
vt 0.488948 0.681377
vt 0.480871 0.686942
vt 0.472049 0.692505
vt 0.460075 0.697355
vt 0.444106 0.700196
vt 0.483434 0.674904
vt 0.474418 0.677124
vt 0.465480 0.667743
vt 0.456794 0.667743
vt 0.464736 0.679516
vt 0.444667 0.667743
vt 0.452693 0.681743
vt 0.439051 0.684403
vt 0.432345 0.667743
vt 0.421267 0.686891
vt 0.417190 0.667743
vt 0.423290 0.702456
vt 0.400422 0.702330
vt 0.400472 0.685733
vt 0.400190 0.667743
vt 0.383475 0.684669
vt 0.384893 0.667743
vt 0.381489 0.700855
vt 0.362442 0.697411
vt 0.365580 0.682365
vt 0.368053 0.667743
vt 0.347474 0.680112
vt 0.349721 0.667743
vt 0.328223 0.677933
vt 0.213746 0.697606
vt 0.234373 0.703557
vt 0.227966 0.690781
vt 0.219666 0.714075
vt 0.202312 0.702569
vt 0.244187 0.713566
vt 0.204793 0.724815
vt 0.177459 0.711065
vt 0.228849 0.729106
vt 0.256332 0.721611
vt 0.183384 0.738555
vt 0.146012 0.720847
vt 0.212196 0.745102
vt 0.241047 0.741815
vt 0.269688 0.730166
vt 0.153174 0.756260
vt 0.109275 0.733831
vt 0.192568 0.762046
vt 0.257564 0.752679
vt 0.285443 0.738766
vt 0.225576 0.761261
vt 0.115986 0.780645
vt 0.067191 0.751356
vt 0.164279 0.787779
vt 0.208838 0.780329
vt 0.243495 0.775854
vt 0.276982 0.762182
vt 0.074602 0.805435
vt 0.025640 0.764643
vt 0.032266 0.828000
vt 0.128027 0.821279
vt 0.086822 0.856856
vt 0.051123 0.885272
vt 0.182206 0.812053
vt 0.300267 0.767705
vt 0.307073 0.745201
vt 0.113667 0.894564
vt 0.080498 0.934116
vt 0.151693 0.848943
vt 0.228633 0.797304
vt 0.265554 0.786919
vt 0.150547 0.919510
vt 0.124647 0.963022
vt 0.173817 0.976839
vt 0.205790 0.832008
vt 0.179950 0.872760
vt 0.193006 0.934795
vt 0.220064 0.987902
vt 0.252809 0.810315
vt 0.234873 0.847486
vt 0.214307 0.889819
vt 0.233507 0.945087
vt 0.263392 0.990957
vt 0.289684 0.795670
vt 0.249969 0.899906
vt 0.272462 0.949184
vt 0.304025 0.990649
vt 0.279216 0.819697
vt 0.266034 0.857604
vt 0.284747 0.904833
vt 0.310648 0.949885
vt 0.344202 0.989036
vt 0.306709 0.825372
vt 0.315421 0.799474
vt 0.296569 0.863824
vt 0.319889 0.906785
vt 0.349932 0.948026
vt 0.381885 0.986901
vt 0.328644 0.867024
vt 0.356595 0.906334
vt 0.388870 0.944117
vt 0.420199 0.985349
vt 0.335284 0.828408
vt 0.360993 0.867355
vt 0.421683 0.939265
vt 0.461042 0.986734
vt 0.391570 0.903611
vt 0.341509 0.802433
vt 0.364306 0.829715
vt 0.391317 0.865426
vt 0.421382 0.898792
vt 0.461347 0.930060
vt 0.324005 0.771956
vt 0.329343 0.750220
vt 0.348033 0.774821
vt 0.351739 0.754922
vt 0.368815 0.803529
vt 0.373409 0.776375
vt 0.375362 0.758019
vt 0.391277 0.828486
vt 0.397989 0.775469
vt 0.398898 0.758602
vt 0.394995 0.801450
vt 0.417907 0.860795
vt 0.421982 0.772311
vt 0.423550 0.756334
vt 0.417229 0.825120
vt 0.419646 0.796970
vt 0.453352 0.891612
vt 0.443450 0.768156
vt 0.445634 0.751651
vt 0.444525 0.853712
vt 0.439177 0.819965
vt 0.440968 0.790696
vt 0.462654 0.761251
vt 0.463864 0.746249
vt 0.459632 0.785092
vt 0.458428 0.814243
vt 0.464726 0.845838
vt 0.480839 0.880374
vt 0.478093 0.754652
vt 0.477896 0.738680
vt 0.477516 0.776877
vt 0.477058 0.806551
vt 0.484902 0.835444
vt 0.492549 0.746785
vt 0.490989 0.730944
vt 0.494073 0.768221
vt 0.496139 0.795012
vt 0.506760 0.737782
vt 0.504044 0.722240
vt 0.509140 0.757659
vt 0.518081 0.727104
vt 0.514071 0.713982
vt 0.501488 0.864788
vt 0.504376 0.822968
vt 0.513179 0.781740
vt 0.523766 0.742410
vt 0.528906 0.715661
vt 0.523026 0.704687
vt 0.518933 0.845972
vt 0.523337 0.808259
vt 0.531263 0.764529
vt 0.535735 0.728523
vt 0.537022 0.703519
vt 0.531072 0.693398
vt 0.535278 0.826401
vt 0.539823 0.787738
vt 0.546497 0.746460
vt 0.544298 0.715703
vt 0.545247 0.690825
vt 0.536912 0.681090
vt 0.549339 0.678168
vt 0.539506 0.670705
vt 0.557118 0.685398
vt 0.552616 0.700698
vt 0.568310 0.693797
vt 0.563231 0.713770
vt 0.582590 0.703308
vt 0.556377 0.729948
vt 0.575566 0.724941
vt 0.595928 0.713066
vt 0.568200 0.742745
vt 0.588768 0.736281
vt 0.608691 0.722107
vt 0.557949 0.762409
vt 0.601029 0.747614
vt 0.623094 0.732197
vt 0.614663 0.758723
vt 0.581187 0.755646
vt 0.593228 0.768790
vt 0.605852 0.782074
vt 0.569366 0.778725
vt 0.581877 0.793630
vt 0.596387 0.805009
vt 0.584914 0.829582
vt 0.567422 0.819193
vt 0.573581 0.852715
vt 0.551488 0.805030
vt 0.552201 0.842271
vt 0.561522 0.875073
vt 0.537143 0.863318
vt 0.546290 0.897966
vt 0.520642 0.884570
vt 0.531533 0.921063
vt 0.501429 0.905632
vt 0.517538 0.952660
vt 0.508389 0.991221
vt 0.479372 0.492866
vt 0.488521 0.531427
vt 0.535868 0.526940
vt 0.535563 0.470266
vt 0.575227 0.479471
vt 0.576711 0.525555
vt 0.495481 0.445838
vt 0.465376 0.461270
vt 0.608040 0.484323
vt 0.615025 0.527107
vt 0.476268 0.424776
vt 0.450620 0.438172
vt 0.646978 0.488232
vt 0.652708 0.529243
vt 0.459767 0.403524
vt 0.435388 0.415279
vt 0.686262 0.490091
vt 0.692885 0.530855
vt 0.444709 0.382477
vt 0.423329 0.392922
vt 0.724448 0.489390
vt 0.733518 0.531163
vt 0.429488 0.359399
vt 0.411996 0.369788
vt 0.763403 0.485293
vt 0.776846 0.528109
vt 0.415033 0.333836
vt 0.400523 0.345215
vt 0.391057 0.322280
vt 0.403682 0.308996
vt 0.382247 0.298929
vt 0.427543 0.318931
vt 0.445422 0.345236
vt 0.395881 0.287821
vt 0.373815 0.272403
vt 0.388219 0.262313
vt 0.415723 0.295852
vt 0.408142 0.276487
vt 0.400982 0.253272
vt 0.421344 0.265148
vt 0.414320 0.243515
vt 0.428709 0.282951
vt 0.438961 0.302615
vt 0.433679 0.253976
vt 0.428600 0.234004
vt 0.440532 0.270154
vt 0.444294 0.240904
vt 0.439792 0.225604
vt 0.457087 0.327945
vt 0.450413 0.286666
vt 0.452612 0.255910
vt 0.451663 0.231032
vt 0.447571 0.218374
vt 0.459998 0.221296
vt 0.457404 0.210912
vt 0.465838 0.233604
vt 0.459888 0.243725
vt 0.473884 0.244893
vt 0.468004 0.255867
vt 0.482839 0.254188
vt 0.461175 0.268729
vt 0.478829 0.267311
vt 0.492866 0.262446
vt 0.473144 0.282617
vt 0.490150 0.277988
vt 0.505921 0.271150
vt 0.465647 0.304735
vt 0.504361 0.286992
vt 0.519014 0.278887
vt 0.487770 0.297865
vt 0.483731 0.321947
vt 0.518817 0.294858
vt 0.533046 0.286455
vt 0.502837 0.308427
vt 0.473573 0.348465
vt 0.534256 0.301457
vt 0.551275 0.291857
vt 0.519394 0.317083
vt 0.500771 0.335219
vt 0.461632 0.366607
vt 0.553460 0.308362
vt 0.573360 0.296540
vt 0.537278 0.325298
vt 0.519852 0.346757
vt 0.492534 0.363174
vt 0.477977 0.386179
vt 0.574928 0.312517
vt 0.598012 0.298808
vt 0.555942 0.330902
vt 0.538482 0.354450
vt 0.512008 0.375650
vt 0.495422 0.404994
vt 0.598921 0.315675
vt 0.621548 0.298225
vt 0.577264 0.337176
vt 0.532184 0.386044
vt 0.516071 0.420580
vt 0.557733 0.360172
vt 0.623501 0.316581
vt 0.645171 0.295129
vt 0.543558 0.431818
vt 0.552385 0.393918
vt 0.579681 0.365326
vt 0.601915 0.341656
vt 0.648877 0.315027
vt 0.667566 0.290426
vt 0.575528 0.438998
vt 0.579002 0.401001
vt 0.628095 0.343736
vt 0.605633 0.368693
vt 0.672905 0.312163
vt 0.689837 0.285407
vt 0.605339 0.443817
vt 0.605593 0.405632
vt 0.655401 0.342639
vt 0.632604 0.369921
vt 0.696643 0.307912
vt 0.711467 0.278972
vt 0.640315 0.446540
vt 0.635917 0.407562
vt 0.661625 0.368614
vt 0.681489 0.339680
vt 0.677020 0.446992
vt 0.668266 0.407230
vt 0.690201 0.365578
vt 0.712162 0.445039
vt 0.700341 0.404031
vt 0.746940 0.440113
vt 0.730876 0.397810
vt 0.707226 0.335876
vt 0.717694 0.359904
vt 0.762037 0.387692
vt 0.782602 0.430025
vt 0.744101 0.350521
vt 0.731356 0.327126
vt 0.803904 0.475001
vt 0.823093 0.517045
vt 0.816960 0.412966
vt 0.846363 0.459716
vt 0.872263 0.503228
vt 0.916412 0.474323
vt 0.883243 0.434771
vt 0.945786 0.425479
vt 0.791120 0.372215
vt 0.910088 0.397062
vt 0.964644 0.368206
vt 0.845217 0.389149
vt 0.768277 0.337510
vt 0.922308 0.345641
vt 0.971270 0.304849
vt 0.929718 0.291562
vt 0.814704 0.352260
vt 0.868882 0.361486
vt 0.880924 0.320851
vt 0.887635 0.274037
vt 0.832631 0.327985
vt 0.843735 0.296466
vt 0.850898 0.261053
vt 0.788072 0.320535
vt 0.813526 0.278761
vt 0.819451 0.251271
vt 0.804342 0.302252
vt 0.753415 0.316060
vt 0.792117 0.265021
vt 0.794598 0.242775
vt 0.771334 0.301467
vt 0.784714 0.285308
vt 0.719928 0.302389
vt 0.739346 0.292885
vt 0.727222 0.270372
vt 0.755863 0.282021
vt 0.740578 0.261817
vt 0.768061 0.269312
vt 0.752723 0.253772
vt 0.777244 0.254281
vt 0.762537 0.243764
vt 0.783164 0.237812
vt 0.768943 0.230987
vt 0.016701 0.980888
vt 0.016671 0.981083
vt 0.016946 0.981090
vt 0.016970 0.980897
vt 0.017222 0.981090
vt 0.016776 0.980721
vt 0.017231 0.980897
vt 0.017003 0.980731
vt 0.016855 0.980590
vt 0.017243 0.980727
vt 0.017044 0.980601
vt 0.016941 0.980451
vt 0.017259 0.980601
vt 0.017097 0.980463
vt 0.017010 0.980316
vt 0.017281 0.980468
vt 0.017146 0.980328
vt 0.017068 0.980175
vt 0.017305 0.980330
vt 0.017190 0.980193
vt 0.017110 0.980047
vt 0.017327 0.980202
vt 0.017227 0.980061
vt 0.017346 0.980073
vt 0.017140 0.979912
vt 0.017250 0.979939
vt 0.017360 0.979947
vt 0.017371 0.979804
vt 0.017268 0.979794
vt 0.017375 0.979661
vt 0.017160 0.979772
vt 0.017275 0.979645
vt 0.017169 0.979619
vt 0.929718 0.291562
vt 0.971270 0.304849
vt 0.976061 0.241018
vt 0.925627 0.226638
vt 0.982873 0.176252
vt 0.908606 0.146212
vt 0.991220 0.115424
vt 0.887635 0.274037
vt 0.927456 0.083066
vt 0.884981 0.221622
vt 0.850898 0.261053
vt 0.847826 0.218365
vt 0.819451 0.251271
vt 0.848975 0.085954
vt 0.860315 0.043168
vt 0.868591 0.164907
vt 0.816598 0.215458
vt 0.794598 0.242775
vt 0.790890 0.044591
vt 0.790309 0.007914
vt 0.732566 0.007983
vt 0.829338 0.116736
vt 0.834438 0.176711
vt 0.789533 0.213266
vt 0.783164 0.237812
vt 0.768943 0.230987
vt 0.784739 0.080006
vt 0.739402 0.049954
vt 0.808210 0.139261
vt 0.806270 0.181507
vt 0.773262 0.108491
vt 0.697988 0.046288
vt 0.686881 0.017170
vt 0.736725 0.088636
vt 0.661770 0.049335
vt 0.648630 0.027227
vt 0.701719 0.075558
vt 0.630277 0.057203
vt 0.615318 0.037952
vt 0.669396 0.075220
vt 0.598833 0.066793
vt 0.581350 0.047365
vt 0.639893 0.079841
vt 0.610067 0.087330
vt 0.565838 0.077002
vt 0.549337 0.058830
vt 0.643371 0.098918
vt 0.671344 0.099272
vt 0.578021 0.095483
vt 0.530945 0.089672
vt 0.515664 0.073203
vt 0.700413 0.103623
vt 0.543939 0.105439
vt 0.493810 0.104891
vt 0.478646 0.089321
vt 0.729735 0.113198
vt 0.507361 0.117690
vt 0.459549 0.120979
vt 0.446164 0.107767
vt 0.416929 0.128236
vt 0.758318 0.130230
vt 0.472101 0.131605
vt 0.431173 0.141187
vt 0.393012 0.155504
vt 0.785317 0.153291
vt 0.446313 0.150971
vt 0.407976 0.166412
vt 0.372732 0.198942
vt 0.779477 0.186363
vt 0.426153 0.172021
vt 0.772633 0.211696
vt 0.742135 0.149032
vt 0.761896 0.165586
vt 0.760630 0.189506
vt 0.721244 0.133085
vt 0.695413 0.126125
vt 0.669708 0.121454
vt 0.644777 0.120844
vt 0.730744 0.161454
vt 0.713136 0.150861
vt 0.691295 0.143505
vt 0.667784 0.138998
vt 0.644587 0.136820
vt 0.746340 0.173749
vt 0.619115 0.122796
vt 0.620460 0.136913
vt 0.615561 0.104317
vt 0.585304 0.110791
vt 0.590776 0.126287
vt 0.553225 0.118931
vt 0.593620 0.138466
vt 0.560705 0.131980
vt 0.518628 0.128806
vt 0.565186 0.142039
vt 0.528860 0.140645
vt 0.484963 0.141382
vt 0.535187 0.149009
vt 0.496797 0.150607
vt 0.459051 0.157722
vt 0.506734 0.158664
vt 0.469450 0.162865
vt 0.441004 0.175158
vt 0.481523 0.168290
vt 0.451076 0.177015
vt 0.464572 0.179273
vt 0.514248 0.164867
vt 0.491492 0.173192
vt 0.475633 0.181076
vt 0.541085 0.156725
vt 0.568835 0.151380
vt 0.595799 0.149425
vt 0.621304 0.148608
vt 0.642949 0.149266
vt 0.664547 0.151823
vt 0.687097 0.156343
vt 0.706318 0.162120
vt 0.546075 0.164208
vt 0.571708 0.160530
vt 0.597075 0.159036
vt 0.621436 0.158556
vt 0.641327 0.159626
vt 0.661381 0.162561
vt 0.681861 0.166830
vt 0.520739 0.170713
vt 0.499189 0.176952
vt 0.484152 0.182406
vt 0.621189 0.169825
vt 0.639654 0.171003
vt 0.657610 0.173112
vt 0.598752 0.169955
vt 0.575049 0.171384
vt 0.551062 0.173492
vt 0.527087 0.178226
vt 0.506954 0.182497
vt 0.492770 0.185932
vt 0.577936 0.180406
vt 0.554987 0.181536
vt 0.531568 0.185304
vt 0.511814 0.187678
vt 0.557112 0.187041
vt 0.600132 0.179145
vt 0.497449 0.189492
vt 0.532546 0.190712
vt 0.579668 0.186587
vt 0.580895 0.194055
vt 0.558273 0.194081
vt 0.600893 0.185732
vt 0.620774 0.178251
vt 0.620453 0.185001
vt 0.601406 0.194031
vt 0.638153 0.178353
vt 0.637109 0.184888
vt 0.654482 0.179775
vt 0.581768 0.202545
vt 0.555220 0.202545
vt 0.601627 0.202545
vt 0.619932 0.194106
vt 0.619338 0.202545
vt 0.531853 0.196959
vt 0.528378 0.202545
vt 0.635745 0.194392
vt 0.634591 0.202545
vt 0.650915 0.194514
vt 0.649351 0.202545
vt 0.511436 0.197561
vt 0.515949 0.202545
vt 0.511087 0.202269
vt 0.512850 0.192626
vt 0.499442 0.193647
vt 0.499381 0.197867
vt 0.497980 0.201520
vt 0.494090 0.198974
vt 0.494917 0.200808
vt 0.492649 0.201041
vt 0.493183 0.195418
vt 0.489128 0.192408
vt 0.483440 0.190559
vt 0.490006 0.196832
vt 0.475354 0.189428
vt 0.492227 0.198426
vt 0.483972 0.196055
vt 0.465269 0.190270
vt 0.487962 0.198679
vt 0.491001 0.199615
vt 0.476082 0.196917
vt 0.492080 0.200308
vt 0.490027 0.201793
vt 0.491619 0.202003
vt 0.492221 0.202392
vt 0.492780 0.204597
vt 0.493349 0.204106
vt 0.497611 0.206493
vt 0.480897 0.200218
vt 0.486304 0.202261
vt 0.497080 0.208431
vt 0.502620 0.207949
vt 0.489841 0.205334
vt 0.502766 0.211329
vt 0.519542 0.207949
vt 0.494035 0.212046
vt 0.486768 0.207665
vt 0.480180 0.204763
vt 0.473783 0.203786
vt 0.468066 0.198551
vt 0.513476 0.215111
vt 0.499816 0.216373
vt 0.492131 0.215166
vt 0.482523 0.211573
vt 0.474883 0.209356
vt 0.467113 0.206666
vt 0.458824 0.199962
vt 0.522492 0.217330
vt 0.531430 0.207949
vt 0.540116 0.207949
vt 0.453976 0.191081
vt 0.440330 0.193390
vt 0.446651 0.204495
vt 0.457404 0.210912
vt 0.429529 0.195310
vt 0.468866 0.213840
vt 0.447571 0.218374
vt 0.459998 0.221296
vt 0.437587 0.208236
vt 0.439792 0.225604
vt 0.427235 0.212099
vt 0.428600 0.234004
vt 0.413054 0.197019
vt 0.410254 0.218695
vt 0.414320 0.243515
vt 0.392070 0.199254
vt 0.395535 0.226822
vt 0.400982 0.253272
vt 0.381544 0.235038
vt 0.355973 0.215773
vt 0.388219 0.262313
vt 0.367260 0.244699
vt 0.373815 0.272403
vt 0.023426 0.977713
vt 0.023413 0.977876
vt 0.023499 0.978132
vt 0.023286 0.977504
vt 0.023307 0.977717
vt 0.023005 0.977085
vt 0.023118 0.977386
vt 0.022941 0.977344
vt 0.023161 0.977578
vt 0.022814 0.977218
vt 0.022766 0.977405
vt 0.022842 0.977387
vt 0.023002 0.977485
vt 0.022755 0.977629
vt 0.023049 0.977628
vt 0.022900 0.977528
vt 0.022833 0.977544
vt 0.022896 0.977675
vt 0.022686 0.977747
vt 0.022953 0.977660
vt 0.022832 0.977743
vt 0.023125 0.977818
vt 0.023039 0.977852
vt 0.022987 0.977860
vt 0.022921 0.977903
vt 0.022775 0.977828
vt 0.022645 0.977847
vt 0.023222 0.977751
vt 0.022534 0.977913
vt 0.022467 0.978016
vt 0.022614 0.977941
vt 0.022731 0.977903
vt 0.022861 0.977964
vt 0.023316 0.977884
vt 0.022427 0.978121
vt 0.022990 0.978063
vt 0.023394 0.978018
vt 0.022371 0.978211
vt 0.023059 0.978049
vt 0.023103 0.978036
vt 0.023175 0.977991
vt 0.023264 0.977908
vt 0.023306 0.978036
vt 0.022388 0.978257
vt 0.022425 0.978194
vt 0.022356 0.978315
vt 0.022366 0.978374
vt 0.022388 0.978302
vt 0.022427 0.978235
vt 0.023351 0.978160
vt 0.023215 0.978138
vt 0.023460 0.978254
vt 0.023142 0.978183
vt 0.023542 0.978399
vt 0.023097 0.978187
vt 0.023630 0.978718
vt 0.023604 0.979027
vt 0.023552 0.978739
vt 0.023490 0.978484
vt 0.023029 0.978188
vt 0.023553 0.979285
vt 0.023391 0.978368
vt 0.023242 0.978275
vt 0.023169 0.978316
vt 0.023123 0.978318
vt 0.023062 0.978312
vt 0.023502 0.979197
vt 0.023541 0.978993
vt 0.023493 0.978767
vt 0.023477 0.979409
vt 0.023474 0.979000
vt 0.023409 0.978574
vt 0.023459 0.979554
vt 0.023405 0.978798
vt 0.023275 0.978452
vt 0.023354 0.979772
vt 0.023293 0.978625
vt 0.023190 0.978478
vt 0.023203 0.978632
vt 0.023141 0.978472
vt 0.023156 0.978619
vt 0.023085 0.978456
vt 0.023105 0.978595
vt 0.023296 0.978803
vt 0.023208 0.978784
vt 0.023162 0.978761
vt 0.023118 0.978725
vt 0.023388 0.978999
vt 0.023438 0.979167
vt 0.023455 0.979323
vt 0.023062 0.978575
vt 0.023071 0.978695
vt 0.023039 0.978448
vt 0.022995 0.978311
vt 0.022960 0.978197
vt 0.022921 0.978084
vt 0.023411 0.979396
vt 0.023391 0.979491
vt 0.023402 0.979288
vt 0.023356 0.979619
vt 0.023364 0.979391
vt 0.023360 0.979161
vt 0.023327 0.979498
vt 0.023330 0.979284
vt 0.023285 0.978982
vt 0.023266 0.979134
vt 0.023202 0.978952
vt 0.023298 0.979383
vt 0.023237 0.979256
vt 0.023157 0.978921
vt 0.023186 0.979097
vt 0.023118 0.978894
vt 0.023149 0.979068
vt 0.023077 0.978872
vt 0.023109 0.979026
vt 0.023069 0.978989
vt 0.023164 0.979215
vt 0.023127 0.979184
vt 0.023088 0.979134
vt 0.023049 0.979099
vt 0.023209 0.979356
vt 0.023015 0.978836
vt 0.023010 0.978940
vt 0.022988 0.979038
vt 0.023010 0.978675
vt 0.023004 0.978569
vt 0.022983 0.978452
vt 0.022952 0.978327
vt 0.022906 0.978215
vt 0.022868 0.978107
vt 0.022812 0.978003
vt 0.022695 0.977979
vt 0.022575 0.978023
vt 0.022531 0.978102
vt 0.022504 0.978172
vt 0.022482 0.978239
vt 0.022440 0.978297
vt 0.022420 0.978363
vt 0.022496 0.978315
vt 0.022522 0.978254
vt 0.022554 0.978181
vt 0.022612 0.978111
vt 0.022427 0.978433
vt 0.022477 0.978370
vt 0.022447 0.978508
vt 0.022496 0.978407
vt 0.022560 0.978339
vt 0.022595 0.978266
vt 0.022647 0.978381
vt 0.022580 0.978414
vt 0.022628 0.978203
vt 0.022474 0.978572
vt 0.022518 0.978460
vt 0.022539 0.978546
vt 0.022458 0.978705
vt 0.022577 0.978536
vt 0.022510 0.978623
vt 0.022548 0.978650
vt 0.022618 0.978528
vt 0.022450 0.978832
vt 0.022497 0.978754
vt 0.022575 0.978670
vt 0.022480 0.978854
vt 0.022643 0.978568
vt 0.022447 0.978931
vt 0.022523 0.978780
vt 0.022430 0.979021
vt 0.022437 0.979154
vt 0.022466 0.979320
vt 0.022557 0.978790
vt 0.022519 0.978857
vt 0.022484 0.978931
vt 0.022466 0.979021
vt 0.022476 0.979140
vt 0.022598 0.978700
vt 0.022593 0.978799
vt 0.022558 0.978870
vt 0.022534 0.978931
vt 0.022500 0.979285
vt 0.022515 0.979013
vt 0.022671 0.978602
vt 0.022633 0.978717
vt 0.022669 0.978734
vt 0.022645 0.978821
vt 0.022694 0.978624
vt 0.022592 0.978942
vt 0.022569 0.979002
vt 0.022620 0.978882
vt 0.022520 0.979092
vt 0.022564 0.979070
vt 0.022528 0.979176
vt 0.022577 0.979145
vt 0.022620 0.979051
vt 0.022611 0.978994
vt 0.022637 0.978942
vt 0.022540 0.979261
vt 0.022667 0.978894
vt 0.022666 0.978987
vt 0.022637 0.979097
vt 0.022523 0.979383
vt 0.022596 0.979205
vt 0.022502 0.979445
vt 0.022549 0.979542
vt 0.022567 0.979482
vt 0.022594 0.979609
vt 0.022557 0.979322
vt 0.022643 0.979646
vt 0.022615 0.979289
vt 0.022588 0.979380
vt 0.022623 0.979545
vt 0.022702 0.979675
vt 0.022673 0.979571
vt 0.022642 0.979431
vt 0.022684 0.979333
vt 0.022702 0.979229
vt 0.022708 0.979469
vt 0.022738 0.979774
vt 0.022735 0.979580
vt 0.022773 0.979678
vt 0.022803 0.979914
vt 0.022662 0.979146
vt 0.022798 0.979558
vt 0.022825 0.979764
vt 0.022916 0.980041
vt 0.022694 0.979032
vt 0.022840 0.979653
vt 0.022864 0.979518
vt 0.022780 0.979471
vt 0.022903 0.979861
vt 0.023057 0.980027
vt 0.022896 0.979726
vt 0.022993 0.979916
vt 0.023208 0.979944
vt 0.022766 0.979363
vt 0.022903 0.979605
vt 0.022969 0.979792
vt 0.022962 0.979668
vt 0.023076 0.979936
vt 0.022792 0.979259
vt 0.022964 0.979546
vt 0.023017 0.979825
vt 0.023107 0.979829
vt 0.023181 0.979871
vt 0.023027 0.979723
vt 0.023287 0.979756
vt 0.023221 0.979717
vt 0.023285 0.979607
vt 0.023077 0.979770
vt 0.023017 0.979594
vt 0.023164 0.979676
vt 0.023087 0.979637
vt 0.023260 0.979488
vt 0.023222 0.979586
vt 0.023177 0.979455
vt 0.023139 0.979545
vt 0.023067 0.979506
vt 0.023137 0.979323
vt 0.023105 0.979414
vt 0.023100 0.979294
vt 0.023018 0.979470
vt 0.023060 0.979229
vt 0.023062 0.979383
vt 0.022928 0.979467
vt 0.022980 0.979398
vt 0.022904 0.979399
vt 0.023021 0.979316
vt 0.023023 0.979191
vt 0.022953 0.979350
vt 0.022991 0.979272
vt 0.022847 0.979440
vt 0.022846 0.979368
vt 0.022884 0.979285
vt 0.022922 0.979211
vt 0.022963 0.979132
vt 0.022834 0.979166
vt 0.022873 0.979082
vt 0.022764 0.979121
vt 0.022906 0.978988
vt 0.022819 0.979031
vt 0.022727 0.979068
vt 0.022930 0.978896
vt 0.022851 0.978945
vt 0.022784 0.978995
vt 0.022746 0.978963
vt 0.022941 0.978805
vt 0.022873 0.978868
vt 0.022818 0.978919
vt 0.022948 0.978659
vt 0.022891 0.978785
vt 0.022845 0.978834
vt 0.022945 0.978555
vt 0.022899 0.978652
vt 0.022925 0.978448
vt 0.022776 0.978886
vt 0.022860 0.978755
vt 0.022889 0.978544
vt 0.022896 0.978339
vt 0.022799 0.978807
vt 0.022735 0.978864
vt 0.022855 0.978639
vt 0.022872 0.978449
vt 0.022808 0.978742
vt 0.022843 0.978544
vt 0.022863 0.978229
vt 0.022810 0.978133
vt 0.022820 0.978248
vt 0.022839 0.978353
vt 0.022760 0.978053
vt 0.022759 0.978169
vt 0.022650 0.978049
vt 0.022710 0.978101
vt 0.022670 0.978150
vt 0.022773 0.978266
vt 0.022718 0.978200
vt 0.022688 0.978238
vt 0.022737 0.978297
vt 0.022787 0.978366
vt 0.022662 0.978294
vt 0.022691 0.978360
vt 0.022723 0.978417
vt 0.022675 0.978439
vt 0.022705 0.978488
vt 0.022735 0.978526
vt 0.022770 0.978483
vt 0.022765 0.978561
vt 0.022822 0.978457
vt 0.022798 0.978553
vt 0.022721 0.978642
vt 0.022810 0.978637
vt 0.022757 0.978643
vt 0.022710 0.978750
vt 0.022759 0.978763
vt 0.022691 0.978836
vt 0.022708 0.978924
vt 0.507962 0.221583
vt 0.497648 0.220182
vt 0.488948 0.219957
vt 0.478650 0.217351
vt 0.472738 0.224323
vt 0.465838 0.233604
vt 0.484981 0.226168
vt 0.479455 0.234413
vt 0.473884 0.244893
vt 0.494798 0.224903
vt 0.505183 0.226203
vt 0.486726 0.243163
vt 0.482839 0.254188
vt 0.491285 0.232428
vt 0.496049 0.251039
vt 0.492866 0.262446
vt 0.502690 0.231472
vt 0.499518 0.240881
vt 0.516039 0.227148
vt 0.506325 0.258216
vt 0.505921 0.271150
vt 0.507526 0.248390
vt 0.509809 0.239002
vt 0.512393 0.233315
vt 0.532174 0.219722
vt 0.552243 0.207949
vt 0.519104 0.266732
vt 0.519014 0.278887
vt 0.518930 0.258290
vt 0.519758 0.247978
vt 0.524861 0.232711
vt 0.521944 0.240801
vt 0.544217 0.221949
vt 0.532185 0.275090
vt 0.533046 0.286455
vt 0.532831 0.266111
vt 0.533037 0.255962
vt 0.536835 0.237562
vt 0.534561 0.246574
vt 0.557859 0.224609
vt 0.564565 0.207949
vt 0.552804 0.240402
vt 0.575643 0.227097
vt 0.579720 0.207949
vt 0.551307 0.250863
vt 0.550476 0.259622
vt 0.573620 0.242662
vt 0.596438 0.225939
vt 0.596720 0.207949
vt 0.573125 0.252437
vt 0.596488 0.242537
vt 0.613435 0.224875
vt 0.612017 0.207949
vt 0.550854 0.271701
vt 0.572530 0.263258
vt 0.596773 0.252497
vt 0.549717 0.280936
vt 0.551275 0.291857
vt 0.572646 0.273893
vt 0.571649 0.284882
vt 0.573360 0.296540
vt 0.596824 0.264135
vt 0.597018 0.287375
vt 0.598012 0.298808
vt 0.596071 0.275173
vt 0.619915 0.285258
vt 0.621548 0.298225
vt 0.618302 0.263205
vt 0.618993 0.272786
vt 0.642614 0.281825
vt 0.645171 0.295129
vt 0.640855 0.268858
vt 0.664487 0.277610
vt 0.667566 0.290426
vt 0.663546 0.264597
vt 0.638979 0.259474
vt 0.616727 0.250695
vt 0.685710 0.271740
vt 0.689837 0.285407
vt 0.711467 0.278972
vt 0.682324 0.259464
vt 0.705954 0.263788
vt 0.727222 0.270372
vt 0.660604 0.254880
vt 0.719922 0.256590
vt 0.740578 0.261817
vt 0.702750 0.253353
vt 0.732093 0.250400
vt 0.752723 0.253772
vt 0.636549 0.247928
vt 0.678822 0.249964
vt 0.716063 0.247869
vt 0.743170 0.244163
vt 0.762537 0.243764
vt 0.657182 0.243588
vt 0.698002 0.243815
vt 0.727624 0.243430
vt 0.750589 0.235381
vt 0.675173 0.239406
vt 0.710090 0.239360
vt 0.737185 0.237867
vt 0.754121 0.223824
vt 0.692578 0.233943
vt 0.672259 0.229599
vt 0.719468 0.234446
vt 0.741915 0.229357
vt 0.754943 0.209359
vt 0.703112 0.230234
vt 0.726813 0.229177
vt 0.743845 0.219426
vt 0.746446 0.191936
vt 0.689400 0.225749
vt 0.711268 0.226083
vt 0.731321 0.222885
vt 0.742647 0.207876
vt 0.734416 0.179453
vt 0.699466 0.222686
vt 0.716971 0.221429
vt 0.732384 0.215482
vt 0.734275 0.193920
vt 0.721052 0.170508
vt 0.723278 0.184302
vt 0.731465 0.206518
vt 0.720386 0.216697
vt 0.706967 0.219409
vt 0.711795 0.177408
vt 0.722410 0.195450
vt 0.721578 0.212142
vt 0.711587 0.216163
vt 0.698601 0.171651
vt 0.712368 0.188707
vt 0.720129 0.205538
vt 0.714238 0.213077
vt 0.702107 0.183699
vt 0.689776 0.180025
vt 0.713809 0.196570
vt 0.715482 0.210571
vt 0.710376 0.207896
vt 0.715251 0.205656
vt 0.709582 0.209279
vt 0.706031 0.191391
vt 0.709717 0.198240
vt 0.696339 0.187575
vt 0.707918 0.211133
vt 0.710547 0.205269
vt 0.702495 0.194120
vt 0.704068 0.213069
vt 0.706095 0.200558
vt 0.697228 0.214782
vt 0.686773 0.216110
vt 0.703651 0.208023
vt 0.696563 0.208078
vt 0.706753 0.208033
vt 0.684585 0.207949
vt 0.708572 0.207186
vt 0.709282 0.205171
vt 0.707906 0.203358
vt 0.703107 0.202541
vt 0.665259 0.207949
vt 0.697190 0.202541
vt 0.668686 0.218139
vt 0.647189 0.207949
vt 0.699408 0.197884
vt 0.688942 0.202541
vt 0.649436 0.220318
vt 0.628857 0.207949
vt 0.652763 0.233792
vt 0.631330 0.222571
vt 0.634468 0.237617
vt 0.615421 0.241062
vt 0.693158 0.191019
vt 0.684518 0.184727
vt 0.690602 0.195990
vt 0.677058 0.202545
vt 0.681376 0.188647
vt 0.678738 0.194704
vt 0.663327 0.202545
vt 0.674870 0.176607
vt 0.670391 0.181980
vt 0.667612 0.186675
vt 0.665264 0.194437
vt 0.652609 0.185538
vt 0.018217 0.977536
vt 0.018228 0.977680
vt 0.018190 0.977558
vt 0.018239 0.977807
vt 0.018191 0.977967
vt 0.018185 0.977806
vt 0.018151 0.977925
vt 0.018182 0.977713
vt 0.018102 0.977999
vt 0.018138 0.977812
vt 0.018080 0.977903
vt 0.018009 0.977978
vt 0.018059 0.977782
vt 0.018116 0.977694
vt 0.018158 0.977618
vt 0.017916 0.978055
vt 0.018131 0.977467
vt 0.018110 0.977539
vt 0.018068 0.977604
vt 0.017993 0.977857
vt 0.017829 0.978102
vt 0.018024 0.977445
vt 0.018029 0.977371
vt 0.017905 0.977342
vt 0.018034 0.977316
vt 0.017912 0.977278
vt 0.017936 0.977165
vt 0.017840 0.977009
vt 0.017814 0.977251
vt 0.017820 0.977149
vt 0.017705 0.977124
vt 0.017711 0.977003
vt 0.017717 0.977228
vt 0.017557 0.977113
vt 0.017570 0.977003
vt 0.017469 0.977112
vt 0.017469 0.976988
vt 0.017368 0.977003
vt 0.017626 0.977210
vt 0.017806 0.977324
vt 0.017381 0.977113
vt 0.017227 0.977003
vt 0.017548 0.977196
vt 0.017710 0.977288
vt 0.017793 0.977363
vt 0.017863 0.977405
vt 0.017234 0.977124
vt 0.017613 0.977279
vt 0.017919 0.977415
vt 0.017118 0.977149
vt 0.018000 0.977532
vt 0.017313 0.977210
vt 0.017221 0.977228
vt 0.017125 0.977251
vt 0.017391 0.977196
vt 0.017027 0.977278
vt 0.017034 0.977342
vt 0.016904 0.977316
vt 0.017132 0.977324
vt 0.017229 0.977288
vt 0.017145 0.977363
vt 0.017469 0.977188
vt 0.017325 0.977279
vt 0.016910 0.977371
vt 0.017076 0.977405
vt 0.017550 0.977257
vt 0.017389 0.977257
vt 0.017469 0.977248
vt 0.016915 0.977445
vt 0.016807 0.977467
vt 0.017019 0.977415
vt 0.017575 0.977379
vt 0.017528 0.977376
vt 0.017411 0.977376
vt 0.017469 0.977372
vt 0.017363 0.977379
vt 0.017622 0.977388
vt 0.017651 0.977326
vt 0.017722 0.977330
vt 0.017735 0.977376
vt 0.017581 0.977498
vt 0.017630 0.977474
vt 0.017666 0.977410
vt 0.017688 0.977370
vt 0.017748 0.977445
vt 0.017777 0.977390
vt 0.017528 0.977483
vt 0.017673 0.977461
vt 0.017801 0.977419
vt 0.017808 0.977450
vt 0.017832 0.977410
vt 0.017838 0.977455
vt 0.017868 0.977463
vt 0.017921 0.977483
vt 0.017899 0.977552
vt 0.017852 0.977513
vt 0.017823 0.977485
vt 0.017955 0.977604
vt 0.017854 0.977599
vt 0.018016 0.977683
vt 0.017897 0.977659
vt 0.017801 0.977472
vt 0.017818 0.977554
vt 0.017799 0.977518
vt 0.017953 0.977752
vt 0.017787 0.977489
vt 0.017755 0.977505
vt 0.017759 0.977547
vt 0.017768 0.977587
vt 0.017791 0.977628
vt 0.017704 0.977596
vt 0.017713 0.977548
vt 0.017717 0.977507
vt 0.017826 0.977697
vt 0.017661 0.977518
vt 0.017690 0.977484
vt 0.017631 0.977556
vt 0.017559 0.977559
vt 0.017868 0.977795
vt 0.017597 0.977609
vt 0.017899 0.977922
vt 0.017818 0.977970
vt 0.017744 0.978144
vt 0.017673 0.978186
vt 0.017733 0.978013
vt 0.017798 0.977845
vt 0.017584 0.978072
vt 0.017758 0.977744
vt 0.017663 0.978052
vt 0.017469 0.977958
vt 0.017578 0.977949
vt 0.017469 0.977861
vt 0.017360 0.977949
vt 0.017650 0.977928
vt 0.017719 0.977893
vt 0.017289 0.977928
vt 0.017561 0.977848
vt 0.017693 0.977791
vt 0.017627 0.977829
vt 0.017594 0.977733
vt 0.017654 0.977706
vt 0.017728 0.977658
vt 0.017621 0.977643
vt 0.017539 0.977751
vt 0.017549 0.977614
vt 0.017566 0.977662
vt 0.017522 0.977671
vt 0.017517 0.977551
vt 0.017469 0.977759
vt 0.017512 0.977610
vt 0.017469 0.977479
vt 0.017469 0.977674
vt 0.017469 0.977552
vt 0.017411 0.977483
vt 0.017469 0.977611
vt 0.017422 0.977551
vt 0.017426 0.977610
vt 0.017417 0.977671
vt 0.017358 0.977498
vt 0.017389 0.977614
vt 0.017380 0.977559
vt 0.017399 0.977751
vt 0.017372 0.977662
vt 0.017378 0.977848
vt 0.017344 0.977733
vt 0.017317 0.977643
vt 0.017341 0.977609
vt 0.017234 0.977596
vt 0.017307 0.977556
vt 0.017312 0.977829
vt 0.017278 0.977518
vt 0.017220 0.977893
vt 0.017245 0.977791
vt 0.017284 0.977706
vt 0.017180 0.977744
vt 0.017211 0.977658
vt 0.017112 0.977697
vt 0.017147 0.977628
vt 0.016985 0.977752
vt 0.017042 0.977659
vt 0.016923 0.977683
vt 0.016879 0.977782
vt 0.016858 0.977903
vt 0.016836 0.977999
vt 0.016787 0.977925
vt 0.016800 0.977812
vt 0.016747 0.977967
vt 0.016753 0.977806
vt 0.016699 0.977807
vt 0.016670 0.977841
vt 0.016682 0.977652
vt 0.016711 0.977680
vt 0.016757 0.977713
vt 0.016822 0.977694
vt 0.016692 0.977514
vt 0.016721 0.977536
vt 0.016749 0.977558
vt 0.016781 0.977618
vt 0.016828 0.977539
vt 0.016870 0.977604
vt 0.016939 0.977532
vt 0.016983 0.977604
vt 0.017084 0.977599
vt 0.017039 0.977552
vt 0.017018 0.977483
vt 0.017071 0.977463
vt 0.017087 0.977513
vt 0.017170 0.977587
vt 0.017100 0.977455
vt 0.017120 0.977554
vt 0.017225 0.977548
vt 0.017107 0.977410
vt 0.017116 0.977485
vt 0.017180 0.977547
vt 0.017138 0.977419
vt 0.017140 0.977518
vt 0.017183 0.977505
vt 0.017131 0.977450
vt 0.017138 0.977472
vt 0.017190 0.977445
vt 0.017151 0.977489
vt 0.017221 0.977507
vt 0.017161 0.977390
vt 0.017249 0.977484
vt 0.017265 0.977461
vt 0.017309 0.977474
vt 0.017272 0.977410
vt 0.017316 0.977388
vt 0.017287 0.977326
vt 0.017250 0.977370
vt 0.017203 0.977376
vt 0.017216 0.977330
vt 0.011512 0.977713
vt 0.011526 0.977876
vt 0.011440 0.978132
vt 0.011653 0.977504
vt 0.011632 0.977717
vt 0.011933 0.977085
vt 0.011820 0.977386
vt 0.011998 0.977344
vt 0.011777 0.977578
vt 0.012125 0.977218
vt 0.012173 0.977405
vt 0.012096 0.977387
vt 0.011936 0.977485
vt 0.012184 0.977629
vt 0.011889 0.977628
vt 0.012038 0.977528
vt 0.012105 0.977544
vt 0.012042 0.977675
vt 0.012253 0.977747
vt 0.011986 0.977660
vt 0.012106 0.977743
vt 0.012294 0.977847
vt 0.012164 0.977828
vt 0.012018 0.977903
vt 0.011951 0.977860
vt 0.011900 0.977852
vt 0.012324 0.977941
vt 0.012208 0.977903
vt 0.012077 0.977964
vt 0.011949 0.978063
vt 0.011814 0.977818
vt 0.011880 0.978049
vt 0.011836 0.978036
vt 0.011717 0.977751
vt 0.011764 0.977991
vt 0.011622 0.977884
vt 0.011675 0.977908
vt 0.011544 0.978018
vt 0.011633 0.978036
vt 0.011842 0.978187
vt 0.011797 0.978183
vt 0.011724 0.978138
vt 0.011587 0.978160
vt 0.011479 0.978254
vt 0.011910 0.978188
vt 0.011397 0.978399
vt 0.011308 0.978718
vt 0.011335 0.979027
vt 0.011387 0.978739
vt 0.011448 0.978484
vt 0.011548 0.978368
vt 0.011385 0.979285
vt 0.011697 0.978275
vt 0.011769 0.978316
vt 0.011816 0.978318
vt 0.011877 0.978312
vt 0.011530 0.978574
vt 0.011663 0.978452
vt 0.011749 0.978478
vt 0.011797 0.978472
vt 0.011853 0.978456
vt 0.011445 0.978767
vt 0.011397 0.978993
vt 0.011436 0.979197
vt 0.011464 0.979000
vt 0.011533 0.978798
vt 0.011462 0.979409
vt 0.011645 0.978625
vt 0.011480 0.979554
vt 0.011735 0.978632
vt 0.011584 0.979772
vt 0.011782 0.978619
vt 0.011834 0.978595
vt 0.011642 0.978803
vt 0.011730 0.978784
vt 0.011776 0.978761
vt 0.011820 0.978725
vt 0.011550 0.978999
vt 0.011500 0.979167
vt 0.011483 0.979323
vt 0.011782 0.978921
vt 0.011736 0.978952
vt 0.011653 0.978982
vt 0.011578 0.979161
vt 0.011536 0.979288
vt 0.011528 0.979396
vt 0.011673 0.979134
vt 0.011547 0.979491
vt 0.011574 0.979391
vt 0.011609 0.979284
vt 0.011582 0.979619
vt 0.011611 0.979498
vt 0.011641 0.979383
vt 0.011701 0.979256
vt 0.011752 0.979097
vt 0.011790 0.979068
vt 0.011652 0.979756
vt 0.011653 0.979607
vt 0.011678 0.979488
vt 0.011730 0.979944
vt 0.011882 0.980027
vt 0.012022 0.980041
vt 0.012136 0.979914
vt 0.011761 0.979455
vt 0.011717 0.979586
vt 0.011718 0.979717
vt 0.011757 0.979871
vt 0.011862 0.979936
vt 0.011946 0.979916
vt 0.011831 0.979829
vt 0.011774 0.979676
vt 0.012035 0.979861
vt 0.011799 0.979545
vt 0.011861 0.979770
vt 0.011922 0.979825
vt 0.011851 0.979637
vt 0.011969 0.979792
vt 0.011912 0.979723
vt 0.012114 0.979764
vt 0.012043 0.979726
vt 0.011976 0.979668
vt 0.011922 0.979594
vt 0.011871 0.979506
vt 0.011975 0.979546
vt 0.012035 0.979605
vt 0.012074 0.979518
vt 0.012098 0.979653
vt 0.012200 0.979774
vt 0.011833 0.979414
vt 0.011920 0.979470
vt 0.012165 0.979678
vt 0.012283 0.979740
vt 0.012010 0.979467
vt 0.012140 0.979558
vt 0.012236 0.979675
vt 0.012350 0.979688
vt 0.012203 0.979580
vt 0.012295 0.979646
vt 0.012409 0.979600
vt 0.012266 0.979571
vt 0.012231 0.979469
vt 0.012344 0.979609
vt 0.012315 0.979545
vt 0.012159 0.979471
vt 0.012296 0.979431
vt 0.012389 0.979542
vt 0.012372 0.979482
vt 0.012350 0.979380
vt 0.012255 0.979333
vt 0.012467 0.979480
vt 0.012173 0.979363
vt 0.012436 0.979445
vt 0.012091 0.979440
vt 0.012092 0.979368
vt 0.012035 0.979399
vt 0.011958 0.979398
vt 0.011986 0.979350
vt 0.012054 0.979285
vt 0.011876 0.979383
vt 0.011917 0.979316
vt 0.011947 0.979272
vt 0.012146 0.979259
vt 0.011878 0.979229
vt 0.011839 0.979294
vt 0.012016 0.979211
vt 0.011802 0.979323
vt 0.011729 0.979356
vt 0.011774 0.979215
vt 0.011811 0.979184
vt 0.011915 0.979191
vt 0.011851 0.979134
vt 0.011829 0.979026
vt 0.011890 0.979099
vt 0.011975 0.979132
vt 0.011820 0.978894
vt 0.011869 0.978989
vt 0.011862 0.978872
vt 0.011950 0.979038
vt 0.012104 0.979166
vt 0.011867 0.978695
vt 0.011928 0.978940
vt 0.012065 0.979082
vt 0.012236 0.979229
vt 0.011876 0.978575
vt 0.011923 0.978836
vt 0.012032 0.978988
vt 0.012174 0.979121
vt 0.012323 0.979289
vt 0.011899 0.978448
vt 0.012009 0.978896
vt 0.012119 0.979031
vt 0.012381 0.979322
vt 0.012416 0.979383
vt 0.012398 0.979261
vt 0.012472 0.979320
vt 0.012087 0.978945
vt 0.012343 0.979205
vt 0.012277 0.979146
vt 0.012211 0.979068
vt 0.012438 0.979285
vt 0.012512 0.979320
vt 0.012155 0.978995
vt 0.012501 0.979154
vt 0.012572 0.979295
vt 0.012542 0.979139
vt 0.012592 0.979083
vt 0.012594 0.978930
vt 0.012573 0.978951
vt 0.012580 0.978828
vt 0.012557 0.978856
vt 0.012545 0.978992
vt 0.012508 0.979021
vt 0.012463 0.979140
vt 0.012411 0.979176
vt 0.012362 0.979145
vt 0.012418 0.979092
vt 0.012301 0.979097
vt 0.012245 0.979032
vt 0.012193 0.978963
vt 0.012121 0.978919
vt 0.012065 0.978868
vt 0.011998 0.978805
vt 0.011928 0.978675
vt 0.011934 0.978569
vt 0.011990 0.978659
vt 0.012047 0.978785
vt 0.012093 0.978834
vt 0.012162 0.978886
vt 0.011955 0.978452
vt 0.011993 0.978555
vt 0.012039 0.978652
vt 0.012079 0.978755
vt 0.012139 0.978807
vt 0.012203 0.978864
vt 0.011943 0.978311
vt 0.011978 0.978197
vt 0.011987 0.978327
vt 0.012018 0.978084
vt 0.012032 0.978215
vt 0.012013 0.978448
vt 0.012070 0.978107
vt 0.012042 0.978339
vt 0.012049 0.978544
vt 0.012126 0.978003
vt 0.012075 0.978229
vt 0.012129 0.978133
vt 0.012244 0.977979
vt 0.012066 0.978449
vt 0.012083 0.978639
vt 0.012118 0.978248
vt 0.012179 0.978053
vt 0.012363 0.978023
vt 0.012095 0.978544
vt 0.012130 0.978742
vt 0.012180 0.978169
vt 0.012288 0.978049
vt 0.012408 0.978102
vt 0.012129 0.978637
vt 0.012179 0.978763
vt 0.012181 0.978643
vt 0.012140 0.978553
vt 0.012228 0.978101
vt 0.012116 0.978457
vt 0.012100 0.978353
vt 0.012165 0.978266
vt 0.012220 0.978200
vt 0.012268 0.978150
vt 0.012152 0.978366
vt 0.012168 0.978483
vt 0.012201 0.978297
vt 0.012326 0.978111
vt 0.012251 0.978238
vt 0.012215 0.978417
vt 0.012174 0.978561
vt 0.012310 0.978203
vt 0.012384 0.978181
vt 0.012247 0.978360
vt 0.012277 0.978294
vt 0.012291 0.978381
vt 0.012343 0.978266
vt 0.012434 0.978172
vt 0.012416 0.978254
vt 0.012513 0.978194
vt 0.012263 0.978439
vt 0.012378 0.978339
vt 0.012456 0.978239
vt 0.012550 0.978257
vt 0.012443 0.978315
vt 0.012511 0.978235
vt 0.012498 0.978297
vt 0.012550 0.978302
vt 0.012582 0.978315
vt 0.012518 0.978363
vt 0.012603 0.978394
vt 0.012573 0.978374
vt 0.012624 0.978448
vt 0.012640 0.978521
vt 0.012596 0.978485
vt 0.012634 0.978605
vt 0.012567 0.978468
vt 0.012512 0.978433
vt 0.012629 0.978678
vt 0.012584 0.978635
vt 0.012601 0.978708
vt 0.012550 0.978577
vt 0.012562 0.978719
vt 0.012547 0.978750
vt 0.012519 0.978659
vt 0.012527 0.978780
vt 0.012491 0.978508
vt 0.012464 0.978572
vt 0.012481 0.978705
vt 0.012525 0.978910
vt 0.012489 0.978832
vt 0.012491 0.978931
vt 0.012458 0.978854
vt 0.012472 0.979021
vt 0.012441 0.978754
vt 0.012454 0.978931
vt 0.012424 0.979013
vt 0.012404 0.978931
vt 0.012375 0.979070
vt 0.012369 0.979002
vt 0.012319 0.979051
vt 0.012273 0.978987
vt 0.012230 0.978924
vt 0.012248 0.978836
vt 0.012271 0.978894
vt 0.012301 0.978942
vt 0.012327 0.978994
vt 0.012346 0.978942
vt 0.012228 0.978750
vt 0.012294 0.978821
vt 0.012318 0.978882
vt 0.012380 0.978870
vt 0.012218 0.978642
vt 0.012269 0.978734
vt 0.012345 0.978799
vt 0.012420 0.978857
vt 0.012244 0.978624
vt 0.012416 0.978780
vt 0.012381 0.978790
vt 0.012306 0.978717
vt 0.012204 0.978526
vt 0.012364 0.978670
vt 0.012340 0.978700
vt 0.012268 0.978602
vt 0.012233 0.978488
vt 0.012295 0.978568
vt 0.012391 0.978650
vt 0.012321 0.978528
vt 0.012358 0.978414
vt 0.012428 0.978623
vt 0.012400 0.978546
vt 0.012361 0.978536
vt 0.012421 0.978460
vt 0.012442 0.978407
vt 0.012461 0.978370

g PL_Head
f 1/1/1 2/2/2 3/3/3
f 3/3/3 4/4/4 1/1/1
f 5/5/5 4/4/4 3/3/3
f 4/4/4 6/6/6 1/1/1
f 5/5/5 7/7/7 4/4/4
f 4/4/4 8/8/8 6/6/6
f 8/8/8 4/4/4 7/7/7
f 7/7/7 5/5/5 9/9/9
f 10/10/10 9/9/9 5/5/5
f 8/8/8 11/11/11 6/6/6
f 12/12/12 11/11/11 8/8/8
f 6/6/6 11/11/11 13/13/13
f 13/13/13 11/11/11 14/14/14
f 11/11/11 15/15/15 14/14/14
f 15/15/15 11/11/11 12/12/12
f 12/12/12 16/16/16 15/15/15
f 17/17/17 16/16/16 12/12/12
f 7/7/7 18/18/18 8/8/8
f 8/8/8 18/18/18 12/12/12
f 19/19/19 18/18/18 7/7/7
f 12/12/12 18/18/18 19/19/19
f 7/7/7 9/9/9 19/19/19
f 12/12/12 20/20/20 17/17/17
f 19/19/19 20/20/20 12/12/12
f 21/21/21 17/17/17 20/20/20
f 22/22/22 19/19/19 9/9/9
f 20/20/20 19/19/19 22/22/22
f 20/20/20 23/23/23 21/21/21
f 24/24/24 21/21/21 23/23/23
f 9/9/9 25/25/25 22/22/22
f 25/25/25 9/9/9 10/10/10
f 10/10/10 26/26/26 25/25/25
f 27/27/27 20/20/20 22/22/22
f 27/27/27 22/22/22 25/25/25
f 20/20/20 27/27/27 23/23/23
f 26/26/26 28/28/28 25/25/25
f 25/25/25 28/28/28 27/27/27
f 29/29/29 28/28/28 26/26/26
f 30/30/30 27/27/27 28/28/28
f 23/23/23 27/27/27 30/30/30
f 31/31/31 28/28/28 29/29/29
f 28/28/28 31/31/31 30/30/30
f 29/29/29 32/32/32 31/31/31
f 30/30/30 33/33/33 23/23/23
f 33/33/33 30/30/30 31/31/31
f 32/32/32 34/34/34 31/31/31
f 31/31/31 34/34/34 33/33/33
f 35/35/35 34/34/34 32/32/32
f 33/33/33 36/36/36 23/23/23
f 23/23/23 36/36/36 24/24/24
f 24/24/24 36/36/36 37/37/37
f 37/37/37 38/38/38 24/24/24
f 39/39/39 38/38/38 37/37/37
f 40/40/40 34/34/34 35/35/35
f 35/35/35 41/41/41 40/40/40
f 40/40/40 41/41/41 42/42/42
f 43/43/43 33/33/33 34/34/34
f 43/43/43 36/36/36 33/33/33
f 34/34/34 40/40/40 43/43/43
f 36/36/36 43/43/43 44/44/44
f 44/44/44 43/43/43 40/40/40
f 36/36/36 44/44/44 37/37/37
f 42/42/42 45/45/45 40/40/40
f 40/40/40 45/45/45 44/44/44
f 46/46/46 45/45/45 42/42/42
f 46/46/46 47/47/47 45/45/45
f 44/44/44 45/45/45 47/47/47
f 47/47/47 46/46/46 48/48/48
f 47/47/47 49/49/49 44/44/44
f 37/37/37 44/44/44 49/49/49
f 48/48/48 50/50/50 47/47/47
f 49/49/49 47/47/47 50/50/50
f 48/48/48 51/51/51 50/50/50
f 37/37/37 49/49/49 52/52/52
f 49/49/49 50/50/50 52/52/52
f 51/51/51 53/53/53 50/50/50
f 52/52/52 50/50/50 53/53/53
f 52/52/52 54/54/54 37/37/37
f 52/52/52 55/55/55 54/54/54
f 37/37/37 54/54/54 39/39/39
f 56/56/56 39/39/39 54/54/54
f 55/55/55 56/56/56 54/54/54
f 57/57/57 39/39/39 56/56/56
f 57/57/57 56/56/56 55/55/55
f 57/57/57 55/55/55 58/58/58
f 55/55/55 59/59/59 58/58/58
f 55/55/55 52/52/52 60/60/60
f 53/53/53 60/60/60 52/52/52
f 59/59/59 55/55/55 61/61/61
f 60/60/60 61/61/61 55/55/55
f 62/62/62 59/59/59 61/61/61
f 51/51/51 63/63/63 53/53/53
f 51/51/51 64/64/64 63/63/63
f 65/65/65 61/61/61 60/60/60
f 61/61/61 65/65/65 62/62/62
f 66/66/66 60/60/60 53/53/53
f 60/60/60 66/66/66 65/65/65
f 53/53/53 63/63/63 66/66/66
f 62/62/62 65/65/65 67/67/67
f 67/67/67 65/65/65 66/66/66
f 67/67/67 68/68/68 62/62/62
f 69/69/69 68/68/68 67/67/67
f 67/67/67 70/70/70 69/69/69
f 71/71/71 63/63/63 64/64/64
f 64/64/64 72/72/72 71/71/71
f 63/63/63 73/73/73 66/66/66
f 63/63/63 71/71/71 73/73/73
f 66/66/66 74/74/74 67/67/67
f 74/74/74 70/70/70 67/67/67
f 74/74/74 66/66/66 73/73/73
f 70/70/70 74/74/74 75/75/75
f 73/73/73 75/75/75 74/74/74
f 75/75/75 76/76/76 70/70/70
f 71/71/71 72/72/72 77/77/77
f 72/72/72 78/78/78 77/77/77
f 79/79/79 73/73/73 71/71/71
f 71/71/71 77/77/77 79/79/79
f 73/73/73 79/79/79 75/75/75
f 80/80/80 77/77/77 78/78/78
f 80/80/80 79/79/79 77/77/77
f 78/78/78 81/81/81 80/80/80
f 82/82/82 76/76/76 75/75/75
f 76/76/76 82/82/82 83/83/83
f 75/75/75 79/79/79 84/84/84
f 84/84/84 79/79/79 80/80/80
f 75/75/75 84/84/84 82/82/82
f 80/80/80 81/81/81 85/85/85
f 84/84/84 80/80/80 85/85/85
f 81/81/81 86/86/86 85/85/85
f 85/85/85 87/87/87 84/84/84
f 82/82/82 84/84/84 87/87/87
f 88/88/88 85/85/85 86/86/86
f 87/87/87 85/85/85 88/88/88
f 86/86/86 89/89/89 88/88/88
f 83/83/83 82/82/82 90/90/90
f 83/83/83 90/90/90 91/91/91
f 82/82/82 87/87/87 92/92/92
f 88/88/88 92/92/92 87/87/87
f 82/82/82 92/92/92 90/90/90
f 88/88/88 89/89/89 93/93/93
f 93/93/93 92/92/92 88/88/88
f 89/89/89 94/94/94 93/93/93
f 91/91/91 90/90/90 95/95/95
f 96/96/96 91/91/91 95/95/95
f 92/92/92 97/97/97 90/90/90
f 97/97/97 92/92/92 93/93/93
f 98/98/98 90/90/90 97/97/97
f 93/93/93 98/98/98 97/97/97
f 90/90/90 98/98/98 95/95/95
f 99/99/99 93/93/93 94/94/94
f 93/93/93 99/99/99 98/98/98
f 94/94/94 100/100/100 99/99/99
f 101/101/101 98/98/98 99/99/99
f 101/101/101 95/95/95 98/98/98
f 99/99/99 100/100/100 102/102/102
f 99/99/99 102/102/102 101/101/101
f 100/100/100 103/103/103 102/102/102
f 96/96/96 95/95/95 104/104/104
f 105/105/105 96/96/96 104/104/104
f 95/95/95 101/101/101 106/106/106
f 106/106/106 101/101/101 102/102/102
f 106/106/106 104/104/104 95/95/95
f 107/107/107 102/102/102 103/103/103
f 102/102/102 107/107/107 106/106/106
f 103/103/103 108/108/108 107/107/107
f 105/105/105 104/104/104 109/109/109
f 109/109/109 110/110/110 105/105/105
f 104/104/104 106/106/106 111/111/111
f 109/109/109 104/104/104 111/111/111
f 111/111/111 106/106/106 107/107/107
f 111/111/111 112/112/112 109/109/109
f 108/108/108 113/113/113 107/107/107
f 107/107/107 113/113/113 111/111/111
f 112/112/112 111/111/111 113/113/113
f 114/114/114 113/113/113 108/108/108
f 113/113/113 115/115/115 112/112/112
f 115/115/115 113/113/113 114/114/114
f 114/114/114 116/116/116 115/115/115
f 117/117/117 118/118/118 119/119/119
f 119/119/119 120/120/120 117/117/117
f 119/119/119 121/121/121 120/120/120
f 122/122/122 117/117/117 120/120/120
f 123/123/123 120/120/120 121/121/121
f 120/120/120 124/124/124 122/122/122
f 124/124/124 120/120/120 123/123/123
f 123/123/123 121/121/121 125/125/125
f 123/123/123 125/125/125 126/126/126
f 121/121/121 127/127/127 125/125/125
f 127/127/127 128/128/128 125/125/125
f 125/125/125 128/128/128 129/129/129
f 126/126/126 125/125/125 129/129/129
f 129/129/129 130/130/130 126/126/126
f 126/126/126 130/130/130 131/131/131
f 122/122/122 124/124/124 132/132/132
f 122/122/122 132/132/132 133/133/133
f 123/123/123 134/134/134 124/124/124
f 126/126/126 134/134/134 123/123/123
f 124/124/124 134/134/134 135/135/135
f 126/126/126 135/135/135 134/134/134
f 135/135/135 132/132/132 124/124/124
f 131/131/131 136/136/136 126/126/126
f 135/135/135 126/126/126 136/136/136
f 136/136/136 131/131/131 137/137/137
f 133/133/133 132/132/132 138/138/138
f 138/138/138 139/139/139 133/133/133
f 132/132/132 135/135/135 140/140/140
f 136/136/136 140/140/140 135/135/135
f 140/140/140 138/138/138 132/132/132
f 136/136/136 137/137/137 141/141/141
f 141/141/141 137/137/137 142/142/142
f 143/143/143 140/140/140 136/136/136
f 138/138/138 140/140/140 143/143/143
f 136/136/136 141/141/141 143/143/143
f 139/139/139 138/138/138 144/144/144
f 143/143/143 144/144/144 138/138/138
f 145/145/145 139/139/139 144/144/144
f 144/144/144 143/143/143 146/146/146
f 141/141/141 146/146/146 143/143/143
f 145/145/145 144/144/144 147/147/147
f 144/144/144 146/146/146 147/147/147
f 147/147/147 148/148/148 145/145/145
f 146/146/146 141/141/141 149/149/149
f 147/147/147 146/146/146 149/149/149
f 148/148/148 147/147/147 150/150/150
f 149/149/149 150/150/150 147/147/147
f 151/151/151 148/148/148 150/150/150
f 141/141/141 142/142/142 152/152/152
f 149/149/149 141/141/141 152/152/152
f 153/153/153 152/152/152 142/142/142
f 142/142/142 154/154/154 153/153/153
f 153/153/153 154/154/154 155/155/155
f 151/151/151 150/150/150 156/156/156
f 156/156/156 157/157/157 151/151/151
f 158/158/158 157/157/157 156/156/156
f 150/150/150 149/149/149 159/159/159
f 159/159/159 149/149/149 152/152/152
f 159/159/159 156/156/156 150/150/150
f 152/152/152 160/160/160 159/159/159
f 156/156/156 159/159/159 160/160/160
f 152/152/152 153/153/153 160/160/160
f 156/156/156 161/161/161 158/158/158
f 160/160/160 161/161/161 156/156/156
f 162/162/162 158/158/158 161/161/161
f 161/161/161 163/163/163 162/162/162
f 163/163/163 161/161/161 160/160/160
f 164/164/164 162/162/162 163/163/163
f 160/160/160 165/165/165 163/163/163
f 153/153/153 165/165/165 160/160/160
f 163/163/163 166/166/166 164/164/164
f 165/165/165 166/166/166 163/163/163
f 166/166/166 167/167/167 164/164/164
f 168/168/168 165/165/165 153/153/153
f 168/168/168 166/166/166 165/165/165
f 167/167/167 166/166/166 169/169/169
f 169/169/169 166/166/166 168/168/168
f 153/153/153 170/170/170 168/168/168
f 168/168/168 170/170/170 171/171/171
f 155/155/155 170/170/170 153/153/153
f 172/172/172 170/170/170 155/155/155
f 171/171/171 170/170/170 172/172/172
f 173/173/173 172/172/172 155/155/155
f 171/171/171 172/172/172 173/173/173
f 171/171/171 173/173/173 174/174/174
f 171/171/171 174/174/174 175/175/175
f 176/176/176 168/168/168 171/171/171
f 168/168/168 176/176/176 169/169/169
f 175/175/175 177/177/177 171/171/171
f 176/176/176 171/171/171 177/177/177
f 178/178/178 177/177/177 175/175/175
f 169/169/169 179/179/179 167/167/167
f 180/180/180 167/167/167 179/179/179
f 181/181/181 176/176/176 177/177/177
f 181/181/181 177/177/177 178/178/178
f 169/169/169 176/176/176 182/182/182
f 182/182/182 176/176/176 181/181/181
f 182/182/182 179/179/179 169/169/169
f 183/183/183 181/181/181 178/178/178
f 183/183/183 182/182/182 181/181/181
f 183/183/183 178/178/178 184/184/184
f 184/184/184 185/185/185 183/183/183
f 186/186/186 183/183/183 185/185/185
f 180/180/180 179/179/179 187/187/187
f 187/187/187 188/188/188 180/180/180
f 189/189/189 179/179/179 182/182/182
f 179/179/179 189/189/189 187/187/187
f 190/190/190 182/182/182 183/183/183
f 190/190/190 183/183/183 186/186/186
f 190/190/190 189/189/189 182/182/182
f 191/191/191 190/190/190 186/186/186
f 191/191/191 189/189/189 190/190/190
f 186/186/186 192/192/192 191/191/191
f 187/187/187 193/193/193 188/188/188
f 188/188/188 193/193/193 194/194/194
f 187/187/187 189/189/189 195/195/195
f 195/195/195 193/193/193 187/187/187
f 189/189/189 191/191/191 195/195/195
f 194/194/194 193/193/193 196/196/196
f 196/196/196 193/193/193 195/195/195
f 196/196/196 197/197/197 194/194/194
f 198/198/198 191/191/191 192/192/192
f 192/192/192 199/199/199 198/198/198
f 200/200/200 195/195/195 191/191/191
f 195/195/195 200/200/200 196/196/196
f 198/198/198 200/200/200 191/191/191
f 196/196/196 201/201/201 197/197/197
f 200/200/200 201/201/201 196/196/196
f 197/197/197 201/201/201 202/202/202
f 201/201/201 200/200/200 203/203/203
f 198/198/198 203/203/203 200/200/200
f 202/202/202 201/201/201 204/204/204
f 204/204/204 201/201/201 203/203/203
f 204/204/204 205/205/205 202/202/202
f 206/206/206 198/198/198 199/199/199
f 199/199/199 207/207/207 206/206/206
f 198/198/198 208/208/208 203/203/203
f 203/203/203 208/208/208 204/204/204
f 206/206/206 208/208/208 198/198/198
f 204/204/204 209/209/209 205/205/205
f 209/209/209 204/204/204 208/208/208
f 205/205/205 209/209/209 210/210/210
f 207/207/207 211/211/211 206/206/206
f 212/212/212 211/211/211 207/207/207
f 206/206/206 213/213/213 208/208/208
f 208/208/208 213/213/213 209/209/209
f 214/214/214 213/213/213 206/206/206
f 209/209/209 213/213/213 214/214/214
f 206/206/206 211/211/211 214/214/214
f 210/210/210 209/209/209 215/215/215
f 214/214/214 215/215/215 209/209/209
f 215/215/215 216/216/216 210/210/210
f 215/215/215 214/214/214 217/217/217
f 217/217/217 214/214/214 211/211/211
f 215/215/215 218/218/218 216/216/216
f 217/217/217 218/218/218 215/215/215
f 216/216/216 218/218/218 219/219/219
f 212/212/212 220/220/220 211/211/211
f 221/221/221 220/220/220 212/212/212
f 211/211/211 222/222/222 217/217/217
f 218/218/218 217/217/217 222/222/222
f 222/222/222 211/211/211 220/220/220
f 219/219/219 218/218/218 223/223/223
f 222/222/222 223/223/223 218/218/218
f 223/223/223 224/224/224 219/219/219
f 225/225/225 220/220/220 221/221/221
f 221/221/221 226/226/226 225/225/225
f 220/220/220 227/227/227 222/222/222
f 227/227/227 220/220/220 225/225/225
f 223/223/223 222/222/222 227/227/227
f 225/225/225 228/228/228 227/227/227
f 224/224/224 223/223/223 229/229/229
f 227/227/227 229/229/229 223/223/223
f 229/229/229 227/227/227 228/228/228
f 230/230/230 224/224/224 229/229/229
f 229/229/229 228/228/228 231/231/231
f 230/230/230 229/229/229 231/231/231
f 231/231/231 232/232/232 230/230/230
f 233/233/233 234/234/234 235/235/235
f 235/235/235 236/236/236 233/233/233
f 236/236/236 237/237/237 233/233/233
f 235/235/235 238/238/238 236/236/236
f 235/235/235 239/239/239 238/238/238
f 237/237/237 236/236/236 240/240/240
f 241/241/241 237/237/237 240/240/240
f 242/242/242 238/238/238 239/239/239
f 239/239/239 243/243/243 242/242/242
f 236/236/236 238/238/238 244/244/244
f 244/244/244 240/240/240 236/236/236
f 240/240/240 245/245/245 241/241/241
f 246/246/246 241/241/241 245/245/245
f 247/247/247 242/242/242 243/243/243
f 243/243/243 248/248/248 247/247/247
f 249/249/249 247/247/247 248/248/248
f 238/238/238 242/242/242 250/250/250
f 244/244/244 238/238/238 250/250/250
f 240/240/240 244/244/244 251/251/251
f 240/240/240 251/251/251 245/245/245
f 245/245/245 252/252/252 246/246/246
f 253/253/253 246/246/246 252/252/252
f 249/249/249 254/254/254 247/247/247
f 255/255/255 254/254/254 249/249/249
f 242/242/242 247/247/247 256/256/256
f 250/250/250 242/242/242 256/256/256
f 254/254/254 256/256/256 247/247/247
f 244/244/244 250/250/250 257/257/257
f 257/257/257 251/251/251 244/244/244
f 245/245/245 258/258/258 252/252/252
f 245/245/245 251/251/251 258/258/258
f 252/252/252 259/259/259 253/253/253
f 259/259/259 252/252/252 258/258/258
f 260/260/260 253/253/253 259/259/259
f 250/250/250 256/256/256 261/261/261
f 261/261/261 257/257/257 250/250/250
f 256/256/256 254/254/254 262/262/262
f 262/262/262 261/261/261 256/256/256
f 251/251/251 257/257/257 263/263/263
f 263/263/263 258/258/258 251/251/251
f 257/257/257 261/261/261 264/264/264
f 261/261/261 262/262/262 264/264/264
f 264/264/264 263/263/263 257/257/257
f 258/258/258 265/265/265 259/259/259
f 265/265/265 258/258/258 263/263/263
f 259/259/259 266/266/266 260/260/260
f 266/266/266 259/259/259 265/265/265
f 263/263/263 267/267/267 265/265/265
f 267/267/267 263/263/263 264/264/264
f 262/262/262 254/254/254 268/268/268
f 268/268/268 254/254/254 255/255/255
f 269/269/269 268/268/268 255/255/255
f 269/269/269 255/255/255 270/270/270
f 268/268/268 271/271/271 262/262/262
f 271/271/271 268/268/268 269/269/269
f 272/272/272 264/264/264 262/262/262
f 272/272/272 262/262/262 271/271/271
f 265/265/265 273/273/273 266/266/266
f 273/273/273 265/265/265 267/267/267
f 264/264/264 274/274/274 267/267/267
f 274/274/274 264/264/264 272/272/272
f 275/275/275 269/269/269 270/270/270
f 270/270/270 276/276/276 275/275/275
f 267/267/267 277/277/277 273/273/273
f 274/274/274 277/277/277 267/267/267
f 273/273/273 277/277/277 278/278/278
f 277/277/277 274/274/274 278/278/278
f 266/266/266 273/273/273 279/279/279
f 278/278/278 279/279/279 273/273/273
f 280/280/280 275/275/275 276/276/276
f 276/276/276 281/281/281 280/280/280
f 266/266/266 279/279/279 282/282/282
f 282/282/282 260/260/260 266/266/266
f 283/283/283 280/280/280 281/281/281
f 281/281/281 284/284/284 283/283/283
f 285/285/285 283/283/283 284/284/284
f 284/284/284 286/286/286 285/285/285
f 287/287/287 285/285/285 286/286/286
f 287/287/287 286/286/286 288/288/288
f 289/289/289 287/287/287 288/288/288
f 283/283/283 285/285/285 290/290/290
f 290/290/290 285/285/285 287/287/287
f 280/280/280 283/283/283 291/291/291
f 290/290/290 291/291/291 283/283/283
f 292/292/292 287/287/287 289/289/289
f 292/292/292 289/289/289 293/293/293
f 287/287/287 294/294/294 290/290/290
f 292/292/292 294/294/294 287/287/287
f 293/293/293 295/295/295 292/292/292
f 296/296/296 295/295/295 293/293/293
f 291/291/291 297/297/297 280/280/280
f 280/280/280 297/297/297 275/275/275
f 291/291/291 290/290/290 298/298/298
f 298/298/298 290/290/290 294/294/294
f 299/299/299 294/294/294 292/292/292
f 299/299/299 292/292/292 295/295/295
f 300/300/300 295/295/295 296/296/296
f 300/300/300 296/296/296 301/301/301
f 291/291/291 302/302/302 297/297/297
f 298/298/298 302/302/302 291/291/291
f 297/297/297 303/303/303 275/275/275
f 269/269/269 275/275/275 303/303/303
f 294/294/294 304/304/304 298/298/298
f 299/299/299 304/304/304 294/294/294
f 295/295/295 305/305/305 299/299/299
f 300/300/300 305/305/305 295/295/295
f 301/301/301 306/306/306 300/300/300
f 301/301/301 307/307/307 306/306/306
f 302/302/302 308/308/308 297/297/297
f 297/297/297 308/308/308 303/303/303
f 298/298/298 309/309/309 302/302/302
f 309/309/309 298/298/298 304/304/304
f 310/310/310 304/304/304 299/299/299
f 310/310/310 299/299/299 305/305/305
f 311/311/311 305/305/305 300/300/300
f 311/311/311 300/300/300 306/306/306
f 312/312/312 306/306/306 307/307/307
f 312/312/312 307/307/307 313/313/313
f 313/313/313 314/314/314 312/312/312
f 306/306/306 312/312/312 315/315/315
f 306/306/306 315/315/315 311/311/311
f 316/316/316 312/312/312 314/314/314
f 316/316/316 315/315/315 312/312/312
f 314/314/314 317/317/317 316/316/316
f 311/311/311 318/318/318 305/305/305
f 305/305/305 318/318/318 310/310/310
f 319/319/319 304/304/304 310/310/310
f 304/304/304 319/319/319 309/309/309
f 320/320/320 311/311/311 315/315/315
f 320/320/320 318/318/318 311/311/311
f 321/321/321 316/316/316 317/317/317
f 317/317/317 322/322/322 321/321/321
f 316/316/316 323/323/323 315/315/315
f 315/315/315 323/323/323 320/320/320
f 321/321/321 323/323/323 316/316/316
f 324/324/324 310/310/310 318/318/318
f 310/310/310 324/324/324 319/319/319
f 325/325/325 321/321/321 322/322/322
f 322/322/322 326/326/326 325/325/325
f 327/327/327 318/318/318 320/320/320
f 327/327/327 324/324/324 318/318/318
f 328/328/328 320/320/320 323/323/323
f 320/320/320 328/328/328 327/327/327
f 329/329/329 323/323/323 321/321/321
f 321/321/321 325/325/325 329/329/329
f 329/329/329 328/328/328 323/323/323
f 330/330/330 325/325/325 326/326/326
f 331/331/331 330/330/330 326/326/326
f 332/332/332 329/329/329 325/325/325
f 325/325/325 330/330/330 332/332/332
f 333/333/333 328/328/328 329/329/329
f 332/332/332 333/333/333 329/329/329
f 334/334/334 327/327/327 328/328/328
f 328/328/328 333/333/333 334/334/334
f 335/335/335 330/330/330 331/331/331
f 331/331/331 336/336/336 335/335/335
f 330/330/330 337/337/337 332/332/332
f 335/335/335 337/337/337 330/330/330
f 338/338/338 333/333/333 332/332/332
f 332/332/332 337/337/337 338/338/338
f 339/339/339 335/335/335 336/336/336
f 340/340/340 339/339/339 336/336/336
f 341/341/341 337/337/337 335/335/335
f 335/335/335 339/339/339 341/341/341
f 342/342/342 339/339/339 340/340/340
f 340/340/340 343/343/343 342/342/342
f 334/334/334 344/344/344 327/327/327
f 344/344/344 324/324/324 327/327/327
f 333/333/333 345/345/345 334/334/334
f 345/345/345 333/333/333 338/338/338
f 346/346/346 338/338/338 337/337/337
f 341/341/341 346/346/346 337/337/337
f 339/339/339 347/347/347 341/341/341
f 347/347/347 339/339/339 342/342/342
f 348/348/348 342/342/342 343/343/343
f 348/348/348 343/343/343 349/349/349
f 350/350/350 344/344/344 334/334/334
f 334/334/334 345/345/345 350/350/350
f 351/351/351 345/345/345 338/338/338
f 338/338/338 346/346/346 351/351/351
f 352/352/352 346/346/346 341/341/341
f 341/341/341 347/347/347 352/352/352
f 353/353/353 347/347/347 342/342/342
f 342/342/342 348/348/348 353/353/353
f 354/354/354 348/348/348 349/349/349
f 349/349/349 355/355/355 354/354/354
f 356/356/356 350/350/350 345/345/345
f 351/351/351 356/356/356 345/345/345
f 346/346/346 357/357/357 351/351/351
f 357/357/357 346/346/346 352/352/352
f 358/358/358 352/352/352 347/347/347
f 353/353/353 358/358/358 347/347/347
f 348/348/348 359/359/359 353/353/353
f 359/359/359 348/348/348 354/354/354
f 355/355/355 360/360/360 354/354/354
f 360/360/360 355/355/355 361/361/361
f 362/362/362 356/356/356 351/351/351
f 351/351/351 357/357/357 362/362/362
f 363/363/363 357/357/357 352/352/352
f 352/352/352 358/358/358 363/363/363
f 364/364/364 362/362/362 357/357/357
f 356/356/356 362/362/362 364/364/364
f 364/364/364 357/357/357 363/363/363
f 365/365/365 358/358/358 353/353/353
f 353/353/353 359/359/359 365/365/365
f 366/366/366 359/359/359 354/354/354
f 354/354/354 360/360/360 366/366/366
f 358/358/358 367/367/367 363/363/363
f 367/367/367 358/358/358 365/365/365
f 368/368/368 365/365/365 359/359/359
f 368/368/368 359/359/359 366/366/366
f 369/369/369 356/356/356 364/364/364
f 350/350/350 356/356/356 369/369/369
f 370/370/370 364/364/364 363/363/363
f 363/363/363 367/367/367 370/370/370
f 371/371/371 367/367/367 365/365/365
f 365/365/365 368/368/368 371/371/371
f 369/369/369 372/372/372 350/350/350
f 372/372/372 344/344/344 350/350/350
f 373/373/373 369/369/369 364/364/364
f 373/373/373 364/364/364 370/370/370
f 374/374/374 370/370/370 367/367/367
f 374/374/374 367/367/367 371/371/371
f 344/344/344 372/372/372 375/375/375
f 324/324/324 344/344/344 375/375/375
f 376/376/376 373/373/373 370/370/370
f 370/370/370 374/374/374 376/376/376
f 375/375/375 377/377/377 324/324/324
f 324/324/324 377/377/377 319/319/319
f 319/319/319 377/377/377 378/378/378
f 378/378/378 309/309/309 319/319/319
f 375/375/375 379/379/379 377/377/377
f 379/379/379 378/378/378 377/377/377
f 375/375/375 372/372/372 380/380/380
f 380/380/380 379/379/379 375/375/375
f 381/381/381 380/380/380 372/372/372
f 369/369/369 381/381/381 372/372/372
f 369/369/369 373/373/373 382/382/382
f 382/382/382 381/381/381 369/369/369
f 383/383/383 373/373/373 376/376/376
f 383/383/383 382/382/382 373/373/373
f 384/384/384 309/309/309 378/378/378
f 378/378/378 379/379/379 385/385/385
f 385/385/385 384/384/384 378/378/378
f 386/386/386 379/379/379 380/380/380
f 379/379/379 386/386/386 385/385/385
f 380/380/380 381/381/381 387/387/387
f 387/387/387 386/386/386 380/380/380
f 388/388/388 381/381/381 382/382/382
f 381/381/381 388/388/388 387/387/387
f 382/382/382 383/383/383 389/389/389
f 389/389/389 388/388/388 382/382/382
f 309/309/309 384/384/384 390/390/390
f 302/302/302 309/309/309 390/390/390
f 302/302/302 390/390/390 308/308/308
f 391/391/391 385/385/385 386/386/386
f 392/392/392 386/386/386 387/387/387
f 386/386/386 392/392/392 391/391/391
f 387/387/387 388/388/388 393/393/393
f 393/393/393 392/392/392 387/387/387
f 394/394/394 384/384/384 385/385/385
f 391/391/391 394/394/394 385/385/385
f 384/384/384 395/395/395 390/390/390
f 394/394/394 395/395/395 384/384/384
f 390/390/390 396/396/396 308/308/308
f 395/395/395 396/396/396 390/390/390
f 397/397/397 393/393/393 388/388/388
f 389/389/389 397/397/397 388/388/388
f 308/308/308 396/396/396 398/398/398
f 308/308/308 398/398/398 303/303/303
f 399/399/399 394/394/394 391/391/391
f 400/400/400 395/395/395 394/394/394
f 399/399/399 400/400/400 394/394/394
f 401/401/401 396/396/396 395/395/395
f 395/395/395 400/400/400 401/401/401
f 402/402/402 399/399/399 391/391/391
f 391/391/391 392/392/392 402/402/402
f 392/392/392 393/393/393 403/403/403
f 404/404/404 393/393/393 397/397/397
f 393/393/393 404/404/404 403/403/403
f 405/405/405 402/402/402 392/392/392
f 405/405/405 392/392/392 403/403/403
f 396/396/396 401/401/401 406/406/406
f 401/401/401 400/400/400 407/407/407
f 407/407/407 406/406/406 401/401/401
f 399/399/399 408/408/408 400/400/400
f 408/408/408 407/407/407 400/400/400
f 409/409/409 399/399/399 402/402/402
f 399/399/399 409/409/409 408/408/408
f 410/410/410 402/402/402 405/405/405
f 402/402/402 410/410/410 409/409/409
f 406/406/406 411/411/411 396/396/396
f 398/398/398 396/396/396 411/411/411
f 412/412/412 405/405/405 403/403/403
f 413/413/413 410/410/410 405/405/405
f 405/405/405 412/412/412 413/413/413
f 403/403/403 414/414/414 412/412/412
f 414/414/414 403/403/403 404/404/404
f 412/412/412 415/415/415 413/413/413
f 415/415/415 412/412/412 414/414/414
f 409/409/409 416/416/416 408/408/408
f 410/410/410 417/417/417 409/409/409
f 409/409/409 417/417/417 416/416/416
f 410/410/410 413/413/413 418/418/418
f 418/418/418 417/417/417 410/410/410
f 415/415/415 419/419/419 413/413/413
f 418/418/418 413/413/413 419/419/419
f 408/408/408 416/416/416 420/420/420
f 420/420/420 407/407/407 408/408/408
f 407/407/407 420/420/420 421/421/421
f 421/421/421 406/406/406 407/407/407
f 406/406/406 421/421/421 422/422/422
f 411/411/411 406/406/406 422/422/422
f 422/422/422 423/423/423 411/411/411
f 398/398/398 411/411/411 423/423/423
f 423/423/423 424/424/424 398/398/398
f 398/398/398 424/424/424 303/303/303
f 303/303/303 424/424/424 425/425/425
f 303/303/303 425/425/425 269/269/269
f 269/269/269 425/425/425 271/271/271
f 426/426/426 271/271/271 425/425/425
f 425/425/425 424/424/424 426/426/426
f 271/271/271 426/426/426 272/272/272
f 424/424/424 423/423/423 427/427/427
f 424/424/424 427/427/427 426/426/426
f 426/426/426 428/428/428 272/272/272
f 426/426/426 427/427/427 428/428/428
f 272/272/272 428/428/428 274/274/274
f 423/423/423 422/422/422 429/429/429
f 429/429/429 427/427/427 423/423/423
f 430/430/430 428/428/428 427/427/427
f 427/427/427 429/429/429 430/430/430
f 431/431/431 274/274/274 428/428/428
f 428/428/428 430/430/430 431/431/431
f 274/274/274 431/431/431 278/278/278
f 422/422/422 432/432/432 429/429/429
f 432/432/432 422/422/422 421/421/421
f 433/433/433 430/430/430 429/429/429
f 429/429/429 432/432/432 433/433/433
f 431/431/431 430/430/430 434/434/434
f 433/433/433 434/434/434 430/430/430
f 431/431/431 435/435/435 278/278/278
f 431/431/431 434/434/434 435/435/435
f 279/279/279 278/278/278 435/435/435
f 436/436/436 432/432/432 421/421/421
f 421/421/421 420/420/420 436/436/436
f 437/437/437 433/433/433 432/432/432
f 432/432/432 436/436/436 437/437/437
f 438/438/438 436/436/436 420/420/420
f 420/420/420 416/416/416 438/438/438
f 433/433/433 439/439/439 434/434/434
f 433/433/433 437/437/437 439/439/439
f 440/440/440 437/437/437 436/436/436
f 436/436/436 438/438/438 440/440/440
f 440/440/440 441/441/441 437/437/437
f 439/439/439 437/437/437 441/441/441
f 442/442/442 438/438/438 416/416/416
f 416/416/416 417/417/417 442/442/442
f 443/443/443 440/440/440 438/438/438
f 440/440/440 443/443/443 441/441/441
f 441/441/441 443/443/443 444/444/444
f 439/439/439 441/441/441 445/445/445
f 445/445/445 441/441/441 444/444/444
f 434/434/434 439/439/439 446/446/446
f 446/446/446 439/439/439 445/445/445
f 438/438/438 447/447/447 443/443/443
f 438/438/438 442/442/442 447/447/447
f 448/448/448 442/442/442 417/417/417
f 417/417/417 418/418/418 448/448/448
f 444/444/444 443/443/443 449/449/449
f 447/447/447 449/449/449 443/443/443
f 450/450/450 447/447/447 442/442/442
f 442/442/442 448/448/448 450/450/450
f 446/446/446 451/451/451 434/434/434
f 435/435/435 434/434/434 451/451/451
f 446/446/446 445/445/445 452/452/452
f 452/452/452 445/445/445 444/444/444
f 453/453/453 449/449/449 447/447/447
f 447/447/447 450/450/450 453/453/453
f 449/449/449 453/453/453 454/454/454
f 455/455/455 435/435/435 451/451/451
f 435/435/435 455/455/455 279/279/279
f 451/451/451 446/446/446 456/456/456
f 452/452/452 456/456/456 446/446/446
f 449/449/449 457/457/457 444/444/444
f 454/454/454 457/457/457 449/449/449
f 444/444/444 457/457/457 458/458/458
f 458/458/458 457/457/457 454/454/454
f 444/444/444 459/459/459 452/452/452
f 458/458/458 459/459/459 444/444/444
f 279/279/279 455/455/455 460/460/460
f 460/460/460 282/282/282 279/279/279
f 461/461/461 455/455/455 451/451/451
f 456/456/456 461/461/461 451/451/451
f 456/456/456 452/452/452 462/462/462
f 462/462/462 452/452/452 459/459/459
f 455/455/455 461/461/461 463/463/463
f 463/463/463 460/460/460 455/455/455
f 461/461/461 456/456/456 464/464/464
f 462/462/462 464/464/464 456/456/456
f 464/464/464 463/463/463 461/461/461
f 459/459/459 458/458/458 465/465/465
f 454/454/454 466/466/466 458/458/458
f 465/465/465 458/458/458 466/466/466
f 462/462/462 459/459/459 467/467/467
f 465/465/465 467/467/467 459/459/459
f 460/460/460 463/463/463 468/468/468
f 463/463/463 464/464/464 469/469/469
f 469/469/469 468/468/468 463/463/463
f 464/464/464 462/462/462 470/470/470
f 470/470/470 469/469/469 464/464/464
f 462/462/462 467/467/467 471/471/471
f 471/471/471 470/470/470 462/462/462
f 468/468/468 472/472/472 460/460/460
f 282/282/282 460/460/460 472/472/472
f 472/472/472 473/473/473 282/282/282
f 260/260/260 282/282/282 473/473/473
f 473/473/473 474/474/474 260/260/260
f 475/475/475 260/260/260 474/474/474
f 474/474/474 476/476/476 475/475/475
f 477/477/477 475/475/475 476/476/476
f 476/476/476 478/478/478 477/477/477
f 479/479/479 477/477/477 478/478/478
f 478/478/478 480/480/480 479/479/479
f 481/481/481 479/479/479 480/480/480
f 482/482/482 478/478/478 476/476/476
f 480/480/480 478/478/478 482/482/482
f 474/474/474 483/483/483 476/476/476
f 476/476/476 483/483/483 482/482/482
f 484/484/484 474/474/474 473/473/473
f 483/483/483 474/474/474 484/484/484
f 473/473/473 472/472/472 485/485/485
f 485/485/485 484/484/484 473/473/473
f 480/480/480 486/486/486 481/481/481
f 487/487/487 481/481/481 486/486/486
f 488/488/488 483/483/483 484/484/484
f 482/482/482 483/483/483 488/488/488
f 482/482/482 489/489/489 480/480/480
f 486/486/486 480/480/480 489/489/489
f 486/486/486 490/490/490 487/487/487
f 491/491/491 487/487/487 490/490/490
f 492/492/492 485/485/485 472/472/472
f 492/492/492 472/472/472 468/468/468
f 485/485/485 493/493/493 484/484/484
f 484/484/484 493/493/493 488/488/488
f 488/488/488 494/494/494 482/482/482
f 489/489/489 482/482/482 494/494/494
f 489/489/489 495/495/495 486/486/486
f 495/495/495 490/490/490 486/486/486
f 494/494/494 496/496/496 489/489/489
f 495/495/495 489/489/489 496/496/496
f 497/497/497 494/494/494 488/488/488
f 497/497/497 496/496/496 494/494/494
f 498/498/498 492/492/492 468/468/468
f 468/468/468 469/469/469 498/498/498
f 499/499/499 493/493/493 485/485/485
f 499/499/499 485/485/485 492/492/492
f 500/500/500 488/488/488 493/493/493
f 488/488/488 500/500/500 497/497/497
f 498/498/498 469/469/469 501/501/501
f 501/501/501 469/469/469 470/470/470
f 502/502/502 493/493/493 499/499/499
f 493/493/493 502/502/502 500/500/500
f 503/503/503 501/501/501 470/470/470
f 470/470/470 471/471/471 503/503/503
f 492/492/492 498/498/498 504/504/504
f 492/492/492 505/505/505 499/499/499
f 504/504/504 505/505/505 492/492/492
f 506/506/506 498/498/498 501/501/501
f 504/504/504 498/498/498 506/506/506
f 499/499/499 507/507/507 502/502/502
f 507/507/507 499/499/499 505/505/505
f 505/505/505 504/504/504 508/508/508
f 508/508/508 504/504/504 506/506/506
f 506/506/506 501/501/501 509/509/509
f 509/509/509 501/501/501 503/503/503
f 505/505/505 510/510/510 507/507/507
f 508/508/508 510/510/510 505/505/505
f 506/506/506 511/511/511 508/508/508
f 511/511/511 506/506/506 509/509/509
f 510/510/510 508/508/508 512/512/512
f 511/511/511 512/512/512 508/508/508
f 513/513/513 503/503/503 471/471/471
f 514/514/514 509/509/509 503/503/503
f 503/503/503 513/513/513 514/514/514
f 471/471/471 515/515/515 513/513/513
f 515/515/515 471/471/471 467/467/467
f 509/509/509 516/516/516 511/511/511
f 517/517/517 512/512/512 511/511/511
f 516/516/516 517/517/517 511/511/511
f 518/518/518 516/516/516 509/509/509
f 509/509/509 514/514/514 518/518/518
f 517/517/517 516/516/516 519/519/519
f 518/518/518 519/519/519 516/516/516
f 520/520/520 514/514/514 513/513/513
f 521/521/521 518/518/518 514/514/514
f 514/514/514 520/520/520 521/521/521
f 522/522/522 513/513/513 515/515/515
f 513/513/513 522/522/522 520/520/520
f 519/519/519 518/518/518 523/523/523
f 521/521/521 523/523/523 518/518/518
f 524/524/524 517/517/517 519/519/519
f 519/519/519 525/525/525 524/524/524
f 525/525/525 519/519/519 523/523/523
f 517/517/517 524/524/524 526/526/526
f 523/523/523 527/527/527 525/525/525
f 526/526/526 512/512/512 517/517/517
f 527/527/527 523/523/523 528/528/528
f 523/523/523 521/521/521 528/528/528
f 528/528/528 529/529/529 527/527/527
f 512/512/512 526/526/526 530/530/530
f 530/530/530 526/526/526 531/531/531
f 512/512/512 530/530/530 510/510/510
f 532/532/532 521/521/521 520/520/520
f 532/532/532 528/528/528 521/521/521
f 529/529/529 528/528/528 533/533/533
f 528/528/528 532/532/532 533/533/533
f 533/533/533 534/534/534 529/529/529
f 535/535/535 530/530/530 531/531/531
f 531/531/531 536/536/536 535/535/535
f 537/537/537 510/510/510 530/530/530
f 530/530/530 535/535/535 537/537/537
f 520/520/520 538/538/538 532/532/532
f 520/520/520 522/522/522 538/538/538
f 534/534/534 533/533/533 539/539/539
f 539/539/539 540/540/540 534/534/534
f 541/541/541 533/533/533 532/532/532
f 533/533/533 541/541/541 539/539/539
f 541/541/541 532/532/532 538/538/538
f 542/542/542 535/535/535 536/536/536
f 536/536/536 543/543/543 542/542/542
f 540/540/540 539/539/539 544/544/544
f 544/544/544 539/539/539 541/541/541
f 545/545/545 537/537/537 535/535/535
f 545/545/545 535/535/535 542/542/542
f 546/546/546 542/542/542 543/543/543
f 543/543/543 547/547/547 546/546/546
f 544/544/544 548/548/548 540/540/540
f 549/549/549 540/540/540 548/548/548
f 550/550/550 545/545/545 542/542/542
f 542/542/542 546/546/546 550/550/550
f 551/551/551 546/546/546 547/547/547
f 547/547/547 552/552/552 551/551/551
f 548/548/548 553/553/553 549/549/549
f 554/554/554 549/549/549 553/553/553
f 555/555/555 550/550/550 546/546/546
f 555/555/555 546/546/546 551/551/551
f 556/556/556 551/551/551 552/552/552
f 552/552/552 557/557/557 556/556/556
f 553/553/553 558/558/558 554/554/554
f 559/559/559 554/554/554 558/558/558
f 560/560/560 555/555/555 551/551/551
f 551/551/551 556/556/556 560/560/560
f 556/556/556 557/557/557 561/561/561
f 561/561/561 557/557/557 562/562/562
f 558/558/558 563/563/563 559/559/559
f 564/564/564 559/559/559 563/563/563
f 560/560/560 556/556/556 565/565/565
f 565/565/565 556/556/556 561/561/561
f 566/566/566 561/561/561 562/562/562
f 562/562/562 567/567/567 566/566/566
f 561/561/561 566/566/566 568/568/568
f 568/568/568 565/565/565 561/561/561
f 569/569/569 566/566/566 567/567/567
f 568/568/568 566/566/566 569/569/569
f 567/567/567 570/570/570 569/569/569
f 571/571/571 569/569/569 570/570/570
f 570/570/570 572/572/572 571/571/571
f 571/571/571 572/572/572 573/573/573
f 569/569/569 574/574/574 568/568/568
f 574/574/574 569/569/569 571/571/571
f 565/565/565 568/568/568 575/575/575
f 575/575/575 568/568/568 574/574/574
f 560/560/560 565/565/565 576/576/576
f 575/575/575 576/576/576 565/565/565
f 576/576/576 577/577/577 560/560/560
f 555/555/555 560/560/560 577/577/577
f 577/577/577 578/578/578 555/555/555
f 550/550/550 555/555/555 578/578/578
f 579/579/579 577/577/577 576/576/576
f 578/578/578 577/577/577 579/579/579
f 578/578/578 580/580/580 550/550/550
f 545/545/545 550/550/550 580/580/580
f 581/581/581 576/576/576 575/575/575
f 581/581/581 579/579/579 576/576/576
f 579/579/579 582/582/582 578/578/578
f 582/582/582 580/580/580 578/578/578
f 582/582/582 579/579/579 583/583/583
f 580/580/580 584/584/584 545/545/545
f 537/537/537 545/545/545 584/584/584
f 582/582/582 585/585/585 580/580/580
f 583/583/583 585/585/585 582/582/582
f 580/580/580 585/585/585 584/584/584
f 586/586/586 579/579/579 581/581/581
f 586/586/586 583/583/583 579/579/579
f 575/575/575 587/587/587 581/581/581
f 586/586/586 581/581/581 587/587/587
f 584/584/584 588/588/588 537/537/537
f 510/510/510 537/537/537 588/588/588
f 588/588/588 507/507/507 510/510/510
f 585/585/585 589/589/589 584/584/584
f 584/584/584 589/589/589 588/588/588
f 589/589/589 585/585/585 583/583/583
f 588/588/588 590/590/590 507/507/507
f 589/589/589 590/590/590 588/588/588
f 590/590/590 502/502/502 507/507/507
f 589/589/589 591/591/591 590/590/590
f 583/583/583 591/591/591 589/589/589
f 502/502/502 590/590/590 592/592/592
f 590/590/590 591/591/591 592/592/592
f 592/592/592 500/500/500 502/502/502
f 593/593/593 591/591/591 583/583/583
f 592/592/592 591/591/591 593/593/593
f 500/500/500 592/592/592 594/594/594
f 593/593/593 594/594/594 592/592/592
f 594/594/594 497/497/497 500/500/500
f 595/595/595 497/497/497 594/594/594
f 595/595/595 496/496/496 497/497/497
f 583/583/583 596/596/596 593/593/593
f 596/596/596 583/583/583 586/586/586
f 597/597/597 594/594/594 593/593/593
f 594/594/594 597/597/597 595/595/595
f 595/595/595 598/598/598 496/496/496
f 496/496/496 598/598/598 495/495/495
f 599/599/599 593/593/593 596/596/596
f 593/593/593 599/599/599 597/597/597
f 600/600/600 596/596/596 586/586/586
f 596/596/596 600/600/600 599/599/599
f 601/601/601 595/595/595 597/597/597
f 601/601/601 598/598/598 595/595/595
f 602/602/602 495/495/495 598/598/598
f 602/602/602 490/490/490 495/495/495
f 597/597/597 599/599/599 603/603/603
f 597/597/597 603/603/603 601/601/601
f 604/604/604 598/598/598 601/601/601
f 598/598/598 604/604/604 602/602/602
f 605/605/605 490/490/490 602/602/602
f 490/490/490 605/605/605 491/491/491
f 586/586/586 606/606/606 600/600/600
f 606/606/606 586/586/586 587/587/587
f 607/607/607 599/599/599 600/600/600
f 607/607/607 603/603/603 599/599/599
f 603/603/603 608/608/608 601/601/601
f 601/601/601 608/608/608 604/604/604
f 609/609/609 602/602/602 604/604/604
f 602/602/602 609/609/609 605/605/605
f 610/610/610 491/491/491 605/605/605
f 610/610/610 611/611/611 491/491/491
f 612/612/612 600/600/600 606/606/606
f 600/600/600 612/612/612 607/607/607
f 613/613/613 603/603/603 607/607/607
f 613/613/613 608/608/608 603/603/603
f 614/614/614 604/604/604 608/608/608
f 604/604/604 614/614/614 609/609/609
f 605/605/605 609/609/609 615/615/615
f 615/615/615 610/610/610 605/605/605
f 611/611/611 610/610/610 616/616/616
f 616/616/616 617/617/617 611/611/611
f 618/618/618 607/607/607 612/612/612
f 607/607/607 618/618/618 613/613/613
f 619/619/619 608/608/608 613/613/613
f 608/608/608 619/619/619 614/614/614
f 609/609/609 614/614/614 620/620/620
f 620/620/620 615/615/615 609/609/609
f 615/615/615 621/621/621 610/610/610
f 621/621/621 616/616/616 610/610/610
f 622/622/622 617/617/617 616/616/616
f 622/622/622 623/623/623 617/617/617
f 624/624/624 613/613/613 618/618/618
f 613/613/613 624/624/624 619/619/619
f 614/614/614 619/619/619 625/625/625
f 625/625/625 620/620/620 614/614/614
f 620/620/620 626/626/626 615/615/615
f 626/626/626 621/621/621 615/615/615
f 616/616/616 621/621/621 627/627/627
f 627/627/627 622/622/622 616/616/616
f 628/628/628 623/623/623 622/622/622
f 628/628/628 629/629/629 623/623/623
f 630/630/630 628/628/628 622/622/622
f 622/622/622 627/627/627 630/630/630
f 629/629/629 628/628/628 631/631/631
f 631/631/631 628/628/628 630/630/630
f 631/631/631 632/632/632 629/629/629
f 633/633/633 627/627/627 621/621/621
f 621/621/621 626/626/626 633/633/633
f 634/634/634 626/626/626 620/620/620
f 625/625/625 634/634/634 620/620/620
f 635/635/635 632/632/632 631/631/631
f 635/635/635 636/636/636 632/632/632
f 630/630/630 637/637/637 631/631/631
f 635/635/635 631/631/631 637/637/637
f 638/638/638 630/630/630 627/627/627
f 627/627/627 633/633/633 638/638/638
f 639/639/639 633/633/633 626/626/626
f 626/626/626 634/634/634 639/639/639
f 640/640/640 637/637/637 630/630/630
f 638/638/638 640/640/640 630/630/630
f 633/633/633 641/641/641 638/638/638
f 641/641/641 633/633/633 639/639/639
f 640/640/640 638/638/638 641/641/641
f 637/637/637 642/642/642 635/635/635
f 642/642/642 637/637/637 640/640/640
f 636/636/636 635/635/635 643/643/643
f 642/642/642 643/643/643 635/635/635
f 644/644/644 639/639/639 634/634/634
f 645/645/645 641/641/641 639/639/639
f 639/639/639 644/644/644 645/645/645
f 641/641/641 646/646/646 640/640/640
f 646/646/646 641/641/641 645/645/645
f 640/640/640 647/647/647 642/642/642
f 647/647/647 640/640/640 646/646/646
f 643/643/643 642/642/642 648/648/648
f 647/647/647 648/648/648 642/642/642
f 634/634/634 649/649/649 644/644/644
f 649/649/649 634/634/634 625/625/625
f 650/650/650 649/649/649 625/625/625
f 650/650/650 625/625/625 619/619/619
f 619/619/619 624/624/624 650/650/650
f 645/645/645 651/651/651 646/646/646
f 646/646/646 652/652/652 647/647/647
f 652/652/652 646/646/646 651/651/651
f 653/653/653 645/645/645 644/644/644
f 651/651/651 645/645/645 653/653/653
f 649/649/649 654/654/654 644/644/644
f 644/644/644 654/654/654 653/653/653
f 655/655/655 649/649/649 650/650/650
f 654/654/654 649/649/649 655/655/655
f 656/656/656 650/650/650 624/624/624
f 655/655/655 650/650/650 656/656/656
f 657/657/657 647/647/647 652/652/652
f 648/648/648 647/647/647 657/657/657
f 624/624/624 658/658/658 656/656/656
f 618/618/618 658/658/658 624/624/624
f 658/658/658 618/618/618 659/659/659
f 612/612/612 659/659/659 618/618/618
f 659/659/659 612/612/612 660/660/660
f 606/606/606 660/660/660 612/612/612
f 661/661/661 654/654/654 655/655/655
f 656/656/656 662/662/662 655/655/655
f 655/655/655 662/662/662 661/661/661
f 663/663/663 656/656/656 658/658/658
f 656/656/656 663/663/663 662/662/662
f 659/659/659 664/664/664 658/658/658
f 658/658/658 664/664/664 663/663/663
f 660/660/660 665/665/665 659/659/659
f 664/664/664 659/659/659 665/665/665
f 654/654/654 661/661/661 666/666/666
f 666/666/666 653/653/653 654/654/654
f 667/667/667 653/653/653 666/666/666
f 668/668/668 666/666/666 661/661/661
f 666/666/666 668/668/668 667/667/667
f 669/669/669 661/661/661 662/662/662
f 661/661/661 669/669/669 668/668/668
f 663/663/663 670/670/670 662/662/662
f 662/662/662 670/670/670 669/669/669
f 671/671/671 663/663/663 664/664/664
f 663/663/663 671/671/671 670/670/670
f 665/665/665 672/672/672 664/664/664
f 664/664/664 672/672/672 671/671/671
f 673/673/673 653/653/653 667/667/667
f 653/653/653 673/673/673 651/651/651
f 674/674/674 651/651/651 673/673/673
f 651/651/651 674/674/674 652/652/652
f 675/675/675 673/673/673 667/667/667
f 673/673/673 675/675/675 674/674/674
f 676/676/676 652/652/652 674/674/674
f 652/652/652 676/676/676 657/657/657
f 677/677/677 674/674/674 675/675/675
f 674/674/674 677/677/677 676/676/676
f 678/678/678 670/670/670 671/671/671
f 679/679/679 671/671/671 672/672/672
f 671/671/671 679/679/679 678/678/678
f 670/670/670 678/678/678 680/680/680
f 680/680/680 669/669/669 670/670/670
f 681/681/681 657/657/657 676/676/676
f 682/682/682 676/676/676 677/677/677
f 676/676/676 682/682/682 681/681/681
f 657/657/657 681/681/681 683/683/683
f 683/683/683 648/648/648 657/657/657
f 648/648/648 683/683/683 684/684/684
f 648/648/648 684/684/684 643/643/643
f 684/684/684 685/685/685 643/643/643
f 643/643/643 685/685/685 636/636/636
f 686/686/686 680/680/680 678/678/678
f 687/687/687 669/669/669 680/680/680
f 686/686/686 687/687/687 680/680/680
f 669/669/669 687/687/687 688/688/688
f 688/688/688 668/668/668 669/669/669
f 678/678/678 689/689/689 686/686/686
f 679/679/679 689/689/689 678/678/678
f 687/687/687 686/686/686 690/690/690
f 688/688/688 687/687/687 690/690/690
f 688/688/688 691/691/691 668/668/668
f 690/690/690 692/692/692 688/688/688
f 692/692/692 691/691/691 688/688/688
f 693/693/693 668/668/668 691/691/691
f 693/693/693 667/667/667 668/668/668
f 691/691/691 692/692/692 694/694/694
f 694/694/694 693/693/693 691/691/691
f 690/690/690 686/686/686 695/695/695
f 686/686/686 689/689/689 696/696/696
f 696/696/696 695/695/695 686/686/686
f 692/692/692 690/690/690 697/697/697
f 695/695/695 697/697/697 690/690/690
f 679/679/679 698/698/698 689/689/689
f 699/699/699 696/696/696 689/689/689
f 689/689/689 698/698/698 699/699/699
f 700/700/700 699/699/699 698/698/698
f 701/701/701 698/698/698 679/679/679
f 698/698/698 701/701/701 700/700/700
f 699/699/699 702/702/702 696/696/696
f 702/702/702 699/699/699 700/700/700
f 696/696/696 703/703/703 695/695/695
f 696/696/696 702/702/702 703/703/703
f 695/695/695 703/703/703 704/704/704
f 697/697/697 695/695/695 704/704/704
f 679/679/679 705/705/705 701/701/701
f 672/672/672 705/705/705 679/679/679
f 672/672/672 706/706/706 705/705/705
f 705/705/705 706/706/706 701/701/701
f 665/665/665 706/706/706 672/672/672
f 700/700/700 701/701/701 707/707/707
f 706/706/706 707/707/707 701/701/701
f 708/708/708 706/706/706 665/665/665
f 665/665/665 660/660/660 708/708/708
f 706/706/706 709/709/709 707/707/707
f 708/708/708 709/709/709 706/706/706
f 660/660/660 710/710/710 708/708/708
f 606/606/606 710/710/710 660/660/660
f 708/708/708 710/710/710 711/711/711
f 711/711/711 709/709/709 708/708/708
f 710/710/710 606/606/606 712/712/712
f 710/710/710 712/712/712 711/711/711
f 587/587/587 712/712/712 606/606/606
f 713/713/713 712/712/712 587/587/587
f 711/711/711 712/712/712 713/713/713
f 587/587/587 575/575/575 713/713/713
f 574/574/574 713/713/713 575/575/575
f 713/713/713 574/574/574 714/714/714
f 714/714/714 711/711/711 713/713/713
f 571/571/571 714/714/714 574/574/574
f 715/715/715 707/707/707 709/709/709
f 707/707/707 715/715/715 700/700/700
f 716/716/716 709/709/709 711/711/711
f 711/711/711 714/714/714 716/716/716
f 709/709/709 716/716/716 715/715/715
f 714/714/714 571/571/571 717/717/717
f 717/717/717 716/716/716 714/714/714
f 571/571/571 573/573/573 717/717/717
f 718/718/718 715/715/715 716/716/716
f 716/716/716 717/717/717 718/718/718
f 718/718/718 717/717/717 573/573/573
f 700/700/700 715/715/715 718/718/718
f 573/573/573 719/719/719 718/718/718
f 718/718/718 720/720/720 700/700/700
f 720/720/720 718/718/718 719/719/719
f 700/700/700 720/720/720 702/702/702
f 719/719/719 721/721/721 720/720/720
f 721/721/721 719/719/719 722/722/722
f 720/720/720 723/723/723 702/702/702
f 720/720/720 721/721/721 723/723/723
f 702/702/702 723/723/723 724/724/724
f 724/724/724 703/703/703 702/702/702
f 704/704/704 703/703/703 724/724/724
f 724/724/724 725/725/725 704/704/704
f 726/726/726 723/723/723 721/721/721
f 704/704/704 725/725/725 727/727/727
f 722/722/722 728/728/728 721/721/721
f 721/721/721 728/728/728 726/726/726
f 728/728/728 722/722/722 729/729/729
f 730/730/730 726/726/726 728/728/728
f 704/704/704 727/727/727 731/731/731
f 704/704/704 731/731/731 697/697/697
f 731/731/731 727/727/727 732/732/732
f 729/729/729 733/733/733 728/728/728
f 728/728/728 733/733/733 730/730/730
f 733/733/733 729/729/729 734/734/734
f 733/733/733 735/735/735 730/730/730
f 734/734/734 736/736/736 733/733/733
f 733/733/733 736/736/736 735/735/735
f 736/736/736 734/734/734 737/737/737
f 738/738/738 735/735/735 736/736/736
f 737/737/737 739/739/739 736/736/736
f 736/736/736 739/739/739 738/738/738
f 739/739/739 737/737/737 740/740/740
f 741/741/741 738/738/738 739/739/739
f 740/740/740 742/742/742 739/739/739
f 739/739/739 742/742/742 741/741/741
f 742/742/742 740/740/740 743/743/743
f 744/744/744 741/741/741 742/742/742
f 743/743/743 745/745/745 742/742/742
f 742/742/742 745/745/745 744/744/744
f 745/745/745 743/743/743 746/746/746
f 747/747/747 744/744/744 745/745/745
f 746/746/746 748/748/748 745/745/745
f 745/745/745 748/748/748 747/747/747
f 748/748/748 746/746/746 749/749/749
f 748/748/748 750/750/750 747/747/747
f 749/749/749 751/751/751 748/748/748
f 748/748/748 751/751/751 750/750/750
f 751/751/751 749/749/749 752/752/752
f 753/753/753 750/750/750 751/751/751
f 752/752/752 754/754/754 751/751/751
f 751/751/751 754/754/754 753/753/753
f 754/754/754 752/752/752 755/755/755
f 753/753/753 754/754/754 755/755/755
f 752/752/752 756/756/756 755/755/755
f 755/755/755 757/757/757 753/753/753
f 756/756/756 758/758/758 755/755/755
f 757/757/757 755/755/755 758/758/758
f 756/756/756 759/759/759 758/758/758
f 760/760/760 759/759/759 756/756/756
f 758/758/758 761/761/761 757/757/757
f 762/762/762 757/757/757 761/761/761
f 760/760/760 763/763/763 759/759/759
f 760/760/760 764/764/764 763/763/763
f 764/764/764 765/765/765 763/763/763
f 758/758/758 759/759/759 766/766/766
f 761/761/761 758/758/758 766/766/766
f 761/761/761 767/767/767 762/762/762
f 768/768/768 762/762/762 767/767/767
f 767/767/767 769/769/769 768/768/768
f 763/763/763 765/765/765 770/770/770
f 770/770/770 765/765/765 771/771/771
f 772/772/772 759/759/759 763/763/763
f 759/759/759 772/772/772 766/766/766
f 763/763/763 770/770/770 772/772/772
f 767/767/767 761/761/761 773/773/773
f 766/766/766 773/773/773 761/761/761
f 774/774/774 769/769/769 767/767/767
f 773/773/773 774/774/774 767/767/767
f 769/769/769 774/774/774 775/775/775
f 766/766/766 772/772/772 776/776/776
f 766/766/766 776/776/776 773/773/773
f 777/777/777 772/772/772 770/770/770
f 772/772/772 777/777/777 776/776/776
f 778/778/778 770/770/770 771/771/771
f 770/770/770 778/778/778 777/777/777
f 774/774/774 773/773/773 779/779/779
f 773/773/773 776/776/776 779/779/779
f 780/780/780 775/775/775 774/774/774
f 779/779/779 780/780/780 774/774/774
f 781/781/781 776/776/776 777/777/777
f 779/779/779 776/776/776 781/781/781
f 771/771/771 782/782/782 778/778/778
f 782/782/782 771/771/771 783/783/783
f 778/778/778 784/784/784 777/777/777
f 777/777/777 784/784/784 781/781/781
f 781/781/781 785/785/785 779/779/779
f 780/780/780 779/779/779 785/785/785
f 775/775/775 780/780/780 786/786/786
f 787/787/787 775/775/775 786/786/786
f 788/788/788 778/778/778 782/782/782
f 778/778/778 788/788/788 784/784/784
f 783/783/783 789/789/789 782/782/782
f 790/790/790 789/789/789 783/783/783
f 781/781/781 784/784/784 791/791/791
f 781/781/781 791/791/791 785/785/785
f 780/780/780 785/785/785 792/792/792
f 786/786/786 780/780/780 792/792/792
f 786/786/786 793/793/793 787/787/787
f 787/787/787 793/793/793 794/794/794
f 782/782/782 795/795/795 788/788/788
f 789/789/789 795/795/795 782/782/782
f 796/796/796 789/789/789 790/790/790
f 796/796/796 790/790/790 797/797/797
f 785/785/785 791/791/791 798/798/798
f 792/792/792 785/785/785 798/798/798
f 792/792/792 799/799/799 786/786/786
f 793/793/793 786/786/786 799/799/799
f 800/800/800 794/794/794 793/793/793
f 801/801/801 794/794/794 800/800/800
f 789/789/789 802/802/802 795/795/795
f 796/796/796 802/802/802 789/789/789
f 797/797/797 803/803/803 796/796/796
f 803/803/803 797/797/797 804/804/804
f 798/798/798 805/805/805 792/792/792
f 792/792/792 805/805/805 799/799/799
f 793/793/793 799/799/799 806/806/806
f 800/800/800 793/793/793 806/806/806
f 807/807/807 801/801/801 800/800/800
f 808/808/808 801/801/801 807/807/807
f 809/809/809 802/802/802 796/796/796
f 809/809/809 796/796/796 803/803/803
f 804/804/804 810/810/810 803/803/803
f 811/811/811 810/810/810 804/804/804
f 799/799/799 805/805/805 812/812/812
f 806/806/806 799/799/799 812/812/812
f 800/800/800 806/806/806 813/813/813
f 807/807/807 800/800/800 813/813/813
f 807/807/807 814/814/814 808/808/808
f 815/815/815 808/808/808 814/814/814
f 803/803/803 816/816/816 809/809/809
f 810/810/810 816/816/816 803/803/803
f 812/812/812 817/817/817 806/806/806
f 813/813/813 806/806/806 817/817/817
f 813/813/813 818/818/818 807/807/807
f 814/814/814 807/807/807 818/818/818
f 813/813/813 817/817/817 819/819/819
f 818/818/818 813/813/813 819/819/819
f 814/814/814 820/820/820 815/815/815
f 821/821/821 814/814/814 818/818/818
f 820/820/820 814/814/814 821/821/821
f 818/818/818 819/819/819 822/822/822
f 821/821/821 818/818/818 822/822/822
f 815/815/815 820/820/820 823/823/823
f 823/823/823 824/824/824 815/815/815
f 825/825/825 824/824/824 823/823/823
f 826/826/826 824/824/824 825/825/825
f 827/827/827 826/826/826 825/825/825
f 828/828/828 826/826/826 827/827/827
f 829/829/829 828/828/828 827/827/827
f 830/830/830 828/828/828 829/829/829
f 831/831/831 830/830/830 829/829/829
f 832/832/832 830/830/830 831/831/831
f 833/833/833 832/832/832 831/831/831
f 834/834/834 832/832/832 833/833/833
f 834/834/834 833/833/833 835/835/835
f 835/835/835 836/836/836 834/834/834
f 836/836/836 835/835/835 837/837/837
f 837/837/837 838/838/838 836/836/836
f 839/839/839 838/838/838 837/837/837
f 838/838/838 839/839/839 840/840/840
f 840/840/840 839/839/839 841/841/841
f 841/841/841 842/842/842 840/840/840
f 842/842/842 841/841/841 843/843/843
f 843/843/843 844/844/844 842/842/842
f 845/845/845 831/831/831 829/829/829
f 833/833/833 831/831/831 846/846/846
f 846/846/846 831/831/831 845/845/845
f 847/847/847 835/835/835 833/833/833
f 833/833/833 846/846/846 847/847/847
f 835/835/835 848/848/848 837/837/837
f 835/835/835 847/847/847 848/848/848
f 829/829/829 849/849/849 845/845/845
f 829/829/829 827/827/827 849/849/849
f 849/849/849 827/827/827 850/850/850
f 850/850/850 827/827/827 825/825/825
f 825/825/825 851/851/851 850/850/850
f 825/825/825 823/823/823 851/851/851
f 851/851/851 823/823/823 852/852/852
f 852/852/852 823/823/823 820/820/820
f 820/820/820 853/853/853 852/852/852
f 821/821/821 853/853/853 820/820/820
f 854/854/854 853/853/853 821/821/821
f 822/822/822 854/854/854 821/821/821
f 855/855/855 848/848/848 847/847/847
f 856/856/856 855/855/855 847/847/847
f 856/856/856 847/847/847 846/846/846
f 846/846/846 857/857/857 856/856/856
f 857/857/857 846/846/846 845/845/845
f 858/858/858 848/848/848 855/855/855
f 837/837/837 848/848/848 858/858/858
f 859/859/859 856/856/856 857/857/857
f 855/855/855 856/856/856 859/859/859
f 845/845/845 860/860/860 857/857/857
f 860/860/860 845/845/845 849/849/849
f 837/837/837 858/858/858 861/861/861
f 839/839/839 837/837/837 861/861/861
f 857/857/857 862/862/862 859/859/859
f 862/862/862 857/857/857 860/860/860
f 849/849/849 863/863/863 860/860/860
f 863/863/863 849/849/849 850/850/850
f 839/839/839 861/861/861 864/864/864
f 841/841/841 839/839/839 864/864/864
f 862/862/862 860/860/860 865/865/865
f 865/865/865 860/860/860 863/863/863
f 850/850/850 866/866/866 863/863/863
f 850/850/850 851/851/851 866/866/866
f 863/863/863 867/867/867 865/865/865
f 863/863/863 866/866/866 867/867/867
f 866/866/866 851/851/851 868/868/868
f 868/868/868 851/851/851 852/852/852
f 867/867/867 866/866/866 869/869/869
f 869/869/869 866/866/866 868/868/868
f 852/852/852 870/870/870 868/868/868
f 870/870/870 852/852/852 853/853/853
f 868/868/868 871/871/871 869/869/869
f 868/868/868 870/870/870 871/871/871
f 853/853/853 872/872/872 870/870/870
f 872/872/872 853/853/853 854/854/854
f 871/871/871 870/870/870 873/873/873
f 873/873/873 870/870/870 872/872/872
f 874/874/874 865/865/865 867/867/867
f 875/875/875 867/867/867 869/869/869
f 867/867/867 875/875/875 874/874/874
f 876/876/876 869/869/869 871/871/871
f 869/869/869 876/876/876 875/875/875
f 871/871/871 873/873/873 877/877/877
f 871/871/871 877/877/877 876/876/876
f 877/877/877 873/873/873 878/878/878
f 872/872/872 879/879/879 873/873/873
f 878/878/878 873/873/873 879/879/879
f 872/872/872 854/854/854 880/880/880
f 880/880/880 879/879/879 872/872/872
f 865/865/865 874/874/874 881/881/881
f 881/881/881 862/862/862 865/865/865
f 854/854/854 882/882/882 880/880/880
f 822/822/822 882/882/882 854/854/854
f 883/883/883 862/862/862 881/881/881
f 883/883/883 859/859/859 862/862/862
f 884/884/884 882/882/882 822/822/822
f 822/822/822 819/819/819 884/884/884
f 883/883/883 885/885/885 859/859/859
f 859/859/859 885/885/885 855/855/855
f 819/819/819 886/886/886 884/884/884
f 817/817/817 886/886/886 819/819/819
f 887/887/887 855/855/855 885/885/885
f 855/855/855 887/887/887 858/858/858
f 888/888/888 886/886/886 817/817/817
f 817/817/817 812/812/812 888/888/888
f 889/889/889 858/858/858 887/887/887
f 861/861/861 858/858/858 889/889/889
f 890/890/890 888/888/888 812/812/812
f 812/812/812 805/805/805 890/890/890
f 861/861/861 889/889/889 891/891/891
f 861/861/861 891/891/891 864/864/864
f 892/892/892 890/890/890 805/805/805
f 805/805/805 798/798/798 892/892/892
f 893/893/893 892/892/892 798/798/798
f 798/798/798 791/791/791 893/893/893
f 893/893/893 791/791/791 894/894/894
f 784/784/784 894/894/894 791/791/791
f 894/894/894 784/784/784 788/788/788
f 788/788/788 895/895/895 894/894/894
f 788/788/788 795/795/795 895/895/895
f 894/894/894 896/896/896 893/893/893
f 895/895/895 896/896/896 894/894/894
f 893/893/893 897/897/897 892/892/892
f 893/893/893 896/896/896 897/897/897
f 890/890/890 892/892/892 898/898/898
f 892/892/892 897/897/897 898/898/898
f 795/795/795 899/899/899 895/895/895
f 899/899/899 795/795/795 802/802/802
f 895/895/895 900/900/900 896/896/896
f 900/900/900 895/895/895 899/899/899
f 896/896/896 901/901/901 897/897/897
f 901/901/901 896/896/896 900/900/900
f 802/802/802 902/902/902 899/899/899
f 802/802/802 809/809/809 902/902/902
f 899/899/899 903/903/903 900/900/900
f 899/899/899 902/902/902 903/903/903
f 904/904/904 902/902/902 809/809/809
f 816/816/816 904/904/904 809/809/809
f 898/898/898 905/905/905 890/890/890
f 888/888/888 890/890/890 905/905/905
f 898/898/898 897/897/897 906/906/906
f 906/906/906 897/897/897 901/901/901
f 900/900/900 907/907/907 901/901/901
f 900/900/900 903/903/903 907/907/907
f 902/902/902 908/908/908 903/903/903
f 904/904/904 908/908/908 902/902/902
f 905/905/905 909/909/909 888/888/888
f 886/886/886 888/888/888 909/909/909
f 905/905/905 898/898/898 910/910/910
f 906/906/906 910/910/910 898/898/898
f 901/901/901 911/911/911 906/906/906
f 907/907/907 911/911/911 901/901/901
f 903/903/903 912/912/912 907/907/907
f 912/912/912 903/903/903 908/908/908
f 909/909/909 913/913/913 886/886/886
f 886/886/886 913/913/913 884/884/884
f 909/909/909 905/905/905 914/914/914
f 905/905/905 910/910/910 914/914/914
f 906/906/906 915/915/915 910/910/910
f 906/906/906 911/911/911 915/915/915
f 907/907/907 916/916/916 911/911/911
f 916/916/916 907/907/907 912/912/912
f 913/913/913 909/909/909 917/917/917
f 914/914/914 917/917/917 909/909/909
f 884/884/884 913/913/913 918/918/918
f 882/882/882 884/884/884 918/918/918
f 914/914/914 910/910/910 919/919/919
f 910/910/910 915/915/915 919/919/919
f 911/911/911 920/920/920 915/915/915
f 920/920/920 911/911/911 916/916/916
f 917/917/917 921/921/921 913/913/913
f 918/918/918 913/913/913 921/921/921
f 918/918/918 922/922/922 882/882/882
f 880/880/880 882/882/882 922/922/922
f 921/921/921 923/923/923 918/918/918
f 923/923/923 922/922/922 918/918/918
f 922/922/922 924/924/924 880/880/880
f 879/879/879 880/880/880 924/924/924
f 925/925/925 924/924/924 922/922/922
f 922/922/922 923/923/923 925/925/925
f 924/924/924 926/926/926 879/879/879
f 926/926/926 924/924/924 925/925/925
f 879/879/879 926/926/926 878/878/878
f 921/921/921 927/927/927 923/923/923
f 927/927/927 921/921/921 917/917/917
f 925/925/925 923/923/923 928/928/928
f 923/923/923 927/927/927 928/928/928
f 925/925/925 929/929/929 926/926/926
f 878/878/878 926/926/926 929/929/929
f 928/928/928 930/930/930 925/925/925
f 929/929/929 925/925/925 930/930/930
f 917/917/917 931/931/931 927/927/927
f 932/932/932 931/931/931 917/917/917
f 917/917/917 914/914/914 932/932/932
f 919/919/919 932/932/932 914/914/914
f 933/933/933 928/928/928 927/927/927
f 934/934/934 927/927/927 931/931/931
f 927/927/927 934/934/934 933/933/933
f 935/935/935 930/930/930 928/928/928
f 928/928/928 933/933/933 935/935/935
f 936/936/936 931/931/931 932/932/932
f 931/931/931 936/936/936 934/934/934
f 932/932/932 919/919/919 937/937/937
f 932/932/932 938/938/938 936/936/936
f 932/932/932 937/937/937 938/938/938
f 939/939/939 937/937/937 919/919/919
f 919/919/919 915/915/915 939/939/939
f 939/939/939 915/915/915 920/920/920
f 933/933/933 934/934/934 940/940/940
f 936/936/936 941/941/941 934/934/934
f 934/934/934 941/941/941 940/940/940
f 933/933/933 940/940/940 942/942/942
f 935/935/935 933/933/933 942/942/942
f 936/936/936 938/938/938 943/943/943
f 941/941/941 936/936/936 943/943/943
f 944/944/944 940/940/940 941/941/941
f 942/942/942 940/940/940 944/944/944
f 943/943/943 945/945/945 941/941/941
f 941/941/941 945/945/945 944/944/944
f 939/939/939 946/946/946 937/937/937
f 920/920/920 947/947/947 939/939/939
f 939/939/939 947/947/947 946/946/946
f 938/938/938 937/937/937 948/948/948
f 937/937/937 946/946/946 948/948/948
f 938/938/938 949/949/949 943/943/943
f 948/948/948 949/949/949 938/938/938
f 950/950/950 947/947/947 920/920/920
f 916/916/916 950/950/950 920/920/920
f 916/916/916 951/951/951 950/950/950
f 912/912/912 951/951/951 916/916/916
f 951/951/951 912/912/912 952/952/952
f 908/908/908 952/952/952 912/912/912
f 953/953/953 952/952/952 908/908/908
f 904/904/904 953/953/953 908/908/908
f 953/953/953 904/904/904 954/954/954
f 816/816/816 954/954/954 904/904/904
f 954/954/954 816/816/816 955/955/955
f 955/955/955 816/816/816 810/810/810
f 955/955/955 810/810/810 956/956/956
f 810/810/810 811/811/811 956/956/956
f 957/957/957 956/956/956 811/811/811
f 811/811/811 958/958/958 957/957/957
f 959/959/959 957/957/957 958/958/958
f 958/958/958 960/960/960 959/959/959
f 961/961/961 959/959/959 960/960/960
f 960/960/960 962/962/962 961/961/961
f 963/963/963 961/961/961 962/962/962
f 964/964/964 963/963/963 962/962/962
f 965/965/965 963/963/963 964/964/964
f 966/966/966 965/965/965 964/964/964
f 967/967/967 965/965/965 966/966/966
f 968/968/968 967/967/967 966/966/966
f 969/969/969 967/967/967 968/968/968
f 968/968/968 564/564/564 969/969/969
f 563/563/563 969/969/969 564/564/564
f 959/959/959 970/970/970 957/957/957
f 959/959/959 961/961/961 971/971/971
f 971/971/971 970/970/970 959/959/959
f 963/963/963 972/972/972 961/961/961
f 972/972/972 971/971/971 961/961/961
f 963/963/963 965/965/965 973/973/973
f 973/973/973 972/972/972 963/963/963
f 967/967/967 974/974/974 965/965/965
f 974/974/974 973/973/973 965/965/965
f 967/967/967 969/969/969 975/975/975
f 975/975/975 974/974/974 967/967/967
f 969/969/969 563/563/563 976/976/976
f 976/976/976 975/975/975 969/969/969
f 970/970/970 977/977/977 957/957/957
f 956/956/956 957/957/957 977/977/977
f 977/977/977 978/978/978 956/956/956
f 956/956/956 978/978/978 955/955/955
f 979/979/979 955/955/955 978/978/978
f 955/955/955 979/979/979 954/954/954
f 954/954/954 979/979/979 980/980/980
f 954/954/954 980/980/980 953/953/953
f 980/980/980 981/981/981 953/953/953
f 953/953/953 981/981/981 952/952/952
f 982/982/982 952/952/952 981/981/981
f 952/952/952 982/982/982 951/951/951
f 977/977/977 970/970/970 983/983/983
f 984/984/984 978/978/978 977/977/977
f 983/983/983 984/984/984 977/977/977
f 978/978/978 985/985/985 979/979/979
f 984/984/984 985/985/985 978/978/978
f 979/979/979 986/986/986 980/980/980
f 986/986/986 979/979/979 985/985/985
f 980/980/980 987/987/987 981/981/981
f 987/987/987 980/980/980 986/986/986
f 981/981/981 988/988/988 982/982/982
f 988/988/988 981/981/981 987/987/987
f 989/989/989 951/951/951 982/982/982
f 988/988/988 989/989/989 982/982/982
f 990/990/990 983/983/983 970/970/970
f 990/990/990 970/970/970 971/971/971
f 951/951/951 989/989/989 991/991/991
f 951/951/951 991/991/991 950/950/950
f 992/992/992 990/990/990 971/971/971
f 971/971/971 972/972/972 992/992/992
f 993/993/993 992/992/992 972/972/972
f 993/993/993 972/972/972 973/973/973
f 994/994/994 993/993/993 973/973/973
f 973/973/973 974/974/974 994/994/994
f 995/995/995 994/994/994 974/974/974
f 995/995/995 974/974/974 975/975/975
f 995/995/995 975/975/975 996/996/996
f 975/975/975 976/976/976 996/996/996
f 994/994/994 995/995/995 997/997/997
f 997/997/997 995/995/995 996/996/996
f 994/994/994 998/998/998 993/993/993
f 997/997/997 998/998/998 994/994/994
f 992/992/992 993/993/993 999/999/999
f 998/998/998 999/999/999 993/993/993
f 992/992/992 1000/1000/1000 990/990/990
f 999/999/999 1000/1000/1000 992/992/992
f 996/996/996 976/976/976 1001/1001/1001
f 563/563/563 1001/1001/1001 976/976/976
f 1000/1000/1000 1002/1002/1002 990/990/990
f 983/983/983 990/990/990 1002/1002/1002
f 563/563/563 1003/1003/1003 1001/1001/1001
f 558/558/558 1003/1003/1003 563/563/563
f 1002/1002/1002 1004/1004/1004 983/983/983
f 983/983/983 1004/1004/1004 984/984/984
f 558/558/558 1005/1005/1005 1003/1003/1003
f 1005/1005/1005 558/558/558 553/553/553
f 1004/1004/1004 1006/1006/1006 984/984/984
f 985/985/985 984/984/984 1006/1006/1006
f 1006/1006/1006 1007/1007/1007 985/985/985
f 1007/1007/1007 1006/1006/1006 1008/1008/1008
f 985/985/985 1007/1007/1007 986/986/986
f 1006/1006/1006 1004/1004/1004 1009/1009/1009
f 1009/1009/1009 1008/1008/1008 1006/1006/1006
f 1010/1010/1010 1004/1004/1004 1002/1002/1002
f 1010/1010/1010 1009/1009/1009 1004/1004/1004
f 1011/1011/1011 986/986/986 1007/1007/1007
f 986/986/986 1011/1011/1011 987/987/987
f 1007/1007/1007 1012/1012/1012 1011/1011/1011
f 1008/1008/1008 1012/1012/1012 1007/1007/1007
f 987/987/987 1011/1011/1011 1013/1013/1013
f 1012/1012/1012 1013/1013/1013 1011/1011/1011
f 1013/1013/1013 988/988/988 987/987/987
f 1014/1014/1014 1010/1010/1010 1002/1002/1002
f 1002/1002/1002 1000/1000/1000 1014/1014/1014
f 1012/1012/1012 1008/1008/1008 1015/1015/1015
f 1012/1012/1012 1015/1015/1015 1013/1013/1013
f 1013/1013/1013 1016/1016/1016 988/988/988
f 988/988/988 1016/1016/1016 989/989/989
f 1017/1017/1017 1014/1014/1014 1000/1000/1000
f 1017/1017/1017 1000/1000/1000 999/999/999
f 1018/1018/1018 1013/1013/1013 1015/1015/1015
f 1013/1013/1013 1018/1018/1018 1016/1016/1016
f 1019/1019/1019 1017/1017/1017 999/999/999
f 999/999/999 998/998/998 1019/1019/1019
f 1020/1020/1020 1019/1019/1019 998/998/998
f 998/998/998 997/997/997 1020/1020/1020
f 1020/1020/1020 997/997/997 1021/1021/1021
f 996/996/996 1021/1021/1021 997/997/997
f 1021/1021/1021 996/996/996 1022/1022/1022
f 1001/1001/1001 1022/1022/1022 996/996/996
f 1022/1022/1022 1001/1001/1001 1023/1023/1023
f 1003/1003/1003 1023/1023/1023 1001/1001/1001
f 1003/1003/1003 1024/1024/1024 1023/1023/1023
f 1003/1003/1003 1005/1005/1005 1024/1024/1024
f 1019/1019/1019 1025/1025/1025 1017/1017/1017
f 1019/1019/1019 1020/1020/1020 1026/1026/1026
f 1026/1026/1026 1025/1025/1025 1019/1019/1019
f 1025/1025/1025 1027/1027/1027 1017/1017/1017
f 1014/1014/1014 1017/1017/1017 1027/1027/1027
f 1027/1027/1027 1028/1028/1028 1014/1014/1014
f 1028/1028/1028 1010/1010/1010 1014/1014/1014
f 1029/1029/1029 1027/1027/1027 1025/1025/1025
f 1028/1028/1028 1027/1027/1027 1029/1029/1029
f 1028/1028/1028 1030/1030/1030 1010/1010/1010
f 1010/1010/1010 1030/1030/1030 1009/1009/1009
f 1029/1029/1029 1031/1031/1031 1028/1028/1028
f 1030/1030/1030 1028/1028/1028 1031/1031/1031
f 1032/1032/1032 1009/1009/1009 1030/1030/1030
f 1008/1008/1008 1009/1009/1009 1032/1032/1032
f 1025/1025/1025 1026/1026/1026 1033/1033/1033
f 1033/1033/1033 1034/1034/1034 1025/1025/1025
f 1025/1025/1025 1034/1034/1034 1029/1029/1029
f 1035/1035/1035 1033/1033/1033 1026/1026/1026
f 1036/1036/1036 1029/1029/1029 1034/1034/1034
f 1026/1026/1026 1037/1037/1037 1035/1035/1035
f 1026/1026/1026 1020/1020/1020 1037/1037/1037
f 1038/1038/1038 1035/1035/1035 1037/1037/1037
f 1029/1029/1029 1036/1036/1036 1039/1039/1039
f 1039/1039/1039 1031/1031/1031 1029/1029/1029
f 1031/1031/1031 1039/1039/1039 1040/1040/1040
f 1041/1041/1041 1039/1039/1039 1036/1036/1036
f 1042/1042/1042 1039/1039/1039 1041/1041/1041
f 1042/1042/1042 1041/1041/1041 1043/1043/1043
f 1037/1037/1037 1020/1020/1020 1044/1044/1044
f 1021/1021/1021 1044/1044/1044 1020/1020/1020
f 1044/1044/1044 1021/1021/1021 1045/1045/1045
f 1021/1021/1021 1022/1022/1022 1045/1045/1045
f 1037/1037/1037 1044/1044/1044 1046/1046/1046
f 1045/1045/1045 1046/1046/1046 1044/1044/1044
f 1047/1047/1047 1045/1045/1045 1022/1022/1022
f 1023/1023/1023 1047/1047/1047 1022/1022/1022
f 1040/1040/1040 1048/1048/1048 1031/1031/1031
f 1031/1031/1031 1048/1048/1048 1030/1030/1030
f 1030/1030/1030 1048/1048/1048 1049/1049/1049
f 1030/1030/1030 1049/1049/1049 1032/1032/1032
f 1037/1037/1037 1046/1046/1046 1050/1050/1050
f 1037/1037/1037 1050/1050/1050 1038/1038/1038
f 1046/1046/1046 1045/1045/1045 1051/1051/1051
f 1051/1051/1051 1045/1045/1045 1047/1047/1047
f 1050/1050/1050 1046/1046/1046 1052/1052/1052
f 1051/1051/1051 1052/1052/1052 1046/1046/1046
f 1038/1038/1038 1050/1050/1050 1053/1053/1053
f 1052/1052/1052 1053/1053/1053 1050/1050/1050
f 1054/1054/1054 1038/1038/1038 1053/1053/1053
f 1055/1055/1055 1052/1052/1052 1051/1051/1051
f 1053/1053/1053 1052/1052/1052 1055/1055/1055
f 1054/1054/1054 1053/1053/1053 1056/1056/1056
f 1055/1055/1055 1056/1056/1056 1053/1053/1053
f 1056/1056/1056 1057/1057/1057 1054/1054/1054
f 1056/1056/1056 1058/1058/1058 1057/1057/1057
f 1058/1058/1058 1056/1056/1056 1055/1055/1055
f 1057/1057/1057 1058/1058/1058 1059/1059/1059
f 1060/1060/1060 1051/1051/1051 1047/1047/1047
f 1055/1055/1055 1051/1051/1051 1060/1060/1060
f 1059/1059/1059 1058/1058/1058 1061/1061/1061
f 1061/1061/1061 1062/1062/1062 1059/1059/1059
f 1063/1063/1063 1058/1058/1058 1055/1055/1055
f 1063/1063/1063 1055/1055/1055 1060/1060/1060
f 1061/1061/1061 1058/1058/1058 1063/1063/1063
f 1047/1047/1047 1064/1064/1064 1060/1060/1060
f 1064/1064/1064 1047/1047/1047 1023/1023/1023
f 1065/1065/1065 1062/1062/1062 1061/1061/1061
f 1062/1062/1062 1065/1065/1065 1066/1066/1066
f 1063/1063/1063 1067/1067/1067 1061/1061/1061
f 1061/1061/1061 1067/1067/1067 1065/1065/1065
f 1063/1063/1063 1060/1060/1060 1068/1068/1068
f 1068/1068/1068 1060/1060/1060 1064/1064/1064
f 1067/1067/1067 1063/1063/1063 1068/1068/1068
f 1023/1023/1023 1069/1069/1069 1064/1064/1064
f 1069/1069/1069 1023/1023/1023 1024/1024/1024
f 1066/1066/1066 1065/1065/1065 1070/1070/1070
f 1070/1070/1070 1071/1071/1071 1066/1066/1066
f 1065/1065/1065 1067/1067/1067 1072/1072/1072
f 1070/1070/1070 1065/1065/1065 1072/1072/1072
f 1067/1067/1067 1068/1068/1068 1073/1073/1073
f 1072/1072/1072 1067/1067/1067 1073/1073/1073
f 1074/1074/1074 1068/1068/1068 1064/1064/1064
f 1074/1074/1074 1064/1064/1064 1069/1069/1069
f 1073/1073/1073 1068/1068/1068 1074/1074/1074
f 1075/1075/1075 1071/1071/1071 1070/1070/1070
f 1075/1075/1075 1076/1076/1076 1071/1071/1071
f 1072/1072/1072 1077/1077/1077 1070/1070/1070
f 1070/1070/1070 1077/1077/1077 1075/1075/1075
f 1073/1073/1073 1078/1078/1078 1072/1072/1072
f 1077/1077/1077 1072/1072/1072 1078/1078/1078
f 1074/1074/1074 1079/1079/1079 1073/1073/1073
f 1073/1073/1073 1079/1079/1079 1078/1078/1078
f 1074/1074/1074 1069/1069/1069 1080/1080/1080
f 1079/1079/1079 1074/1074/1074 1080/1080/1080
f 1076/1076/1076 1075/1075/1075 1081/1081/1081
f 1081/1081/1081 1082/1082/1082 1076/1076/1076
f 1075/1075/1075 1077/1077/1077 1083/1083/1083
f 1081/1081/1081 1075/1075/1075 1083/1083/1083
f 1078/1078/1078 1084/1084/1084 1077/1077/1077
f 1083/1083/1083 1077/1077/1077 1084/1084/1084
f 1078/1078/1078 1079/1079/1079 1085/1085/1085
f 1084/1084/1084 1078/1078/1078 1085/1085/1085
f 1082/1082/1082 1081/1081/1081 1086/1086/1086
f 1086/1086/1086 1087/1087/1087 1082/1082/1082
f 1083/1083/1083 1088/1088/1088 1081/1081/1081
f 1088/1088/1088 1086/1086/1086 1081/1081/1081
f 1084/1084/1084 1089/1089/1089 1083/1083/1083
f 1088/1088/1088 1083/1083/1083 1089/1089/1089
f 1087/1087/1087 1086/1086/1086 1090/1090/1090
f 1090/1090/1090 1091/1091/1091 1087/1087/1087
f 1086/1086/1086 1088/1088/1088 1092/1092/1092
f 1090/1090/1090 1086/1086/1086 1092/1092/1092
f 1085/1085/1085 1079/1079/1079 1093/1093/1093
f 1079/1079/1079 1080/1080/1080 1093/1093/1093
f 1085/1085/1085 1094/1094/1094 1084/1084/1084
f 1084/1084/1084 1094/1094/1094 1089/1089/1089
f 1091/1091/1091 1090/1090/1090 1095/1095/1095
f 1095/1095/1095 1096/1096/1096 1091/1091/1091
f 1089/1089/1089 1097/1097/1097 1088/1088/1088
f 1092/1092/1092 1088/1088/1088 1097/1097/1097
f 1093/1093/1093 1098/1098/1098 1085/1085/1085
f 1094/1094/1094 1085/1085/1085 1098/1098/1098
f 1099/1099/1099 1098/1098/1098 1093/1093/1093
f 1093/1093/1093 1080/1080/1080 1100/1100/1100
f 1093/1093/1093 1100/1100/1100 1099/1099/1099
f 1096/1096/1096 1095/1095/1095 1101/1101/1101
f 1101/1101/1101 1102/1102/1102 1096/1096/1096
f 1103/1103/1103 1100/1100/1100 1080/1080/1080
f 1080/1080/1080 1069/1069/1069 1103/1103/1103
f 1069/1069/1069 1024/1024/1024 1103/1103/1103
f 1103/1103/1103 1024/1024/1024 1104/1104/1104
f 1005/1005/1005 1104/1104/1104 1024/1024/1024
f 1100/1100/1100 1103/1103/1103 1105/1105/1105
f 1103/1103/1103 1104/1104/1104 1105/1105/1105
f 1104/1104/1104 1005/1005/1005 1106/1106/1106
f 1106/1106/1106 1005/1005/1005 553/553/553
f 1107/1107/1107 1104/1104/1104 1106/1106/1106
f 1105/1105/1105 1104/1104/1104 1107/1107/1107
f 1106/1106/1106 553/553/553 1108/1108/1108
f 1107/1107/1107 1106/1106/1106 1108/1108/1108
f 1108/1108/1108 553/553/553 548/548/548
f 1100/1100/1100 1105/1105/1105 1109/1109/1109
f 1099/1099/1099 1100/1100/1100 1109/1109/1109
f 1105/1105/1105 1107/1107/1107 1110/1110/1110
f 1109/1109/1109 1105/1105/1105 1110/1110/1110
f 1111/1111/1111 1108/1108/1108 548/548/548
f 548/548/548 544/544/544 1111/1111/1111
f 1108/1108/1108 1112/1112/1112 1107/1107/1107
f 1110/1110/1110 1107/1107/1107 1112/1112/1112
f 1113/1113/1113 1112/1112/1112 1108/1108/1108
f 1108/1108/1108 1111/1111/1111 1113/1113/1113
f 1110/1110/1110 1112/1112/1112 1114/1114/1114
f 1114/1114/1114 1112/1112/1112 1113/1113/1113
f 1110/1110/1110 1115/1115/1115 1109/1109/1109
f 1115/1115/1115 1110/1110/1110 1114/1114/1114
f 1109/1109/1109 1116/1116/1116 1099/1099/1099
f 1116/1116/1116 1109/1109/1109 1115/1115/1115
f 1117/1117/1117 1111/1111/1111 544/544/544
f 1118/1118/1118 1113/1113/1113 1111/1111/1111
f 1111/1111/1111 1117/1117/1117 1118/1118/1118
f 544/544/544 1119/1119/1119 1117/1117/1117
f 541/541/541 1119/1119/1119 544/544/544
f 1119/1119/1119 541/541/541 1120/1120/1120
f 538/538/538 1120/1120/1120 541/541/541
f 1117/1117/1117 1119/1119/1119 1121/1121/1121
f 1120/1120/1120 1121/1121/1121 1119/1119/1119
f 1120/1120/1120 538/538/538 1122/1122/1122
f 538/538/538 522/522/522 1122/1122/1122
f 1120/1120/1120 1123/1123/1123 1121/1121/1121
f 1122/1122/1122 1123/1123/1123 1120/1120/1120
f 522/522/522 1124/1124/1124 1122/1122/1122
f 515/515/515 1124/1124/1124 522/522/522
f 1123/1123/1123 1122/1122/1122 1125/1125/1125
f 1122/1122/1122 1124/1124/1124 1125/1125/1125
f 515/515/515 1126/1126/1126 1124/1124/1124
f 467/467/467 1126/1126/1126 515/515/515
f 1124/1124/1124 1127/1127/1127 1125/1125/1125
f 1124/1124/1124 1126/1126/1126 1127/1127/1127
f 1128/1128/1128 1126/1126/1126 467/467/467
f 467/467/467 465/465/465 1128/1128/1128
f 1128/1128/1128 465/465/465 1129/1129/1129
f 1129/1129/1129 465/465/465 466/466/466
f 1130/1130/1130 1121/1121/1121 1123/1123/1123
f 1125/1125/1125 1131/1131/1131 1123/1123/1123
f 1130/1130/1130 1123/1123/1123 1131/1131/1131
f 1125/1125/1125 1127/1127/1127 1132/1132/1132
f 1132/1132/1132 1131/1131/1131 1125/1125/1125
f 1133/1133/1133 1121/1121/1121 1130/1130/1130
f 1121/1121/1121 1133/1133/1133 1117/1117/1117
f 1117/1117/1117 1133/1133/1133 1134/1134/1134
f 1134/1134/1134 1118/1118/1118 1117/1117/1117
f 1129/1129/1129 1135/1135/1135 1128/1128/1128
f 1128/1128/1128 1135/1135/1135 1136/1136/1136
f 1128/1128/1128 1136/1136/1136 1126/1126/1126
f 1127/1127/1127 1126/1126/1126 1137/1137/1137
f 1137/1137/1137 1126/1126/1126 1136/1136/1136
f 1136/1136/1136 1135/1135/1135 1138/1138/1138
f 1138/1138/1138 1135/1135/1135 1129/1129/1129
f 1137/1137/1137 1139/1139/1139 1127/1127/1127
f 1127/1127/1127 1139/1139/1139 1132/1132/1132
f 1136/1136/1136 1140/1140/1140 1137/1137/1137
f 1138/1138/1138 1140/1140/1140 1136/1136/1136
f 1137/1137/1137 1141/1141/1141 1139/1139/1139
f 1141/1141/1141 1137/1137/1137 1140/1140/1140
f 1142/1142/1142 1134/1134/1134 1133/1133/1133
f 1133/1133/1133 1143/1143/1143 1142/1142/1142
f 1142/1142/1142 1143/1143/1143 1144/1144/1144
f 1130/1130/1130 1143/1143/1143 1133/1133/1133
f 1130/1130/1130 1144/1144/1144 1143/1143/1143
f 1144/1144/1144 1130/1130/1130 1145/1145/1145
f 1130/1130/1130 1131/1131/1131 1145/1145/1145
f 1131/1131/1131 1132/1132/1132 1146/1146/1146
f 1146/1146/1146 1145/1145/1145 1131/1131/1131
f 1147/1147/1147 1132/1132/1132 1139/1139/1139
f 1141/1141/1141 1148/1148/1148 1139/1139/1139
f 1139/1139/1139 1148/1148/1148 1147/1147/1147
f 1149/1149/1149 1146/1146/1146 1132/1132/1132
f 1132/1132/1132 1147/1147/1147 1149/1149/1149
f 1140/1140/1140 1150/1150/1150 1141/1141/1141
f 1141/1141/1141 1151/1151/1151 1148/1148/1148
f 1151/1151/1151 1141/1141/1141 1150/1150/1150
f 1152/1152/1152 1150/1150/1150 1140/1140/1140
f 1140/1140/1140 1138/1138/1138 1152/1152/1152
f 1153/1153/1153 1145/1145/1145 1146/1146/1146
f 1149/1149/1149 1154/1154/1154 1146/1146/1146
f 1146/1146/1146 1154/1154/1154 1153/1153/1153
f 1153/1153/1153 1155/1155/1155 1145/1145/1145
f 1145/1145/1145 1155/1155/1155 1144/1144/1144
f 1154/1154/1154 1156/1156/1156 1153/1153/1153
f 1155/1155/1155 1153/1153/1153 1156/1156/1156
f 1157/1157/1157 1147/1147/1147 1148/1148/1148
f 1158/1158/1158 1149/1149/1149 1147/1147/1147
f 1147/1147/1147 1157/1157/1157 1158/1158/1158
f 1154/1154/1154 1149/1149/1149 1159/1159/1159
f 1156/1156/1156 1154/1154/1154 1160/1160/1160
f 1159/1159/1159 1160/1160/1160 1154/1154/1154
f 1161/1161/1161 1149/1149/1149 1158/1158/1158
f 1149/1149/1149 1161/1161/1161 1159/1159/1159
f 1156/1156/1156 1162/1162/1162 1155/1155/1155
f 1155/1155/1155 1163/1163/1163 1144/1144/1144
f 1155/1155/1155 1162/1162/1162 1163/1163/1163
f 1160/1160/1160 1164/1164/1164 1156/1156/1156
f 1162/1162/1162 1156/1156/1156 1164/1164/1164
f 1165/1165/1165 1157/1157/1157 1148/1148/1148
f 1166/1166/1166 1158/1158/1158 1157/1157/1157
f 1157/1157/1157 1165/1165/1165 1166/1166/1166
f 1161/1161/1161 1158/1158/1158 1167/1167/1167
f 1167/1167/1167 1158/1158/1158 1166/1166/1166
f 1148/1148/1148 1168/1168/1168 1165/1165/1165
f 1151/1151/1151 1168/1168/1168 1148/1148/1148
f 1144/1144/1144 1163/1163/1163 1169/1169/1169
f 1162/1162/1162 1170/1170/1170 1163/1163/1163
f 1169/1169/1169 1163/1163/1163 1170/1170/1170
f 1164/1164/1164 1171/1171/1171 1162/1162/1162
f 1170/1170/1170 1162/1162/1162 1171/1171/1171
f 1169/1169/1169 1172/1172/1172 1144/1144/1144
f 1172/1172/1172 1142/1142/1142 1144/1144/1144
f 1170/1170/1170 1173/1173/1173 1169/1169/1169
f 1171/1171/1171 1174/1174/1174 1170/1170/1170
f 1170/1170/1170 1174/1174/1174 1173/1173/1173
f 1173/1173/1173 1175/1175/1175 1169/1169/1169
f 1172/1172/1172 1169/1169/1169 1175/1175/1175
f 1173/1173/1173 1174/1174/1174 1176/1176/1176
f 1175/1175/1175 1173/1173/1173 1176/1176/1176
f 1171/1171/1171 1164/1164/1164 1177/1177/1177
f 1174/1174/1174 1171/1171/1171 1178/1178/1178
f 1177/1177/1177 1178/1178/1178 1171/1171/1171
f 1176/1176/1176 1174/1174/1174 1179/1179/1179
f 1178/1178/1178 1179/1179/1179 1174/1174/1174
f 1180/1180/1180 1177/1177/1177 1164/1164/1164
f 1164/1164/1164 1160/1160/1160 1180/1180/1180
f 1181/1181/1181 1180/1180/1180 1160/1160/1160
f 1160/1160/1160 1159/1159/1159 1181/1181/1181
f 1182/1182/1182 1181/1181/1181 1159/1159/1159
f 1159/1159/1159 1161/1161/1161 1182/1182/1182
f 1161/1161/1161 1183/1183/1183 1182/1182/1182
f 1183/1183/1183 1161/1161/1161 1167/1167/1167
f 1183/1183/1183 1167/1167/1167 1184/1184/1184
f 1166/1166/1166 1184/1184/1184 1167/1167/1167
f 1178/1178/1178 1177/1177/1177 1185/1185/1185
f 1177/1177/1177 1180/1180/1180 1186/1186/1186
f 1186/1186/1186 1185/1185/1185 1177/1177/1177
f 1180/1180/1180 1187/1187/1187 1186/1186/1186
f 1187/1187/1187 1180/1180/1180 1181/1181/1181
f 1186/1186/1186 1187/1187/1187 1188/1188/1188
f 1188/1188/1188 1185/1185/1185 1186/1186/1186
f 1185/1185/1185 1189/1189/1189 1178/1178/1178
f 1179/1179/1179 1178/1178/1178 1189/1189/1189
f 1187/1187/1187 1181/1181/1181 1190/1190/1190
f 1188/1188/1188 1187/1187/1187 1190/1190/1190
f 1191/1191/1191 1189/1189/1189 1185/1185/1185
f 1185/1185/1185 1188/1188/1188 1191/1191/1191
f 1189/1189/1189 1192/1192/1192 1179/1179/1179
f 1192/1192/1192 1189/1189/1189 1191/1191/1191
f 1193/1193/1193 1190/1190/1190 1181/1181/1181
f 1193/1193/1193 1181/1181/1181 1182/1182/1182
f 1190/1190/1190 1194/1194/1194 1188/1188/1188
f 1193/1193/1193 1194/1194/1194 1190/1190/1190
f 1195/1195/1195 1193/1193/1193 1182/1182/1182
f 1194/1194/1194 1193/1193/1193 1195/1195/1195
f 1182/1182/1182 1183/1183/1183 1195/1195/1195
f 1196/1196/1196 1179/1179/1179 1192/1192/1192
f 1179/1179/1179 1196/1196/1196 1176/1176/1176
f 1191/1191/1191 1188/1188/1188 1197/1197/1197
f 1197/1197/1197 1188/1188/1188 1194/1194/1194
f 1198/1198/1198 1192/1192/1192 1191/1191/1191
f 1192/1192/1192 1198/1198/1198 1196/1196/1196
f 1199/1199/1199 1176/1176/1176 1196/1196/1196
f 1176/1176/1176 1199/1199/1199 1175/1175/1175
f 1195/1195/1195 1183/1183/1183 1200/1200/1200
f 1200/1200/1200 1183/1183/1183 1184/1184/1184
f 1197/1197/1197 1201/1201/1201 1191/1191/1191
f 1198/1198/1198 1191/1191/1191 1201/1201/1201
f 1196/1196/1196 1202/1202/1202 1199/1199/1199
f 1202/1202/1202 1196/1196/1196 1198/1198/1198
f 1175/1175/1175 1199/1199/1199 1203/1203/1203
f 1175/1175/1175 1203/1203/1203 1172/1172/1172
f 1204/1204/1204 1199/1199/1199 1202/1202/1202
f 1203/1203/1203 1199/1199/1199 1204/1204/1204
f 1172/1172/1172 1203/1203/1203 1205/1205/1205
f 1205/1205/1205 1142/1142/1142 1172/1172/1172
f 1206/1206/1206 1203/1203/1203 1204/1204/1204
f 1203/1203/1203 1206/1206/1206 1205/1205/1205
f 1207/1207/1207 1142/1142/1142 1205/1205/1205
f 1207/1207/1207 1134/1134/1134 1142/1142/1142
f 1208/1208/1208 1205/1205/1205 1206/1206/1206
f 1207/1207/1207 1205/1205/1205 1208/1208/1208
f 1209/1209/1209 1134/1134/1134 1207/1207/1207
f 1118/1118/1118 1134/1134/1134 1209/1209/1209
f 1209/1209/1209 1210/1210/1210 1118/1118/1118
f 1113/1113/1113 1118/1118/1118 1210/1210/1210
f 1210/1210/1210 1211/1211/1211 1113/1113/1113
f 1113/1113/1113 1211/1211/1211 1114/1114/1114
f 1212/1212/1212 1114/1114/1114 1211/1211/1211
f 1114/1114/1114 1212/1212/1212 1115/1115/1115
f 1212/1212/1212 1213/1213/1213 1115/1115/1115
f 1115/1115/1115 1213/1213/1213 1116/1116/1116
f 1206/1206/1206 1214/1214/1214 1208/1208/1208
f 1208/1208/1208 1215/1215/1215 1207/1207/1207
f 1214/1214/1214 1215/1215/1215 1208/1208/1208
f 1209/1209/1209 1207/1207/1207 1216/1216/1216
f 1207/1207/1207 1215/1215/1215 1216/1216/1216
f 1210/1210/1210 1209/1209/1209 1217/1217/1217
f 1216/1216/1216 1217/1217/1217 1209/1209/1209
f 1211/1211/1211 1210/1210/1210 1218/1218/1218
f 1217/1217/1217 1218/1218/1218 1210/1210/1210
f 1211/1211/1211 1219/1219/1219 1212/1212/1212
f 1218/1218/1218 1219/1219/1219 1211/1211/1211
f 1206/1206/1206 1220/1220/1220 1214/1214/1214
f 1204/1204/1204 1220/1220/1220 1206/1206/1206
f 1221/1221/1221 1215/1215/1215 1214/1214/1214
f 1216/1216/1216 1215/1215/1215 1221/1221/1221
f 1214/1214/1214 1220/1220/1220 1222/1222/1222
f 1221/1221/1221 1214/1214/1214 1222/1222/1222
f 1223/1223/1223 1217/1217/1217 1216/1216/1216
f 1218/1218/1218 1217/1217/1217 1224/1224/1224
f 1224/1224/1224 1217/1217/1217 1223/1223/1223
f 1221/1221/1221 1225/1225/1225 1216/1216/1216
f 1216/1216/1216 1225/1225/1225 1223/1223/1223
f 1222/1222/1222 1226/1226/1226 1221/1221/1221
f 1225/1225/1225 1221/1221/1221 1226/1226/1226
f 1219/1219/1219 1218/1218/1218 1227/1227/1227
f 1224/1224/1224 1227/1227/1227 1218/1218/1218
f 1220/1220/1220 1228/1228/1228 1222/1222/1222
f 1226/1226/1226 1222/1222/1222 1228/1228/1228
f 1224/1224/1224 1223/1223/1223 1229/1229/1229
f 1225/1225/1225 1230/1230/1230 1223/1223/1223
f 1229/1229/1229 1223/1223/1223 1230/1230/1230
f 1226/1226/1226 1231/1231/1231 1225/1225/1225
f 1230/1230/1230 1225/1225/1225 1231/1231/1231
f 1227/1227/1227 1224/1224/1224 1232/1232/1232
f 1229/1229/1229 1232/1232/1232 1224/1224/1224
f 1228/1228/1228 1233/1233/1233 1226/1226/1226
f 1231/1231/1231 1226/1226/1226 1233/1233/1233
f 1227/1227/1227 1234/1234/1234 1219/1219/1219
f 1232/1232/1232 1235/1235/1235 1227/1227/1227
f 1234/1234/1234 1227/1227/1227 1235/1235/1235
f 1236/1236/1236 1232/1232/1232 1229/1229/1229
f 1235/1235/1235 1232/1232/1232 1236/1236/1236
f 1219/1219/1219 1234/1234/1234 1237/1237/1237
f 1237/1237/1237 1212/1212/1212 1219/1219/1219
f 1235/1235/1235 1238/1238/1238 1234/1234/1234
f 1234/1234/1234 1238/1238/1238 1237/1237/1237
f 1229/1229/1229 1239/1239/1239 1236/1236/1236
f 1240/1240/1240 1236/1236/1236 1239/1239/1239
f 1230/1230/1230 1239/1239/1239 1229/1229/1229
f 1236/1236/1236 1241/1241/1241 1235/1235/1235
f 1238/1238/1238 1235/1235/1235 1241/1241/1241
f 1236/1236/1236 1240/1240/1240 1241/1241/1241
f 1242/1242/1242 1239/1239/1239 1230/1230/1230
f 1240/1240/1240 1239/1239/1239 1242/1242/1242
f 1240/1240/1240 1242/1242/1242 1243/1243/1243
f 1230/1230/1230 1244/1244/1244 1242/1242/1242
f 1231/1231/1231 1244/1244/1244 1230/1230/1230
f 1212/1212/1212 1237/1237/1237 1245/1245/1245
f 1245/1245/1245 1213/1213/1213 1212/1212/1212
f 1246/1246/1246 1243/1243/1243 1242/1242/1242
f 1246/1246/1246 1242/1242/1242 1244/1244/1244
f 1231/1231/1231 1247/1247/1247 1244/1244/1244
f 1233/1233/1233 1247/1247/1247 1231/1231/1231
f 1213/1213/1213 1245/1245/1245 1248/1248/1248
f 1248/1248/1248 1116/1116/1116 1213/1213/1213
f 1244/1244/1244 1249/1249/1249 1246/1246/1246
f 1249/1249/1249 1244/1244/1244 1247/1247/1247
f 1247/1247/1247 1250/1250/1250 1249/1249/1249
f 1246/1246/1246 1249/1249/1249 1250/1250/1250
f 1251/1251/1251 1247/1247/1247 1233/1233/1233
f 1247/1247/1247 1251/1251/1251 1250/1250/1250
f 1248/1248/1248 1252/1252/1252 1116/1116/1116
f 1116/1116/1116 1252/1252/1252 1099/1099/1099
f 1233/1233/1233 1253/1253/1253 1251/1251/1251
f 1228/1228/1228 1253/1253/1253 1233/1233/1233
f 1254/1254/1254 1248/1248/1248 1245/1245/1245
f 1255/1255/1255 1252/1252/1252 1248/1248/1248
f 1248/1248/1248 1254/1254/1254 1255/1255/1255
f 1245/1245/1245 1256/1256/1256 1254/1254/1254
f 1256/1256/1256 1245/1245/1245 1237/1237/1237
f 1237/1237/1237 1257/1257/1257 1256/1256/1256
f 1238/1238/1238 1257/1257/1257 1237/1237/1237
f 1238/1238/1238 1258/1258/1258 1257/1257/1257
f 1241/1241/1241 1258/1258/1258 1238/1238/1238
f 1241/1241/1241 1259/1259/1259 1258/1258/1258
f 1241/1241/1241 1240/1240/1240 1259/1259/1259
f 1260/1260/1260 1254/1254/1254 1256/1256/1256
f 1261/1261/1261 1256/1256/1256 1257/1257/1257
f 1256/1256/1256 1261/1261/1261 1260/1260/1260
f 1258/1258/1258 1262/1262/1262 1257/1257/1257
f 1257/1257/1257 1262/1262/1262 1261/1261/1261
f 1263/1263/1263 1255/1255/1255 1254/1254/1254
f 1254/1254/1254 1260/1260/1260 1263/1263/1263
f 1258/1258/1258 1259/1259/1259 1264/1264/1264
f 1262/1262/1262 1258/1258/1258 1264/1264/1264
f 1259/1259/1259 1240/1240/1240 1265/1265/1265
f 1264/1264/1264 1259/1259/1259 1266/1266/1266
f 1259/1259/1259 1265/1265/1265 1266/1266/1266
f 1240/1240/1240 1267/1267/1267 1265/1265/1265
f 1243/1243/1243 1267/1267/1267 1240/1240/1240
f 1268/1268/1268 1260/1260/1260 1261/1261/1261
f 1269/1269/1269 1261/1261/1261 1262/1262/1262
f 1261/1261/1261 1269/1269/1269 1268/1268/1268
f 1264/1264/1264 1270/1270/1270 1262/1262/1262
f 1262/1262/1262 1270/1270/1270 1269/1269/1269
f 1271/1271/1271 1270/1270/1270 1264/1264/1264
f 1264/1264/1264 1266/1266/1266 1271/1271/1271
f 1272/1272/1272 1269/1269/1269 1270/1270/1270
f 1270/1270/1270 1271/1271/1271 1272/1272/1272
f 383/383/383 1271/1271/1271 1266/1266/1266
f 383/383/383 1272/1272/1272 1271/1271/1271
f 1266/1266/1266 389/389/389 383/383/383
f 389/389/389 1266/1266/1266 1265/1265/1265
f 1265/1265/1265 397/397/397 389/389/389
f 397/397/397 1265/1265/1265 1267/1267/1267
f 1272/1272/1272 383/383/383 376/376/376
f 1269/1269/1269 1272/1272/1272 1273/1273/1273
f 1273/1273/1273 1272/1272/1272 376/376/376
f 1273/1273/1273 1268/1268/1268 1269/1269/1269
f 1267/1267/1267 1274/1274/1274 397/397/397
f 397/397/397 1274/1274/1274 404/404/404
f 1274/1274/1274 1267/1267/1267 1243/1243/1243
f 376/376/376 1275/1275/1275 1273/1273/1273
f 374/374/374 1275/1275/1275 376/376/376
f 1268/1268/1268 1273/1273/1273 1276/1276/1276
f 1276/1276/1276 1273/1273/1273 1275/1275/1275
f 1274/1274/1274 1277/1277/1277 404/404/404
f 404/404/404 1277/1277/1277 414/414/414
f 374/374/374 1278/1278/1278 1275/1275/1275
f 1275/1275/1275 1278/1278/1278 1276/1276/1276
f 1276/1276/1276 1279/1279/1279 1268/1268/1268
f 1260/1260/1260 1268/1268/1268 1279/1279/1279
f 1279/1279/1279 1263/1263/1263 1260/1260/1260
f 1276/1276/1276 1280/1280/1280 1279/1279/1279
f 1280/1280/1280 1276/1276/1276 1278/1278/1278
f 1281/1281/1281 1278/1278/1278 374/374/374
f 1281/1281/1281 374/374/374 371/371/371
f 1263/1263/1263 1279/1279/1279 1282/1282/1282
f 1279/1279/1279 1280/1280/1280 1282/1282/1282
f 1278/1278/1278 1283/1283/1283 1280/1280/1280
f 1283/1283/1283 1278/1278/1278 1281/1281/1281
f 371/371/371 1284/1284/1284 1281/1281/1281
f 368/368/368 1284/1284/1284 371/371/371
f 1282/1282/1282 1285/1285/1285 1263/1263/1263
f 1255/1255/1255 1263/1263/1263 1285/1285/1285
f 1282/1282/1282 1280/1280/1280 1286/1286/1286
f 1286/1286/1286 1280/1280/1280 1283/1283/1283
f 1281/1281/1281 1287/1287/1287 1283/1283/1283
f 1287/1287/1287 1281/1281/1281 1284/1284/1284
f 1284/1284/1284 368/368/368 1288/1288/1288
f 1288/1288/1288 368/368/368 366/366/366
f 1285/1285/1285 1289/1289/1289 1255/1255/1255
f 1252/1252/1252 1255/1255/1255 1289/1289/1289
f 1285/1285/1285 1282/1282/1282 1290/1290/1290
f 1286/1286/1286 1290/1290/1290 1282/1282/1282
f 1291/1291/1291 1283/1283/1283 1287/1287/1287
f 1283/1283/1283 1291/1291/1291 1286/1286/1286
f 1287/1287/1287 1284/1284/1284 1292/1292/1292
f 1292/1292/1292 1284/1284/1284 1288/1288/1288
f 366/366/366 1293/1293/1293 1288/1288/1288
f 1293/1293/1293 366/366/366 360/360/360
f 1287/1287/1287 1294/1294/1294 1291/1291/1291
f 1292/1292/1292 1294/1294/1294 1287/1287/1287
f 1286/1286/1286 1291/1291/1291 1295/1295/1295
f 1295/1295/1295 1291/1291/1291 1294/1294/1294
f 1288/1288/1288 1296/1296/1296 1292/1292/1292
f 1293/1293/1293 1296/1296/1296 1288/1288/1288
f 1294/1294/1294 1292/1292/1292 1297/1297/1297
f 1296/1296/1296 1297/1297/1297 1292/1292/1292
f 1286/1286/1286 1298/1298/1298 1290/1290/1290
f 1295/1295/1295 1298/1298/1298 1286/1286/1286
f 1294/1294/1294 1299/1299/1299 1295/1295/1295
f 1299/1299/1299 1294/1294/1294 1297/1297/1297
f 1298/1298/1298 1295/1295/1295 1300/1300/1300
f 1299/1299/1299 1300/1300/1300 1295/1295/1295
f 360/360/360 1301/1301/1301 1293/1293/1293
f 1296/1296/1296 1293/1293/1293 1302/1302/1302
f 1302/1302/1302 1293/1293/1293 1301/1301/1301
f 1303/1303/1303 1301/1301/1301 360/360/360
f 361/361/361 1303/1303/1303 360/360/360
f 1301/1301/1301 1304/1304/1304 1302/1302/1302
f 1303/1303/1303 1304/1304/1304 1301/1301/1301
f 1305/1305/1305 1303/1303/1303 361/361/361
f 361/361/361 1306/1306/1306 1305/1305/1305
f 1305/1305/1305 1306/1306/1306 1307/1307/1307
f 1307/1307/1307 1306/1306/1306 1308/1308/1308
f 1307/1307/1307 1308/1308/1308 1309/1309/1309
f 1310/1310/1310 1307/1307/1307 1309/1309/1309
f 1310/1310/1310 1309/1309/1309 1311/1311/1311
f 1305/1305/1305 1307/1307/1307 1312/1312/1312
f 1312/1312/1312 1307/1307/1307 1310/1310/1310
f 1313/1313/1313 1303/1303/1303 1305/1305/1305
f 1312/1312/1312 1313/1313/1313 1305/1305/1305
f 1303/1303/1303 1314/1314/1314 1304/1304/1304
f 1313/1313/1313 1314/1314/1314 1303/1303/1303
f 1311/1311/1311 1315/1315/1315 1310/1310/1310
f 1310/1310/1310 1316/1316/1316 1312/1312/1312
f 1316/1316/1316 1310/1310/1310 1315/1315/1315
f 1312/1312/1312 1317/1317/1317 1313/1313/1313
f 1317/1317/1317 1312/1312/1312 1316/1316/1316
f 1314/1314/1314 1313/1313/1313 1318/1318/1318
f 1317/1317/1317 1318/1318/1318 1313/1313/1313
f 1304/1304/1304 1314/1314/1314 1319/1319/1319
f 1318/1318/1318 1319/1319/1319 1314/1314/1314
f 1320/1320/1320 1315/1315/1315 1311/1311/1311
f 1320/1320/1320 1311/1311/1311 1321/1321/1321
f 1322/1322/1322 1320/1320/1320 1321/1321/1321
f 1322/1322/1322 1321/1321/1321 1323/1323/1323
f 1323/1323/1323 1324/1324/1324 1322/1322/1322
f 1323/1323/1323 1325/1325/1325 1324/1324/1324
f 1326/1326/1326 1324/1324/1324 1325/1325/1325
f 1326/1326/1326 1325/1325/1325 1327/1327/1327
f 1327/1327/1327 1328/1328/1328 1326/1326/1326
f 1327/1327/1327 1329/1329/1329 1328/1328/1328
f 1328/1328/1328 1329/1329/1329 1330/1330/1330
f 1330/1330/1330 1329/1329/1329 1331/1331/1331
f 1331/1331/1331 1332/1332/1332 1330/1330/1330
f 1331/1331/1331 1333/1333/1333 1332/1332/1332
f 1332/1332/1332 1333/1333/1333 1334/1334/1334
f 1333/1333/1333 1335/1335/1335 1334/1334/1334
f 1334/1334/1334 1335/1335/1335 1336/1336/1336
f 1336/1336/1336 1335/1335/1335 1337/1337/1337
f 1337/1337/1337 1338/1338/1338 1336/1336/1336
f 1338/1338/1338 1337/1337/1337 1339/1339/1339
f 1339/1339/1339 1340/1340/1340 1338/1338/1338
f 1340/1340/1340 1339/1339/1339 1341/1341/1341
f 1341/1341/1341 1342/1342/1342 1340/1340/1340
f 1342/1342/1342 1343/1343/1343 1340/1340/1340
f 1342/1342/1342 1344/1344/1344 1343/1343/1343
f 1340/1340/1340 1345/1345/1345 1338/1338/1338
f 1340/1340/1340 1343/1343/1343 1345/1345/1345
f 1346/1346/1346 1336/1336/1336 1338/1338/1338
f 1338/1338/1338 1345/1345/1345 1346/1346/1346
f 1347/1347/1347 1334/1334/1334 1336/1336/1336
f 1336/1336/1336 1346/1346/1346 1347/1347/1347
f 1348/1348/1348 1332/1332/1332 1334/1334/1334
f 1334/1334/1334 1347/1347/1347 1348/1348/1348
f 1349/1349/1349 1343/1343/1343 1344/1344/1344
f 1344/1344/1344 1350/1350/1350 1349/1349/1349
f 1351/1351/1351 1345/1345/1345 1343/1343/1343
f 1343/1343/1343 1349/1349/1349 1351/1351/1351
f 1352/1352/1352 1346/1346/1346 1345/1345/1345
f 1345/1345/1345 1351/1351/1351 1352/1352/1352
f 1346/1346/1346 1353/1353/1353 1347/1347/1347
f 1353/1353/1353 1346/1346/1346 1352/1352/1352
f 1349/1349/1349 1350/1350/1350 1354/1354/1354
f 1350/1350/1350 1355/1355/1355 1354/1354/1354
f 1351/1351/1351 1349/1349/1349 1356/1356/1356
f 1349/1349/1349 1354/1354/1354 1356/1356/1356
f 1352/1352/1352 1351/1351/1351 1357/1357/1357
f 1351/1351/1351 1356/1356/1356 1357/1357/1357
f 1358/1358/1358 1354/1354/1354 1355/1355/1355
f 1355/1355/1355 1359/1359/1359 1358/1358/1358
f 1360/1360/1360 1356/1356/1356 1354/1354/1354
f 1354/1354/1354 1358/1358/1358 1360/1360/1360
f 1358/1358/1358 1359/1359/1359 1361/1361/1361
f 1359/1359/1359 1362/1362/1362 1361/1361/1361
f 1361/1361/1361 1362/1362/1362 1363/1363/1363
f 1364/1364/1364 1353/1353/1353 1352/1352/1352
f 1352/1352/1352 1357/1357/1357 1364/1364/1364
f 1365/1365/1365 1357/1357/1357 1356/1356/1356
f 1356/1356/1356 1360/1360/1360 1365/1365/1365
f 1360/1360/1360 1358/1358/1358 1366/1366/1366
f 1358/1358/1358 1361/1361/1361 1366/1366/1366
f 1363/1363/1363 1367/1367/1367 1361/1361/1361
f 1367/1367/1367 1363/1363/1363 1368/1368/1368
f 1361/1361/1361 1367/1367/1367 1369/1369/1369
f 1369/1369/1369 1366/1366/1366 1361/1361/1361
f 1368/1368/1368 1370/1370/1370 1367/1367/1367
f 1369/1369/1369 1367/1367/1367 1370/1370/1370
f 1370/1370/1370 1368/1368/1368 1371/1371/1371
f 1360/1360/1360 1366/1366/1366 1372/1372/1372
f 1365/1365/1365 1360/1360/1360 1372/1372/1372
f 1373/1373/1373 1357/1357/1357 1365/1365/1365
f 1364/1364/1364 1357/1357/1357 1373/1373/1373
f 1366/1366/1366 1369/1369/1369 1374/1374/1374
f 1374/1374/1374 1372/1372/1372 1366/1366/1366
f 1371/1371/1371 1375/1375/1375 1370/1370/1370
f 1375/1375/1375 1371/1371/1371 1376/1376/1376
f 1370/1370/1370 1377/1377/1377 1369/1369/1369
f 1374/1374/1374 1369/1369/1369 1377/1377/1377
f 1377/1377/1377 1370/1370/1370 1375/1375/1375
f 1365/1365/1365 1372/1372/1372 1378/1378/1378
f 1378/1378/1378 1373/1373/1373 1365/1365/1365
f 1376/1376/1376 1379/1379/1379 1375/1375/1375
f 1379/1379/1379 1376/1376/1376 1380/1380/1380
f 1372/1372/1372 1374/1374/1374 1381/1381/1381
f 1381/1381/1381 1378/1378/1378 1372/1372/1372
f 1375/1375/1375 1382/1382/1382 1377/1377/1377
f 1382/1382/1382 1375/1375/1375 1379/1379/1379
f 1377/1377/1377 1383/1383/1383 1374/1374/1374
f 1381/1381/1381 1374/1374/1374 1383/1383/1383
f 1383/1383/1383 1377/1377/1377 1382/1382/1382
f 1380/1380/1380 1384/1384/1384 1379/1379/1379
f 1380/1380/1380 1385/1385/1385 1384/1384/1384
f 1379/1379/1379 1386/1386/1386 1382/1382/1382
f 1386/1386/1386 1379/1379/1379 1384/1384/1384
f 1382/1382/1382 1387/1387/1387 1383/1383/1383
f 1387/1387/1387 1382/1382/1382 1386/1386/1386
f 1383/1383/1383 1388/1388/1388 1381/1381/1381
f 1388/1388/1388 1383/1383/1383 1387/1387/1387
f 1378/1378/1378 1381/1381/1381 1389/1389/1389
f 1381/1381/1381 1388/1388/1388 1390/1390/1390
f 1389/1389/1389 1381/1381/1381 1390/1390/1390
f 1389/1389/1389 1391/1391/1391 1378/1378/1378
f 1373/1373/1373 1378/1378/1378 1391/1391/1391
f 1387/1387/1387 1392/1392/1392 1388/1388/1388
f 1386/1386/1386 1393/1393/1393 1387/1387/1387
f 1392/1392/1392 1387/1387/1387 1393/1393/1393
f 1390/1390/1390 1388/1388/1388 1394/1394/1394
f 1392/1392/1392 1394/1394/1394 1388/1388/1388
f 1389/1389/1389 1390/1390/1390 1395/1395/1395
f 1396/1396/1396 1391/1391/1391 1389/1389/1389
f 1395/1395/1395 1396/1396/1396 1389/1389/1389
f 1373/1373/1373 1391/1391/1391 1397/1397/1397
f 1397/1397/1397 1391/1391/1391 1396/1396/1396
f 1390/1390/1390 1394/1394/1394 1398/1398/1398
f 1398/1398/1398 1395/1395/1395 1390/1390/1390
f 1397/1397/1397 1399/1399/1399 1373/1373/1373
f 1399/1399/1399 1364/1364/1364 1373/1373/1373
f 1400/1400/1400 1364/1364/1364 1399/1399/1399
f 1353/1353/1353 1364/1364/1364 1400/1400/1400
f 1400/1400/1400 1401/1401/1401 1353/1353/1353
f 1401/1401/1401 1347/1347/1347 1353/1353/1353
f 1347/1347/1347 1401/1401/1401 1348/1348/1348
f 1397/1397/1397 1396/1396/1396 1402/1402/1402
f 1396/1396/1396 1395/1395/1395 1403/1403/1403
f 1402/1402/1402 1396/1396/1396 1403/1403/1403
f 1399/1399/1399 1397/1397/1397 1404/1404/1404
f 1402/1402/1402 1404/1404/1404 1397/1397/1397
f 1400/1400/1400 1399/1399/1399 1405/1405/1405
f 1405/1405/1405 1399/1399/1399 1404/1404/1404
f 1401/1401/1401 1400/1400/1400 1406/1406/1406
f 1405/1405/1405 1406/1406/1406 1400/1400/1400
f 1348/1348/1348 1401/1401/1401 1407/1407/1407
f 1406/1406/1406 1407/1407/1407 1401/1401/1401
f 1403/1403/1403 1395/1395/1395 1408/1408/1408
f 1395/1395/1395 1398/1398/1398 1408/1408/1408
f 1407/1407/1407 1409/1409/1409 1348/1348/1348
f 1332/1332/1332 1348/1348/1348 1409/1409/1409
f 1409/1409/1409 1330/1330/1330 1332/1332/1332
f 1330/1330/1330 1409/1409/1409 1410/1410/1410
f 1410/1410/1410 1328/1328/1328 1330/1330/1330
f 1411/1411/1411 1409/1409/1409 1407/1407/1407
f 1410/1410/1410 1409/1409/1409 1411/1411/1411
f 1407/1407/1407 1406/1406/1406 1412/1412/1412
f 1412/1412/1412 1411/1411/1411 1407/1407/1407
f 1328/1328/1328 1410/1410/1410 1413/1413/1413
f 1413/1413/1413 1326/1326/1326 1328/1328/1328
f 1410/1410/1410 1411/1411/1411 1414/1414/1414
f 1414/1414/1414 1413/1413/1413 1410/1410/1410
f 1326/1326/1326 1413/1413/1413 1415/1415/1415
f 1415/1415/1415 1324/1324/1324 1326/1326/1326
f 1412/1412/1412 1406/1406/1406 1416/1416/1416
f 1416/1416/1416 1406/1406/1406 1405/1405/1405
f 1411/1411/1411 1412/1412/1412 1417/1417/1417
f 1417/1417/1417 1414/1414/1414 1411/1411/1411
f 1418/1418/1418 1413/1413/1413 1414/1414/1414
f 1415/1415/1415 1413/1413/1413 1418/1418/1418
f 1324/1324/1324 1415/1415/1415 1419/1419/1419
f 1322/1322/1322 1324/1324/1324 1419/1419/1419
f 1420/1420/1420 1416/1416/1416 1405/1405/1405
f 1405/1405/1405 1404/1404/1404 1420/1420/1420
f 1412/1412/1412 1416/1416/1416 1421/1421/1421
f 1421/1421/1421 1417/1417/1417 1412/1412/1412
f 1416/1416/1416 1422/1422/1422 1421/1421/1421
f 1421/1421/1421 1422/1422/1422 1417/1417/1417
f 1416/1416/1416 1420/1420/1420 1422/1422/1422
f 1414/1414/1414 1417/1417/1417 1423/1423/1423
f 1423/1423/1423 1418/1418/1418 1414/1414/1414
f 1423/1423/1423 1417/1417/1417 1422/1422/1422
f 1415/1415/1415 1418/1418/1418 1424/1424/1424
f 1424/1424/1424 1419/1419/1419 1415/1415/1415
f 1322/1322/1322 1419/1419/1419 1425/1425/1425
f 1425/1425/1425 1320/1320/1320 1322/1322/1322
f 1418/1418/1418 1423/1423/1423 1426/1426/1426
f 1426/1426/1426 1424/1424/1424 1418/1418/1418
f 1423/1423/1423 1422/1422/1422 1427/1427/1427
f 1427/1427/1427 1426/1426/1426 1423/1423/1423
f 1424/1424/1424 1428/1428/1428 1419/1419/1419
f 1425/1425/1425 1419/1419/1419 1428/1428/1428
f 1424/1424/1424 1426/1426/1426 1429/1429/1429
f 1429/1429/1429 1428/1428/1428 1424/1424/1424
f 1430/1430/1430 1422/1422/1422 1420/1420/1420
f 1430/1430/1430 1427/1427/1427 1422/1422/1422
f 1427/1427/1427 1431/1431/1431 1426/1426/1426
f 1429/1429/1429 1426/1426/1426 1431/1431/1431
f 1427/1427/1427 1430/1430/1430 1432/1432/1432
f 1432/1432/1432 1431/1431/1431 1427/1427/1427
f 1425/1425/1425 1433/1433/1433 1320/1320/1320
f 1425/1425/1425 1428/1428/1428 1434/1434/1434
f 1434/1434/1434 1433/1433/1433 1425/1425/1425
f 1428/1428/1428 1429/1429/1429 1435/1435/1435
f 1434/1434/1434 1428/1428/1428 1435/1435/1435
f 1429/1429/1429 1431/1431/1431 1436/1436/1436
f 1436/1436/1436 1435/1435/1435 1429/1429/1429
f 1320/1320/1320 1433/1433/1433 1437/1437/1437
f 1320/1320/1320 1437/1437/1437 1315/1315/1315
f 1434/1434/1434 1435/1435/1435 1438/1438/1438
f 1434/1434/1434 1439/1439/1439 1433/1433/1433
f 1438/1438/1438 1439/1439/1439 1434/1434/1434
f 1437/1437/1437 1433/1433/1433 1440/1440/1440
f 1439/1439/1439 1440/1440/1440 1433/1433/1433
f 1315/1315/1315 1437/1437/1437 1441/1441/1441
f 1440/1440/1440 1441/1441/1441 1437/1437/1437
f 1435/1435/1435 1436/1436/1436 1442/1442/1442
f 1438/1438/1438 1435/1435/1435 1442/1442/1442
f 1441/1441/1441 1443/1443/1443 1315/1315/1315
f 1315/1315/1315 1443/1443/1443 1316/1316/1316
f 1444/1444/1444 1316/1316/1316 1443/1443/1443
f 1317/1317/1317 1316/1316/1316 1444/1444/1444
f 1441/1441/1441 1445/1445/1445 1443/1443/1443
f 1443/1443/1443 1445/1445/1445 1444/1444/1444
f 1446/1446/1446 1317/1317/1317 1444/1444/1444
f 1318/1318/1318 1317/1317/1317 1446/1446/1446
f 1441/1441/1441 1447/1447/1447 1445/1445/1445
f 1444/1444/1444 1445/1445/1445 1448/1448/1448
f 1448/1448/1448 1445/1445/1445 1447/1447/1447
f 1444/1444/1444 1449/1449/1449 1446/1446/1446
f 1448/1448/1448 1449/1449/1449 1444/1444/1444
f 1441/1441/1441 1450/1450/1450 1447/1447/1447
f 1440/1440/1440 1450/1450/1450 1441/1441/1441
f 1446/1446/1446 1451/1451/1451 1318/1318/1318
f 1452/1452/1452 1446/1446/1446 1449/1449/1449
f 1452/1452/1452 1451/1451/1451 1446/1446/1446
f 1453/1453/1453 1449/1449/1449 1448/1448/1448
f 1453/1453/1453 1452/1452/1452 1449/1449/1449
f 1447/1447/1447 1454/1454/1454 1448/1448/1448
f 1448/1448/1448 1454/1454/1454 1453/1453/1453
f 1318/1318/1318 1451/1451/1451 1455/1455/1455
f 1455/1455/1455 1319/1319/1319 1318/1318/1318
f 1456/1456/1456 1451/1451/1451 1452/1452/1452
f 1455/1455/1455 1451/1451/1451 1456/1456/1456
f 1457/1457/1457 1454/1454/1454 1447/1447/1447
f 1447/1447/1447 1450/1450/1450 1457/1457/1457
f 1458/1458/1458 1453/1453/1453 1454/1454/1454
f 1458/1458/1458 1454/1454/1454 1457/1457/1457
f 1459/1459/1459 1452/1452/1452 1453/1453/1453
f 1456/1456/1456 1452/1452/1452 1459/1459/1459
f 1453/1453/1453 1458/1458/1458 1459/1459/1459
f 1460/1460/1460 1319/1319/1319 1455/1455/1455
f 1319/1319/1319 1460/1460/1460 1304/1304/1304
f 1456/1456/1456 1461/1461/1461 1455/1455/1455
f 1455/1455/1455 1461/1461/1461 1460/1460/1460
f 1459/1459/1459 1462/1462/1462 1456/1456/1456
f 1461/1461/1461 1456/1456/1456 1462/1462/1462
f 1463/1463/1463 1459/1459/1459 1458/1458/1458
f 1463/1463/1463 1462/1462/1462 1459/1459/1459
f 1464/1464/1464 1458/1458/1458 1457/1457/1457
f 1464/1464/1464 1463/1463/1463 1458/1458/1458
f 1465/1465/1465 1457/1457/1457 1450/1450/1450
f 1457/1457/1457 1465/1465/1465 1464/1464/1464
f 1304/1304/1304 1460/1460/1460 1466/1466/1466
f 1466/1466/1466 1302/1302/1302 1304/1304/1304
f 1460/1460/1460 1461/1461/1461 1467/1467/1467
f 1462/1462/1462 1467/1467/1467 1461/1461/1461
f 1467/1467/1467 1466/1466/1466 1460/1460/1460
f 1468/1468/1468 1462/1462/1462 1463/1463/1463
f 1467/1467/1467 1462/1462/1462 1468/1468/1468
f 1469/1469/1469 1463/1463/1463 1464/1464/1464
f 1468/1468/1468 1463/1463/1463 1469/1469/1469
f 1470/1470/1470 1466/1466/1466 1467/1467/1467
f 1468/1468/1468 1470/1470/1470 1467/1467/1467
f 1302/1302/1302 1466/1466/1466 1471/1471/1471
f 1471/1471/1471 1466/1466/1466 1470/1470/1470
f 1470/1470/1470 1468/1468/1468 1472/1472/1472
f 1469/1469/1469 1472/1472/1472 1468/1468/1468
f 1469/1469/1469 1464/1464/1464 1473/1473/1473
f 1473/1473/1473 1464/1464/1464 1465/1465/1465
f 1471/1471/1471 1474/1474/1474 1302/1302/1302
f 1302/1302/1302 1474/1474/1474 1296/1296/1296
f 1471/1471/1471 1470/1470/1470 1475/1475/1475
f 1472/1472/1472 1475/1475/1475 1470/1470/1470
f 1472/1472/1472 1469/1469/1469 1476/1476/1476
f 1476/1476/1476 1469/1469/1469 1473/1473/1473
f 1474/1474/1474 1477/1477/1477 1296/1296/1296
f 1296/1296/1296 1477/1477/1477 1297/1297/1297
f 1478/1478/1478 1474/1474/1474 1471/1471/1471
f 1475/1475/1475 1478/1478/1478 1471/1471/1471
f 1475/1475/1475 1472/1472/1472 1479/1479/1479
f 1476/1476/1476 1479/1479/1479 1472/1472/1472
f 1477/1477/1477 1474/1474/1474 1480/1480/1480
f 1478/1478/1478 1480/1480/1480 1474/1474/1474
f 1477/1477/1477 1481/1481/1481 1297/1297/1297
f 1480/1480/1480 1481/1481/1481 1477/1477/1477
f 1482/1482/1482 1478/1478/1478 1475/1475/1475
f 1479/1479/1479 1482/1482/1482 1475/1475/1475
f 1480/1480/1480 1478/1478/1478 1483/1483/1483
f 1483/1483/1483 1478/1478/1478 1482/1482/1482
f 1297/1297/1297 1481/1481/1481 1484/1484/1484
f 1297/1297/1297 1484/1484/1484 1299/1299/1299
f 1485/1485/1485 1299/1299/1299 1484/1484/1484
f 1484/1484/1484 1481/1481/1481 1485/1485/1485
f 1485/1485/1485 1300/1300/1300 1299/1299/1299
f 1486/1486/1486 1481/1481/1481 1480/1480/1480
f 1485/1485/1485 1481/1481/1481 1486/1486/1486
f 1483/1483/1483 1486/1486/1486 1480/1480/1480
f 1487/1487/1487 1300/1300/1300 1485/1485/1485
f 1485/1485/1485 1486/1486/1486 1487/1487/1487
f 1486/1486/1486 1483/1483/1483 1488/1488/1488
f 1488/1488/1488 1487/1487/1487 1486/1486/1486
f 1483/1483/1483 1482/1482/1482 1489/1489/1489
f 1489/1489/1489 1488/1488/1488 1483/1483/1483
f 1482/1482/1482 1479/1479/1479 1490/1490/1490
f 1490/1490/1490 1489/1489/1489 1482/1482/1482
f 1491/1491/1491 1300/1300/1300 1487/1487/1487
f 1300/1300/1300 1491/1491/1491 1298/1298/1298
f 1492/1492/1492 1487/1487/1487 1488/1488/1488
f 1487/1487/1487 1492/1492/1492 1491/1491/1491
f 1493/1493/1493 1488/1488/1488 1489/1489/1489
f 1488/1488/1488 1493/1493/1493 1492/1492/1492
f 1494/1494/1494 1298/1298/1298 1491/1491/1491
f 1290/1290/1290 1298/1298/1298 1494/1494/1494
f 1495/1495/1495 1490/1490/1490 1479/1479/1479
f 1479/1479/1479 1476/1476/1476 1495/1495/1495
f 1496/1496/1496 1489/1489/1489 1490/1490/1490
f 1489/1489/1489 1496/1496/1496 1493/1493/1493
f 1491/1491/1491 1492/1492/1492 1497/1497/1497
f 1491/1491/1491 1497/1497/1497 1494/1494/1494
f 1290/1290/1290 1494/1494/1494 1498/1498/1498
f 1290/1290/1290 1498/1498/1498 1285/1285/1285
f 1289/1289/1289 1285/1285/1285 1498/1498/1498
f 1498/1498/1498 1494/1494/1494 1499/1499/1499
f 1499/1499/1499 1494/1494/1494 1497/1497/1497
f 1498/1498/1498 1500/1500/1500 1289/1289/1289
f 1500/1500/1500 1498/1498/1498 1499/1499/1499
f 1495/1495/1495 1476/1476/1476 1501/1501/1501
f 1473/1473/1473 1501/1501/1501 1476/1476/1476
f 1289/1289/1289 1500/1500/1500 1502/1502/1502
f 1289/1289/1289 1502/1502/1502 1252/1252/1252
f 1099/1099/1099 1252/1252/1252 1502/1502/1502
f 1502/1502/1502 1503/1503/1503 1099/1099/1099
f 1098/1098/1098 1099/1099/1099 1503/1503/1503
f 1502/1502/1502 1500/1500/1500 1504/1504/1504
f 1502/1502/1502 1504/1504/1504 1503/1503/1503
f 1499/1499/1499 1505/1505/1505 1500/1500/1500
f 1504/1504/1504 1500/1500/1500 1505/1505/1505
f 1497/1497/1497 1506/1506/1506 1499/1499/1499
f 1505/1505/1505 1499/1499/1499 1506/1506/1506
f 1098/1098/1098 1503/1503/1503 1507/1507/1507
f 1507/1507/1507 1503/1503/1503 1504/1504/1504
f 1505/1505/1505 1508/1508/1508 1504/1504/1504
f 1507/1507/1507 1504/1504/1504 1508/1508/1508
f 1507/1507/1507 1509/1509/1509 1098/1098/1098
f 1098/1098/1098 1509/1509/1509 1094/1094/1094
f 1509/1509/1509 1507/1507/1507 1510/1510/1510
f 1508/1508/1508 1510/1510/1510 1507/1507/1507
f 1508/1508/1508 1505/1505/1505 1511/1511/1511
f 1506/1506/1506 1511/1511/1511 1505/1505/1505
f 1506/1506/1506 1497/1497/1497 1512/1512/1512
f 1497/1497/1497 1492/1492/1492 1512/1512/1512
f 1094/1094/1094 1509/1509/1509 1513/1513/1513
f 1510/1510/1510 1513/1513/1513 1509/1509/1509
f 1508/1508/1508 1514/1514/1514 1510/1510/1510
f 1511/1511/1511 1514/1514/1514 1508/1508/1508
f 1511/1511/1511 1506/1506/1506 1515/1515/1515
f 1512/1512/1512 1515/1515/1515 1506/1506/1506
f 1516/1516/1516 1512/1512/1512 1492/1492/1492
f 1492/1492/1492 1493/1493/1493 1516/1516/1516
f 1517/1517/1517 1094/1094/1094 1513/1513/1513
f 1089/1089/1089 1094/1094/1094 1517/1517/1517
f 1513/1513/1513 1510/1510/1510 1518/1518/1518
f 1510/1510/1510 1514/1514/1514 1518/1518/1518
f 1511/1511/1511 1519/1519/1519 1514/1514/1514
f 1515/1515/1515 1519/1519/1519 1511/1511/1511
f 1512/1512/1512 1520/1520/1520 1515/1515/1515
f 1516/1516/1516 1520/1520/1520 1512/1512/1512
f 1521/1521/1521 1516/1516/1516 1493/1493/1493
f 1493/1493/1493 1496/1496/1496 1521/1521/1521
f 1089/1089/1089 1517/1517/1517 1522/1522/1522
f 1522/1522/1522 1097/1097/1097 1089/1089/1089
f 1514/1514/1514 1523/1523/1523 1518/1518/1518
f 1514/1514/1514 1519/1519/1519 1523/1523/1523
f 1519/1519/1519 1515/1515/1515 1524/1524/1524
f 1520/1520/1520 1524/1524/1524 1515/1515/1515
f 1525/1525/1525 1520/1520/1520 1516/1516/1516
f 1525/1525/1525 1516/1516/1516 1521/1521/1521
f 1521/1521/1521 1496/1496/1496 1526/1526/1526
f 1496/1496/1496 1490/1490/1490 1526/1526/1526
f 1523/1523/1523 1519/1519/1519 1527/1527/1527
f 1524/1524/1524 1527/1527/1527 1519/1519/1519
f 1524/1524/1524 1520/1520/1520 1528/1528/1528
f 1528/1528/1528 1520/1520/1520 1525/1525/1525
f 1526/1526/1526 1490/1490/1490 1529/1529/1529
f 1526/1526/1526 1529/1529/1529 1530/1530/1530
f 1529/1529/1529 1490/1490/1490 1495/1495/1495
f 1526/1526/1526 1531/1531/1531 1521/1521/1521
f 1530/1530/1530 1531/1531/1531 1526/1526/1526
f 1521/1521/1521 1532/1532/1532 1525/1525/1525
f 1532/1532/1532 1521/1521/1521 1531/1531/1531
f 1529/1529/1529 1495/1495/1495 1533/1533/1533
f 1501/1501/1501 1533/1533/1533 1495/1495/1495
f 1534/1534/1534 1527/1527/1527 1524/1524/1524
f 1528/1528/1528 1534/1534/1534 1524/1524/1524
f 1525/1525/1525 1535/1535/1535 1528/1528/1528
f 1535/1535/1535 1525/1525/1525 1532/1532/1532
f 1532/1532/1532 1531/1531/1531 1536/1536/1536
f 1536/1536/1536 1531/1531/1531 1530/1530/1530
f 1533/1533/1533 1537/1537/1537 1529/1529/1529
f 1530/1530/1530 1529/1529/1529 1537/1537/1537
f 1528/1528/1528 1538/1538/1538 1534/1534/1534
f 1535/1535/1535 1538/1538/1538 1528/1528/1528
f 1532/1532/1532 1539/1539/1539 1535/1535/1535
f 1539/1539/1539 1532/1532/1532 1536/1536/1536
f 1540/1540/1540 1538/1538/1538 1535/1535/1535
f 1540/1540/1540 1535/1535/1535 1539/1539/1539
f 1527/1527/1527 1534/1534/1534 1541/1541/1541
f 1538/1538/1538 1542/1542/1542 1534/1534/1534
f 1541/1541/1541 1534/1534/1534 1542/1542/1542
f 1543/1543/1543 1538/1538/1538 1540/1540/1540
f 1542/1542/1542 1538/1538/1538 1543/1543/1543
f 1544/1544/1544 1527/1527/1527 1541/1541/1541
f 1527/1527/1527 1544/1544/1544 1523/1523/1523
f 1545/1545/1545 1523/1523/1523 1544/1544/1544
f 1518/1518/1518 1523/1523/1523 1545/1545/1545
f 1546/1546/1546 1518/1518/1518 1545/1545/1545
f 1518/1518/1518 1546/1546/1546 1513/1513/1513
f 1517/1517/1517 1513/1513/1513 1546/1546/1546
f 1546/1546/1546 1522/1522/1522 1517/1517/1517
f 1545/1545/1545 1547/1547/1547 1546/1546/1546
f 1546/1546/1546 1547/1547/1547 1522/1522/1522
f 1544/1544/1544 1548/1548/1548 1545/1545/1545
f 1547/1547/1547 1545/1545/1545 1548/1548/1548
f 1541/1541/1541 1549/1549/1549 1544/1544/1544
f 1544/1544/1544 1549/1549/1549 1548/1548/1548
f 1542/1542/1542 1550/1550/1550 1541/1541/1541
f 1549/1549/1549 1541/1541/1541 1550/1550/1550
f 1543/1543/1543 1551/1551/1551 1542/1542/1542
f 1551/1551/1551 1550/1550/1550 1542/1542/1542
f 1522/1522/1522 1547/1547/1547 1552/1552/1552
f 1097/1097/1097 1522/1522/1522 1552/1552/1552
f 1548/1548/1548 1553/1553/1553 1547/1547/1547
f 1552/1552/1552 1547/1547/1547 1553/1553/1553
f 1548/1548/1548 1549/1549/1549 1554/1554/1554
f 1553/1553/1553 1548/1548/1548 1554/1554/1554
f 1550/1550/1550 1555/1555/1555 1549/1549/1549
f 1554/1554/1554 1549/1549/1549 1555/1555/1555
f 1552/1552/1552 1556/1556/1556 1097/1097/1097
f 1097/1097/1097 1556/1556/1556 1092/1092/1092
f 1553/1553/1553 1557/1557/1557 1552/1552/1552
f 1556/1556/1556 1552/1552/1552 1557/1557/1557
f 1554/1554/1554 1558/1558/1558 1553/1553/1553
f 1553/1553/1553 1558/1558/1558 1557/1557/1557
f 1092/1092/1092 1556/1556/1556 1559/1559/1559
f 1557/1557/1557 1559/1559/1559 1556/1556/1556
f 1555/1555/1555 1550/1550/1550 1560/1560/1560
f 1550/1550/1550 1551/1551/1551 1560/1560/1560
f 1555/1555/1555 1561/1561/1561 1554/1554/1554
f 1554/1554/1554 1561/1561/1561 1558/1558/1558
f 1557/1557/1557 1558/1558/1558 1562/1562/1562
f 1559/1559/1559 1557/1557/1557 1562/1562/1562
f 1559/1559/1559 1563/1563/1563 1092/1092/1092
f 1092/1092/1092 1563/1563/1563 1090/1090/1090
f 1559/1559/1559 1564/1564/1564 1563/1563/1563
f 1562/1562/1562 1564/1564/1564 1559/1559/1559
f 1090/1090/1090 1563/1563/1563 1565/1565/1565
f 1563/1563/1563 1564/1564/1564 1565/1565/1565
f 1565/1565/1565 1095/1095/1095 1090/1090/1090
f 1562/1562/1562 1558/1558/1558 1566/1566/1566
f 1561/1561/1561 1566/1566/1566 1558/1558/1558
f 1567/1567/1567 1561/1561/1561 1555/1555/1555
f 1560/1560/1560 1567/1567/1567 1555/1555/1555
f 1564/1564/1564 1562/1562/1562 1568/1568/1568
f 1566/1566/1566 1568/1568/1568 1562/1562/1562
f 1565/1565/1565 1564/1564/1564 1569/1569/1569
f 1568/1568/1568 1569/1569/1569 1564/1564/1564
f 1570/1570/1570 1095/1095/1095 1565/1565/1565
f 1569/1569/1569 1570/1570/1570 1565/1565/1565
f 1101/1101/1101 1095/1095/1095 1570/1570/1570
f 1566/1566/1566 1561/1561/1561 1571/1571/1571
f 1561/1561/1561 1567/1567/1567 1571/1571/1571
f 1572/1572/1572 1568/1568/1568 1566/1566/1566
f 1571/1571/1571 1572/1572/1572 1566/1566/1566
f 1569/1569/1569 1568/1568/1568 1573/1573/1573
f 1568/1568/1568 1572/1572/1572 1573/1573/1573
f 1570/1570/1570 1569/1569/1569 1574/1574/1574
f 1573/1573/1573 1574/1574/1574 1569/1569/1569
f 1101/1101/1101 1570/1570/1570 1575/1575/1575
f 1574/1574/1574 1575/1575/1575 1570/1570/1570
f 1575/1575/1575 1576/1576/1576 1101/1101/1101
f 1102/1102/1102 1101/1101/1101 1576/1576/1576
f 1576/1576/1576 1577/1577/1577 1102/1102/1102
f 1577/1577/1577 1576/1576/1576 1578/1578/1578
f 1578/1578/1578 1579/1579/1579 1577/1577/1577
f 1580/1580/1580 1576/1576/1576 1575/1575/1575
f 1576/1576/1576 1580/1580/1580 1578/1578/1578
f 1575/1575/1575 1574/1574/1574 1581/1581/1581
f 1581/1581/1581 1580/1580/1580 1575/1575/1575
f 1573/1573/1573 1582/1582/1582 1574/1574/1574
f 1582/1582/1582 1581/1581/1581 1574/1574/1574
f 1573/1573/1573 1572/1572/1572 1583/1583/1583
f 1583/1583/1583 1582/1582/1582 1573/1573/1573
f 1579/1579/1579 1578/1578/1578 1584/1584/1584
f 1584/1584/1584 1585/1585/1585 1579/1579/1579
f 1580/1580/1580 1581/1581/1581 1586/1586/1586
f 1586/1586/1586 1581/1581/1581 1582/1582/1582
f 1578/1578/1578 1580/1580/1580 1587/1587/1587
f 1587/1587/1587 1584/1584/1584 1578/1578/1578
f 1586/1586/1586 1587/1587/1587 1580/1580/1580
f 1585/1585/1585 1584/1584/1584 1588/1588/1588
f 1588/1588/1588 1589/1589/1589 1585/1585/1585
f 1590/1590/1590 1586/1586/1586 1582/1582/1582
f 1590/1590/1590 1582/1582/1582 1583/1583/1583
f 1587/1587/1587 1586/1586/1586 1591/1591/1591
f 1591/1591/1591 1586/1586/1586 1590/1590/1590
f 1592/1592/1592 1584/1584/1584 1587/1587/1587
f 1584/1584/1584 1592/1592/1592 1588/1588/1588
f 1591/1591/1591 1592/1592/1592 1587/1587/1587
f 1592/1592/1592 1591/1591/1591 1593/1593/1593
f 1589/1589/1589 1588/1588/1588 1594/1594/1594
f 1595/1595/1595 1589/1589/1589 1594/1594/1594
f 1595/1595/1595 1594/1594/1594 1596/1596/1596
f 1588/1588/1588 1592/1592/1592 1597/1597/1597
f 1597/1597/1597 1594/1594/1594 1588/1588/1588
f 1593/1593/1593 1597/1597/1597 1592/1592/1592
f 1596/1596/1596 1594/1594/1594 1598/1598/1598
f 1598/1598/1598 1594/1594/1594 1597/1597/1597
f 1599/1599/1599 1596/1596/1596 1598/1598/1598
f 1590/1590/1590 1600/1600/1600 1591/1591/1591
f 1591/1591/1591 1600/1600/1600 1593/1593/1593
f 1597/1597/1597 1601/1601/1601 1598/1598/1598
f 1597/1597/1597 1593/1593/1593 1601/1601/1601
f 1598/1598/1598 1602/1602/1602 1599/1599/1599
f 1602/1602/1602 1598/1598/1598 1601/1601/1601
f 1599/1599/1599 1602/1602/1602 1603/1603/1603
f 1603/1603/1603 1602/1602/1602 1604/1604/1604
f 1605/1605/1605 1603/1603/1603 1604/1604/1604
f 1601/1601/1601 1606/1606/1606 1602/1602/1602
f 1604/1604/1604 1602/1602/1602 1606/1606/1606
f 1604/1604/1604 1607/1607/1607 1605/1605/1605
f 1607/1607/1607 1608/1608/1608 1605/1605/1605
f 1600/1600/1600 1590/1590/1590 1609/1609/1609
f 1583/1583/1583 1609/1609/1609 1590/1590/1590
f 1610/1610/1610 1601/1601/1601 1593/1593/1593
f 1606/1606/1606 1601/1601/1601 1610/1610/1610
f 1606/1606/1606 1611/1611/1611 1604/1604/1604
f 1607/1607/1607 1604/1604/1604 1611/1611/1611
f 1608/1608/1608 1607/1607/1607 1612/1612/1612
f 1613/1613/1613 1608/1608/1608 1612/1612/1612
f 1610/1610/1610 1614/1614/1614 1606/1606/1606
f 1606/1606/1606 1614/1614/1614 1611/1611/1611
f 1611/1611/1611 1615/1615/1615 1607/1607/1607
f 1612/1612/1612 1607/1607/1607 1615/1615/1615
f 1612/1612/1612 1616/1616/1616 1613/1613/1613
f 1616/1616/1616 1617/1617/1617 1613/1613/1613
f 1611/1611/1611 1614/1614/1614 1618/1618/1618
f 1615/1615/1615 1611/1611/1611 1618/1618/1618
f 1615/1615/1615 1619/1619/1619 1612/1612/1612
f 1612/1612/1612 1619/1619/1619 1616/1616/1616
f 1616/1616/1616 1620/1620/1620 1617/1617/1617
f 1621/1621/1621 1617/1617/1617 1620/1620/1620
f 1618/1618/1618 1622/1622/1622 1615/1615/1615
f 1615/1615/1615 1622/1622/1622 1619/1619/1619
f 1614/1614/1614 1623/1623/1623 1618/1618/1618
f 1623/1623/1623 1622/1622/1622 1618/1618/1618
f 1624/1624/1624 1614/1614/1614 1610/1610/1610
f 1614/1614/1614 1624/1624/1624 1623/1623/1623
f 1619/1619/1619 1625/1625/1625 1616/1616/1616
f 1620/1620/1620 1616/1616/1616 1625/1625/1625
f 1622/1622/1622 1626/1626/1626 1619/1619/1619
f 1625/1625/1625 1619/1619/1619 1626/1626/1626
f 1627/1627/1627 1622/1622/1622 1623/1623/1623
f 1626/1626/1626 1622/1622/1622 1627/1627/1627
f 1620/1620/1620 1628/1628/1628 1621/1621/1621
f 1629/1629/1629 1621/1621/1621 1628/1628/1628
f 1610/1610/1610 1630/1630/1630 1624/1624/1624
f 1593/1593/1593 1630/1630/1630 1610/1610/1610
f 1631/1631/1631 1623/1623/1623 1624/1624/1624
f 1627/1627/1627 1623/1623/1623 1631/1631/1631
f 1628/1628/1628 1632/1632/1632 1629/1629/1629
f 1633/1633/1633 1629/1629/1629 1632/1632/1632
f 1593/1593/1593 1634/1634/1634 1630/1630/1630
f 1634/1634/1634 1593/1593/1593 1600/1600/1600
f 1630/1630/1630 1635/1635/1635 1624/1624/1624
f 1624/1624/1624 1635/1635/1635 1631/1631/1631
f 1632/1632/1632 1636/1636/1636 1633/1633/1633
f 1637/1637/1637 1633/1633/1633 1636/1636/1636
f 1634/1634/1634 1600/1600/1600 1638/1638/1638
f 1609/1609/1609 1638/1638/1638 1600/1600/1600
f 1639/1639/1639 1630/1630/1630 1634/1634/1634
f 1630/1630/1630 1639/1639/1639 1635/1635/1635
f 1636/1636/1636 1640/1640/1640 1637/1637/1637
f 1641/1641/1641 1637/1637/1637 1640/1640/1640
f 1638/1638/1638 1642/1642/1642 1634/1634/1634
f 1634/1634/1634 1642/1642/1642 1639/1639/1639
f 1643/1643/1643 1642/1642/1642 1638/1638/1638
f 1639/1639/1639 1642/1642/1642 1643/1643/1643
f 1609/1609/1609 1644/1644/1644 1638/1638/1638
f 1638/1638/1638 1644/1644/1644 1643/1643/1643
f 1635/1635/1635 1639/1639/1639 1645/1645/1645
f 1643/1643/1643 1645/1645/1645 1639/1639/1639
f 1609/1609/1609 1646/1646/1646 1644/1644/1644
f 1646/1646/1646 1609/1609/1609 1583/1583/1583
f 1645/1645/1645 1647/1647/1647 1635/1635/1635
f 1631/1631/1631 1635/1635/1635 1647/1647/1647
f 1640/1640/1640 1648/1648/1648 1641/1641/1641
f 1649/1649/1649 1641/1641/1641 1648/1648/1648
f 1643/1643/1643 1644/1644/1644 1650/1650/1650
f 1650/1650/1650 1644/1644/1644 1646/1646/1646
f 1583/1583/1583 1651/1651/1651 1646/1646/1646
f 1651/1651/1651 1583/1583/1583 1572/1572/1572
f 1572/1572/1572 1571/1571/1571 1651/1651/1651
f 1652/1652/1652 1645/1645/1645 1643/1643/1643
f 1647/1647/1647 1645/1645/1645 1652/1652/1652
f 1651/1651/1651 1653/1653/1653 1646/1646/1646
f 1646/1646/1646 1653/1653/1653 1650/1650/1650
f 1654/1654/1654 1651/1651/1651 1571/1571/1571
f 1653/1653/1653 1651/1651/1651 1654/1654/1654
f 1571/1571/1571 1567/1567/1567 1654/1654/1654
f 1655/1655/1655 1654/1654/1654 1567/1567/1567
f 1567/1567/1567 1560/1560/1560 1655/1655/1655
f 1656/1656/1656 1653/1653/1653 1654/1654/1654
f 1654/1654/1654 1655/1655/1655 1656/1656/1656
f 1657/1657/1657 1655/1655/1655 1560/1560/1560
f 1560/1560/1560 1551/1551/1551 1657/1657/1657
f 1650/1650/1650 1658/1658/1658 1643/1643/1643
f 1643/1643/1643 1658/1658/1658 1652/1652/1652
f 1653/1653/1653 1659/1659/1659 1650/1650/1650
f 1653/1653/1653 1656/1656/1656 1659/1659/1659
f 1660/1660/1660 1658/1658/1658 1650/1650/1650
f 1652/1652/1652 1658/1658/1658 1660/1660/1660
f 1650/1650/1650 1659/1659/1659 1660/1660/1660
f 1656/1656/1656 1655/1655/1655 1661/1661/1661
f 1657/1657/1657 1661/1661/1661 1655/1655/1655
f 1551/1551/1551 1662/1662/1662 1657/1657/1657
f 1551/1551/1551 1543/1543/1543 1662/1662/1662
f 1540/1540/1540 1662/1662/1662 1543/1543/1543
f 1663/1663/1663 1659/1659/1659 1656/1656/1656
f 1656/1656/1656 1661/1661/1661 1663/1663/1663
f 1660/1660/1660 1659/1659/1659 1664/1664/1664
f 1659/1659/1659 1663/1663/1663 1664/1664/1664
f 1660/1660/1660 1665/1665/1665 1652/1652/1652
f 1660/1660/1660 1664/1664/1664 1665/1665/1665
f 1657/1657/1657 1662/1662/1662 1666/1666/1666
f 1666/1666/1666 1661/1661/1661 1657/1657/1657
f 1662/1662/1662 1540/1540/1540 1667/1667/1667
f 1666/1666/1666 1662/1662/1662 1667/1667/1667
f 1539/1539/1539 1667/1667/1667 1540/1540/1540
f 1661/1661/1661 1668/1668/1668 1663/1663/1663
f 1661/1661/1661 1666/1666/1666 1668/1668/1668
f 1669/1669/1669 1664/1664/1664 1663/1663/1663
f 1663/1663/1663 1668/1668/1668 1669/1669/1669
f 1670/1670/1670 1667/1667/1667 1539/1539/1539
f 1536/1536/1536 1670/1670/1670 1539/1539/1539
f 1666/1666/1666 1667/1667/1667 1671/1671/1671
f 1671/1671/1671 1668/1668/1668 1666/1666/1666
f 1667/1667/1667 1670/1670/1670 1671/1671/1671
f 1670/1670/1670 1536/1536/1536 1672/1672/1672
f 1530/1530/1530 1672/1672/1672 1536/1536/1536
f 1668/1668/1668 1671/1671/1671 1673/1673/1673
f 1669/1669/1669 1668/1668/1668 1673/1673/1673
f 1671/1671/1671 1670/1670/1670 1674/1674/1674
f 1674/1674/1674 1670/1670/1670 1672/1672/1672
f 1674/1674/1674 1673/1673/1673 1671/1671/1671
f 1675/1675/1675 1664/1664/1664 1669/1669/1669
f 1665/1665/1665 1664/1664/1664 1675/1675/1675
f 1669/1669/1669 1673/1673/1673 1676/1676/1676
f 1669/1669/1669 1676/1676/1676 1675/1675/1675
f 1677/1677/1677 1673/1673/1673 1674/1674/1674
f 1676/1676/1676 1673/1673/1673 1677/1677/1677
f 1674/1674/1674 1672/1672/1672 1678/1678/1678
f 1674/1674/1674 1678/1678/1678 1677/1677/1677
f 1679/1679/1679 1672/1672/1672 1530/1530/1530
f 1678/1678/1678 1672/1672/1672 1679/1679/1679
f 1530/1530/1530 1680/1680/1680 1679/1679/1679
f 1537/1537/1537 1680/1680/1680 1530/1530/1530
f 1681/1681/1681 1665/1665/1665 1675/1675/1675
f 1682/1682/1682 1675/1675/1675 1676/1676/1676
f 1675/1675/1675 1682/1682/1682 1681/1681/1681
f 1683/1683/1683 1676/1676/1676 1677/1677/1677
f 1676/1676/1676 1683/1683/1683 1682/1682/1682
f 1684/1684/1684 1677/1677/1677 1678/1678/1678
f 1677/1677/1677 1684/1684/1684 1683/1683/1683
f 1685/1685/1685 1678/1678/1678 1679/1679/1679
f 1678/1678/1678 1685/1685/1685 1684/1684/1684
f 1686/1686/1686 1679/1679/1679 1680/1680/1680
f 1679/1679/1679 1686/1686/1686 1685/1685/1685
f 1687/1687/1687 1680/1680/1680 1537/1537/1537
f 1680/1680/1680 1687/1687/1687 1686/1686/1686
f 1665/1665/1665 1681/1681/1681 1688/1688/1688
f 1688/1688/1688 1652/1652/1652 1665/1665/1665
f 1652/1652/1652 1688/1688/1688 1647/1647/1647
f 1689/1689/1689 1647/1647/1647 1688/1688/1688
f 1647/1647/1647 1689/1689/1689 1631/1631/1631
f 1690/1690/1690 1688/1688/1688 1681/1681/1681
f 1690/1690/1690 1689/1689/1689 1688/1688/1688
f 1689/1689/1689 1691/1691/1691 1631/1631/1631
f 1631/1631/1631 1691/1691/1691 1627/1627/1627
f 1537/1537/1537 1692/1692/1692 1687/1687/1687
f 1692/1692/1692 1537/1537/1537 1533/1533/1533
f 1681/1681/1681 1693/1693/1693 1690/1690/1690
f 1681/1681/1681 1682/1682/1682 1693/1693/1693
f 1694/1694/1694 1689/1689/1689 1690/1690/1690
f 1694/1694/1694 1691/1691/1691 1689/1689/1689
f 1695/1695/1695 1627/1627/1627 1691/1691/1691
f 1627/1627/1627 1695/1695/1695 1626/1626/1626
f 1693/1693/1693 1682/1682/1682 1696/1696/1696
f 1696/1696/1696 1682/1682/1682 1683/1683/1683
f 1693/1693/1693 1697/1697/1697 1690/1690/1690
f 1690/1690/1690 1697/1697/1697 1694/1694/1694
f 1698/1698/1698 1691/1691/1691 1694/1694/1694
f 1691/1691/1691 1698/1698/1698 1695/1695/1695
f 1695/1695/1695 1699/1699/1699 1626/1626/1626
f 1626/1626/1626 1699/1699/1699 1625/1625/1625
f 1700/1700/1700 1693/1693/1693 1696/1696/1696
f 1700/1700/1700 1697/1697/1697 1693/1693/1693
f 1683/1683/1683 1701/1701/1701 1696/1696/1696
f 1684/1684/1684 1701/1701/1701 1683/1683/1683
f 1702/1702/1702 1694/1694/1694 1697/1697/1697
f 1694/1694/1694 1702/1702/1702 1698/1698/1698
f 1703/1703/1703 1695/1695/1695 1698/1698/1698
f 1703/1703/1703 1699/1699/1699 1695/1695/1695
f 1704/1704/1704 1625/1625/1625 1699/1699/1699
f 1625/1625/1625 1704/1704/1704 1620/1620/1620
f 1699/1699/1699 1705/1705/1705 1704/1704/1704
f 1705/1705/1705 1699/1699/1699 1703/1703/1703
f 1620/1620/1620 1704/1704/1704 1706/1706/1706
f 1706/1706/1706 1704/1704/1704 1705/1705/1705
f 1706/1706/1706 1628/1628/1628 1620/1620/1620
f 1698/1698/1698 1707/1707/1707 1703/1703/1703
f 1702/1702/1702 1707/1707/1707 1698/1698/1698
f 1708/1708/1708 1702/1702/1702 1697/1697/1697
f 1708/1708/1708 1697/1697/1697 1700/1700/1700
f 1703/1703/1703 1709/1709/1709 1705/1705/1705
f 1709/1709/1709 1703/1703/1703 1707/1707/1707
f 1710/1710/1710 1707/1707/1707 1702/1702/1702
f 1710/1710/1710 1702/1702/1702 1708/1708/1708
f 1705/1705/1705 1711/1711/1711 1706/1706/1706
f 1711/1711/1711 1705/1705/1705 1709/1709/1709
f 1628/1628/1628 1706/1706/1706 1712/1712/1712
f 1712/1712/1712 1632/1632/1632 1628/1628/1628
f 1713/1713/1713 1709/1709/1709 1707/1707/1707
f 1713/1713/1713 1707/1707/1707 1710/1710/1710
f 1711/1711/1711 1709/1709/1709 1714/1714/1714
f 1714/1714/1714 1709/1709/1709 1713/1713/1713
f 1706/1706/1706 1711/1711/1711 1715/1715/1715
f 1715/1715/1715 1712/1712/1712 1706/1706/1706
f 1715/1715/1715 1711/1711/1711 1714/1714/1714
f 1632/1632/1632 1712/1712/1712 1716/1716/1716
f 1716/1716/1716 1636/1636/1636 1632/1632/1632
f 1717/1717/1717 1712/1712/1712 1715/1715/1715
f 1716/1716/1716 1712/1712/1712 1717/1717/1717
f 1714/1714/1714 1718/1718/1718 1715/1715/1715
f 1717/1717/1717 1715/1715/1715 1718/1718/1718
f 1713/1713/1713 1719/1719/1719 1714/1714/1714
f 1718/1718/1718 1714/1714/1714 1719/1719/1719
f 1710/1710/1710 1720/1720/1720 1713/1713/1713
f 1720/1720/1720 1719/1719/1719 1713/1713/1713
f 1636/1636/1636 1716/1716/1716 1721/1721/1721
f 1640/1640/1640 1636/1636/1636 1721/1721/1721
f 1716/1716/1716 1717/1717/1717 1722/1722/1722
f 1722/1722/1722 1721/1721/1721 1716/1716/1716
f 1640/1640/1640 1721/1721/1721 1723/1723/1723
f 1723/1723/1723 1648/1648/1648 1640/1640/1640
f 1720/1720/1720 1710/1710/1710 1724/1724/1724
f 1708/1708/1708 1724/1724/1724 1710/1710/1710
f 1721/1721/1721 1722/1722/1722 1725/1725/1725
f 1721/1721/1721 1725/1725/1725 1723/1723/1723
f 1726/1726/1726 1724/1724/1724 1708/1708/1708
f 1700/1700/1700 1726/1726/1726 1708/1708/1708
f 1726/1726/1726 1700/1700/1700 1727/1727/1727
f 1696/1696/1696 1727/1727/1727 1700/1700/1700
f 1701/1701/1701 1727/1727/1727 1696/1696/1696
f 1648/1648/1648 1723/1723/1723 1728/1728/1728
f 1723/1723/1723 1725/1725/1725 1729/1729/1729
f 1729/1729/1729 1728/1728/1728 1723/1723/1723
f 1730/1730/1730 1648/1648/1648 1728/1728/1728
f 1730/1730/1730 1649/1649/1649 1648/1648/1648
f 1731/1731/1731 1649/1649/1649 1730/1730/1730
f 1730/1730/1730 1732/1732/1732 1731/1731/1731
f 1733/1733/1733 1731/1731/1731 1732/1732/1732
f 1730/1730/1730 1728/1728/1728 1734/1734/1734
f 1734/1734/1734 1732/1732/1732 1730/1730/1730
f 1735/1735/1735 1733/1733/1733 1732/1732/1732
f 1736/1736/1736 1733/1733/1733 1735/1735/1735
f 1732/1732/1732 1737/1737/1737 1735/1735/1735
f 1734/1734/1734 1737/1737/1737 1732/1732/1732
f 1735/1735/1735 1738/1738/1738 1736/1736/1736
f 1738/1738/1738 1735/1735/1735 1737/1737/1737
f 1739/1739/1739 1736/1736/1736 1738/1738/1738
f 1740/1740/1740 1734/1734/1734 1728/1728/1728
f 1728/1728/1728 1729/1729/1729 1740/1740/1740
f 1741/1741/1741 1737/1737/1737 1734/1734/1734
f 1734/1734/1734 1740/1740/1740 1741/1741/1741
f 1739/1739/1739 1738/1738/1738 1742/1742/1742
f 1737/1737/1737 1743/1743/1743 1738/1738/1738
f 1742/1742/1742 1738/1738/1738 1743/1743/1743
f 1739/1739/1739 1742/1742/1742 1744/1744/1744
f 1739/1739/1739 1744/1744/1744 1745/1745/1745
f 1746/1746/1746 1743/1743/1743 1737/1737/1737
f 1737/1737/1737 1741/1741/1741 1746/1746/1746
f 1743/1743/1743 1747/1747/1747 1742/1742/1742
f 1744/1744/1744 1742/1742/1742 1747/1747/1747
f 1747/1747/1747 1743/1743/1743 1746/1746/1746
f 1745/1745/1745 1744/1744/1744 1748/1748/1748
f 1748/1748/1748 1749/1749/1749 1745/1745/1745
f 1749/1749/1749 1748/1748/1748 1750/1750/1750
f 1749/1749/1749 1750/1750/1750 1751/1751/1751
f 1751/1751/1751 1750/1750/1750 1752/1752/1752
f 1753/1753/1753 1751/1751/1751 1752/1752/1752
f 1754/1754/1754 1753/1753/1753 1752/1752/1752
f 1755/1755/1755 1753/1753/1753 1754/1754/1754
f 1754/1754/1754 1756/1756/1756 1755/1755/1755
f 1756/1756/1756 1757/1757/1757 1755/1755/1755
f 1757/1757/1757 1756/1756/1756 1758/1758/1758
f 1759/1759/1759 1757/1757/1757 1758/1758/1758
f 1748/1748/1748 1744/1744/1744 883/883/883
f 1748/1748/1748 883/883/883 881/881/881
f 881/881/881 1750/1750/1750 1748/1748/1748
f 1750/1750/1750 881/881/881 874/874/874
f 1744/1744/1744 1760/1760/1760 883/883/883
f 1747/1747/1747 1760/1760/1760 1744/1744/1744
f 1760/1760/1760 885/885/885 883/883/883
f 1750/1750/1750 874/874/874 1761/1761/1761
f 1761/1761/1761 874/874/874 875/875/875
f 1752/1752/1752 1750/1750/1750 1761/1761/1761
f 1760/1760/1760 1747/1747/1747 1762/1762/1762
f 1762/1762/1762 885/885/885 1760/1760/1760
f 1746/1746/1746 1762/1762/1762 1747/1747/1747
f 885/885/885 1762/1762/1762 887/887/887
f 875/875/875 1763/1763/1763 1761/1761/1761
f 1752/1752/1752 1761/1761/1761 1763/1763/1763
f 1763/1763/1763 875/875/875 876/876/876
f 1746/1746/1746 1764/1764/1764 1762/1762/1762
f 1764/1764/1764 887/887/887 1762/1762/1762
f 1764/1764/1764 1746/1746/1746 1741/1741/1741
f 887/887/887 1764/1764/1764 889/889/889
f 1741/1741/1741 1765/1765/1765 1764/1764/1764
f 889/889/889 1764/1764/1764 1765/1765/1765
f 1740/1740/1740 1765/1765/1765 1741/1741/1741
f 1763/1763/1763 1766/1766/1766 1752/1752/1752
f 1752/1752/1752 1766/1766/1766 1754/1754/1754
f 1754/1754/1754 1766/1766/1766 1767/1767/1767
f 876/876/876 1768/1768/1768 1763/1763/1763
f 1766/1766/1766 1763/1763/1763 1768/1768/1768
f 1768/1768/1768 876/876/876 877/877/877
f 1765/1765/1765 1769/1769/1769 889/889/889
f 1769/1769/1769 891/891/891 889/889/889
f 1770/1770/1770 1765/1765/1765 1740/1740/1740
f 1769/1769/1769 1765/1765/1765 1770/1770/1770
f 1770/1770/1770 1740/1740/1740 1729/1729/1729
f 1729/1729/1729 1771/1771/1771 1770/1770/1770
f 1729/1729/1729 1725/1725/1725 1771/1771/1771
f 1770/1770/1770 1772/1772/1772 1769/1769/1769
f 1772/1772/1772 1770/1770/1770 1771/1771/1771
f 1769/1769/1769 1773/1773/1773 891/891/891
f 1773/1773/1773 1769/1769/1769 1772/1772/1772
f 1725/1725/1725 1774/1774/1774 1771/1771/1771
f 1774/1774/1774 1725/1725/1725 1722/1722/1722
f 1771/1771/1771 1775/1775/1775 1772/1772/1772
f 1775/1775/1775 1771/1771/1771 1774/1774/1774
f 1722/1722/1722 1776/1776/1776 1774/1774/1774
f 1722/1722/1722 1717/1717/1717 1776/1776/1776
f 1777/1777/1777 891/891/891 1773/1773/1773
f 891/891/891 1777/1777/1777 864/864/864
f 1772/1772/1772 1778/1778/1778 1773/1773/1773
f 1778/1778/1778 1772/1772/1772 1775/1775/1775
f 1775/1775/1775 1779/1779/1779 1778/1778/1778
f 1774/1774/1774 1780/1780/1780 1775/1775/1775
f 1776/1776/1776 1780/1780/1780 1774/1774/1774
f 1775/1775/1775 1780/1780/1780 1779/1779/1779
f 1781/1781/1781 1773/1773/1773 1778/1778/1778
f 1773/1773/1773 1781/1781/1781 1777/1777/1777
f 1782/1782/1782 864/864/864 1777/1777/1777
f 1782/1782/1782 841/841/841 864/864/864
f 1777/1777/1777 1783/1783/1783 1782/1782/1782
f 1783/1783/1783 1777/1777/1777 1781/1781/1781
f 1784/1784/1784 841/841/841 1782/1782/1782
f 1784/1784/1784 1782/1782/1782 1783/1783/1783
f 841/841/841 1784/1784/1784 843/843/843
f 1778/1778/1778 1785/1785/1785 1781/1781/1781
f 1785/1785/1785 1778/1778/1778 1779/1779/1779
f 1781/1781/1781 1786/1786/1786 1783/1783/1783
f 1786/1786/1786 1781/1781/1781 1785/1785/1785
f 1783/1783/1783 1787/1787/1787 1784/1784/1784
f 1787/1787/1787 1783/1783/1783 1786/1786/1786
f 843/843/843 1784/1784/1784 1788/1788/1788
f 1789/1789/1789 1784/1784/1784 1787/1787/1787
f 1789/1789/1789 1788/1788/1788 1784/1784/1784
f 1786/1786/1786 1790/1790/1790 1787/1787/1787
f 1790/1790/1790 1789/1789/1789 1787/1787/1787
f 1785/1785/1785 1791/1791/1791 1786/1786/1786
f 1790/1790/1790 1786/1786/1786 1791/1791/1791
f 1779/1779/1779 1792/1792/1792 1785/1785/1785
f 1791/1791/1791 1785/1785/1785 1792/1792/1792
f 1788/1788/1788 1793/1793/1793 843/843/843
f 844/844/844 843/843/843 1793/1793/1793
f 1793/1793/1793 1794/1794/1794 844/844/844
f 1795/1795/1795 844/844/844 1794/1794/1794
f 1794/1794/1794 1796/1796/1796 1795/1795/1795
f 1797/1797/1797 1795/1795/1795 1796/1796/1796
f 1798/1798/1798 1794/1794/1794 1793/1793/1793
f 1794/1794/1794 1798/1798/1798 1796/1796/1796
f 1796/1796/1796 1799/1799/1799 1797/1797/1797
f 1800/1800/1800 1797/1797/1797 1799/1799/1799
f 1796/1796/1796 1798/1798/1798 1801/1801/1801
f 1799/1799/1799 1796/1796/1796 1801/1801/1801
f 1799/1799/1799 1802/1802/1802 1800/1800/1800
f 1803/1803/1803 1800/1800/1800 1802/1802/1802
f 1801/1801/1801 1804/1804/1804 1799/1799/1799
f 1799/1799/1799 1804/1804/1804 1802/1802/1802
f 1802/1802/1802 1805/1805/1805 1803/1803/1803
f 1806/1806/1806 1803/1803/1803 1805/1805/1805
f 1802/1802/1802 1804/1804/1804 1807/1807/1807
f 1805/1805/1805 1802/1802/1802 1807/1807/1807
f 1805/1805/1805 1808/1808/1808 1806/1806/1806
f 1809/1809/1809 1806/1806/1806 1808/1808/1808
f 1807/1807/1807 1810/1810/1810 1805/1805/1805
f 1808/1808/1808 1805/1805/1805 1810/1810/1810
f 1801/1801/1801 1811/1811/1811 1804/1804/1804
f 1804/1804/1804 1812/1812/1812 1807/1807/1807
f 1804/1804/1804 1811/1811/1811 1812/1812/1812
f 1807/1807/1807 1813/1813/1813 1810/1810/1810
f 1807/1807/1807 1812/1812/1812 1813/1813/1813
f 1810/1810/1810 1814/1814/1814 1808/1808/1808
f 1814/1814/1814 1810/1810/1810 1813/1813/1813
f 1808/1808/1808 1815/1815/1815 1809/1809/1809
f 1815/1815/1815 1808/1808/1808 1814/1814/1814
f 1801/1801/1801 1816/1816/1816 1811/1811/1811
f 1816/1816/1816 1801/1801/1801 1798/1798/1798
f 1809/1809/1809 1815/1815/1815 1817/1817/1817
f 1817/1817/1817 1818/1818/1818 1809/1809/1809
f 1819/1819/1819 1818/1818/1818 1817/1817/1817
f 1819/1819/1819 1820/1820/1820 1818/1818/1818
f 1820/1820/1820 1819/1819/1819 1821/1821/1821
f 1821/1821/1821 1822/1822/1822 1820/1820/1820
f 1822/1822/1822 1821/1821/1821 1823/1823/1823
f 1823/1823/1823 1824/1824/1824 1822/1822/1822
f 1824/1824/1824 1823/1823/1823 1825/1825/1825
f 1825/1825/1825 1826/1826/1826 1824/1824/1824
f 1827/1827/1827 1826/1826/1826 1825/1825/1825
f 1827/1827/1827 1828/1828/1828 1826/1826/1826
f 1829/1829/1829 1828/1828/1828 1827/1827/1827
f 1829/1829/1829 1830/1830/1830 1828/1828/1828
f 1830/1830/1830 1829/1829/1829 1831/1831/1831
f 1831/1831/1831 732/732/732 1830/1830/1830
f 732/732/732 1831/1831/1831 731/731/731
f 731/731/731 1831/1831/1831 1832/1832/1832
f 1832/1832/1832 1831/1831/1831 1829/1829/1829
f 1832/1832/1832 697/697/697 731/731/731
f 697/697/697 1832/1832/1832 692/692/692
f 1829/1829/1829 1833/1833/1833 1832/1832/1832
f 692/692/692 1832/1832/1832 1833/1833/1833
f 1833/1833/1833 1829/1829/1829 1827/1827/1827
f 1833/1833/1833 694/694/694 692/692/692
f 1827/1827/1827 1834/1834/1834 1833/1833/1833
f 1834/1834/1834 1827/1827/1827 1825/1825/1825
f 694/694/694 1833/1833/1833 1834/1834/1834
f 1825/1825/1825 1835/1835/1835 1834/1834/1834
f 1825/1825/1825 1823/1823/1823 1835/1835/1835
f 1834/1834/1834 1836/1836/1836 694/694/694
f 1836/1836/1836 1834/1834/1834 1835/1835/1835
f 693/693/693 694/694/694 1836/1836/1836
f 1837/1837/1837 1835/1835/1835 1823/1823/1823
f 1837/1837/1837 1823/1823/1823 1821/1821/1821
f 1838/1838/1838 1836/1836/1836 1835/1835/1835
f 693/693/693 1836/1836/1836 1838/1838/1838
f 1838/1838/1838 1835/1835/1835 1837/1837/1837
f 1821/1821/1821 1839/1839/1839 1837/1837/1837
f 1839/1839/1839 1821/1821/1821 1819/1819/1819
f 1838/1838/1838 1840/1840/1840 693/693/693
f 693/693/693 1840/1840/1840 667/667/667
f 1837/1837/1837 1841/1841/1841 1838/1838/1838
f 1840/1840/1840 1838/1838/1838 1841/1841/1841
f 1841/1841/1841 1837/1837/1837 1839/1839/1839
f 667/667/667 1840/1840/1840 1842/1842/1842
f 1841/1841/1841 1842/1842/1842 1840/1840/1840
f 667/667/667 1842/1842/1842 675/675/675
f 1842/1842/1842 1841/1841/1841 1843/1843/1843
f 1843/1843/1843 675/675/675 1842/1842/1842
f 1839/1839/1839 1843/1843/1843 1841/1841/1841
f 675/675/675 1843/1843/1843 677/677/677
f 1844/1844/1844 1839/1839/1839 1819/1819/1819
f 1839/1839/1839 1844/1844/1844 1843/1843/1843
f 1843/1843/1843 1844/1844/1844 677/677/677
f 1844/1844/1844 1819/1819/1819 1817/1817/1817
f 677/677/677 1844/1844/1844 682/682/682
f 1844/1844/1844 1817/1817/1817 682/682/682
f 682/682/682 1817/1817/1817 1815/1815/1815
f 1815/1815/1815 1845/1845/1845 682/682/682
f 1814/1814/1814 1845/1845/1845 1815/1815/1815
f 681/681/681 682/682/682 1845/1845/1845
f 1845/1845/1845 1814/1814/1814 1846/1846/1846
f 1813/1813/1813 1846/1846/1846 1814/1814/1814
f 1845/1845/1845 1847/1847/1847 681/681/681
f 1846/1846/1846 1847/1847/1847 1845/1845/1845
f 683/683/683 681/681/681 1847/1847/1847
f 1847/1847/1847 1846/1846/1846 1848/1848/1848
f 1847/1847/1847 1848/1848/1848 683/683/683
f 1849/1849/1849 1846/1846/1846 1813/1813/1813
f 1846/1846/1846 1849/1849/1849 1848/1848/1848
f 1850/1850/1850 683/683/683 1848/1848/1848
f 683/683/683 1850/1850/1850 684/684/684
f 1813/1813/1813 1851/1851/1851 1849/1849/1849
f 1851/1851/1851 1813/1813/1813 1812/1812/1812
f 1848/1848/1848 1849/1849/1849 1852/1852/1852
f 1848/1848/1848 1852/1852/1852 1850/1850/1850
f 1853/1853/1853 684/684/684 1850/1850/1850
f 684/684/684 1853/1853/1853 685/685/685
f 1812/1812/1812 1854/1854/1854 1851/1851/1851
f 1854/1854/1854 1812/1812/1812 1811/1811/1811
f 1855/1855/1855 1849/1849/1849 1851/1851/1851
f 1849/1849/1849 1855/1855/1855 1852/1852/1852
f 1852/1852/1852 1856/1856/1856 1850/1850/1850
f 1850/1850/1850 1856/1856/1856 1853/1853/1853
f 1811/1811/1811 1857/1857/1857 1854/1854/1854
f 1811/1811/1811 1816/1816/1816 1857/1857/1857
f 1858/1858/1858 1851/1851/1851 1854/1854/1854
f 1851/1851/1851 1858/1858/1858 1855/1855/1855
f 1855/1855/1855 1859/1859/1859 1852/1852/1852
f 1852/1852/1852 1859/1859/1859 1856/1856/1856
f 1860/1860/1860 1854/1854/1854 1857/1857/1857
f 1854/1854/1854 1860/1860/1860 1858/1858/1858
f 1861/1861/1861 1855/1855/1855 1858/1858/1858
f 1855/1855/1855 1861/1861/1861 1859/1859/1859
f 1860/1860/1860 1862/1862/1862 1858/1858/1858
f 1858/1858/1858 1862/1862/1862 1861/1861/1861
f 1856/1856/1856 1863/1863/1863 1853/1853/1853
f 1864/1864/1864 1856/1856/1856 1859/1859/1859
f 1856/1856/1856 1864/1864/1864 1863/1863/1863
f 1859/1859/1859 1865/1865/1865 1864/1864/1864
f 1865/1865/1865 1859/1859/1859 1861/1861/1861
f 1866/1866/1866 1853/1853/1853 1863/1863/1863
f 685/685/685 1853/1853/1853 1866/1866/1866
f 1863/1863/1863 1864/1864/1864 1867/1867/1867
f 1867/1867/1867 1864/1864/1864 1865/1865/1865
f 1866/1866/1866 1868/1868/1868 685/685/685
f 636/636/636 685/685/685 1868/1868/1868
f 1866/1866/1866 1863/1863/1863 1869/1869/1869
f 1867/1867/1867 1869/1869/1869 1863/1863/1863
f 636/636/636 1868/1868/1868 1870/1870/1870
f 1870/1870/1870 1871/1871/1871 636/636/636
f 1871/1871/1871 1870/1870/1870 1872/1872/1872
f 1872/1872/1872 1873/1873/1873 1871/1871/1871
f 1873/1873/1873 1872/1872/1872 1874/1874/1874
f 1875/1875/1875 1873/1873/1873 1874/1874/1874
f 1876/1876/1876 1872/1872/1872 1870/1870/1870
f 1872/1872/1872 1876/1876/1876 1874/1874/1874
f 1870/1870/1870 1868/1868/1868 1877/1877/1877
f 1870/1870/1870 1877/1877/1877 1876/1876/1876
f 1868/1868/1868 1866/1866/1866 1878/1878/1878
f 1868/1868/1868 1878/1878/1878 1877/1877/1877
f 1875/1875/1875 1874/1874/1874 1879/1879/1879
f 1879/1879/1879 1880/1880/1880 1875/1875/1875
f 1874/1874/1874 1876/1876/1876 1881/1881/1881
f 1879/1879/1879 1874/1874/1874 1881/1881/1881
f 1882/1882/1882 1876/1876/1876 1877/1877/1877
f 1881/1881/1881 1876/1876/1876 1882/1882/1882
f 1880/1880/1880 1879/1879/1879 1883/1883/1883
f 1884/1884/1884 1880/1880/1880 1883/1883/1883
f 1881/1881/1881 1885/1885/1885 1879/1879/1879
f 1883/1883/1883 1879/1879/1879 1885/1885/1885
f 1884/1884/1884 1883/1883/1883 1886/1886/1886
f 1886/1886/1886 1887/1887/1887 1884/1884/1884
f 1886/1886/1886 1883/1883/1883 1888/1888/1888
f 1885/1885/1885 1888/1888/1888 1883/1883/1883
f 1888/1888/1888 1889/1889/1889 1886/1886/1886
f 1885/1885/1885 1881/1881/1881 1890/1890/1890
f 1882/1882/1882 1890/1890/1890 1881/1881/1881
f 1877/1877/1877 1891/1891/1891 1882/1882/1882
f 1891/1891/1891 1877/1877/1877 1878/1878/1878
f 1889/1889/1889 1888/1888/1888 1892/1892/1892
f 1892/1892/1892 1893/1893/1893 1889/1889/1889
f 1885/1885/1885 1894/1894/1894 1888/1888/1888
f 1890/1890/1890 1894/1894/1894 1885/1885/1885
f 1888/1888/1888 1894/1894/1894 1892/1892/1892
f 1890/1890/1890 1882/1882/1882 1895/1895/1895
f 1895/1895/1895 1882/1882/1882 1891/1891/1891
f 1893/1893/1893 1892/1892/1892 1896/1896/1896
f 1896/1896/1896 1897/1897/1897 1893/1893/1893
f 1896/1896/1896 1898/1898/1898 1897/1897/1897
f 1894/1894/1894 1890/1890/1890 1899/1899/1899
f 1895/1895/1895 1899/1899/1899 1890/1890/1890
f 1894/1894/1894 1900/1900/1900 1892/1892/1892
f 1892/1892/1892 1900/1900/1900 1896/1896/1896
f 1899/1899/1899 1900/1900/1900 1894/1894/1894
f 1896/1896/1896 1901/1901/1901 1898/1898/1898
f 1896/1896/1896 1900/1900/1900 1901/1901/1901
f 1385/1385/1385 1898/1898/1898 1901/1901/1901
f 1900/1900/1900 1899/1899/1899 1902/1902/1902
f 1902/1902/1902 1901/1901/1901 1900/1900/1900
f 1899/1899/1899 1895/1895/1895 1902/1902/1902
f 1901/1901/1901 1903/1903/1903 1385/1385/1385
f 1903/1903/1903 1901/1901/1901 1902/1902/1902
f 1384/1384/1384 1385/1385/1385 1903/1903/1903
f 1902/1902/1902 1904/1904/1904 1903/1903/1903
f 1384/1384/1384 1903/1903/1903 1904/1904/1904
f 1902/1902/1902 1895/1895/1895 1905/1905/1905
f 1904/1904/1904 1902/1902/1902 1905/1905/1905
f 1904/1904/1904 1906/1906/1906 1384/1384/1384
f 1384/1384/1384 1906/1906/1906 1386/1386/1386
f 1906/1906/1906 1904/1904/1904 1907/1907/1907
f 1905/1905/1905 1907/1907/1907 1904/1904/1904
f 1386/1386/1386 1906/1906/1906 1908/1908/1908
f 1907/1907/1907 1908/1908/1908 1906/1906/1906
f 1908/1908/1908 1393/1393/1393 1386/1386/1386
f 1905/1905/1905 1895/1895/1895 1909/1909/1909
f 1895/1895/1895 1891/1891/1891 1909/1909/1909
f 1907/1907/1907 1905/1905/1905 1910/1910/1910
f 1909/1909/1909 1910/1910/1910 1905/1905/1905
f 1908/1908/1908 1907/1907/1907 1911/1911/1911
f 1907/1907/1907 1910/1910/1910 1911/1911/1911
f 1393/1393/1393 1908/1908/1908 1912/1912/1912
f 1911/1911/1911 1912/1912/1912 1908/1908/1908
f 1909/1909/1909 1891/1891/1891 1913/1913/1913
f 1878/1878/1878 1913/1913/1913 1891/1891/1891
f 1914/1914/1914 1913/1913/1913 1878/1878/1878
f 1913/1913/1913 1914/1914/1914 1909/1909/1909
f 1878/1878/1878 1866/1866/1866 1914/1914/1914
f 1866/1866/1866 1869/1869/1869 1914/1914/1914
f 1914/1914/1914 1915/1915/1915 1909/1909/1909
f 1910/1910/1910 1909/1909/1909 1915/1915/1915
f 1915/1915/1915 1914/1914/1914 1869/1869/1869
f 1911/1911/1911 1910/1910/1910 1916/1916/1916
f 1915/1915/1915 1916/1916/1916 1910/1910/1910
f 1915/1915/1915 1869/1869/1869 1917/1917/1917
f 1916/1916/1916 1915/1915/1915 1917/1917/1917
f 1869/1869/1869 1867/1867/1867 1917/1917/1917
f 1916/1916/1916 1918/1918/1918 1911/1911/1911
f 1912/1912/1912 1911/1911/1911 1918/1918/1918
f 1917/1917/1917 1867/1867/1867 1919/1919/1919
f 1865/1865/1865 1919/1919/1919 1867/1867/1867
f 1917/1917/1917 1920/1920/1920 1916/1916/1916
f 1920/1920/1920 1918/1918/1918 1916/1916/1916
f 1919/1919/1919 1865/1865/1865 1921/1921/1921
f 1861/1861/1861 1921/1921/1921 1865/1865/1865
f 1919/1919/1919 1922/1922/1922 1917/1917/1917
f 1920/1920/1920 1917/1917/1917 1922/1922/1922
f 1921/1921/1921 1861/1861/1861 1923/1923/1923
f 1921/1921/1921 1923/1923/1923 1924/1924/1924
f 1862/1862/1862 1923/1923/1923 1861/1861/1861
f 1921/1921/1921 1925/1925/1925 1919/1919/1919
f 1922/1922/1922 1919/1919/1919 1925/1925/1925
f 1924/1924/1924 1925/1925/1925 1921/1921/1921
f 1925/1925/1925 1926/1926/1926 1922/1922/1922
f 1924/1924/1924 1926/1926/1926 1925/1925/1925
f 1922/1922/1922 1927/1927/1927 1920/1920/1920
f 1927/1927/1927 1922/1922/1922 1926/1926/1926
f 1918/1918/1918 1920/1920/1920 1928/1928/1928
f 1928/1928/1928 1920/1920/1920 1927/1927/1927
f 1929/1929/1929 1918/1918/1918 1928/1928/1928
f 1918/1918/1918 1929/1929/1929 1912/1912/1912
f 1930/1930/1930 1912/1912/1912 1929/1929/1929
f 1912/1912/1912 1930/1930/1930 1393/1393/1393
f 1393/1393/1393 1930/1930/1930 1392/1392/1392
f 1929/1929/1929 1931/1931/1931 1930/1930/1930
f 1392/1392/1392 1930/1930/1930 1931/1931/1931
f 1928/1928/1928 1932/1932/1932 1929/1929/1929
f 1932/1932/1932 1931/1931/1931 1929/1929/1929
f 1927/1927/1927 1933/1933/1933 1928/1928/1928
f 1932/1932/1932 1928/1928/1928 1933/1933/1933
f 1927/1927/1927 1926/1926/1926 1934/1934/1934
f 1934/1934/1934 1933/1933/1933 1927/1927/1927
f 1931/1931/1931 1935/1935/1935 1392/1392/1392
f 1394/1394/1394 1392/1392/1392 1935/1935/1935
f 1936/1936/1936 1931/1931/1931 1932/1932/1932
f 1935/1935/1935 1931/1931/1931 1936/1936/1936
f 1394/1394/1394 1935/1935/1935 1937/1937/1937
f 1936/1936/1936 1937/1937/1937 1935/1935/1935
f 1398/1398/1398 1394/1394/1394 1937/1937/1937
f 1934/1934/1934 1926/1926/1926 1938/1938/1938
f 1926/1926/1926 1924/1924/1924 1938/1938/1938
f 1933/1933/1933 1934/1934/1934 1939/1939/1939
f 1938/1938/1938 1939/1939/1939 1934/1934/1934
f 1940/1940/1940 1932/1932/1932 1933/1933/1933
f 1936/1936/1936 1932/1932/1932 1940/1940/1940
f 1940/1940/1940 1933/1933/1933 1939/1939/1939
f 1398/1398/1398 1937/1937/1937 1941/1941/1941
f 1941/1941/1941 1408/1408/1408 1398/1398/1398
f 1937/1937/1937 1936/1936/1936 1942/1942/1942
f 1940/1940/1940 1942/1942/1942 1936/1936/1936
f 1942/1942/1942 1941/1941/1941 1937/1937/1937
f 1942/1942/1942 1940/1940/1940 1943/1943/1943
f 1943/1943/1943 1940/1940/1940 1939/1939/1939
f 1944/1944/1944 1941/1941/1941 1942/1942/1942
f 1943/1943/1943 1944/1944/1944 1942/1942/1942
f 1941/1941/1941 1945/1945/1945 1408/1408/1408
f 1945/1945/1945 1941/1941/1941 1944/1944/1944
f 1946/1946/1946 1408/1408/1408 1945/1945/1945
f 1408/1408/1408 1946/1946/1946 1403/1403/1403
f 1947/1947/1947 1403/1403/1403 1946/1946/1946
f 1402/1402/1402 1403/1403/1403 1947/1947/1947
f 1947/1947/1947 1948/1948/1948 1402/1402/1402
f 1948/1948/1948 1404/1404/1404 1402/1402/1402
f 1420/1420/1420 1404/1404/1404 1948/1948/1948
f 1420/1420/1420 1948/1948/1948 1949/1949/1949
f 1949/1949/1949 1430/1430/1430 1420/1420/1420
f 1948/1948/1948 1947/1947/1947 1950/1950/1950
f 1950/1950/1950 1949/1949/1949 1948/1948/1948
f 1949/1949/1949 1951/1951/1951 1430/1430/1430
f 1432/1432/1432 1430/1430/1430 1951/1951/1951
f 1947/1947/1947 1946/1946/1946 1952/1952/1952
f 1952/1952/1952 1950/1950/1950 1947/1947/1947
f 1949/1949/1949 1950/1950/1950 1953/1953/1953
f 1953/1953/1953 1951/1951/1951 1949/1949/1949
f 1954/1954/1954 1950/1950/1950 1952/1952/1952
f 1953/1953/1953 1950/1950/1950 1954/1954/1954
f 1946/1946/1946 1955/1955/1955 1952/1952/1952
f 1954/1954/1954 1952/1952/1952 1956/1956/1956
f 1952/1952/1952 1955/1955/1955 1956/1956/1956
f 1957/1957/1957 1955/1955/1955 1946/1946/1946
f 1946/1946/1946 1945/1945/1945 1957/1957/1957
f 1958/1958/1958 1957/1957/1957 1945/1945/1945
f 1945/1945/1945 1944/1944/1944 1958/1958/1958
f 1959/1959/1959 1958/1958/1958 1944/1944/1944
f 1944/1944/1944 1943/1943/1943 1959/1959/1959
f 1960/1960/1960 1959/1959/1959 1943/1943/1943
f 1943/1943/1943 1939/1939/1939 1960/1960/1960
f 1939/1939/1939 1961/1961/1961 1960/1960/1960
f 1939/1939/1939 1938/1938/1938 1961/1961/1961
f 1938/1938/1938 1962/1962/1962 1961/1961/1961
f 1962/1962/1962 1938/1938/1938 1924/1924/1924
f 1955/1955/1955 1957/1957/1957 1963/1963/1963
f 1957/1957/1957 1958/1958/1958 1964/1964/1964
f 1964/1964/1964 1963/1963/1963 1957/1957/1957
f 1958/1958/1958 1959/1959/1959 1965/1965/1965
f 1965/1965/1965 1964/1964/1964 1958/1958/1958
f 1966/1966/1966 1959/1959/1959 1960/1960/1960
f 1959/1959/1959 1966/1966/1966 1965/1965/1965
f 1960/1960/1960 1961/1961/1961 1967/1967/1967
f 1967/1967/1967 1966/1966/1966 1960/1960/1960
f 1963/1963/1963 1968/1968/1968 1955/1955/1955
f 1956/1956/1956 1955/1955/1955 1968/1968/1968
f 1969/1969/1969 1963/1963/1963 1964/1964/1964
f 1963/1963/1963 1969/1969/1969 1968/1968/1968
f 1970/1970/1970 1964/1964/1964 1965/1965/1965
f 1964/1964/1964 1970/1970/1970 1969/1969/1969
f 1961/1961/1961 1971/1971/1971 1967/1967/1967
f 1961/1961/1961 1962/1962/1962 1971/1971/1971
f 1972/1972/1972 1971/1971/1971 1962/1962/1962
f 1962/1962/1962 1973/1973/1973 1972/1972/1972
f 1924/1924/1924 1973/1973/1973 1962/1962/1962
f 1974/1974/1974 1973/1973/1973 1924/1924/1924
f 1972/1972/1972 1973/1973/1973 1974/1974/1974
f 1924/1924/1924 1923/1923/1923 1974/1974/1974
f 1923/1923/1923 1975/1975/1975 1974/1974/1974
f 1862/1862/1862 1975/1975/1975 1923/1923/1923
f 1974/1974/1974 1976/1976/1976 1972/1972/1972
f 1975/1975/1975 1976/1976/1976 1974/1974/1974
f 1977/1977/1977 1975/1975/1975 1862/1862/1862
f 1978/1978/1978 1976/1976/1976 1975/1975/1975
f 1978/1978/1978 1975/1975/1975 1977/1977/1977
f 1977/1977/1977 1862/1862/1862 1979/1979/1979
f 1862/1862/1862 1860/1860/1860 1979/1979/1979
f 1980/1980/1980 1979/1979/1979 1860/1860/1860
f 1857/1857/1857 1980/1980/1980 1860/1860/1860
f 1857/1857/1857 1981/1981/1981 1980/1980/1980
f 1816/1816/1816 1981/1981/1981 1857/1857/1857
f 1981/1981/1981 1816/1816/1816 1982/1982/1982
f 1798/1798/1798 1982/1982/1982 1816/1816/1816
f 1983/1983/1983 1982/1982/1982 1798/1798/1798
f 1793/1793/1793 1983/1983/1983 1798/1798/1798
f 1984/1984/1984 1983/1983/1983 1793/1793/1793
f 1793/1793/1793 1788/1788/1788 1984/1984/1984
f 1983/1983/1983 1985/1985/1985 1982/1982/1982
f 1985/1985/1985 1983/1983/1983 1984/1984/1984
f 1982/1982/1982 1986/1986/1986 1981/1981/1981
f 1985/1985/1985 1986/1986/1986 1982/1982/1982
f 1981/1981/1981 1987/1987/1987 1980/1980/1980
f 1987/1987/1987 1981/1981/1981 1986/1986/1986
f 1979/1979/1979 1980/1980/1980 1988/1988/1988
f 1980/1980/1980 1987/1987/1987 1988/1988/1988
f 1989/1989/1989 1984/1984/1984 1788/1788/1788
f 1788/1788/1788 1789/1789/1789 1989/1989/1989
f 1985/1985/1985 1990/1990/1990 1986/1986/1986
f 1986/1986/1986 1991/1991/1991 1987/1987/1987
f 1986/1986/1986 1990/1990/1990 1991/1991/1991
f 1984/1984/1984 1992/1992/1992 1985/1985/1985
f 1990/1990/1990 1985/1985/1985 1992/1992/1992
f 1987/1987/1987 1993/1993/1993 1988/1988/1988
f 1993/1993/1993 1987/1987/1987 1991/1991/1991
f 1994/1994/1994 1984/1984/1984 1989/1989/1989
f 1994/1994/1994 1992/1992/1992 1984/1984/1984
f 1995/1995/1995 1979/1979/1979 1988/1988/1988
f 1993/1993/1993 1996/1996/1996 1988/1988/1988
f 1988/1988/1988 1996/1996/1996 1995/1995/1995
f 1979/1979/1979 1995/1995/1995 1997/1997/1997
f 1997/1997/1997 1977/1977/1977 1979/1979/1979
f 1977/1977/1977 1997/1997/1997 1998/1998/1998
f 1977/1977/1977 1998/1998/1998 1978/1978/1978
f 1999/1999/1999 1998/1998/1998 1997/1997/1997
f 1999/1999/1999 1978/1978/1978 1998/1998/1998
f 2000/2000/2000 1997/1997/1997 1995/1995/1995
f 1997/1997/1997 2000/2000/2000 1999/1999/1999
f 2001/2001/2001 1995/1995/1995 1996/1996/1996
f 2000/2000/2000 1995/1995/1995 2001/2001/2001
f 2002/2002/2002 1994/1994/1994 1989/1989/1989
f 1989/1989/1989 2003/2003/2003 2002/2002/2002
f 2003/2003/2003 1989/1989/1989 1789/1789/1789
f 1789/1789/1789 2004/2004/2004 2003/2003/2003
f 2004/2004/2004 1789/1789/1789 1790/1790/1790
f 2004/2004/2004 1790/1790/1790 2005/2005/2005
f 1791/1791/1791 2005/2005/2005 1790/1790/1790
f 2005/2005/2005 1791/1791/1791 2006/2006/2006
f 1792/1792/1792 2006/2006/2006 1791/1791/1791
f 2007/2007/2007 2003/2003/2003 2004/2004/2004
f 2008/2008/2008 2002/2002/2002 2003/2003/2003
f 2008/2008/2008 2003/2003/2003 2007/2007/2007
f 2005/2005/2005 2009/2009/2009 2004/2004/2004
f 2004/2004/2004 2009/2009/2009 2007/2007/2007
f 2002/2002/2002 2010/2010/2010 1994/1994/1994
f 2002/2002/2002 2008/2008/2008 2011/2011/2011
f 2011/2011/2011 2010/2010/2010 2002/2002/2002
f 2010/2010/2010 2012/2012/2012 1994/1994/1994
f 1992/1992/1992 1994/1994/1994 2012/2012/2012
f 2012/2012/2012 2013/2013/2013 1992/1992/1992
f 2012/2012/2012 2014/2014/2014 2013/2013/2013
f 1992/1992/1992 2013/2013/2013 1990/1990/1990
f 1990/1990/1990 2013/2013/2013 2014/2014/2014
f 2014/2014/2014 2015/2015/2015 1990/1990/1990
f 1990/1990/1990 2015/2015/2015 1991/1991/1991
f 1991/1991/1991 2015/2015/2015 2016/2016/2016
f 2016/2016/2016 1993/1993/1993 1991/1991/1991
f 2017/2017/2017 2008/2008/2008 2007/2007/2007
f 2018/2018/2018 2011/2011/2011 2008/2008/2008
f 2008/2008/2008 2017/2017/2017 2018/2018/2018
f 2007/2007/2007 2019/2019/2019 2017/2017/2017
f 2019/2019/2019 2007/2007/2007 2009/2009/2009
f 2020/2020/2020 2014/2014/2014 2012/2012/2012
f 2021/2021/2021 2020/2020/2020 2012/2012/2012
f 2012/2012/2012 2010/2010/2010 2021/2021/2021
f 2014/2014/2014 2022/2022/2022 2015/2015/2015
f 2022/2022/2022 2023/2023/2023 2015/2015/2015
f 2023/2023/2023 2016/2016/2016 2015/2015/2015
f 2023/2023/2023 2024/2024/2024 2016/2016/2016
f 2025/2025/2025 2023/2023/2023 2022/2022/2022
f 2024/2024/2024 2023/2023/2023 2025/2025/2025
f 2026/2026/2026 2016/2016/2016 2024/2024/2024
f 1993/1993/1993 2016/2016/2016 2026/2026/2026
f 2026/2026/2026 2027/2027/2027 1993/1993/1993
f 1993/1993/1993 2027/2027/2027 1996/1996/1996
f 2027/2027/2027 2028/2028/2028 1996/1996/1996
f 2001/2001/2001 1996/1996/1996 2028/2028/2028
f 2014/2014/2014 2029/2029/2029 2022/2022/2022
f 2025/2025/2025 2022/2022/2022 2030/2030/2030
f 2029/2029/2029 2030/2030/2030 2022/2022/2022
f 2014/2014/2014 2031/2031/2031 2029/2029/2029
f 2020/2020/2020 2031/2031/2031 2014/2014/2014
f 2030/2030/2030 2029/2029/2029 2032/2032/2032
f 2032/2032/2032 2029/2029/2029 2031/2031/2031
f 2033/2033/2033 2024/2024/2024 2025/2025/2025
f 2034/2034/2034 2025/2025/2025 2030/2030/2030
f 2025/2025/2025 2034/2034/2034 2033/2033/2033
f 2035/2035/2035 2030/2030/2030 2032/2032/2032
f 2030/2030/2030 2035/2035/2035 2034/2034/2034
f 2024/2024/2024 2033/2033/2033 2036/2036/2036
f 2036/2036/2036 2026/2026/2026 2024/2024/2024
f 2037/2037/2037 2031/2031/2031 2020/2020/2020
f 2031/2031/2031 2038/2038/2038 2032/2032/2032
f 2038/2038/2038 2031/2031/2031 2037/2037/2037
f 2032/2032/2032 2038/2038/2038 2039/2039/2039
f 2032/2032/2032 2039/2039/2039 2035/2035/2035
f 2020/2020/2020 2040/2040/2040 2037/2037/2037
f 2021/2021/2021 2040/2040/2040 2020/2020/2020
f 2041/2041/2041 2038/2038/2038 2037/2037/2037
f 2038/2038/2038 2041/2041/2041 2039/2039/2039
f 2042/2042/2042 2037/2037/2037 2040/2040/2040
f 2037/2037/2037 2042/2042/2042 2041/2041/2041
f 2035/2035/2035 2043/2043/2043 2034/2034/2034
f 2039/2039/2039 2044/2044/2044 2035/2035/2035
f 2035/2035/2035 2044/2044/2044 2043/2043/2043
f 2045/2045/2045 2039/2039/2039 2041/2041/2041
f 2039/2039/2039 2045/2045/2045 2044/2044/2044
f 2042/2042/2042 2046/2046/2046 2041/2041/2041
f 2041/2041/2041 2046/2046/2046 2045/2045/2045
f 2034/2034/2034 2043/2043/2043 2047/2047/2047
f 2034/2034/2034 2047/2047/2047 2033/2033/2033
f 2048/2048/2048 2033/2033/2033 2047/2047/2047
f 2033/2033/2033 2048/2048/2048 2036/2036/2036
f 2040/2040/2040 2049/2049/2049 2042/2042/2042
f 2046/2046/2046 2042/2042/2042 2050/2050/2050
f 2050/2050/2050 2042/2042/2042 2049/2049/2049
f 2049/2049/2049 2040/2040/2040 2051/2051/2051
f 2040/2040/2040 2021/2021/2021 2051/2051/2051
f 2051/2051/2051 2021/2021/2021 2052/2052/2052
f 2052/2052/2052 2021/2021/2021 2010/2010/2010
f 2010/2010/2010 2053/2053/2053 2052/2052/2052
f 2010/2010/2010 2011/2011/2011 2053/2053/2053
f 2052/2052/2052 2054/2054/2054 2051/2051/2051
f 2054/2054/2054 2052/2052/2052 2053/2053/2053
f 2055/2055/2055 2053/2053/2053 2011/2011/2011
f 2053/2053/2053 2055/2055/2055 2054/2054/2054
f 2056/2056/2056 2051/2051/2051 2054/2054/2054
f 2051/2051/2051 2056/2056/2056 2049/2049/2049
f 2011/2011/2011 2057/2057/2057 2055/2055/2055
f 2018/2018/2018 2057/2057/2057 2011/2011/2011
f 2058/2058/2058 2054/2054/2054 2055/2055/2055
f 2054/2054/2054 2058/2058/2058 2056/2056/2056
f 2055/2055/2055 2059/2059/2059 2058/2058/2058
f 2059/2059/2059 2055/2055/2055 2057/2057/2057
f 2056/2056/2056 2058/2058/2058 2060/2060/2060
f 2059/2059/2059 2060/2060/2060 2058/2058/2058
f 2049/2049/2049 2056/2056/2056 2061/2061/2061
f 2062/2062/2062 2056/2056/2056 2060/2060/2060
f 2061/2061/2061 2056/2056/2056 2062/2062/2062
f 2063/2063/2063 2049/2049/2049 2061/2061/2061
f 2049/2049/2049 2063/2063/2063 2050/2050/2050
f 2057/2057/2057 2018/2018/2018 2064/2064/2064
f 2059/2059/2059 2057/2057/2057 2065/2065/2065
f 2065/2065/2065 2057/2057/2057 2064/2064/2064
f 2060/2060/2060 2059/2059/2059 2066/2066/2066
f 2066/2066/2066 2059/2059/2059 2065/2065/2065
f 2064/2064/2064 2018/2018/2018 2067/2067/2067
f 2067/2067/2067 2018/2018/2018 2017/2017/2017
f 2017/2017/2017 2068/2068/2068 2067/2067/2067
f 2068/2068/2068 2017/2017/2017 2019/2019/2019
f 2067/2067/2067 2068/2068/2068 2069/2069/2069
f 2019/2019/2019 2070/2070/2070 2068/2068/2068
f 2069/2069/2069 2068/2068/2068 2070/2070/2070
f 2067/2067/2067 2071/2071/2071 2064/2064/2064
f 2069/2069/2069 2071/2071/2071 2067/2067/2067
f 2071/2071/2071 2069/2069/2069 2072/2072/2072
f 2064/2064/2064 2071/2071/2071 2073/2073/2073
f 2072/2072/2072 2073/2073/2073 2071/2071/2071
f 2073/2073/2073 2072/2072/2072 2074/2074/2074
f 2064/2064/2064 2075/2075/2075 2065/2065/2065
f 2073/2073/2073 2075/2075/2075 2064/2064/2064
f 2065/2065/2065 2076/2076/2076 2066/2066/2066
f 2076/2076/2076 2065/2065/2065 2075/2075/2075
f 2077/2077/2077 2075/2075/2075 2073/2073/2073
f 2073/2073/2073 2074/2074/2074 2077/2077/2077
f 2070/2070/2070 2019/2019/2019 2078/2078/2078
f 2019/2019/2019 2009/2009/2009 2078/2078/2078
f 2070/2070/2070 2079/2079/2079 2069/2069/2069
f 2072/2072/2072 2069/2069/2069 2079/2079/2079
f 2080/2080/2080 2078/2078/2078 2009/2009/2009
f 2009/2009/2009 2005/2005/2005 2080/2080/2080
f 2078/2078/2078 2081/2081/2081 2070/2070/2070
f 2079/2079/2079 2070/2070/2070 2081/2081/2081
f 2081/2081/2081 2078/2078/2078 2080/2080/2080
f 2076/2076/2076 2075/2075/2075 2082/2082/2082
f 2077/2077/2077 2082/2082/2082 2075/2075/2075
f 2076/2076/2076 2082/2082/2082 2083/2083/2083
f 2077/2077/2077 2083/2083/2083 2082/2082/2082
f 2084/2084/2084 2080/2080/2080 2005/2005/2005
f 2005/2005/2005 2006/2006/2006 2084/2084/2084
f 2083/2083/2083 2085/2085/2085 2076/2076/2076
f 2066/2066/2066 2076/2076/2076 2085/2085/2085
f 2086/2086/2086 2084/2084/2084 2006/2006/2006
f 2006/2006/2006 1792/1792/1792 2086/2086/2086
f 2085/2085/2085 2087/2087/2087 2066/2066/2066
f 2060/2060/2060 2066/2066/2066 2087/2087/2087
f 2088/2088/2088 2086/2086/2086 1792/1792/1792
f 1792/1792/1792 1779/1779/1779 2088/2088/2088
f 2087/2087/2087 2089/2089/2089 2060/2060/2060
f 2060/2060/2060 2089/2089/2089 2062/2062/2062
f 2080/2080/2080 2084/2084/2084 2090/2090/2090
f 2084/2084/2084 2086/2086/2086 2091/2091/2091
f 2091/2091/2091 2090/2090/2090 2084/2084/2084
f 2086/2086/2086 2088/2088/2088 2092/2092/2092
f 2092/2092/2092 2091/2091/2091 2086/2086/2086
f 2090/2090/2090 2093/2093/2093 2080/2080/2080
f 2080/2080/2080 2093/2093/2093 2081/2081/2081
f 2081/2081/2081 2093/2093/2093 2094/2094/2094
f 2081/2081/2081 2094/2094/2094 2079/2079/2079
f 2095/2095/2095 2079/2079/2079 2094/2094/2094
f 2079/2079/2079 2095/2095/2095 2072/2072/2072
f 2090/2090/2090 2091/2091/2091 2096/2096/2096
f 2093/2093/2093 2090/2090/2090 2097/2097/2097
f 2096/2096/2096 2097/2097/2097 2090/2090/2090
f 2094/2094/2094 2093/2093/2093 2098/2098/2098
f 2097/2097/2097 2098/2098/2098 2093/2093/2093
f 2091/2091/2091 2092/2092/2092 2099/2099/2099
f 2096/2096/2096 2091/2091/2091 2099/2099/2099
f 2094/2094/2094 2100/2100/2100 2095/2095/2095
f 2100/2100/2100 2094/2094/2094 2098/2098/2098
f 2095/2095/2095 2101/2101/2101 2072/2072/2072
f 2100/2100/2100 2102/2102/2102 2095/2095/2095
f 2095/2095/2095 2102/2102/2102 2101/2101/2101
f 2072/2072/2072 2101/2101/2101 2103/2103/2103
f 2074/2074/2074 2072/2072/2072 2103/2103/2103
f 2098/2098/2098 2097/2097/2097 2104/2104/2104
f 2105/2105/2105 2097/2097/2097 2096/2096/2096
f 2097/2097/2097 2105/2105/2105 2104/2104/2104
f 2098/2098/2098 2106/2106/2106 2100/2100/2100
f 2106/2106/2106 2098/2098/2098 2104/2104/2104
f 2100/2100/2100 2106/2106/2106 2107/2107/2107
f 2107/2107/2107 2102/2102/2102 2100/2100/2100
f 2106/2106/2106 2104/2104/2104 2108/2108/2108
f 2108/2108/2108 2107/2107/2107 2106/2106/2106
f 2102/2102/2102 2107/2107/2107 1951/1951/1951
f 1951/1951/1951 2107/2107/2107 2108/2108/2108
f 1951/1951/1951 1953/1953/1953 2102/2102/2102
f 2101/2101/2101 2102/2102/2102 1953/1953/1953
f 1953/1953/1953 1954/1954/1954 2101/2101/2101
f 2103/2103/2103 2101/2101/2101 1954/1954/1954
f 2108/2108/2108 1432/1432/1432 1951/1951/1951
f 2109/2109/2109 2108/2108/2108 2104/2104/2104
f 1432/1432/1432 2108/2108/2108 2109/2109/2109
f 2104/2104/2104 2105/2105/2105 2109/2109/2109
f 1954/1954/1954 2110/2110/2110 2103/2103/2103
f 1956/1956/1956 2110/2110/2110 1954/1954/1954
f 2074/2074/2074 2103/2103/2103 2110/2110/2110
f 2109/2109/2109 2111/2111/2111 1432/1432/1432
f 1431/1431/1431 1432/1432/1432 2111/2111/2111
f 2112/2112/2112 2109/2109/2109 2105/2105/2105
f 2111/2111/2111 2109/2109/2109 2112/2112/2112
f 1431/1431/1431 2111/2111/2111 2113/2113/2113
f 2112/2112/2112 2113/2113/2113 2111/2111/2111
f 1436/1436/1436 1431/1431/1431 2113/2113/2113
f 2110/2110/2110 1956/1956/1956 2114/2114/2114
f 1968/1968/1968 2114/2114/2114 1956/1956/1956
f 2105/2105/2105 2115/2115/2115 2112/2112/2112
f 2096/2096/2096 2115/2115/2115 2105/2105/2105
f 2115/2115/2115 2096/2096/2096 2099/2099/2099
f 2116/2116/2116 1436/1436/1436 2113/2113/2113
f 1436/1436/1436 2116/2116/2116 1442/1442/1442
f 2113/2113/2113 2112/2112/2112 2117/2117/2117
f 2115/2115/2115 2117/2117/2117 2112/2112/2112
f 2117/2117/2117 2116/2116/2116 2113/2113/2113
f 2099/2099/2099 2118/2118/2118 2115/2115/2115
f 2117/2117/2117 2115/2115/2115 2118/2118/2118
f 2116/2116/2116 2117/2117/2117 2119/2119/2119
f 2119/2119/2119 2117/2117/2117 2118/2118/2118
f 1442/1442/1442 2116/2116/2116 2120/2120/2120
f 2119/2119/2119 2120/2120/2120 2116/2116/2116
f 2118/2118/2118 2099/2099/2099 2121/2121/2121
f 2121/2121/2121 2099/2099/2099 2092/2092/2092
f 2120/2120/2120 2122/2122/2122 1442/1442/1442
f 1442/1442/1442 2122/2122/2122 1438/1438/1438
f 2118/2118/2118 2123/2123/2123 2119/2119/2119
f 2118/2118/2118 2121/2121/2121 2123/2123/2123
f 2092/2092/2092 2124/2124/2124 2121/2121/2121
f 2124/2124/2124 2092/2092/2092 2088/2088/2088
f 2125/2125/2125 2120/2120/2120 2119/2119/2119
f 2122/2122/2122 2120/2120/2120 2125/2125/2125
f 2126/2126/2126 1438/1438/1438 2122/2122/2122
f 1438/1438/1438 2126/2126/2126 1439/1439/1439
f 2127/2127/2127 2119/2119/2119 2123/2123/2123
f 2119/2119/2119 2127/2127/2127 2125/2125/2125
f 2121/2121/2121 2128/2128/2128 2123/2123/2123
f 2121/2121/2121 2124/2124/2124 2128/2128/2128
f 2088/2088/2088 2129/2129/2129 2124/2124/2124
f 1779/1779/1779 2129/2129/2129 2088/2088/2088
f 2125/2125/2125 2130/2130/2130 2122/2122/2122
f 2130/2130/2130 2126/2126/2126 2122/2122/2122
f 2123/2123/2123 2131/2131/2131 2127/2127/2127
f 2131/2131/2131 2123/2123/2123 2128/2128/2128
f 2124/2124/2124 2132/2132/2132 2128/2128/2128
f 2132/2132/2132 2124/2124/2124 2129/2129/2129
f 1779/1779/1779 2133/2133/2133 2129/2129/2129
f 1780/1780/1780 2133/2133/2133 1779/1779/1779
f 2127/2127/2127 2134/2134/2134 2125/2125/2125
f 2130/2130/2130 2125/2125/2125 2134/2134/2134
f 2135/2135/2135 2129/2129/2129 2133/2133/2133
f 2129/2129/2129 2135/2135/2135 2132/2132/2132
f 2136/2136/2136 2128/2128/2128 2132/2132/2132
f 2128/2128/2128 2136/2136/2136 2131/2131/2131
f 2137/2137/2137 2133/2133/2133 1780/1780/1780
f 2133/2133/2133 2137/2137/2137 2135/2135/2135
f 2138/2138/2138 2127/2127/2127 2131/2131/2131
f 2134/2134/2134 2127/2127/2127 2138/2138/2138
f 2139/2139/2139 2132/2132/2132 2135/2135/2135
f 2132/2132/2132 2139/2139/2139 2136/2136/2136
f 2131/2131/2131 2136/2136/2136 2140/2140/2140
f 2131/2131/2131 2140/2140/2140 2138/2138/2138
f 1780/1780/1780 2141/2141/2141 2137/2137/2137
f 1776/1776/1776 2141/2141/2141 1780/1780/1780
f 2142/2142/2142 2135/2135/2135 2137/2137/2137
f 2135/2135/2135 2142/2142/2142 2139/2139/2139
f 2143/2143/2143 2136/2136/2136 2139/2139/2139
f 2136/2136/2136 2143/2143/2143 2140/2140/2140
f 2144/2144/2144 2137/2137/2137 2141/2141/2141
f 2137/2137/2137 2144/2144/2144 2142/2142/2142
f 1776/1776/1776 2145/2145/2145 2141/2141/2141
f 2141/2141/2141 2145/2145/2145 2144/2144/2144
f 2142/2142/2142 2146/2146/2146 2139/2139/2139
f 2139/2139/2139 2146/2146/2146 2143/2143/2143
f 2147/2147/2147 2142/2142/2142 2144/2144/2144
f 2146/2146/2146 2142/2142/2142 2147/2147/2147
f 1776/1776/1776 2148/2148/2148 2145/2145/2145
f 1717/1717/1717 2148/2148/2148 1776/1776/1776
f 1718/1718/1718 2148/2148/2148 1717/1717/1717
f 2148/2148/2148 1718/1718/1718 2149/2149/2149
f 2149/2149/2149 2145/2145/2145 2148/2148/2148
f 2149/2149/2149 1718/1718/1718 1719/1719/1719
f 2145/2145/2145 2150/2150/2150 2144/2144/2144
f 2145/2145/2145 2149/2149/2149 2150/2150/2150
f 2144/2144/2144 2150/2150/2150 2147/2147/2147
f 2149/2149/2149 1719/1719/1719 2151/2151/2151
f 2151/2151/2151 2150/2150/2150 2149/2149/2149
f 1719/1719/1719 1720/1720/1720 2151/2151/2151
f 2150/2150/2150 2152/2152/2152 2147/2147/2147
f 2150/2150/2150 2151/2151/2151 2152/2152/2152
f 2151/2151/2151 1720/1720/1720 2153/2153/2153
f 2153/2153/2153 2152/2152/2152 2151/2151/2151
f 2153/2153/2153 1720/1720/1720 1724/1724/1724
f 2147/2147/2147 2152/2152/2152 2154/2154/2154
f 2154/2154/2154 2146/2146/2146 2147/2147/2147
f 2153/2153/2153 1724/1724/1724 2155/2155/2155
f 2155/2155/2155 1724/1724/1724 1726/1726/1726
f 2156/2156/2156 2152/2152/2152 2153/2153/2153
f 2152/2152/2152 2156/2156/2156 2154/2154/2154
f 2155/2155/2155 2156/2156/2156 2153/2153/2153
f 2146/2146/2146 2154/2154/2154 2157/2157/2157
f 2157/2157/2157 2143/2143/2143 2146/2146/2146
f 2155/2155/2155 1726/1726/1726 2158/2158/2158
f 2158/2158/2158 1726/1726/1726 1727/1727/1727
f 2154/2154/2154 2156/2156/2156 2159/2159/2159
f 2159/2159/2159 2157/2157/2157 2154/2154/2154
f 2156/2156/2156 2155/2155/2155 2160/2160/2160
f 2158/2158/2158 2160/2160/2160 2155/2155/2155
f 2159/2159/2159 2156/2156/2156 2160/2160/2160
f 2143/2143/2143 2157/2157/2157 2161/2161/2161
f 2161/2161/2161 2140/2140/2140 2143/2143/2143
f 2158/2158/2158 1727/1727/1727 2162/2162/2162
f 1701/1701/1701 2162/2162/2162 1727/1727/1727
f 2163/2163/2163 2157/2157/2157 2159/2159/2159
f 2161/2161/2161 2157/2157/2157 2163/2163/2163
f 2159/2159/2159 2160/2160/2160 2164/2164/2164
f 2164/2164/2164 2163/2163/2163 2159/2159/2159
f 2165/2165/2165 2160/2160/2160 2158/2158/2158
f 2162/2162/2162 2165/2165/2165 2158/2158/2158
f 2164/2164/2164 2160/2160/2160 2165/2165/2165
f 2162/2162/2162 1701/1701/1701 2166/2166/2166
f 2166/2166/2166 2165/2165/2165 2162/2162/2162
f 1701/1701/1701 1684/1684/1684 2166/2166/2166
f 2166/2166/2166 1684/1684/1684 1685/1685/1685
f 2165/2165/2165 2166/2166/2166 2167/2167/2167
f 1685/1685/1685 2167/2167/2167 2166/2166/2166
f 2167/2167/2167 2164/2164/2164 2165/2165/2165
f 1686/1686/1686 2167/2167/2167 1685/1685/1685
f 2164/2164/2164 2167/2167/2167 2168/2168/2168
f 2167/2167/2167 1686/1686/1686 2168/2168/2168
f 2168/2168/2168 2163/2163/2163 2164/2164/2164
f 2168/2168/2168 1686/1686/1686 1687/1687/1687
f 2163/2163/2163 2168/2168/2168 2169/2169/2169
f 1687/1687/1687 2169/2169/2169 2168/2168/2168
f 2169/2169/2169 2161/2161/2161 2163/2163/2163
f 2170/2170/2170 2169/2169/2169 1687/1687/1687
f 1687/1687/1687 1692/1692/1692 2170/2170/2170
f 2161/2161/2161 2169/2169/2169 2171/2171/2171
f 2169/2169/2169 2170/2170/2170 2171/2171/2171
f 2140/2140/2140 2161/2161/2161 2171/2171/2171
f 2138/2138/2138 2140/2140/2140 2171/2171/2171
f 2170/2170/2170 1692/1692/1692 2172/2172/2172
f 1533/1533/1533 2172/2172/2172 1692/1692/1692
f 2138/2138/2138 2171/2171/2171 2173/2173/2173
f 2173/2173/2173 2134/2134/2134 2138/2138/2138
f 2171/2171/2171 2170/2170/2170 2174/2174/2174
f 2172/2172/2172 2174/2174/2174 2170/2170/2170
f 2171/2171/2171 2174/2174/2174 2173/2173/2173
f 1533/1533/1533 2175/2175/2175 2172/2172/2172
f 2175/2175/2175 1533/1533/1533 1501/1501/1501
f 2176/2176/2176 2134/2134/2134 2173/2173/2173
f 2176/2176/2176 2130/2130/2130 2134/2134/2134
f 2174/2174/2174 2177/2177/2177 2173/2173/2173
f 2173/2173/2173 2177/2177/2177 2176/2176/2176
f 2178/2178/2178 2174/2174/2174 2172/2172/2172
f 2172/2172/2172 2175/2175/2175 2178/2178/2178
f 2177/2177/2177 2174/2174/2174 2178/2178/2178
f 2179/2179/2179 2175/2175/2175 1501/1501/1501
f 1501/1501/1501 1473/1473/1473 2179/2179/2179
f 1473/1473/1473 1465/1465/1465 2179/2179/2179
f 2180/2180/2180 2130/2130/2130 2176/2176/2176
f 2180/2180/2180 2126/2126/2126 2130/2130/2130
f 2176/2176/2176 2181/2181/2181 2180/2180/2180
f 2176/2176/2176 2177/2177/2177 2181/2181/2181
f 2126/2126/2126 2180/2180/2180 2181/2181/2181
f 2178/2178/2178 2175/2175/2175 2182/2182/2182
f 2175/2175/2175 2179/2179/2179 2182/2182/2182
f 2179/2179/2179 1465/1465/1465 2183/2183/2183
f 2183/2183/2183 2182/2182/2182 2179/2179/2179
f 2183/2183/2183 1465/1465/1465 1450/1450/1450
f 2183/2183/2183 1450/1450/1450 1440/1440/1440
f 2184/2184/2184 2177/2177/2177 2178/2178/2178
f 2184/2184/2184 2181/2181/2181 2177/2177/2177
f 2178/2178/2178 2182/2182/2182 2184/2184/2184
f 2181/2181/2181 2185/2185/2185 2126/2126/2126
f 2185/2185/2185 2181/2181/2181 2184/2184/2184
f 2185/2185/2185 1439/1439/1439 2126/2126/2126
f 1440/1440/1440 2186/2186/2186 2183/2183/2183
f 2182/2182/2182 2183/2183/2183 2186/2186/2186
f 2182/2182/2182 2186/2186/2186 2184/2184/2184
f 2184/2184/2184 2186/2186/2186 2185/2185/2185
f 1439/1439/1439 2186/2186/2186 1440/1440/1440
f 2186/2186/2186 1439/1439/1439 2185/2185/2185
f 2187/2187/2187 2188/2188/2188 2189/2189/2189
f 2190/2190/2190 2187/2187/2187 2189/2189/2189
f 2190/2190/2190 2189/2189/2189 2191/2191/2191
f 2191/2191/2191 2189/2189/2189 2192/2192/2192
f 2191/2191/2191 2193/2193/2193 2190/2190/2190
f 2191/2191/2191 2192/2192/2192 2194/2194/2194
f 2193/2193/2193 2191/2191/2191 2195/2195/2195
f 2194/2194/2194 2195/2195/2195 2191/2191/2191
f 2196/2196/2196 2195/2195/2195 2194/2194/2194
f 2195/2195/2195 2197/2197/2197 2193/2193/2193
f 2198/2198/2198 2195/2195/2195 2196/2196/2196
f 2198/2198/2198 2197/2197/2197 2195/2195/2195
f 2198/2198/2198 2196/2196/2196 2199/2199/2199
f 2197/2197/2197 2198/2198/2198 2200/2200/2200
f 2197/2197/2197 2200/2200/2200 2201/2201/2201
f 2199/2199/2199 2202/2202/2202 2198/2198/2198
f 2200/2200/2200 2198/2198/2198 2202/2202/2202
f 2202/2202/2202 2199/2199/2199 2203/2203/2203
f 2201/2201/2201 2200/2200/2200 2204/2204/2204
f 2205/2205/2205 2201/2201/2201 2204/2204/2204
f 2203/2203/2203 2206/2206/2206 2202/2202/2202
f 2206/2206/2206 2203/2203/2203 2207/2207/2207
f 2204/2204/2204 2208/2208/2208 2205/2205/2205
f 2209/2209/2209 2205/2205/2205 2208/2208/2208
f 2208/2208/2208 2210/2210/2210 2209/2209/2209
f 2211/2211/2211 2210/2210/2210 2208/2208/2208
f 2211/2211/2211 2208/2208/2208 2204/2204/2204
f 2204/2204/2204 2212/2212/2212 2211/2211/2211
f 2204/2204/2204 2200/2200/2200 2212/2212/2212
f 2212/2212/2212 2200/2200/2200 2213/2213/2213
f 2200/2200/2200 2202/2202/2202 2213/2213/2213
f 2202/2202/2202 2214/2214/2214 2213/2213/2213
f 2214/2214/2214 2202/2202/2202 2206/2206/2206
f 2215/2215/2215 2214/2214/2214 2206/2206/2206
f 2207/2207/2207 2216/2216/2216 2206/2206/2206
f 2206/2206/2206 2216/2216/2216 2215/2215/2215
f 2216/2216/2216 2207/2207/2207 2217/2217/2217
f 2215/2215/2215 2216/2216/2216 2217/2217/2217
f 2218/2218/2218 2219/2219/2219 2220/2220/2220
f 2220/2220/2220 2219/2219/2219 2221/2221/2221
f 2222/2222/2222 2220/2220/2220 2221/2221/2221
f 2221/2221/2221 2219/2219/2219 2223/2223/2223
f 2221/2221/2221 2224/2224/2224 2222/2222/2222
f 2223/2223/2223 2225/2225/2225 2221/2221/2221
f 2221/2221/2221 2225/2225/2225 2224/2224/2224
f 2225/2225/2225 2223/2223/2223 2226/2226/2226
f 2224/2224/2224 2225/2225/2225 2227/2227/2227
f 2226/2226/2226 2228/2228/2228 2225/2225/2225
f 2227/2227/2227 2225/2225/2225 2228/2228/2228
f 2228/2228/2228 2226/2226/2226 2229/2229/2229
f 2228/2228/2228 2230/2230/2230 2227/2227/2227
f 2229/2229/2229 2231/2231/2231 2228/2228/2228
f 2228/2228/2228 2231/2231/2231 2230/2230/2230
f 2231/2231/2231 2229/2229/2229 2232/2232/2232
f 2230/2230/2230 2231/2231/2231 2233/2233/2233
f 2232/2232/2232 2234/2234/2234 2231/2231/2231
f 2233/2233/2233 2231/2231/2231 2234/2234/2234
f 2234/2234/2234 2232/2232/2232 2235/2235/2235
f 2234/2234/2234 2236/2236/2236 2233/2233/2233
f 2235/2235/2235 2237/2237/2237 2234/2234/2234
f 2236/2236/2236 2234/2234/2234 2237/2237/2237
f 2237/2237/2237 2235/2235/2235 2238/2238/2238
f 2237/2237/2237 2239/2239/2239 2236/2236/2236
f 2238/2238/2238 2240/2240/2240 2237/2237/2237
f 2239/2239/2239 2237/2237/2237 2240/2240/2240
f 2240/2240/2240 2241/2241/2241 2239/2239/2239
f 2240/2240/2240 2238/2238/2238 2242/2242/2242
f 2241/2241/2241 2240/2240/2240 2243/2243/2243
f 2242/2242/2242 2243/2243/2243 2240/2240/2240
f 2243/2243/2243 2244/2244/2244 2241/2241/2241
f 2245/2245/2245 2244/2244/2244 2243/2243/2243
f 2243/2243/2243 2242/2242/2242 2246/2246/2246
f 2243/2243/2243 2246/2246/2246 2245/2245/2245
f 2245/2245/2245 2246/2246/2246 2247/2247/2247
f 2242/2242/2242 2248/2248/2248 2246/2246/2246
f 2246/2246/2246 2249/2249/2249 2247/2247/2247
f 2246/2246/2246 2248/2248/2248 2249/2249/2249
f 2248/2248/2248 2250/2250/2250 2249/2249/2249
f 2251/2251/2251 2252/2252/2252 2253/2253/2253
f 2253/2253/2253 2252/2252/2252 2254/2254/2254
f 2255/2255/2255 2254/2254/2254 2252/2252/2252
f 2256/2256/2256 2255/2255/2255 2252/2252/2252
f 2257/2257/2257 2253/2253/2253 2254/2254/2254
f 2252/2252/2252 2258/2258/2258 2256/2256/2256
f 2256/2256/2256 2258/2258/2258 2259/2259/2259
f 2260/2260/2260 2258/2258/2258 2252/2252/2252
f 2253/2253/2253 2257/2257/2257 2261/2261/2261
f 2261/2261/2261 2257/2257/2257 2262/2262/2262
f 2259/2259/2259 2258/2258/2258 2263/2263/2263
f 2264/2264/2264 2259/2259/2259 2263/2263/2263
f 2253/2253/2253 2265/2265/2265 2260/2260/2260
f 2261/2261/2261 2265/2265/2265 2253/2253/2253
f 2262/2262/2262 2266/2266/2266 2261/2261/2261
f 2267/2267/2267 2266/2266/2266 2262/2262/2262
f 2263/2263/2263 2258/2258/2258 2268/2268/2268
f 2269/2269/2269 2268/2268/2268 2258/2258/2258
f 2263/2263/2263 2270/2270/2270 2264/2264/2264
f 2264/2264/2264 2270/2270/2270 2271/2271/2271
f 2265/2265/2265 2261/2261/2261 2272/2272/2272
f 2272/2272/2272 2261/2261/2261 2266/2266/2266
f 2266/2266/2266 2267/2267/2267 2273/2273/2273
f 2273/2273/2273 2267/2267/2267 2274/2274/2274
f 2268/2268/2268 2275/2275/2275 2263/2263/2263
f 2270/2270/2270 2263/2263/2263 2275/2275/2275
f 2271/2271/2271 2270/2270/2270 2276/2276/2276
f 2277/2277/2277 2271/2271/2271 2276/2276/2276
f 2266/2266/2266 2278/2278/2278 2272/2272/2272
f 2278/2278/2278 2266/2266/2266 2273/2273/2273
f 2274/2274/2274 2279/2279/2279 2273/2273/2273
f 2280/2280/2280 2279/2279/2279 2274/2274/2274
f 2275/2275/2275 2281/2281/2281 2270/2270/2270
f 2276/2276/2276 2270/2270/2270 2281/2281/2281
f 2276/2276/2276 2282/2282/2282 2277/2277/2277
f 2282/2282/2282 2283/2283/2283 2277/2277/2277
f 2273/2273/2273 2284/2284/2284 2278/2278/2278
f 2284/2284/2284 2273/2273/2273 2279/2279/2279
f 2279/2279/2279 2280/2280/2280 2285/2285/2285
f 2285/2285/2285 2280/2280/2280 2286/2286/2286
f 2281/2281/2281 2287/2287/2287 2276/2276/2276
f 2282/2282/2282 2276/2276/2276 2287/2287/2287
f 2283/2283/2283 2282/2282/2282 2288/2288/2288
f 2289/2289/2289 2283/2283/2283 2288/2288/2288
f 2287/2287/2287 2290/2290/2290 2282/2282/2282
f 2288/2288/2288 2282/2282/2282 2290/2290/2290
f 2291/2291/2291 2287/2287/2287 2281/2281/2281
f 2290/2290/2290 2287/2287/2287 2291/2291/2291
f 2288/2288/2288 2292/2292/2292 2289/2289/2289
f 2292/2292/2292 2293/2293/2293 2289/2289/2289
f 2290/2290/2290 2294/2294/2294 2288/2288/2288
f 2292/2292/2292 2288/2288/2288 2294/2294/2294
f 2293/2293/2293 2292/2292/2292 2295/2295/2295
f 2296/2296/2296 2293/2293/2293 2295/2295/2295
f 2281/2281/2281 2297/2297/2297 2291/2291/2291
f 2275/2275/2275 2297/2297/2297 2281/2281/2281
f 2291/2291/2291 2298/2298/2298 2290/2290/2290
f 2290/2290/2290 2298/2298/2298 2294/2294/2294
f 2294/2294/2294 2299/2299/2299 2292/2292/2292
f 2295/2295/2295 2292/2292/2292 2299/2299/2299
f 2295/2295/2295 2300/2300/2300 2296/2296/2296
f 2300/2300/2300 2301/2301/2301 2296/2296/2296
f 2275/2275/2275 2302/2302/2302 2297/2297/2297
f 2302/2302/2302 2275/2275/2275 2268/2268/2268
f 2297/2297/2297 2303/2303/2303 2291/2291/2291
f 2303/2303/2303 2298/2298/2298 2291/2291/2291
f 2294/2294/2294 2298/2298/2298 2304/2304/2304
f 2299/2299/2299 2294/2294/2294 2304/2304/2304
f 2299/2299/2299 2305/2305/2305 2295/2295/2295
f 2295/2295/2295 2305/2305/2305 2300/2300/2300
f 2300/2300/2300 2306/2306/2306 2301/2301/2301
f 2307/2307/2307 2301/2301/2301 2306/2306/2306
f 2268/2268/2268 2308/2308/2308 2302/2302/2302
f 2308/2308/2308 2268/2268/2268 2260/2260/2260
f 2309/2309/2309 2298/2298/2298 2303/2303/2303
f 2304/2304/2304 2298/2298/2298 2309/2309/2309
f 2304/2304/2304 2310/2310/2310 2299/2299/2299
f 2299/2299/2299 2310/2310/2310 2305/2305/2305
f 2305/2305/2305 2311/2311/2311 2300/2300/2300
f 2306/2306/2306 2300/2300/2300 2311/2311/2311
f 2260/2260/2260 2312/2312/2312 2308/2308/2308
f 2312/2312/2312 2260/2260/2260 2265/2265/2265
f 2265/2265/2265 2313/2313/2313 2312/2312/2312
f 2272/2272/2272 2313/2313/2313 2265/2265/2265
f 2309/2309/2309 2314/2314/2314 2304/2304/2304
f 2314/2314/2314 2310/2310/2310 2304/2304/2304
f 2315/2315/2315 2308/2308/2308 2312/2312/2312
f 2315/2315/2315 2312/2312/2312 2313/2313/2313
f 2313/2313/2313 2272/2272/2272 2316/2316/2316
f 2316/2316/2316 2272/2272/2272 2278/2278/2278
f 2313/2313/2313 2317/2317/2317 2315/2315/2315
f 2317/2317/2317 2313/2313/2313 2316/2316/2316
f 2278/2278/2278 2318/2318/2318 2316/2316/2316
f 2278/2278/2278 2284/2284/2284 2318/2318/2318
f 2316/2316/2316 2319/2319/2319 2317/2317/2317
f 2319/2319/2319 2316/2316/2316 2318/2318/2318
f 2317/2317/2317 2319/2319/2319 2320/2320/2320
f 2318/2318/2318 2321/2321/2321 2319/2319/2319
f 2320/2320/2320 2319/2319/2319 2321/2321/2321
f 2318/2318/2318 2284/2284/2284 2322/2322/2322
f 2323/2323/2323 2321/2321/2321 2318/2318/2318
f 2318/2318/2318 2322/2322/2322 2323/2323/2323
f 2322/2322/2322 2284/2284/2284 2324/2324/2324
f 2279/2279/2279 2324/2324/2324 2284/2284/2284
f 2324/2324/2324 2279/2279/2279 2285/2285/2285
f 2324/2324/2324 2325/2325/2325 2322/2322/2322
f 2323/2323/2323 2322/2322/2322 2325/2325/2325
f 2285/2285/2285 2326/2326/2326 2324/2324/2324
f 2326/2326/2326 2325/2325/2325 2324/2324/2324
f 2326/2326/2326 2285/2285/2285 2327/2327/2327
f 2286/2286/2286 2327/2327/2327 2285/2285/2285
f 2286/2286/2286 2328/2328/2328 2327/2327/2327
f 2327/2327/2327 2328/2328/2328 2329/2329/2329
f 2329/2329/2329 2328/2328/2328 2330/2330/2330
f 2327/2327/2327 2331/2331/2331 2326/2326/2326
f 2331/2331/2331 2327/2327/2327 2329/2329/2329
f 2325/2325/2325 2326/2326/2326 2332/2332/2332
f 2332/2332/2332 2326/2326/2326 2331/2331/2331
f 2330/2330/2330 2333/2333/2333 2329/2329/2329
f 2333/2333/2333 2330/2330/2330 2334/2334/2334
f 2329/2329/2329 2335/2335/2335 2331/2331/2331
f 2335/2335/2335 2329/2329/2329 2333/2333/2333
f 2333/2333/2333 2334/2334/2334 2336/2336/2336
f 2336/2336/2336 2334/2334/2334 2337/2337/2337
f 2338/2338/2338 2325/2325/2325 2332/2332/2332
f 2325/2325/2325 2338/2338/2338 2323/2323/2323
f 2331/2331/2331 2339/2339/2339 2332/2332/2332
f 2335/2335/2335 2339/2339/2339 2331/2331/2331
f 2333/2333/2333 2340/2340/2340 2335/2335/2335
f 2340/2340/2340 2333/2333/2333 2336/2336/2336
f 2332/2332/2332 2341/2341/2341 2338/2338/2338
f 2341/2341/2341 2332/2332/2332 2339/2339/2339
f 2323/2323/2323 2338/2338/2338 2342/2342/2342
f 2341/2341/2341 2342/2342/2342 2338/2338/2338
f 2339/2339/2339 2335/2335/2335 2343/2343/2343
f 2343/2343/2343 2335/2335/2335 2340/2340/2340
f 2339/2339/2339 2344/2344/2344 2341/2341/2341
f 2344/2344/2344 2339/2339/2339 2343/2343/2343
f 2345/2345/2345 2323/2323/2323 2342/2342/2342
f 2321/2321/2321 2323/2323/2323 2345/2345/2345
f 2342/2342/2342 2341/2341/2341 2346/2346/2346
f 2346/2346/2346 2341/2341/2341 2344/2344/2344
f 2345/2345/2345 2347/2347/2347 2321/2321/2321
f 2321/2321/2321 2347/2347/2347 2320/2320/2320
f 2345/2345/2345 2342/2342/2342 2348/2348/2348
f 2348/2348/2348 2342/2342/2342 2346/2346/2346
f 2347/2347/2347 2345/2345/2345 2349/2349/2349
f 2348/2348/2348 2349/2349/2349 2345/2345/2345
f 2320/2320/2320 2347/2347/2347 2350/2350/2350
f 2349/2349/2349 2350/2350/2350 2347/2347/2347
f 2340/2340/2340 2351/2351/2351 2343/2343/2343
f 2343/2343/2343 2352/2352/2352 2344/2344/2344
f 2352/2352/2352 2343/2343/2343 2351/2351/2351
f 2344/2344/2344 2353/2353/2353 2346/2346/2346
f 2352/2352/2352 2353/2353/2353 2344/2344/2344
f 2346/2346/2346 2354/2354/2354 2348/2348/2348
f 2354/2354/2354 2346/2346/2346 2353/2353/2353
f 2351/2351/2351 2340/2340/2340 2355/2355/2355
f 2336/2336/2336 2355/2355/2355 2340/2340/2340
f 2355/2355/2355 2336/2336/2336 2356/2356/2356
f 2337/2337/2337 2356/2356/2356 2336/2336/2336
f 2357/2357/2357 2356/2356/2356 2337/2337/2337
f 2337/2337/2337 2358/2358/2358 2357/2357/2357
f 2357/2357/2357 2358/2358/2358 2359/2359/2359
f 2355/2355/2355 2356/2356/2356 2360/2360/2360
f 2360/2360/2360 2356/2356/2356 2357/2357/2357
f 2351/2351/2351 2355/2355/2355 2361/2361/2361
f 2361/2361/2361 2355/2355/2355 2360/2360/2360
f 2362/2362/2362 2351/2351/2351 2361/2361/2361
f 2351/2351/2351 2362/2362/2362 2352/2352/2352
f 2353/2353/2353 2352/2352/2352 2363/2363/2363
f 2363/2363/2363 2352/2352/2352 2362/2362/2362
f 2364/2364/2364 2353/2353/2353 2363/2363/2363
f 2353/2353/2353 2364/2364/2364 2354/2354/2354
f 2360/2360/2360 2365/2365/2365 2361/2361/2361
f 2361/2361/2361 2366/2366/2366 2362/2362/2362
f 2366/2366/2366 2361/2361/2361 2365/2365/2365
f 2362/2362/2362 2367/2367/2367 2363/2363/2363
f 2362/2362/2362 2366/2366/2366 2367/2367/2367
f 2357/2357/2357 2368/2368/2368 2360/2360/2360
f 2365/2365/2365 2360/2360/2360 2368/2368/2368
f 2363/2363/2363 2369/2369/2369 2364/2364/2364
f 2369/2369/2369 2363/2363/2363 2367/2367/2367
f 2354/2354/2354 2364/2364/2364 2370/2370/2370
f 2364/2364/2364 2369/2369/2369 2371/2371/2371
f 2371/2371/2371 2370/2370/2370 2364/2364/2364
f 2370/2370/2370 2372/2372/2372 2354/2354/2354
f 2348/2348/2348 2354/2354/2354 2372/2372/2372
f 2372/2372/2372 2373/2373/2373 2348/2348/2348
f 2349/2349/2349 2348/2348/2348 2373/2373/2373
f 2374/2374/2374 2372/2372/2372 2370/2370/2370
f 2374/2374/2374 2373/2373/2373 2372/2372/2372
f 2375/2375/2375 2349/2349/2349 2373/2373/2373
f 2350/2350/2350 2349/2349/2349 2375/2375/2375
f 2376/2376/2376 2370/2370/2370 2371/2371/2371
f 2370/2370/2370 2376/2376/2376 2374/2374/2374
f 2377/2377/2377 2373/2373/2373 2374/2374/2374
f 2375/2375/2375 2373/2373/2373 2377/2377/2377
f 2378/2378/2378 2374/2374/2374 2376/2376/2376
f 2377/2377/2377 2374/2374/2374 2378/2378/2378
f 2369/2369/2369 2367/2367/2367 2379/2379/2379
f 2380/2380/2380 2371/2371/2371 2369/2369/2369
f 2369/2369/2369 2379/2379/2379 2380/2380/2380
f 2371/2371/2371 2381/2381/2381 2376/2376/2376
f 2381/2381/2381 2371/2371/2371 2380/2380/2380
f 2376/2376/2376 2382/2382/2382 2378/2378/2378
f 2382/2382/2382 2376/2376/2376 2381/2381/2381
f 2379/2379/2379 2367/2367/2367 2383/2383/2383
f 2367/2367/2367 2366/2366/2366 2383/2383/2383
f 2383/2383/2383 2366/2366/2366 2384/2384/2384
f 2366/2366/2366 2365/2365/2365 2384/2384/2384
f 2384/2384/2384 2365/2365/2365 2385/2385/2385
f 2385/2385/2385 2365/2365/2365 2368/2368/2368
f 2383/2383/2383 2386/2386/2386 2379/2379/2379
f 2384/2384/2384 2387/2387/2387 2383/2383/2383
f 2386/2386/2386 2383/2383/2383 2387/2387/2387
f 2388/2388/2388 2380/2380/2380 2379/2379/2379
f 2379/2379/2379 2386/2386/2386 2388/2388/2388
f 2385/2385/2385 2389/2389/2389 2384/2384/2384
f 2387/2387/2387 2384/2384/2384 2389/2389/2389
f 2381/2381/2381 2380/2380/2380 2390/2390/2390
f 2391/2391/2391 2380/2380/2380 2388/2388/2388
f 2390/2390/2390 2380/2380/2380 2391/2391/2391
f 2392/2392/2392 2381/2381/2381 2390/2390/2390
f 2382/2382/2382 2381/2381/2381 2392/2392/2392
f 2393/2393/2393 2390/2390/2390 2391/2391/2391
f 2390/2390/2390 2393/2393/2393 2392/2392/2392
f 2385/2385/2385 2368/2368/2368 2394/2394/2394
f 2395/2395/2395 2389/2389/2389 2385/2385/2385
f 2385/2385/2385 2394/2394/2394 2395/2395/2395
f 2394/2394/2394 2368/2368/2368 2396/2396/2396
f 2396/2396/2396 2368/2368/2368 2357/2357/2357
f 2357/2357/2357 2397/2397/2397 2396/2396/2396
f 2359/2359/2359 2397/2397/2397 2357/2357/2357
f 2398/2398/2398 2397/2397/2397 2359/2359/2359
f 2359/2359/2359 2399/2399/2399 2398/2398/2398
f 2400/2400/2400 2396/2396/2396 2397/2397/2397
f 2397/2397/2397 2398/2398/2398 2400/2400/2400
f 2401/2401/2401 2394/2394/2394 2396/2396/2396
f 2396/2396/2396 2400/2400/2400 2401/2401/2401
f 2398/2398/2398 2399/2399/2399 2402/2402/2402
f 2403/2403/2403 2402/2402/2402 2399/2399/2399
f 2404/2404/2404 2400/2400/2400 2398/2398/2398
f 2398/2398/2398 2402/2402/2402 2404/2404/2404
f 2405/2405/2405 2402/2402/2402 2403/2403/2403
f 2403/2403/2403 2406/2406/2406 2405/2405/2405
f 2407/2407/2407 2395/2395/2395 2394/2394/2394
f 2394/2394/2394 2401/2401/2401 2407/2407/2407
f 2401/2401/2401 2400/2400/2400 2408/2408/2408
f 2404/2404/2404 2408/2408/2408 2400/2400/2400
f 2409/2409/2409 2404/2404/2404 2402/2402/2402
f 2409/2409/2409 2402/2402/2402 2405/2405/2405
f 2410/2410/2410 2405/2405/2405 2406/2406/2406
f 2411/2411/2411 2410/2410/2410 2406/2406/2406
f 2412/2412/2412 2407/2407/2407 2401/2401/2401
f 2401/2401/2401 2408/2408/2408 2412/2412/2412
f 2413/2413/2413 2408/2408/2408 2404/2404/2404
f 2404/2404/2404 2409/2409/2409 2413/2413/2413
f 2414/2414/2414 2409/2409/2409 2405/2405/2405
f 2405/2405/2405 2410/2410/2410 2414/2414/2414
f 2415/2415/2415 2410/2410/2410 2411/2411/2411
f 2411/2411/2411 2416/2416/2416 2415/2415/2415
f 2417/2417/2417 2412/2412/2412 2408/2408/2408
f 2417/2417/2417 2408/2408/2408 2413/2413/2413
f 2418/2418/2418 2413/2413/2413 2409/2409/2409
f 2414/2414/2414 2418/2418/2418 2409/2409/2409
f 2419/2419/2419 2414/2414/2414 2410/2410/2410
f 2419/2419/2419 2410/2410/2410 2415/2415/2415
f 2420/2420/2420 2415/2415/2415 2416/2416/2416
f 2421/2421/2421 2420/2420/2420 2416/2416/2416
f 2422/2422/2422 2417/2417/2417 2413/2413/2413
f 2413/2413/2413 2418/2418/2418 2422/2422/2422
f 2423/2423/2423 2418/2418/2418 2414/2414/2414
f 2414/2414/2414 2419/2419/2419 2423/2423/2423
f 2424/2424/2424 2419/2419/2419 2415/2415/2415
f 2415/2415/2415 2420/2420/2420 2424/2424/2424
f 2425/2425/2425 2420/2420/2420 2421/2421/2421
f 2421/2421/2421 2426/2426/2426 2425/2425/2425
f 2418/2418/2418 2427/2427/2427 2422/2422/2422
f 2423/2423/2423 2427/2427/2427 2418/2418/2418
f 2428/2428/2428 2423/2423/2423 2419/2419/2419
f 2419/2419/2419 2424/2424/2424 2428/2428/2428
f 2420/2420/2420 2429/2429/2429 2424/2424/2424
f 2425/2425/2425 2429/2429/2429 2420/2420/2420
f 2430/2430/2430 2425/2425/2425 2426/2426/2426
f 2431/2431/2431 2430/2430/2430 2426/2426/2426
f 2432/2432/2432 2427/2427/2427 2423/2423/2423
f 2423/2423/2423 2428/2428/2428 2432/2432/2432
f 2433/2433/2433 2428/2428/2428 2424/2424/2424
f 2424/2424/2424 2429/2429/2429 2433/2433/2433
f 2434/2434/2434 2429/2429/2429 2425/2425/2425
f 2425/2425/2425 2430/2430/2430 2434/2434/2434
f 2435/2435/2435 2430/2430/2430 2431/2431/2431
f 2431/2431/2431 2436/2436/2436 2435/2435/2435
f 2428/2428/2428 2437/2437/2437 2432/2432/2432
f 2433/2433/2433 2437/2437/2437 2428/2428/2428
f 2438/2438/2438 2433/2433/2433 2429/2429/2429
f 2429/2429/2429 2434/2434/2434 2438/2438/2438
f 2437/2437/2437 2433/2433/2433 2438/2438/2438
f 2427/2427/2427 2432/2432/2432 2439/2439/2439
f 2437/2437/2437 2439/2439/2439 2432/2432/2432
f 2430/2430/2430 2440/2440/2440 2434/2434/2434
f 2440/2440/2440 2430/2430/2430 2435/2435/2435
f 2441/2441/2441 2435/2435/2435 2436/2436/2436
f 2442/2442/2442 2441/2441/2441 2436/2436/2436
f 2443/2443/2443 2438/2438/2438 2434/2434/2434
f 2434/2434/2434 2440/2440/2440 2443/2443/2443
f 2444/2444/2444 2440/2440/2440 2435/2435/2435
f 2441/2441/2441 2444/2444/2444 2435/2435/2435
f 2445/2445/2445 2441/2441/2441 2442/2442/2442
f 2442/2442/2442 2446/2446/2446 2445/2445/2445
f 2445/2445/2445 2446/2446/2446 2447/2447/2447
f 2448/2448/2448 2441/2441/2441 2445/2445/2445
f 2448/2448/2448 2444/2444/2444 2441/2441/2441
f 2447/2447/2447 2449/2449/2449 2445/2445/2445
f 2445/2445/2445 2449/2449/2449 2448/2448/2448
f 2449/2449/2449 2447/2447/2447 2450/2450/2450
f 2440/2440/2440 2444/2444/2444 2451/2451/2451
f 2451/2451/2451 2443/2443/2443 2440/2440/2440
f 2450/2450/2450 2452/2452/2452 2449/2449/2449
f 2452/2452/2452 2450/2450/2450 2453/2453/2453
f 2444/2444/2444 2448/2448/2448 2454/2454/2454
f 2454/2454/2454 2451/2451/2451 2444/2444/2444
f 2455/2455/2455 2448/2448/2448 2449/2449/2449
f 2455/2455/2455 2449/2449/2449 2452/2452/2452
f 2453/2453/2453 2456/2456/2456 2452/2452/2452
f 2456/2456/2456 2453/2453/2453 2457/2457/2457
f 2458/2458/2458 2454/2454/2454 2448/2448/2448
f 2448/2448/2448 2455/2455/2455 2458/2458/2458
f 2459/2459/2459 2451/2451/2451 2454/2454/2454
f 2459/2459/2459 2454/2454/2454 2458/2458/2458
f 2443/2443/2443 2451/2451/2451 2460/2460/2460
f 2451/2451/2451 2459/2459/2459 2460/2460/2460
f 2452/2452/2452 2461/2461/2461 2455/2455/2455
f 2456/2456/2456 2461/2461/2461 2452/2452/2452
f 2457/2457/2457 2462/2462/2462 2456/2456/2456
f 2462/2462/2462 2457/2457/2457 2463/2463/2463
f 2464/2464/2464 2458/2458/2458 2455/2455/2455
f 2455/2455/2455 2461/2461/2461 2464/2464/2464
f 2461/2461/2461 2456/2456/2456 2465/2465/2465
f 2465/2465/2465 2456/2456/2456 2462/2462/2462
f 2463/2463/2463 2466/2466/2466 2462/2462/2462
f 2466/2466/2466 2463/2463/2463 2467/2467/2467
f 2460/2460/2460 2468/2468/2468 2443/2443/2443
f 2469/2469/2469 2468/2468/2468 2460/2460/2460
f 2443/2443/2443 2468/2468/2468 2438/2438/2438
f 2438/2438/2438 2468/2468/2468 2470/2470/2470
f 2470/2470/2470 2468/2468/2468 2469/2469/2469
f 2438/2438/2438 2470/2470/2470 2437/2437/2437
f 2471/2471/2471 2437/2437/2437 2470/2470/2470
f 2437/2437/2437 2471/2471/2471 2439/2439/2439
f 2461/2461/2461 2465/2465/2465 2472/2472/2472
f 2472/2472/2472 2464/2464/2464 2461/2461/2461
f 2467/2467/2467 2473/2473/2473 2466/2466/2466
f 2473/2473/2473 2467/2467/2467 2474/2474/2474
f 2469/2469/2469 2475/2475/2475 2470/2470/2470
f 2470/2470/2470 2475/2475/2475 2471/2471/2471
f 2474/2474/2474 2476/2476/2476 2473/2473/2473
f 2476/2476/2476 2474/2474/2474 2477/2477/2477
f 2477/2477/2477 2478/2478/2478 2476/2476/2476
f 2478/2478/2478 2477/2477/2477 2479/2479/2479
f 2479/2479/2479 2480/2480/2480 2478/2478/2478
f 2480/2480/2480 2479/2479/2479 2481/2481/2481
f 2481/2481/2481 2482/2482/2482 2480/2480/2480
f 2482/2482/2482 2481/2481/2481 2483/2483/2483
f 2484/2484/2484 2466/2466/2466 2473/2473/2473
f 2476/2476/2476 2485/2485/2485 2473/2473/2473
f 2473/2473/2473 2485/2485/2485 2484/2484/2484
f 2486/2486/2486 2476/2476/2476 2478/2478/2478
f 2485/2485/2485 2476/2476/2476 2486/2486/2486
f 2480/2480/2480 2487/2487/2487 2478/2478/2478
f 2478/2478/2478 2487/2487/2487 2486/2486/2486
f 2488/2488/2488 2480/2480/2480 2482/2482/2482
f 2487/2487/2487 2480/2480/2480 2488/2488/2488
f 2489/2489/2489 2466/2466/2466 2484/2484/2484
f 2466/2466/2466 2489/2489/2489 2462/2462/2462
f 2462/2462/2462 2489/2489/2489 2465/2465/2465
f 2465/2465/2465 2489/2489/2489 2490/2490/2490
f 2490/2490/2490 2489/2489/2489 2484/2484/2484
f 2490/2490/2490 2472/2472/2472 2465/2465/2465
f 2491/2491/2491 2484/2484/2484 2485/2485/2485
f 2484/2484/2484 2491/2491/2491 2490/2490/2490
f 2492/2492/2492 2485/2485/2485 2486/2486/2486
f 2485/2485/2485 2492/2492/2492 2491/2491/2491
f 2490/2490/2490 2493/2493/2493 2472/2472/2472
f 2493/2493/2493 2490/2490/2490 2491/2491/2491
f 2494/2494/2494 2486/2486/2486 2487/2487/2487
f 2486/2486/2486 2494/2494/2494 2492/2492/2492
f 2495/2495/2495 2491/2491/2491 2492/2492/2492
f 2491/2491/2491 2495/2495/2495 2493/2493/2493
f 2496/2496/2496 2472/2472/2472 2493/2493/2493
f 2464/2464/2464 2472/2472/2472 2496/2496/2496
f 2497/2497/2497 2492/2492/2492 2494/2494/2494
f 2492/2492/2492 2497/2497/2497 2495/2495/2495
f 2496/2496/2496 2498/2498/2498 2464/2464/2464
f 2464/2464/2464 2498/2498/2498 2458/2458/2458
f 2499/2499/2499 2458/2458/2458 2498/2498/2498
f 2458/2458/2458 2499/2499/2499 2459/2459/2459
f 2495/2495/2495 2500/2500/2500 2493/2493/2493
f 2495/2495/2495 2497/2497/2497 2501/2501/2501
f 2501/2501/2501 2500/2500/2500 2495/2495/2495
f 2496/2496/2496 2493/2493/2493 2502/2502/2502
f 2500/2500/2500 2502/2502/2502 2493/2493/2493
f 2498/2498/2498 2496/2496/2496 2503/2503/2503
f 2502/2502/2502 2503/2503/2503 2496/2496/2496
f 2499/2499/2499 2498/2498/2498 2504/2504/2504
f 2503/2503/2503 2504/2504/2504 2498/2498/2498
f 2505/2505/2505 2459/2459/2459 2499/2499/2499
f 2504/2504/2504 2505/2505/2505 2499/2499/2499
f 2501/2501/2501 2497/2497/2497 2506/2506/2506
f 2494/2494/2494 2506/2506/2506 2497/2497/2497
f 2459/2459/2459 2505/2505/2505 2507/2507/2507
f 2460/2460/2460 2459/2459/2459 2507/2507/2507
f 2507/2507/2507 2508/2508/2508 2460/2460/2460
f 2460/2460/2460 2508/2508/2508 2469/2469/2469
f 2509/2509/2509 2508/2508/2508 2507/2507/2507
f 2469/2469/2469 2508/2508/2508 2509/2509/2509
f 2504/2504/2504 2503/2503/2503 2510/2510/2510
f 2511/2511/2511 2505/2505/2505 2504/2504/2504
f 2510/2510/2510 2511/2511/2511 2504/2504/2504
f 2507/2507/2507 2505/2505/2505 2512/2512/2512
f 2511/2511/2511 2512/2512/2512 2505/2505/2505
f 2507/2507/2507 2513/2513/2513 2509/2509/2509
f 2512/2512/2512 2513/2513/2513 2507/2507/2507
f 2514/2514/2514 2510/2510/2510 2503/2503/2503
f 2514/2514/2514 2503/2503/2503 2502/2502/2502
f 2515/2515/2515 2514/2514/2514 2502/2502/2502
f 2502/2502/2502 2500/2500/2500 2515/2515/2515
f 2516/2516/2516 2515/2515/2515 2500/2500/2500
f 2516/2516/2516 2500/2500/2500 2501/2501/2501
f 2516/2516/2516 2501/2501/2501 2517/2517/2517
f 2506/2506/2506 2517/2517/2517 2501/2501/2501
f 2518/2518/2518 2517/2517/2517 2506/2506/2506
f 2494/2494/2494 2518/2518/2518 2506/2506/2506
f 2519/2519/2519 2518/2518/2518 2494/2494/2494
f 2487/2487/2487 2519/2519/2519 2494/2494/2494
f 2520/2520/2520 2519/2519/2519 2487/2487/2487
f 2487/2487/2487 2488/2488/2488 2520/2520/2520
f 2521/2521/2521 2518/2518/2518 2519/2519/2519
f 2519/2519/2519 2520/2520/2520 2521/2521/2521
f 2518/2518/2518 2521/2521/2521 2522/2522/2522
f 2518/2518/2518 2523/2523/2523 2517/2517/2517
f 2522/2522/2522 2523/2523/2523 2518/2518/2518
f 2517/2517/2517 2524/2524/2524 2516/2516/2516
f 2524/2524/2524 2517/2517/2517 2523/2523/2523
f 2515/2515/2515 2516/2516/2516 2525/2525/2525
f 2525/2525/2525 2516/2516/2516 2524/2524/2524
f 2520/2520/2520 2526/2526/2526 2521/2521/2521
f 2526/2526/2526 2522/2522/2522 2521/2521/2521
f 2527/2527/2527 2520/2520/2520 2488/2488/2488
f 2527/2527/2527 2526/2526/2526 2520/2520/2520
f 2523/2523/2523 2528/2528/2528 2524/2524/2524
f 2528/2528/2528 2523/2523/2523 2522/2522/2522
f 2525/2525/2525 2529/2529/2529 2515/2515/2515
f 2515/2515/2515 2529/2529/2529 2514/2514/2514
f 2529/2529/2529 2530/2530/2530 2514/2514/2514
f 2510/2510/2510 2514/2514/2514 2530/2530/2530
f 2488/2488/2488 2531/2531/2531 2527/2527/2527
f 2482/2482/2482 2531/2531/2531 2488/2488/2488
f 2528/2528/2528 2532/2532/2532 2524/2524/2524
f 2524/2524/2524 2532/2532/2532 2525/2525/2525
f 2533/2533/2533 2529/2529/2529 2525/2525/2525
f 2530/2530/2530 2529/2529/2529 2533/2533/2533
f 2530/2530/2530 2534/2534/2534 2510/2510/2510
f 2534/2534/2534 2511/2511/2511 2510/2510/2510
f 2531/2531/2531 2482/2482/2482 2535/2535/2535
f 2483/2483/2483 2535/2535/2535 2482/2482/2482
f 2536/2536/2536 2525/2525/2525 2532/2532/2532
f 2525/2525/2525 2536/2536/2536 2533/2533/2533
f 2533/2533/2533 2537/2537/2537 2530/2530/2530
f 2534/2534/2534 2530/2530/2530 2537/2537/2537
f 2538/2538/2538 2511/2511/2511 2534/2534/2534
f 2512/2512/2512 2511/2511/2511 2538/2538/2538
f 2538/2538/2538 2539/2539/2539 2512/2512/2512
f 2539/2539/2539 2513/2513/2513 2512/2512/2512
f 2540/2540/2540 2538/2538/2538 2534/2534/2534
f 2539/2539/2539 2538/2538/2538 2540/2540/2540
f 2513/2513/2513 2539/2539/2539 2541/2541/2541
f 2509/2509/2509 2513/2513/2513 2541/2541/2541
f 2537/2537/2537 2542/2542/2542 2534/2534/2534
f 2534/2534/2534 2542/2542/2542 2540/2540/2540
f 2541/2541/2541 2539/2539/2539 2543/2543/2543
f 2540/2540/2540 2543/2543/2543 2539/2539/2539
f 2533/2533/2533 2536/2536/2536 2544/2544/2544
f 2533/2533/2533 2545/2545/2545 2537/2537/2537
f 2544/2544/2544 2545/2545/2545 2533/2533/2533
f 2542/2542/2542 2537/2537/2537 2546/2546/2546
f 2545/2545/2545 2546/2546/2546 2537/2537/2537
f 2547/2547/2547 2540/2540/2540 2542/2542/2542
f 2546/2546/2546 2547/2547/2547 2542/2542/2542
f 2543/2543/2543 2540/2540/2540 2548/2548/2548
f 2548/2548/2548 2540/2540/2540 2547/2547/2547
f 2549/2549/2549 2544/2544/2544 2536/2536/2536
f 2532/2532/2532 2549/2549/2549 2536/2536/2536
f 2549/2549/2549 2532/2532/2532 2550/2550/2550
f 2550/2550/2550 2532/2532/2532 2528/2528/2528
f 2550/2550/2550 2528/2528/2528 2551/2551/2551
f 2522/2522/2522 2551/2551/2551 2528/2528/2528
f 2546/2546/2546 2545/2545/2545 2552/2552/2552
f 2547/2547/2547 2546/2546/2546 2553/2553/2553
f 2552/2552/2552 2553/2553/2553 2546/2546/2546
f 2548/2548/2548 2547/2547/2547 2554/2554/2554
f 2553/2553/2553 2554/2554/2554 2547/2547/2547
f 2545/2545/2545 2544/2544/2544 2555/2555/2555
f 2555/2555/2555 2552/2552/2552 2545/2545/2545
f 2556/2556/2556 2544/2544/2544 2549/2549/2549
f 2550/2550/2550 2557/2557/2557 2549/2549/2549
f 2556/2556/2556 2549/2549/2549 2557/2557/2557
f 2551/2551/2551 2558/2558/2558 2550/2550/2550
f 2557/2557/2557 2550/2550/2550 2558/2558/2558
f 2559/2559/2559 2555/2555/2555 2544/2544/2544
f 2544/2544/2544 2556/2556/2556 2559/2559/2559
f 2560/2560/2560 2559/2559/2559 2556/2556/2556
f 2561/2561/2561 2558/2558/2558 2551/2551/2551
f 2522/2522/2522 2561/2561/2561 2551/2551/2551
f 2557/2557/2557 2562/2562/2562 2556/2556/2556
f 2556/2556/2556 2562/2562/2562 2560/2560/2560
f 2563/2563/2563 2562/2562/2562 2557/2557/2557
f 2560/2560/2560 2562/2562/2562 2563/2563/2563
f 2558/2558/2558 2564/2564/2564 2557/2557/2557
f 2557/2557/2557 2564/2564/2564 2563/2563/2563
f 2565/2565/2565 2561/2561/2561 2522/2522/2522
f 2526/2526/2526 2565/2565/2565 2522/2522/2522
f 2561/2561/2561 2566/2566/2566 2558/2558/2558
f 2564/2564/2564 2558/2558/2558 2566/2566/2566
f 2567/2567/2567 2561/2561/2561 2565/2565/2565
f 2566/2566/2566 2561/2561/2561 2567/2567/2567
f 2568/2568/2568 2565/2565/2565 2526/2526/2526
f 2565/2565/2565 2568/2568/2568 2567/2567/2567
f 2526/2526/2526 2569/2569/2569 2568/2568/2568
f 2570/2570/2570 2568/2568/2568 2569/2569/2569
f 2569/2569/2569 2526/2526/2526 2527/2527/2527
f 2527/2527/2527 2571/2571/2571 2569/2569/2569
f 2569/2569/2569 2571/2571/2571 2570/2570/2570
f 2571/2571/2571 2527/2527/2527 2531/2531/2531
f 2531/2531/2531 2572/2572/2572 2571/2571/2571
f 2531/2531/2531 2535/2535/2535 2572/2572/2572
f 2573/2573/2573 2571/2571/2571 2572/2572/2572
f 2573/2573/2573 2570/2570/2570 2571/2571/2571
f 2574/2574/2574 2572/2572/2572 2535/2535/2535
f 2572/2572/2572 2574/2574/2574 2573/2573/2573
f 2567/2567/2567 2568/2568/2568 2575/2575/2575
f 2570/2570/2570 2575/2575/2575 2568/2568/2568
f 2535/2535/2535 2576/2576/2576 2574/2574/2574
f 2576/2576/2576 2535/2535/2535 2483/2483/2483
f 2483/2483/2483 2577/2577/2577 2576/2576/2576
f 2576/2576/2576 2577/2577/2577 2307/2307/2307
f 2307/2307/2307 2578/2578/2578 2576/2576/2576
f 2574/2574/2574 2576/2576/2576 2578/2578/2578
f 2306/2306/2306 2578/2578/2578 2307/2307/2307
f 2573/2573/2573 2574/2574/2574 2579/2579/2579
f 2574/2574/2574 2578/2578/2578 2579/2579/2579
f 2306/2306/2306 2580/2580/2580 2578/2578/2578
f 2579/2579/2579 2578/2578/2578 2580/2580/2580
f 2311/2311/2311 2580/2580/2580 2306/2306/2306
f 2579/2579/2579 2581/2581/2581 2573/2573/2573
f 2580/2580/2580 2581/2581/2581 2579/2579/2579
f 2570/2570/2570 2573/2573/2573 2581/2581/2581
f 2582/2582/2582 2580/2580/2580 2311/2311/2311
f 2580/2580/2580 2582/2582/2582 2581/2581/2581
f 2581/2581/2581 2583/2583/2583 2570/2570/2570
f 2583/2583/2583 2581/2581/2581 2582/2582/2582
f 2311/2311/2311 2584/2584/2584 2582/2582/2582
f 2305/2305/2305 2584/2584/2584 2311/2311/2311
f 2583/2583/2583 2585/2585/2585 2570/2570/2570
f 2575/2575/2575 2570/2570/2570 2585/2585/2585
f 2582/2582/2582 2586/2586/2586 2583/2583/2583
f 2586/2586/2586 2582/2582/2582 2584/2584/2584
f 2586/2586/2586 2585/2585/2585 2583/2583/2583
f 2584/2584/2584 2305/2305/2305 2587/2587/2587
f 2305/2305/2305 2310/2310/2310 2587/2587/2587
f 2588/2588/2588 2584/2584/2584 2587/2587/2587
f 2584/2584/2584 2588/2588/2588 2586/2586/2586
f 2588/2588/2588 2589/2589/2589 2586/2586/2586
f 2587/2587/2587 2590/2590/2590 2588/2588/2588
f 2590/2590/2590 2587/2587/2587 2310/2310/2310
f 2590/2590/2590 2589/2589/2589 2588/2588/2588
f 2586/2586/2586 2591/2591/2591 2585/2585/2585
f 2591/2591/2591 2586/2586/2586 2589/2589/2589
f 2575/2575/2575 2585/2585/2585 2592/2592/2592
f 2592/2592/2592 2585/2585/2585 2591/2591/2591
f 2310/2310/2310 2593/2593/2593 2590/2590/2590
f 2310/2310/2310 2314/2314/2314 2593/2593/2593
f 2593/2593/2593 2314/2314/2314 2594/2594/2594
f 2594/2594/2594 2314/2314/2314 2309/2309/2309
f 2590/2590/2590 2593/2593/2593 2595/2595/2595
f 2594/2594/2594 2595/2595/2595 2593/2593/2593
f 2309/2309/2309 2596/2596/2596 2594/2594/2594
f 2309/2309/2309 2303/2303/2303 2596/2596/2596
f 2589/2589/2589 2597/2597/2597 2591/2591/2591
f 2591/2591/2591 2597/2597/2597 2592/2592/2592
f 2592/2592/2592 2598/2598/2598 2575/2575/2575
f 2575/2575/2575 2598/2598/2598 2567/2567/2567
f 2590/2590/2590 2599/2599/2599 2589/2589/2589
f 2599/2599/2599 2590/2590/2590 2595/2595/2595
f 2595/2595/2595 2594/2594/2594 2600/2600/2600
f 2600/2600/2600 2594/2594/2594 2596/2596/2596
f 2599/2599/2599 2595/2595/2595 2601/2601/2601
f 2595/2595/2595 2600/2600/2600 2601/2601/2601
f 2589/2589/2589 2599/2599/2599 2602/2602/2602
f 2601/2601/2601 2602/2602/2602 2599/2599/2599
f 2589/2589/2589 2603/2603/2603 2597/2597/2597
f 2602/2602/2602 2603/2603/2603 2589/2589/2589
f 2598/2598/2598 2604/2604/2604 2567/2567/2567
f 2567/2567/2567 2604/2604/2604 2566/2566/2566
f 2596/2596/2596 2605/2605/2605 2600/2600/2600
f 2601/2601/2601 2600/2600/2600 2606/2606/2606
f 2606/2606/2606 2600/2600/2600 2605/2605/2605
f 2602/2602/2602 2601/2601/2601 2607/2607/2607
f 2606/2606/2606 2607/2607/2607 2601/2601/2601
f 2603/2603/2603 2602/2602/2602 2608/2608/2608
f 2608/2608/2608 2602/2602/2602 2607/2607/2607
f 2603/2603/2603 2609/2609/2609 2597/2597/2597
f 2608/2608/2608 2609/2609/2609 2603/2603/2603
f 2605/2605/2605 2596/2596/2596 2610/2610/2610
f 2596/2596/2596 2303/2303/2303 2610/2610/2610
f 2611/2611/2611 2597/2597/2597 2609/2609/2609
f 2592/2592/2592 2597/2597/2597 2611/2611/2611
f 2610/2610/2610 2303/2303/2303 2612/2612/2612
f 2297/2297/2297 2612/2612/2612 2303/2303/2303
f 2612/2612/2612 2297/2297/2297 2302/2302/2302
f 2302/2302/2302 2613/2613/2613 2612/2612/2612
f 2308/2308/2308 2613/2613/2613 2302/2302/2302
f 2612/2612/2612 2614/2614/2614 2610/2610/2610
f 2613/2613/2613 2614/2614/2614 2612/2612/2612
f 2610/2610/2610 2615/2615/2615 2605/2605/2605
f 2615/2615/2615 2610/2610/2610 2614/2614/2614
f 2308/2308/2308 2616/2616/2616 2613/2613/2613
f 2308/2308/2308 2315/2315/2315 2616/2616/2616
f 2613/2613/2613 2617/2617/2617 2614/2614/2614
f 2617/2617/2617 2613/2613/2613 2616/2616/2616
f 2618/2618/2618 2616/2616/2616 2315/2315/2315
f 2616/2616/2616 2618/2618/2618 2617/2617/2617
f 2619/2619/2619 2614/2614/2614 2617/2617/2617
f 2615/2615/2615 2614/2614/2614 2619/2619/2619
f 2605/2605/2605 2615/2615/2615 2620/2620/2620
f 2605/2605/2605 2620/2620/2620 2606/2606/2606
f 2620/2620/2620 2615/2615/2615 2621/2621/2621
f 2621/2621/2621 2615/2615/2615 2619/2619/2619
f 2617/2617/2617 2622/2622/2622 2619/2619/2619
f 2622/2622/2622 2617/2617/2617 2618/2618/2618
f 2623/2623/2623 2618/2618/2618 2315/2315/2315
f 2623/2623/2623 2315/2315/2315 2317/2317/2317
f 2606/2606/2606 2620/2620/2620 2624/2624/2624
f 2624/2624/2624 2620/2620/2620 2621/2621/2621
f 2619/2619/2619 2625/2625/2625 2621/2621/2621
f 2619/2619/2619 2622/2622/2622 2625/2625/2625
f 2622/2622/2622 2618/2618/2618 2626/2626/2626
f 2626/2626/2626 2618/2618/2618 2623/2623/2623
f 2317/2317/2317 2627/2627/2627 2623/2623/2623
f 2320/2320/2320 2627/2627/2627 2317/2317/2317
f 2623/2623/2623 2627/2627/2627 2628/2628/2628
f 2628/2628/2628 2627/2627/2627 2320/2320/2320
f 2624/2624/2624 2629/2629/2629 2606/2606/2606
f 2607/2607/2607 2606/2606/2606 2629/2629/2629
f 2607/2607/2607 2629/2629/2629 2630/2630/2630
f 2608/2608/2608 2607/2607/2607 2630/2630/2630
f 2631/2631/2631 2625/2625/2625 2622/2622/2622
f 2631/2631/2631 2622/2622/2622 2626/2626/2626
f 2623/2623/2623 2632/2632/2632 2626/2626/2626
f 2628/2628/2628 2632/2632/2632 2623/2623/2623
f 2626/2626/2626 2633/2633/2633 2631/2631/2631
f 2633/2633/2633 2626/2626/2626 2632/2632/2632
f 2320/2320/2320 2634/2634/2634 2628/2628/2628
f 2350/2350/2350 2634/2634/2634 2320/2320/2320
f 2635/2635/2635 2632/2632/2632 2628/2628/2628
f 2635/2635/2635 2633/2633/2633 2632/2632/2632
f 2636/2636/2636 2631/2631/2631 2633/2633/2633
f 2636/2636/2636 2625/2625/2625 2631/2631/2631
f 2630/2630/2630 2637/2637/2637 2608/2608/2608
f 2609/2609/2609 2608/2608/2608 2637/2637/2637
f 2350/2350/2350 2638/2638/2638 2634/2634/2634
f 2375/2375/2375 2638/2638/2638 2350/2350/2350
f 2639/2639/2639 2628/2628/2628 2634/2634/2634
f 2628/2628/2628 2639/2639/2639 2635/2635/2635
f 2640/2640/2640 2633/2633/2633 2635/2635/2635
f 2636/2636/2636 2633/2633/2633 2640/2640/2640
f 2637/2637/2637 2641/2641/2641 2609/2609/2609
f 2611/2611/2611 2609/2609/2609 2641/2641/2641
f 2638/2638/2638 2375/2375/2375 2642/2642/2642
f 2377/2377/2377 2642/2642/2642 2375/2375/2375
f 2634/2634/2634 2638/2638/2638 2643/2643/2643
f 2634/2634/2634 2643/2643/2643 2639/2639/2639
f 2643/2643/2643 2638/2638/2638 2644/2644/2644
f 2638/2638/2638 2642/2642/2642 2644/2644/2644
f 2642/2642/2642 2377/2377/2377 2645/2645/2645
f 2378/2378/2378 2645/2645/2645 2377/2377/2377
f 2639/2639/2639 2643/2643/2643 2646/2646/2646
f 2644/2644/2644 2646/2646/2646 2643/2643/2643
f 2644/2644/2644 2642/2642/2642 2647/2647/2647
f 2647/2647/2647 2642/2642/2642 2645/2645/2645
f 2645/2645/2645 2378/2378/2378 2648/2648/2648
f 2648/2648/2648 2378/2378/2378 2382/2382/2382
f 2646/2646/2646 2644/2644/2644 2649/2649/2649
f 2647/2647/2647 2649/2649/2649 2644/2644/2644
f 2647/2647/2647 2645/2645/2645 2650/2650/2650
f 2648/2648/2648 2650/2650/2650 2645/2645/2645
f 2382/2382/2382 2651/2651/2651 2648/2648/2648
f 2651/2651/2651 2382/2382/2382 2392/2392/2392
f 2649/2649/2649 2647/2647/2647 2652/2652/2652
f 2650/2650/2650 2652/2652/2652 2647/2647/2647
f 2651/2651/2651 2392/2392/2392 2653/2653/2653
f 2653/2653/2653 2392/2392/2392 2393/2393/2393
f 2650/2650/2650 2648/2648/2648 2654/2654/2654
f 2648/2648/2648 2651/2651/2651 2655/2655/2655
f 2655/2655/2655 2654/2654/2654 2648/2648/2648
f 2651/2651/2651 2653/2653/2653 2656/2656/2656
f 2656/2656/2656 2655/2655/2655 2651/2651/2651
f 2653/2653/2653 2393/2393/2393 2657/2657/2657
f 2656/2656/2656 2653/2653/2653 2657/2657/2657
f 2652/2652/2652 2650/2650/2650 2658/2658/2658
f 2654/2654/2654 2658/2658/2658 2650/2650/2650
f 2657/2657/2657 2393/2393/2393 2659/2659/2659
f 2393/2393/2393 2391/2391/2391 2659/2659/2659
f 2660/2660/2660 2654/2654/2654 2655/2655/2655
f 2661/2661/2661 2660/2660/2660 2655/2655/2655
f 2655/2655/2655 2656/2656/2656 2661/2661/2661
f 2654/2654/2654 2660/2660/2660 2662/2662/2662
f 2658/2658/2658 2654/2654/2654 2662/2662/2662
f 2656/2656/2656 2663/2663/2663 2661/2661/2661
f 2658/2658/2658 2662/2662/2662 2664/2664/2664
f 2663/2663/2663 2656/2656/2656 2665/2665/2665
f 2657/2657/2657 2665/2665/2665 2656/2656/2656
f 2665/2665/2665 2666/2666/2666 2663/2663/2663
f 2667/2667/2667 2658/2658/2658 2664/2664/2664
f 2664/2664/2664 2668/2668/2668 2667/2667/2667
f 2658/2658/2658 2667/2667/2667 2652/2652/2652
f 2665/2665/2665 2657/2657/2657 2669/2669/2669
f 2657/2657/2657 2659/2659/2659 2669/2669/2669
f 2666/2666/2666 2665/2665/2665 2670/2670/2670
f 2669/2669/2669 2670/2670/2670 2665/2665/2665
f 2670/2670/2670 2671/2671/2671 2666/2666/2666
f 2672/2672/2672 2671/2671/2671 2670/2670/2670
f 2670/2670/2670 2673/2673/2673 2672/2672/2672
f 2673/2673/2673 2670/2670/2670 2669/2669/2669
f 2674/2674/2674 2672/2672/2672 2673/2673/2673
f 2675/2675/2675 2667/2667/2667 2668/2668/2668
f 2668/2668/2668 2676/2676/2676 2675/2675/2675
f 2677/2677/2677 2652/2652/2652 2667/2667/2667
f 2667/2667/2667 2675/2675/2675 2677/2677/2677
f 2652/2652/2652 2677/2677/2677 2649/2649/2649
f 2678/2678/2678 2669/2669/2669 2659/2659/2659
f 2669/2669/2669 2678/2678/2678 2673/2673/2673
f 2673/2673/2673 2679/2679/2679 2674/2674/2674
f 2679/2679/2679 2673/2673/2673 2678/2678/2678
f 2680/2680/2680 2675/2675/2675 2676/2676/2676
f 2676/2676/2676 2681/2681/2681 2680/2680/2680
f 2680/2680/2680 2681/2681/2681 2682/2682/2682
f 2683/2683/2683 2677/2677/2677 2675/2675/2675
f 2675/2675/2675 2680/2680/2680 2683/2683/2683
f 2684/2684/2684 2649/2649/2649 2677/2677/2677
f 2677/2677/2677 2683/2683/2683 2684/2684/2684
f 2649/2649/2649 2684/2684/2684 2646/2646/2646
f 2682/2682/2682 2685/2685/2685 2680/2680/2680
f 2683/2683/2683 2680/2680/2680 2685/2685/2685
f 2682/2682/2682 2686/2686/2686 2685/2685/2685
f 2684/2684/2684 2683/2683/2683 2687/2687/2687
f 2685/2685/2685 2687/2687/2687 2683/2683/2683
f 2685/2685/2685 2686/2686/2686 2688/2688/2688
f 2685/2685/2685 2688/2688/2688 2687/2687/2687
f 2688/2688/2688 2686/2686/2686 2689/2689/2689
f 2646/2646/2646 2684/2684/2684 2690/2690/2690
f 2687/2687/2687 2690/2690/2690 2684/2684/2684
f 2689/2689/2689 2691/2691/2691 2688/2688/2688
f 2692/2692/2692 2691/2691/2691 2689/2689/2689
f 2687/2687/2687 2688/2688/2688 2693/2693/2693
f 2687/2687/2687 2693/2693/2693 2690/2690/2690
f 2693/2693/2693 2688/2688/2688 2691/2691/2691
f 2690/2690/2690 2694/2694/2694 2646/2646/2646
f 2646/2646/2646 2694/2694/2694 2639/2639/2639
f 2691/2691/2691 2692/2692/2692 2695/2695/2695
f 2695/2695/2695 2692/2692/2692 2696/2696/2696
f 2691/2691/2691 2697/2697/2697 2693/2693/2693
f 2695/2695/2695 2697/2697/2697 2691/2691/2691
f 2690/2690/2690 2693/2693/2693 2698/2698/2698
f 2694/2694/2694 2690/2690/2690 2698/2698/2698
f 2698/2698/2698 2693/2693/2693 2697/2697/2697
f 2694/2694/2694 2699/2699/2699 2639/2639/2639
f 2698/2698/2698 2699/2699/2699 2694/2694/2694
f 2639/2639/2639 2699/2699/2699 2635/2635/2635
f 2635/2635/2635 2699/2699/2699 2640/2640/2640
f 2699/2699/2699 2698/2698/2698 2700/2700/2700
f 2697/2697/2697 2700/2700/2700 2698/2698/2698
f 2700/2700/2700 2640/2640/2640 2699/2699/2699
f 2696/2696/2696 2701/2701/2701 2695/2695/2695
f 2702/2702/2702 2701/2701/2701 2696/2696/2696
f 2697/2697/2697 2695/2695/2695 2703/2703/2703
f 2697/2697/2697 2703/2703/2703 2700/2700/2700
f 2703/2703/2703 2695/2695/2695 2701/2701/2701
f 2640/2640/2640 2700/2700/2700 2704/2704/2704
f 2700/2700/2700 2703/2703/2703 2704/2704/2704
f 2704/2704/2704 2636/2636/2636 2640/2640/2640
f 2702/2702/2702 2705/2705/2705 2701/2701/2701
f 2705/2705/2705 2702/2702/2702 2706/2706/2706
f 2701/2701/2701 2707/2707/2707 2703/2703/2703
f 2704/2704/2704 2703/2703/2703 2707/2707/2707
f 2705/2705/2705 2707/2707/2707 2701/2701/2701
f 2636/2636/2636 2704/2704/2704 2708/2708/2708
f 2707/2707/2707 2708/2708/2708 2704/2704/2704
f 2706/2706/2706 2709/2709/2709 2705/2705/2705
f 2709/2709/2709 2706/2706/2706 2710/2710/2710
f 2705/2705/2705 2711/2711/2711 2707/2707/2707
f 2711/2711/2711 2708/2708/2708 2707/2707/2707
f 2711/2711/2711 2705/2705/2705 2709/2709/2709
f 2708/2708/2708 2712/2712/2712 2636/2636/2636
f 2625/2625/2625 2636/2636/2636 2712/2712/2712
f 2710/2710/2710 2713/2713/2713 2709/2709/2709
f 2713/2713/2713 2710/2710/2710 2714/2714/2714
f 2709/2709/2709 2715/2715/2715 2711/2711/2711
f 2715/2715/2715 2709/2709/2709 2713/2713/2713
f 2711/2711/2711 2716/2716/2716 2708/2708/2708
f 2708/2708/2708 2716/2716/2716 2712/2712/2712
f 2716/2716/2716 2711/2711/2711 2715/2715/2715
f 2625/2625/2625 2712/2712/2712 2717/2717/2717
f 2716/2716/2716 2717/2717/2717 2712/2712/2712
f 2717/2717/2717 2621/2621/2621 2625/2625/2625
f 2621/2621/2621 2717/2717/2717 2624/2624/2624
f 2717/2717/2717 2716/2716/2716 2718/2718/2718
f 2715/2715/2715 2718/2718/2718 2716/2716/2716
f 2718/2718/2718 2624/2624/2624 2717/2717/2717
f 2714/2714/2714 2719/2719/2719 2713/2713/2713
f 2719/2719/2719 2714/2714/2714 2720/2720/2720
f 2713/2713/2713 2721/2721/2721 2715/2715/2715
f 2718/2718/2718 2715/2715/2715 2721/2721/2721
f 2721/2721/2721 2713/2713/2713 2719/2719/2719
f 2722/2722/2722 2624/2624/2624 2718/2718/2718
f 2721/2721/2721 2722/2722/2722 2718/2718/2718
f 2629/2629/2629 2624/2624/2624 2722/2722/2722
f 2630/2630/2630 2629/2629/2629 2722/2722/2722
f 2720/2720/2720 2723/2723/2723 2719/2719/2719
f 2723/2723/2723 2720/2720/2720 2724/2724/2724
f 2719/2719/2719 2725/2725/2725 2721/2721/2721
f 2722/2722/2722 2721/2721/2721 2725/2725/2725
f 2725/2725/2725 2719/2719/2719 2723/2723/2723
f 2723/2723/2723 2726/2726/2726 2725/2725/2725
f 2630/2630/2630 2722/2722/2722 2727/2727/2727
f 2725/2725/2725 2727/2727/2727 2722/2722/2722
f 2727/2727/2727 2725/2725/2725 2726/2726/2726
f 2637/2637/2637 2630/2630/2630 2727/2727/2727
f 2724/2724/2724 2728/2728/2728 2723/2723/2723
f 2726/2726/2726 2723/2723/2723 2728/2728/2728
f 2728/2728/2728 2724/2724/2724 2729/2729/2729
f 2730/2730/2730 2637/2637/2637 2727/2727/2727
f 2726/2726/2726 2730/2730/2730 2727/2727/2727
f 2637/2637/2637 2730/2730/2730 2731/2731/2731
f 2731/2731/2731 2730/2730/2730 2726/2726/2726
f 2731/2731/2731 2641/2641/2641 2637/2637/2637
f 2729/2729/2729 2732/2732/2732 2728/2728/2728
f 2732/2732/2732 2729/2729/2729 2733/2733/2733
f 2728/2728/2728 2734/2734/2734 2726/2726/2726
f 2734/2734/2734 2728/2728/2728 2732/2732/2732
f 2733/2733/2733 2735/2735/2735 2732/2732/2732
f 2735/2735/2735 2733/2733/2733 2736/2736/2736
f 2726/2726/2726 2734/2734/2734 2737/2737/2737
f 2726/2726/2726 2737/2737/2737 2731/2731/2731
f 2738/2738/2738 2734/2734/2734 2732/2732/2732
f 2734/2734/2734 2738/2738/2738 2737/2737/2737
f 2732/2732/2732 2735/2735/2735 2738/2738/2738
f 2736/2736/2736 2739/2739/2739 2735/2735/2735
f 2739/2739/2739 2736/2736/2736 2740/2740/2740
f 2731/2731/2731 2737/2737/2737 2741/2741/2741
f 2741/2741/2741 2737/2737/2737 2738/2738/2738
f 2738/2738/2738 2735/2735/2735 2742/2742/2742
f 2742/2742/2742 2735/2735/2735 2739/2739/2739
f 2738/2738/2738 2742/2742/2742 2741/2741/2741
f 2740/2740/2740 2743/2743/2743 2739/2739/2739
f 2743/2743/2743 2740/2740/2740 2744/2744/2744
f 2731/2731/2731 2741/2741/2741 2745/2745/2745
f 2641/2641/2641 2731/2731/2731 2745/2745/2745
f 2746/2746/2746 2742/2742/2742 2739/2739/2739
f 2739/2739/2739 2743/2743/2743 2746/2746/2746
f 2747/2747/2747 2741/2741/2741 2742/2742/2742
f 2745/2745/2745 2741/2741/2741 2747/2747/2747
f 2742/2742/2742 2746/2746/2746 2747/2747/2747
f 2748/2748/2748 2747/2747/2747 2746/2746/2746
f 2641/2641/2641 2745/2745/2745 2749/2749/2749
f 2641/2641/2641 2749/2749/2749 2611/2611/2611
f 2747/2747/2747 2750/2750/2750 2745/2745/2745
f 2749/2749/2749 2745/2745/2745 2750/2750/2750
f 2750/2750/2750 2747/2747/2747 2748/2748/2748
f 2746/2746/2746 2743/2743/2743 2751/2751/2751
f 2746/2746/2746 2751/2751/2751 2748/2748/2748
f 2744/2744/2744 2752/2752/2752 2743/2743/2743
f 2751/2751/2751 2743/2743/2743 2752/2752/2752
f 2752/2752/2752 2744/2744/2744 2753/2753/2753
f 2751/2751/2751 2752/2752/2752 2753/2753/2753
f 2753/2753/2753 2744/2744/2744 2754/2754/2754
f 2611/2611/2611 2749/2749/2749 2755/2755/2755
f 2749/2749/2749 2750/2750/2750 2755/2755/2755
f 2756/2756/2756 2751/2751/2751 2753/2753/2753
f 2748/2748/2748 2751/2751/2751 2756/2756/2756
f 2757/2757/2757 2753/2753/2753 2754/2754/2754
f 2756/2756/2756 2753/2753/2753 2757/2757/2757
f 2754/2754/2754 2758/2758/2758 2757/2757/2757
f 2757/2757/2757 2758/2758/2758 2759/2759/2759
f 2759/2759/2759 2758/2758/2758 2760/2760/2760
f 2757/2757/2757 2761/2761/2761 2756/2756/2756
f 2761/2761/2761 2757/2757/2757 2759/2759/2759
f 2762/2762/2762 2759/2759/2759 2760/2760/2760
f 2760/2760/2760 2763/2763/2763 2762/2762/2762
f 2755/2755/2755 2764/2764/2764 2611/2611/2611
f 2611/2611/2611 2764/2764/2764 2592/2592/2592
f 2592/2592/2592 2764/2764/2764 2598/2598/2598
f 2765/2765/2765 2598/2598/2598 2764/2764/2764
f 2598/2598/2598 2765/2765/2765 2604/2604/2604
f 2764/2764/2764 2766/2766/2766 2765/2765/2765
f 2764/2764/2764 2755/2755/2755 2766/2766/2766
f 2765/2765/2765 2766/2766/2766 2604/2604/2604
f 2767/2767/2767 2766/2766/2766 2755/2755/2755
f 2755/2755/2755 2750/2750/2750 2767/2767/2767
f 2767/2767/2767 2750/2750/2750 2748/2748/2748
f 2768/2768/2768 2604/2604/2604 2766/2766/2766
f 2768/2768/2768 2766/2766/2766 2767/2767/2767
f 2566/2566/2566 2604/2604/2604 2768/2768/2768
f 2767/2767/2767 2748/2748/2748 2769/2769/2769
f 2767/2767/2767 2769/2769/2769 2768/2768/2768
f 2768/2768/2768 2770/2770/2770 2566/2566/2566
f 2770/2770/2770 2768/2768/2768 2769/2769/2769
f 2566/2566/2566 2770/2770/2770 2564/2564/2564
f 2770/2770/2770 2771/2771/2771 2564/2564/2564
f 2769/2769/2769 2771/2771/2771 2770/2770/2770
f 2563/2563/2563 2564/2564/2564 2771/2771/2771
f 2769/2769/2769 2748/2748/2748 2772/2772/2772
f 2771/2771/2771 2769/2769/2769 2772/2772/2772
f 2756/2756/2756 2772/2772/2772 2748/2748/2748
f 2772/2772/2772 2756/2756/2756 2761/2761/2761
f 2772/2772/2772 2773/2773/2773 2771/2771/2771
f 2563/2563/2563 2771/2771/2771 2773/2773/2773
f 2772/2772/2772 2761/2761/2761 2773/2773/2773
f 2773/2773/2773 2774/2774/2774 2563/2563/2563
f 2563/2563/2563 2774/2774/2774 2560/2560/2560
f 2773/2773/2773 2761/2761/2761 2775/2775/2775
f 2775/2775/2775 2774/2774/2774 2773/2773/2773
f 2775/2775/2775 2761/2761/2761 2759/2759/2759
f 2775/2775/2775 2759/2759/2759 2762/2762/2762
f 2776/2776/2776 2774/2774/2774 2775/2775/2775
f 2762/2762/2762 2776/2776/2776 2775/2775/2775
f 2774/2774/2774 2776/2776/2776 2560/2560/2560
f 2776/2776/2776 2762/2762/2762 2777/2777/2777
f 2560/2560/2560 2776/2776/2776 2777/2777/2777
f 2763/2763/2763 2777/2777/2777 2762/2762/2762
f 2777/2777/2777 2763/2763/2763 2778/2778/2778
f 2777/2777/2777 2779/2779/2779 2560/2560/2560
f 2779/2779/2779 2777/2777/2777 2778/2778/2778
f 2779/2779/2779 2559/2559/2559 2560/2560/2560
f 2778/2778/2778 2780/2780/2780 2779/2779/2779
f 2779/2779/2779 2781/2781/2781 2559/2559/2559
f 2780/2780/2780 2781/2781/2781 2779/2779/2779
f 2555/2555/2555 2559/2559/2559 2781/2781/2781
f 2780/2780/2780 2782/2782/2782 2781/2781/2781
f 2781/2781/2781 2783/2783/2783 2555/2555/2555
f 2783/2783/2783 2781/2781/2781 2782/2782/2782
f 2783/2783/2783 2552/2552/2552 2555/2555/2555
f 2782/2782/2782 2784/2784/2784 2783/2783/2783
f 2783/2783/2783 2785/2785/2785 2552/2552/2552
f 2784/2784/2784 2785/2785/2785 2783/2783/2783
f 2553/2553/2553 2552/2552/2552 2785/2785/2785
f 2784/2784/2784 2786/2786/2786 2785/2785/2785
f 2785/2785/2785 2787/2787/2787 2553/2553/2553
f 2787/2787/2787 2785/2785/2785 2786/2786/2786
f 2786/2786/2786 2788/2788/2788 2787/2787/2787
f 2554/2554/2554 2553/2553/2553 2787/2787/2787
f 2789/2789/2789 2787/2787/2787 2788/2788/2788
f 2787/2787/2787 2789/2789/2789 2554/2554/2554
f 2788/2788/2788 2790/2790/2790 2789/2789/2789
f 2791/2791/2791 2554/2554/2554 2789/2789/2789
f 2554/2554/2554 2791/2791/2791 2548/2548/2548
f 2792/2792/2792 2789/2789/2789 2790/2790/2790
f 2789/2789/2789 2792/2792/2792 2791/2791/2791
f 2790/2790/2790 2793/2793/2793 2792/2792/2792
f 2794/2794/2794 2548/2548/2548 2791/2791/2791
f 2548/2548/2548 2794/2794/2794 2543/2543/2543
f 2795/2795/2795 2792/2792/2792 2793/2793/2793
f 2796/2796/2796 2795/2795/2795 2793/2793/2793
f 2797/2797/2797 2791/2791/2791 2792/2792/2792
f 2791/2791/2791 2797/2797/2797 2794/2794/2794
f 2792/2792/2792 2795/2795/2795 2797/2797/2797
f 2794/2794/2794 2798/2798/2798 2543/2543/2543
f 2543/2543/2543 2798/2798/2798 2541/2541/2541
f 2799/2799/2799 2795/2795/2795 2796/2796/2796
f 2796/2796/2796 2800/2800/2800 2799/2799/2799
f 2801/2801/2801 2794/2794/2794 2797/2797/2797
f 2798/2798/2798 2794/2794/2794 2801/2801/2801
f 2802/2802/2802 2797/2797/2797 2795/2795/2795
f 2795/2795/2795 2799/2799/2799 2802/2802/2802
f 2797/2797/2797 2802/2802/2802 2801/2801/2801
f 2803/2803/2803 2541/2541/2541 2798/2798/2798
f 2541/2541/2541 2803/2803/2803 2509/2509/2509
f 2804/2804/2804 2799/2799/2799 2800/2800/2800
f 2805/2805/2805 2804/2804/2804 2800/2800/2800
f 2806/2806/2806 2802/2802/2802 2799/2799/2799
f 2804/2804/2804 2806/2806/2806 2799/2799/2799
f 2807/2807/2807 2801/2801/2801 2802/2802/2802
f 2802/2802/2802 2806/2806/2806 2807/2807/2807
f 2808/2808/2808 2798/2798/2798 2801/2801/2801
f 2808/2808/2808 2803/2803/2803 2798/2798/2798
f 2801/2801/2801 2807/2807/2807 2808/2808/2808
f 2809/2809/2809 2804/2804/2804 2805/2805/2805
f 2805/2805/2805 2810/2810/2810 2809/2809/2809
f 2809/2809/2809 2810/2810/2810 2811/2811/2811
f 2812/2812/2812 2806/2806/2806 2804/2804/2804
f 2804/2804/2804 2809/2809/2809 2812/2812/2812
f 2811/2811/2811 2813/2813/2813 2809/2809/2809
f 2812/2812/2812 2809/2809/2809 2813/2813/2813
f 2813/2813/2813 2811/2811/2811 2814/2814/2814
f 2815/2815/2815 2808/2808/2808 2807/2807/2807
f 2815/2815/2815 2803/2803/2803 2808/2808/2808
f 2816/2816/2816 2807/2807/2807 2806/2806/2806
f 2806/2806/2806 2812/2812/2812 2816/2816/2816
f 2807/2807/2807 2816/2816/2816 2815/2815/2815
f 2813/2813/2813 2814/2814/2814 2817/2817/2817
f 2817/2817/2817 2814/2814/2814 2818/2818/2818
f 2813/2813/2813 2819/2819/2819 2812/2812/2812
f 2816/2816/2816 2812/2812/2812 2819/2819/2819
f 2819/2819/2819 2813/2813/2813 2817/2817/2817
f 2818/2818/2818 2820/2820/2820 2817/2817/2817
f 2820/2820/2820 2818/2818/2818 2821/2821/2821
f 2819/2819/2819 2822/2822/2822 2816/2816/2816
f 2815/2815/2815 2816/2816/2816 2822/2822/2822
f 2817/2817/2817 2823/2823/2823 2819/2819/2819
f 2817/2817/2817 2820/2820/2820 2823/2823/2823
f 2822/2822/2822 2819/2819/2819 2823/2823/2823
f 2821/2821/2821 2824/2824/2824 2820/2820/2820
f 2824/2824/2824 2821/2821/2821 2825/2825/2825
f 2823/2823/2823 2820/2820/2820 2826/2826/2826
f 2826/2826/2826 2820/2820/2820 2824/2824/2824
f 2823/2823/2823 2827/2827/2827 2822/2822/2822
f 2823/2823/2823 2826/2826/2826 2827/2827/2827
f 2822/2822/2822 2828/2828/2828 2815/2815/2815
f 2828/2828/2828 2822/2822/2822 2827/2827/2827
f 2825/2825/2825 2829/2829/2829 2824/2824/2824
f 2829/2829/2829 2825/2825/2825 2830/2830/2830
f 2824/2824/2824 2831/2831/2831 2826/2826/2826
f 2831/2831/2831 2824/2824/2824 2829/2829/2829
f 2827/2827/2827 2826/2826/2826 2832/2832/2832
f 2832/2832/2832 2826/2826/2826 2831/2831/2831
f 2830/2830/2830 2833/2833/2833 2829/2829/2829
f 2833/2833/2833 2830/2830/2830 2834/2834/2834
f 2835/2835/2835 2815/2815/2815 2828/2828/2828
f 2835/2835/2835 2803/2803/2803 2815/2815/2815
f 2827/2827/2827 2836/2836/2836 2828/2828/2828
f 2827/2827/2827 2832/2832/2832 2836/2836/2836
f 2803/2803/2803 2835/2835/2835 2837/2837/2837
f 2837/2837/2837 2509/2509/2509 2803/2803/2803
f 2509/2509/2509 2837/2837/2837 2469/2469/2469
f 2828/2828/2828 2838/2838/2838 2835/2835/2835
f 2837/2837/2837 2835/2835/2835 2838/2838/2838
f 2838/2838/2838 2828/2828/2828 2836/2836/2836
f 2469/2469/2469 2837/2837/2837 2839/2839/2839
f 2838/2838/2838 2839/2839/2839 2837/2837/2837
f 2839/2839/2839 2475/2475/2475 2469/2469/2469
f 2836/2836/2836 2840/2840/2840 2838/2838/2838
f 2839/2839/2839 2838/2838/2838 2840/2840/2840
f 2475/2475/2475 2839/2839/2839 2841/2841/2841
f 2840/2840/2840 2841/2841/2841 2839/2839/2839
f 2475/2475/2475 2841/2841/2841 2471/2471/2471
f 2836/2836/2836 2832/2832/2832 2842/2842/2842
f 2840/2840/2840 2836/2836/2836 2842/2842/2842
f 2471/2471/2471 2841/2841/2841 2843/2843/2843
f 2843/2843/2843 2439/2439/2439 2471/2471/2471
f 2840/2840/2840 2844/2844/2844 2841/2841/2841
f 2842/2842/2842 2844/2844/2844 2840/2840/2840
f 2841/2841/2841 2844/2844/2844 2843/2843/2843
f 2842/2842/2842 2832/2832/2832 2845/2845/2845
f 2831/2831/2831 2845/2845/2845 2832/2832/2832
f 2844/2844/2844 2842/2842/2842 2846/2846/2846
f 2845/2845/2845 2846/2846/2846 2842/2842/2842
f 2847/2847/2847 2439/2439/2439 2843/2843/2843
f 2439/2439/2439 2847/2847/2847 2427/2427/2427
f 2422/2422/2422 2427/2427/2427 2847/2847/2847
f 2843/2843/2843 2844/2844/2844 2848/2848/2848
f 2846/2846/2846 2848/2848/2848 2844/2844/2844
f 2847/2847/2847 2849/2849/2849 2422/2422/2422
f 2422/2422/2422 2849/2849/2849 2417/2417/2417
f 2843/2843/2843 2850/2850/2850 2847/2847/2847
f 2848/2848/2848 2850/2850/2850 2843/2843/2843
f 2847/2847/2847 2850/2850/2850 2849/2849/2849
f 2851/2851/2851 2848/2848/2848 2846/2846/2846
f 2851/2851/2851 2850/2850/2850 2848/2848/2848
f 2852/2852/2852 2846/2846/2846 2845/2845/2845
f 2846/2846/2846 2852/2852/2852 2851/2851/2851
f 2849/2849/2849 2853/2853/2853 2417/2417/2417
f 2412/2412/2412 2417/2417/2417 2853/2853/2853
f 2849/2849/2849 2850/2850/2850 2854/2854/2854
f 2850/2850/2850 2851/2851/2851 2854/2854/2854
f 2853/2853/2853 2849/2849/2849 2854/2854/2854
f 2853/2853/2853 2855/2855/2855 2412/2412/2412
f 2412/2412/2412 2855/2855/2855 2407/2407/2407
f 2854/2854/2854 2851/2851/2851 2856/2856/2856
f 2856/2856/2856 2851/2851/2851 2852/2852/2852
f 2854/2854/2854 2857/2857/2857 2853/2853/2853
f 2853/2853/2853 2857/2857/2857 2855/2855/2855
f 2856/2856/2856 2857/2857/2857 2854/2854/2854
f 2845/2845/2845 2858/2858/2858 2852/2852/2852
f 2858/2858/2858 2845/2845/2845 2831/2831/2831
f 2859/2859/2859 2407/2407/2407 2855/2855/2855
f 2395/2395/2395 2407/2407/2407 2859/2859/2859
f 2852/2852/2852 2860/2860/2860 2856/2856/2856
f 2852/2852/2852 2858/2858/2858 2860/2860/2860
f 2857/2857/2857 2861/2861/2861 2855/2855/2855
f 2859/2859/2859 2855/2855/2855 2861/2861/2861
f 2862/2862/2862 2857/2857/2857 2856/2856/2856
f 2862/2862/2862 2856/2856/2856 2860/2860/2860
f 2862/2862/2862 2861/2861/2861 2857/2857/2857
f 2831/2831/2831 2863/2863/2863 2858/2858/2858
f 2829/2829/2829 2863/2863/2863 2831/2831/2831
f 2863/2863/2863 2829/2829/2829 2833/2833/2833
f 2859/2859/2859 2864/2864/2864 2395/2395/2395
f 2395/2395/2395 2864/2864/2864 2389/2389/2389
f 2865/2865/2865 2860/2860/2860 2858/2858/2858
f 2865/2865/2865 2858/2858/2858 2863/2863/2863
f 2861/2861/2861 2866/2866/2866 2859/2859/2859
f 2864/2864/2864 2859/2859/2859 2866/2866/2866
f 2867/2867/2867 2389/2389/2389 2864/2864/2864
f 2387/2387/2387 2389/2389/2389 2867/2867/2867
f 2833/2833/2833 2868/2868/2868 2863/2863/2863
f 2863/2863/2863 2868/2868/2868 2865/2865/2865
f 2869/2869/2869 2860/2860/2860 2865/2865/2865
f 2860/2860/2860 2869/2869/2869 2862/2862/2862
f 2861/2861/2861 2862/2862/2862 2870/2870/2870
f 2870/2870/2870 2866/2866/2866 2861/2861/2861
f 2866/2866/2866 2871/2871/2871 2864/2864/2864
f 2867/2867/2867 2864/2864/2864 2871/2871/2871
f 2872/2872/2872 2387/2387/2387 2867/2867/2867
f 2386/2386/2386 2387/2387/2387 2872/2872/2872
f 2873/2873/2873 2865/2865/2865 2868/2868/2868
f 2865/2865/2865 2873/2873/2873 2869/2869/2869
f 2862/2862/2862 2869/2869/2869 2874/2874/2874
f 2874/2874/2874 2870/2870/2870 2862/2862/2862
f 2869/2869/2869 2873/2873/2873 2874/2874/2874
f 2875/2875/2875 2866/2866/2866 2870/2870/2870
f 2875/2875/2875 2871/2871/2871 2866/2866/2866
f 2871/2871/2871 2876/2876/2876 2867/2867/2867
f 2867/2867/2867 2876/2876/2876 2872/2872/2872
f 2877/2877/2877 2876/2876/2876 2871/2871/2871
f 2872/2872/2872 2876/2876/2876 2877/2877/2877
f 2871/2871/2871 2875/2875/2875 2877/2877/2877
f 2386/2386/2386 2872/2872/2872 2878/2878/2878
f 2877/2877/2877 2878/2878/2878 2872/2872/2872
f 2878/2878/2878 2388/2388/2388 2386/2386/2386
f 2879/2879/2879 2875/2875/2875 2870/2870/2870
f 2870/2870/2870 2874/2874/2874 2879/2879/2879
f 2880/2880/2880 2877/2877/2877 2875/2875/2875
f 2877/2877/2877 2880/2880/2880 2878/2878/2878
f 2880/2880/2880 2875/2875/2875 2879/2879/2879
f 2388/2388/2388 2878/2878/2878 2881/2881/2881
f 2881/2881/2881 2878/2878/2878 2880/2880/2880
f 2881/2881/2881 2391/2391/2391 2388/2388/2388
f 2882/2882/2882 2880/2880/2880 2879/2879/2879
f 2881/2881/2881 2880/2880/2880 2882/2882/2882
f 2391/2391/2391 2881/2881/2881 2883/2883/2883
f 2882/2882/2882 2883/2883/2883 2881/2881/2881
f 2883/2883/2883 2659/2659/2659 2391/2391/2391
f 2659/2659/2659 2883/2883/2883 2678/2678/2678
f 2884/2884/2884 2678/2678/2678 2883/2883/2883
f 2883/2883/2883 2882/2882/2882 2884/2884/2884
f 2678/2678/2678 2884/2884/2884 2679/2679/2679
f 2879/2879/2879 2885/2885/2885 2882/2882/2882
f 2885/2885/2885 2879/2879/2879 2874/2874/2874
f 2884/2884/2884 2882/2882/2882 2885/2885/2885
f 2679/2679/2679 2884/2884/2884 2886/2886/2886
f 2885/2885/2885 2886/2886/2886 2884/2884/2884
f 2885/2885/2885 2874/2874/2874 2887/2887/2887
f 2886/2886/2886 2885/2885/2885 2887/2887/2887
f 2887/2887/2887 2874/2874/2874 2873/2873/2873
f 2886/2886/2886 2888/2888/2888 2679/2679/2679
f 2674/2674/2674 2679/2679/2679 2888/2888/2888
f 2889/2889/2889 2674/2674/2674 2888/2888/2888
f 2886/2886/2886 2887/2887/2887 2890/2890/2890
f 2888/2888/2888 2886/2886/2886 2890/2890/2890
f 2887/2887/2887 2873/2873/2873 2891/2891/2891
f 2891/2891/2891 2890/2890/2890 2887/2887/2887
f 2868/2868/2868 2891/2891/2891 2873/2873/2873
f 2891/2891/2891 2868/2868/2868 2833/2833/2833
f 2889/2889/2889 2888/2888/2888 2892/2892/2892
f 2890/2890/2890 2892/2892/2892 2888/2888/2888
f 2892/2892/2892 2893/2893/2893 2889/2889/2889
f 2894/2894/2894 2893/2893/2893 2892/2892/2892
f 2833/2833/2833 2895/2895/2895 2891/2891/2891
f 2890/2890/2890 2891/2891/2891 2895/2895/2895
f 2895/2895/2895 2892/2892/2892 2890/2890/2890
f 2892/2892/2892 2895/2895/2895 2894/2894/2894
f 2895/2895/2895 2833/2833/2833 2834/2834/2834
f 2834/2834/2834 2894/2894/2894 2895/2895/2895
f 2896/2896/2896 2897/2897/2897 2898/2898/2898
f 2897/2897/2897 2896/2896/2896 2899/2899/2899
f 2900/2900/2900 2897/2897/2897 2899/2899/2899
f 2900/2900/2900 2901/2901/2901 2897/2897/2897
f 2899/2899/2899 2902/2902/2902 2900/2900/2900
f 2903/2903/2903 2901/2901/2901 2900/2900/2900
f 2904/2904/2904 2900/2900/2900 2902/2902/2902
f 2900/2900/2900 2904/2904/2904 2903/2903/2903
f 2905/2905/2905 2903/2903/2903 2904/2904/2904
f 2902/2902/2902 2906/2906/2906 2904/2904/2904
f 2904/2904/2904 2907/2907/2907 2905/2905/2905
f 2907/2907/2907 2904/2904/2904 2906/2906/2906
f 2908/2908/2908 2905/2905/2905 2907/2907/2907
f 2909/2909/2909 2907/2907/2907 2906/2906/2906
f 2910/2910/2910 2909/2909/2909 2906/2906/2906
f 2907/2907/2907 2911/2911/2911 2908/2908/2908
f 2907/2907/2907 2909/2909/2909 2911/2911/2911
f 2912/2912/2912 2908/2908/2908 2911/2911/2911
f 2909/2909/2909 2910/2910/2910 2913/2913/2913
f 2913/2913/2913 2910/2910/2910 2914/2914/2914
f 2911/2911/2911 2915/2915/2915 2912/2912/2912
f 2912/2912/2912 2915/2915/2915 2916/2916/2916
f 2914/2914/2914 2917/2917/2917 2913/2913/2913
f 2917/2917/2917 2914/2914/2914 2918/2918/2918
f 2918/2918/2918 2919/2919/2919 2917/2917/2917
f 2919/2919/2919 2920/2920/2920 2917/2917/2917
f 2913/2913/2913 2917/2917/2917 2920/2920/2920
f 2920/2920/2920 2921/2921/2921 2913/2913/2913
f 2913/2913/2913 2921/2921/2921 2909/2909/2909
f 2921/2921/2921 2922/2922/2922 2909/2909/2909
f 2922/2922/2922 2911/2911/2911 2909/2909/2909
f 2911/2911/2911 2922/2922/2922 2923/2923/2923
f 2923/2923/2923 2915/2915/2915 2911/2911/2911
f 2915/2915/2915 2923/2923/2923 2924/2924/2924
f 2925/2925/2925 2916/2916/2916 2915/2915/2915
f 2924/2924/2924 2925/2925/2925 2915/2915/2915
f 2925/2925/2925 2926/2926/2926 2916/2916/2916
f 2924/2924/2924 2926/2926/2926 2925/2925/2925
f 2927/2927/2927 2928/2928/2928 2929/2929/2929
f 2929/2929/2929 2930/2930/2930 2927/2927/2927
f 2930/2930/2930 2929/2929/2929 2931/2931/2931
f 2930/2930/2930 2932/2932/2932 2927/2927/2927
f 2931/2931/2931 2933/2933/2933 2930/2930/2930
f 2930/2930/2930 2934/2934/2934 2932/2932/2932
f 2934/2934/2934 2935/2935/2935 2932/2932/2932
f 2930/2930/2930 2933/2933/2933 2936/2936/2936
f 2936/2936/2936 2934/2934/2934 2930/2930/2930
f 2934/2934/2934 2937/2937/2937 2935/2935/2935
f 2937/2937/2937 2934/2934/2934 2936/2936/2936
f 2938/2938/2938 2935/2935/2935 2937/2937/2937
f 2939/2939/2939 2936/2936/2936 2933/2933/2933
f 2940/2940/2940 2939/2939/2939 2933/2933/2933
f 2937/2937/2937 2941/2941/2941 2938/2938/2938
f 2941/2941/2941 2942/2942/2942 2938/2938/2938
f 2936/2936/2936 2943/2943/2943 2937/2937/2937
f 2939/2939/2939 2943/2943/2943 2936/2936/2936
f 2941/2941/2941 2937/2937/2937 2943/2943/2943
f 2944/2944/2944 2939/2939/2939 2940/2940/2940
f 2945/2945/2945 2944/2944/2944 2940/2940/2940
f 2942/2942/2942 2941/2941/2941 2946/2946/2946
f 2947/2947/2947 2942/2942/2942 2946/2946/2946
f 2939/2939/2939 2948/2948/2948 2943/2943/2943
f 2944/2944/2944 2948/2948/2948 2939/2939/2939
f 2943/2943/2943 2949/2949/2949 2941/2941/2941
f 2946/2946/2946 2941/2941/2941 2949/2949/2949
f 2949/2949/2949 2943/2943/2943 2948/2948/2948
f 2950/2950/2950 2944/2944/2944 2945/2945/2945
f 2945/2945/2945 2951/2951/2951 2950/2950/2950
f 2952/2952/2952 2950/2950/2950 2951/2951/2951
f 2946/2946/2946 2953/2953/2953 2947/2947/2947
f 2947/2947/2947 2953/2953/2953 2954/2954/2954
f 2949/2949/2949 2955/2955/2955 2946/2946/2946
f 2955/2955/2955 2953/2953/2953 2946/2946/2946
f 2944/2944/2944 2956/2956/2956 2948/2948/2948
f 2956/2956/2956 2944/2944/2944 2950/2950/2950
f 2948/2948/2948 2957/2957/2957 2949/2949/2949
f 2955/2955/2955 2949/2949/2949 2957/2957/2957
f 2956/2956/2956 2957/2957/2957 2948/2948/2948
f 2950/2950/2950 2952/2952/2952 2958/2958/2958
f 2958/2958/2958 2952/2952/2952 2959/2959/2959
f 2950/2950/2950 2960/2960/2960 2956/2956/2956
f 2958/2958/2958 2960/2960/2960 2950/2950/2950
f 2956/2956/2956 2961/2961/2961 2957/2957/2957
f 2961/2961/2961 2956/2956/2956 2960/2960/2960
f 2957/2957/2957 2962/2962/2962 2955/2955/2955
f 2961/2961/2961 2962/2962/2962 2957/2957/2957
f 2953/2953/2953 2955/2955/2955 2963/2963/2963
f 2963/2963/2963 2955/2955/2955 2962/2962/2962
f 2959/2959/2959 2964/2964/2964 2958/2958/2958
f 2965/2965/2965 2964/2964/2964 2959/2959/2959
f 2960/2960/2960 2958/2958/2958 2966/2966/2966
f 2966/2966/2966 2958/2958/2958 2964/2964/2964
f 2960/2960/2960 2967/2967/2967 2961/2961/2961
f 2966/2966/2966 2967/2967/2967 2960/2960/2960
f 2961/2961/2961 2968/2968/2968 2962/2962/2962
f 2968/2968/2968 2961/2961/2961 2967/2967/2967
f 2964/2964/2964 2965/2965/2965 2969/2969/2969
f 2970/2970/2970 2969/2969/2969 2965/2965/2965
f 2964/2964/2964 2971/2971/2971 2966/2966/2966
f 2969/2969/2969 2971/2971/2971 2964/2964/2964
f 2967/2967/2967 2966/2966/2966 2972/2972/2972
f 2972/2972/2972 2966/2966/2966 2971/2971/2971
f 2973/2973/2973 2969/2969/2969 2970/2970/2970
f 2974/2974/2974 2973/2973/2973 2970/2970/2970
f 2971/2971/2971 2969/2969/2969 2975/2975/2975
f 2975/2975/2975 2969/2969/2969 2973/2973/2973
f 2973/2973/2973 2974/2974/2974 2976/2976/2976
f 2977/2977/2977 2976/2976/2976 2974/2974/2974
f 2968/2968/2968 2978/2978/2978 2962/2962/2962
f 2962/2962/2962 2978/2978/2978 2963/2963/2963
f 2967/2967/2967 2979/2979/2979 2968/2968/2968
f 2972/2972/2972 2979/2979/2979 2967/2967/2967
f 2971/2971/2971 2980/2980/2980 2972/2972/2972
f 2975/2975/2975 2980/2980/2980 2971/2971/2971
f 2973/2973/2973 2981/2981/2981 2975/2975/2975
f 2976/2976/2976 2981/2981/2981 2973/2973/2973
f 2976/2976/2976 2977/2977/2977 2982/2982/2982
f 2982/2982/2982 2977/2977/2977 2983/2983/2983
f 2984/2984/2984 2978/2978/2978 2968/2968/2968
f 2984/2984/2984 2968/2968/2968 2979/2979/2979
f 2979/2979/2979 2972/2972/2972 2985/2985/2985
f 2985/2985/2985 2972/2972/2972 2980/2980/2980
f 2980/2980/2980 2975/2975/2975 2986/2986/2986
f 2986/2986/2986 2975/2975/2975 2981/2981/2981
f 2987/2987/2987 2976/2976/2976 2982/2982/2982
f 2981/2981/2981 2976/2976/2976 2987/2987/2987
f 2983/2983/2983 2988/2988/2988 2982/2982/2982
f 2989/2989/2989 2988/2988/2988 2983/2983/2983
f 2982/2982/2982 2990/2990/2990 2987/2987/2987
f 2988/2988/2988 2990/2990/2990 2982/2982/2982
f 2981/2981/2981 2987/2987/2987 2991/2991/2991
f 2991/2991/2991 2987/2987/2987 2990/2990/2990
f 2992/2992/2992 2979/2979/2979 2985/2985/2985
f 2979/2979/2979 2992/2992/2992 2984/2984/2984
f 2980/2980/2980 2993/2993/2993 2985/2985/2985
f 2986/2986/2986 2993/2993/2993 2980/2980/2980
f 2981/2981/2981 2994/2994/2994 2986/2986/2986
f 2991/2991/2991 2994/2994/2994 2981/2981/2981
f 2995/2995/2995 2986/2986/2986 2994/2994/2994
f 2993/2993/2993 2986/2986/2986 2995/2995/2995
f 2996/2996/2996 2985/2985/2985 2993/2993/2993
f 2985/2985/2985 2996/2996/2996 2992/2992/2992
f 2991/2991/2991 2997/2997/2997 2994/2994/2994
f 2994/2994/2994 2997/2997/2997 2995/2995/2995
f 2998/2998/2998 2993/2993/2993 2995/2995/2995
f 2993/2993/2993 2998/2998/2998 2996/2996/2996
f 2999/2999/2999 2995/2995/2995 2997/2997/2997
f 2995/2995/2995 2999/2999/2999 2998/2998/2998
f 2990/2990/2990 3000/3000/3000 2991/2991/2991
f 2997/2997/2997 2991/2991/2991 3001/3001/3001
f 3001/3001/3001 2991/2991/2991 3000/3000/3000
f 2997/2997/2997 3002/3002/3002 2999/2999/2999
f 3002/3002/3002 2997/2997/2997 3001/3001/3001
f 3000/3000/3000 2990/2990/2990 3003/3003/3003
f 2990/2990/2990 2988/2988/2988 3003/3003/3003
f 3003/3003/3003 2988/2988/2988 3004/3004/3004
f 2988/2988/2988 2989/2989/2989 3004/3004/3004
f 2989/2989/2989 3005/3005/3005 3004/3004/3004
f 2989/2989/2989 3006/3006/3006 3005/3005/3005
f 3007/3007/3007 3005/3005/3005 3006/3006/3006
f 3005/3005/3005 3007/3007/3007 3008/3008/3008
f 3007/3007/3007 3009/3009/3009 3008/3008/3008
f 3009/3009/3009 3010/3010/3010 3008/3008/3008
f 3010/3010/3010 3009/3009/3009 3011/3011/3011
f 3011/3011/3011 3012/3012/3012 3010/3010/3010
f 3005/3005/3005 3013/3013/3013 3004/3004/3004
f 3008/3008/3008 3013/3013/3013 3005/3005/3005
f 3004/3004/3004 3014/3014/3014 3003/3003/3003
f 3014/3014/3014 3004/3004/3004 3013/3013/3013
f 3000/3000/3000 3003/3003/3003 3015/3015/3015
f 3015/3015/3015 3003/3003/3003 3014/3014/3014
f 3008/3008/3008 3016/3016/3016 3013/3013/3013
f 3016/3016/3016 3008/3008/3008 3010/3010/3010
f 3013/3013/3013 3017/3017/3017 3014/3014/3014
f 3017/3017/3017 3013/3013/3013 3016/3016/3016
f 3018/3018/3018 3010/3010/3010 3012/3012/3012
f 3012/3012/3012 3019/3019/3019 3018/3018/3018
f 3020/3020/3020 3018/3018/3018 3019/3019/3019
f 3019/3019/3019 3021/3021/3021 3020/3020/3020
f 3018/3018/3018 3020/3020/3020 3022/3022/3022
f 3022/3022/3022 3023/3023/3023 3018/3018/3018
f 3010/3010/3010 3018/3018/3018 3023/3023/3023
f 3024/3024/3024 3023/3023/3023 3022/3022/3022
f 3010/3010/3010 3025/3025/3025 3016/3016/3016
f 3023/3023/3023 3025/3025/3025 3010/3010/3010
f 3026/3026/3026 3023/3023/3023 3024/3024/3024
f 3025/3025/3025 3023/3023/3023 3026/3026/3026
f 3026/3026/3026 3024/3024/3024 3027/3027/3027
f 3025/3025/3025 3028/3028/3028 3016/3016/3016
f 3016/3016/3016 3028/3028/3028 3017/3017/3017
f 3027/3027/3027 3029/3029/3029 3026/3026/3026
f 3027/3027/3027 3030/3030/3030 3029/3029/3029
f 3026/3026/3026 3031/3031/3031 3025/3025/3025
f 3031/3031/3031 3028/3028/3028 3025/3025/3025
f 3026/3026/3026 3029/3029/3029 3031/3031/3031
f 3030/3030/3030 3032/3032/3032 3029/3029/3029
f 3032/3032/3032 3030/3030/3030 3033/3033/3033
f 3033/3033/3033 3034/3034/3034 3032/3032/3032
f 3029/3029/3029 3035/3035/3035 3031/3031/3031
f 3028/3028/3028 3031/3031/3031 3035/3035/3035
f 3029/3029/3029 3032/3032/3032 3035/3035/3035
f 3036/3036/3036 3017/3017/3017 3028/3028/3028
f 3035/3035/3035 3037/3037/3037 3028/3028/3028
f 3028/3028/3028 3037/3037/3037 3036/3036/3036
f 3032/3032/3032 3038/3038/3038 3035/3035/3035
f 3037/3037/3037 3035/3035/3035 3038/3038/3038
f 3034/3034/3034 3039/3039/3039 3032/3032/3032
f 3038/3038/3038 3032/3032/3032 3039/3039/3039
f 3017/3017/3017 3036/3036/3036 3040/3040/3040
f 3040/3040/3040 3014/3014/3014 3017/3017/3017
f 3014/3014/3014 3040/3040/3040 3015/3015/3015
f 3038/3038/3038 3041/3041/3041 3037/3037/3037
f 3042/3042/3042 3036/3036/3036 3037/3037/3037
f 3037/3037/3037 3041/3041/3041 3042/3042/3042
f 3043/3043/3043 3040/3040/3040 3036/3036/3036
f 3036/3036/3036 3042/3042/3042 3043/3043/3043
f 3015/3015/3015 3040/3040/3040 3044/3044/3044
f 3044/3044/3044 3040/3040/3040 3043/3043/3043
f 3039/3039/3039 3045/3045/3045 3038/3038/3038
f 3045/3045/3045 3041/3041/3041 3038/3038/3038
f 3015/3015/3015 3044/3044/3044 3046/3046/3046
f 3046/3046/3046 3000/3000/3000 3015/3015/3015
f 3000/3000/3000 3046/3046/3046 3001/3001/3001
f 3047/3047/3047 3001/3001/3001 3046/3046/3046
f 3001/3001/3001 3047/3047/3047 3002/3002/3002
f 3048/3048/3048 3046/3046/3046 3044/3044/3044
f 3047/3047/3047 3046/3046/3046 3048/3048/3048
f 3049/3049/3049 3044/3044/3044 3043/3043/3043
f 3044/3044/3044 3049/3049/3049 3048/3048/3048
f 3042/3042/3042 3050/3050/3050 3043/3043/3043
f 3043/3043/3043 3050/3050/3050 3049/3049/3049
f 3051/3051/3051 3042/3042/3042 3041/3041/3041
f 3042/3042/3042 3051/3051/3051 3050/3050/3050
f 3045/3045/3045 3052/3052/3052 3041/3041/3041
f 3041/3041/3041 3052/3052/3052 3051/3051/3051
f 3053/3053/3053 3002/3002/3002 3047/3047/3047
f 3054/3054/3054 3047/3047/3047 3048/3048/3048
f 3047/3047/3047 3054/3054/3054 3053/3053/3053
f 3055/3055/3055 3048/3048/3048 3049/3049/3049
f 3054/3054/3054 3048/3048/3048 3055/3055/3055
f 3050/3050/3050 3056/3056/3056 3049/3049/3049
f 3049/3049/3049 3056/3056/3056 3055/3055/3055
f 3057/3057/3057 3050/3050/3050 3051/3051/3051
f 3050/3050/3050 3057/3057/3057 3056/3056/3056
f 3002/3002/3002 3053/3053/3053 3058/3058/3058
f 3058/3058/3058 2999/2999/2999 3002/3002/3002
f 2999/2999/2999 3058/3058/3058 3059/3059/3059
f 3059/3059/3059 2998/2998/2998 2999/2999/2999
f 2998/2998/2998 3059/3059/3059 3060/3060/3060
f 3060/3060/3060 2996/2996/2996 2998/2998/2998
f 2996/2996/2996 3060/3060/3060 3061/3061/3061
f 3061/3061/3061 2992/2992/2992 2996/2996/2996
f 2992/2992/2992 3061/3061/3061 3062/3062/3062
f 2992/2992/2992 3062/3062/3062 2984/2984/2984
f 2984/2984/2984 3062/3062/3062 3063/3063/3063
f 2984/2984/2984 3063/3063/3063 2978/2978/2978
f 3064/3064/3064 2978/2978/2978 3063/3063/3063
f 2978/2978/2978 3064/3064/3064 2963/2963/2963
f 3064/3064/3064 3065/3065/3065 2963/2963/2963
f 2963/2963/2963 3065/3065/3065 2953/2953/2953
f 2954/2954/2954 2953/2953/2953 3065/3065/3065
f 3066/3066/3066 3060/3060/3060 3059/3059/3059
f 3067/3067/3067 3061/3061/3061 3060/3060/3060
f 3060/3060/3060 3066/3066/3066 3067/3067/3067
f 3061/3061/3061 3068/3068/3068 3062/3062/3062
f 3061/3061/3061 3067/3067/3067 3068/3068/3068
f 3069/3069/3069 3063/3063/3063 3062/3062/3062
f 3062/3062/3062 3068/3068/3068 3069/3069/3069
f 3063/3063/3063 3070/3070/3070 3064/3064/3064
f 3063/3063/3063 3069/3069/3069 3070/3070/3070
f 3059/3059/3059 3071/3071/3071 3066/3066/3066
f 3058/3058/3058 3071/3071/3071 3059/3059/3059
f 3071/3071/3071 3058/3058/3058 3072/3072/3072
f 3072/3072/3072 3058/3058/3058 3053/3053/3053
f 3053/3053/3053 3073/3073/3073 3072/3072/3072
f 3073/3073/3073 3053/3053/3053 3054/3054/3054
f 3073/3073/3073 3054/3054/3054 3074/3074/3074
f 3074/3074/3074 3054/3054/3054 3055/3055/3055
f 3055/3055/3055 3075/3075/3075 3074/3074/3074
f 3075/3075/3075 3055/3055/3055 3056/3056/3056
f 3056/3056/3056 3076/3076/3076 3075/3075/3075
f 3057/3057/3057 3076/3076/3076 3056/3056/3056
f 3077/3077/3077 3066/3066/3066 3071/3071/3071
f 3072/3072/3072 3078/3078/3078 3071/3071/3071
f 3071/3071/3071 3078/3078/3078 3077/3077/3077
f 3079/3079/3079 3072/3072/3072 3073/3073/3073
f 3078/3078/3078 3072/3072/3072 3079/3079/3079
f 3080/3080/3080 3073/3073/3073 3074/3074/3074
f 3073/3073/3073 3080/3080/3080 3079/3079/3079
f 3081/3081/3081 3074/3074/3074 3075/3075/3075
f 3080/3080/3080 3074/3074/3074 3081/3081/3081
f 3082/3082/3082 3075/3075/3075 3076/3076/3076
f 3075/3075/3075 3082/3082/3082 3081/3081/3081
f 3083/3083/3083 3066/3066/3066 3077/3077/3077
f 3066/3066/3066 3083/3083/3083 3067/3067/3067
f 3067/3067/3067 3083/3083/3083 3084/3084/3084
f 3084/3084/3084 3068/3068/3068 3067/3067/3067
f 3085/3085/3085 3068/3068/3068 3084/3084/3084
f 3068/3068/3068 3085/3085/3085 3069/3069/3069
f 3069/3069/3069 3085/3085/3085 3086/3086/3086
f 3086/3086/3086 3070/3070/3070 3069/3069/3069
f 3077/3077/3077 3087/3087/3087 3083/3083/3083
f 3088/3088/3088 3084/3084/3084 3083/3083/3083
f 3083/3083/3083 3087/3087/3087 3088/3088/3088
f 3084/3084/3084 3089/3089/3089 3085/3085/3085
f 3089/3089/3089 3084/3084/3084 3088/3088/3088
f 3085/3085/3085 3090/3090/3090 3086/3086/3086
f 3085/3085/3085 3089/3089/3089 3090/3090/3090
f 3087/3087/3087 3077/3077/3077 3091/3091/3091
f 3091/3091/3091 3077/3077/3077 3078/3078/3078
f 3078/3078/3078 3092/3092/3092 3091/3091/3091
f 3079/3079/3079 3092/3092/3092 3078/3078/3078
f 3087/3087/3087 3091/3091/3091 3093/3093/3093
f 3093/3093/3093 3091/3091/3091 3092/3092/3092
f 3092/3092/3092 3079/3079/3079 3094/3094/3094
f 3094/3094/3094 3079/3079/3079 3080/3080/3080
f 3088/3088/3088 3087/3087/3087 3095/3095/3095
f 3093/3093/3093 3095/3095/3095 3087/3087/3087
f 3094/3094/3094 3096/3096/3096 3092/3092/3092
f 3092/3092/3092 3096/3096/3096 3093/3093/3093
f 3086/3086/3086 3090/3090/3090 3097/3097/3097
f 3098/3098/3098 3090/3090/3090 3089/3089/3089
f 3097/3097/3097 3090/3090/3090 3098/3098/3098
f 3099/3099/3099 3089/3089/3089 3088/3088/3088
f 3089/3089/3089 3099/3099/3099 3098/3098/3098
f 3095/3095/3095 3100/3100/3100 3088/3088/3088
f 3088/3088/3088 3100/3100/3100 3099/3099/3099
f 3097/3097/3097 3101/3101/3101 3086/3086/3086
f 3070/3070/3070 3086/3086/3086 3101/3101/3101
f 3101/3101/3101 3102/3102/3102 3070/3070/3070
f 3064/3064/3064 3070/3070/3070 3102/3102/3102
f 3102/3102/3102 3103/3103/3103 3064/3064/3064
f 3065/3065/3065 3064/3064/3064 3103/3103/3103
f 3065/3065/3065 3103/3103/3103 3104/3104/3104
f 3104/3104/3104 2954/2954/2954 3065/3065/3065
f 3103/3103/3103 3102/3102/3102 3105/3105/3105
f 3105/3105/3105 3104/3104/3104 3103/3103/3103
f 3106/3106/3106 3102/3102/3102 3101/3101/3101
f 3105/3105/3105 3102/3102/3102 3106/3106/3106
f 3101/3101/3101 3097/3097/3097 3107/3107/3107
f 3107/3107/3107 3106/3106/3106 3101/3101/3101
f 2954/2954/2954 3104/3104/3104 3108/3108/3108
f 3108/3108/3108 3109/3109/3109 2954/2954/2954
f 3105/3105/3105 3110/3110/3110 3104/3104/3104
f 3110/3110/3110 3108/3108/3108 3104/3104/3104
f 3105/3105/3105 3106/3106/3106 3111/3111/3111
f 3111/3111/3111 3110/3110/3110 3105/3105/3105
f 3108/3108/3108 3112/3112/3112 3109/3109/3109
f 3112/3112/3112 3113/3113/3113 3109/3109/3109
f 3110/3110/3110 3114/3114/3114 3108/3108/3108
f 3114/3114/3114 3112/3112/3112 3108/3108/3108
f 3113/3113/3113 3112/3112/3112 3115/3115/3115
f 3115/3115/3115 3116/3116/3116 3113/3113/3113
f 3107/3107/3107 3097/3097/3097 3117/3117/3117
f 3097/3097/3097 3098/3098/3098 3117/3117/3117
f 3098/3098/3098 3118/3118/3118 3117/3117/3117
f 3111/3111/3111 3106/3106/3106 3119/3119/3119
f 3119/3119/3119 3106/3106/3106 3107/3107/3107
f 3110/3110/3110 3111/3111/3111 3120/3120/3120
f 3120/3120/3120 3114/3114/3114 3110/3110/3110
f 3112/3112/3112 3114/3114/3114 3121/3121/3121
f 3121/3121/3121 3115/3115/3115 3112/3112/3112
f 3116/3116/3116 3115/3115/3115 3122/3122/3122
f 3122/3122/3122 3123/3123/3123 3116/3116/3116
f 3117/3117/3117 3124/3124/3124 3107/3107/3107
f 3124/3124/3124 3117/3117/3117 3118/3118/3118
f 3107/3107/3107 3124/3124/3124 3125/3125/3125
f 3119/3119/3119 3107/3107/3107 3125/3125/3125
f 3126/3126/3126 3111/3111/3111 3119/3119/3119
f 3120/3120/3120 3111/3111/3111 3126/3126/3126
f 3127/3127/3127 3114/3114/3114 3120/3120/3120
f 3114/3114/3114 3127/3127/3127 3121/3121/3121
f 3115/3115/3115 3121/3121/3121 3128/3128/3128
f 3128/3128/3128 3122/3122/3122 3115/3115/3115
f 3118/3118/3118 3129/3129/3129 3124/3124/3124
f 3125/3125/3125 3124/3124/3124 3129/3129/3129
f 3130/3130/3130 3126/3126/3126 3119/3119/3119
f 3119/3119/3119 3125/3125/3125 3130/3130/3130
f 3120/3120/3120 3126/3126/3126 3131/3131/3131
f 3131/3131/3131 3127/3127/3127 3120/3120/3120
f 3127/3127/3127 3132/3132/3132 3121/3121/3121
f 3132/3132/3132 3128/3128/3128 3121/3121/3121
f 3126/3126/3126 3130/3130/3130 3133/3133/3133
f 3133/3133/3133 3131/3131/3131 3126/3126/3126
f 3134/3134/3134 3127/3127/3127 3131/3131/3131
f 3127/3127/3127 3134/3134/3134 3132/3132/3132
f 3131/3131/3131 3133/3133/3133 3135/3135/3135
f 3134/3134/3134 3131/3131/3131 3135/3135/3135
f 3129/3129/3129 3136/3136/3136 3125/3125/3125
f 3137/3137/3137 3130/3130/3130 3125/3125/3125
f 3125/3125/3125 3136/3136/3136 3137/3137/3137
f 3130/3130/3130 3138/3138/3138 3133/3133/3133
f 3138/3138/3138 3130/3130/3130 3137/3137/3137
f 3136/3136/3136 3129/3129/3129 3139/3139/3139
f 3118/3118/3118 3139/3139/3139 3129/3129/3129
f 3136/3136/3136 3139/3139/3139 3140/3140/3140
f 3137/3137/3137 3136/3136/3136 3140/3140/3140
f 3137/3137/3137 3140/3140/3140 3141/3141/3141
f 3142/3142/3142 3137/3137/3137 3141/3141/3141
f 3142/3142/3142 3138/3138/3138 3137/3137/3137
f 3143/3143/3143 3139/3139/3139 3118/3118/3118
f 3138/3138/3138 3142/3142/3142 3144/3144/3144
f 3145/3145/3145 3143/3143/3143 3118/3118/3118
f 3133/3133/3133 3138/3138/3138 3146/3146/3146
f 3144/3144/3144 3146/3146/3146 3138/3138/3138
f 3146/3146/3146 3135/3135/3135 3133/3133/3133
f 3146/3146/3146 3144/3144/3144 3147/3147/3147
f 3148/3148/3148 3145/3145/3145 3118/3118/3118
f 3148/3148/3148 3118/3118/3118 3098/3098/3098
f 3149/3149/3149 3145/3145/3145 3148/3148/3148
f 3098/3098/3098 3099/3099/3099 3148/3148/3148
f 3148/3148/3148 3150/3150/3150 3149/3149/3149
f 3099/3099/3099 3150/3150/3150 3148/3148/3148
f 3149/3149/3149 3150/3150/3150 3151/3151/3151
f 3100/3100/3100 3150/3150/3150 3099/3099/3099
f 3152/3152/3152 3151/3151/3151 3150/3150/3150
f 3153/3153/3153 3150/3150/3150 3100/3100/3100
f 3153/3153/3153 3152/3152/3152 3150/3150/3150
f 3100/3100/3100 3095/3095/3095 3153/3153/3153
f 3154/3154/3154 3152/3152/3152 3153/3153/3153
f 3153/3153/3153 3095/3095/3095 3155/3155/3155
f 3153/3153/3153 3155/3155/3155 3154/3154/3154
f 3093/3093/3093 3155/3155/3155 3095/3095/3095
f 3156/3156/3156 3154/3154/3154 3155/3155/3155
f 3157/3157/3157 3155/3155/3155 3093/3093/3093
f 3155/3155/3155 3157/3157/3157 3156/3156/3156
f 3093/3093/3093 3096/3096/3096 3157/3157/3157
f 3158/3158/3158 3156/3156/3156 3157/3157/3157
f 3158/3158/3158 3159/3159/3159 3156/3156/3156
f 3157/3157/3157 3096/3096/3096 3160/3160/3160
f 3160/3160/3160 3158/3158/3158 3157/3157/3157
f 3096/3096/3096 3094/3094/3094 3160/3160/3160
f 3159/3159/3159 3158/3158/3158 3161/3161/3161
f 3161/3161/3161 3162/3162/3162 3159/3159/3159
f 3163/3163/3163 3158/3158/3158 3160/3160/3160
f 3160/3160/3160 3094/3094/3094 3163/3163/3163
f 3163/3163/3163 3161/3161/3161 3158/3158/3158
f 3164/3164/3164 3162/3162/3162 3161/3161/3161
f 3164/3164/3164 3165/3165/3165 3162/3162/3162
f 3166/3166/3166 3163/3163/3163 3094/3094/3094
f 3094/3094/3094 3080/3080/3080 3166/3166/3166
f 3161/3161/3161 3163/3163/3163 3167/3167/3167
f 3167/3167/3167 3164/3164/3164 3161/3161/3161
f 3167/3167/3167 3163/3163/3163 3166/3166/3166
f 3165/3165/3165 3164/3164/3164 3168/3168/3168
f 3168/3168/3168 3164/3164/3164 3167/3167/3167
f 3168/3168/3168 3169/3169/3169 3165/3165/3165
f 3170/3170/3170 3166/3166/3166 3080/3080/3080
f 3166/3166/3166 3170/3170/3170 3167/3167/3167
f 3080/3080/3080 3081/3081/3081 3170/3170/3170
f 3167/3167/3167 3171/3171/3171 3168/3168/3168
f 3167/3167/3167 3170/3170/3170 3171/3171/3171
f 3172/3172/3172 3169/3169/3169 3168/3168/3168
f 3171/3171/3171 3172/3172/3172 3168/3168/3168
f 3173/3173/3173 3169/3169/3169 3172/3172/3172
f 3174/3174/3174 3170/3170/3170 3081/3081/3081
f 3171/3171/3171 3170/3170/3170 3174/3174/3174
f 3081/3081/3081 3082/3082/3082 3174/3174/3174
f 3173/3173/3173 3172/3172/3172 3175/3175/3175
f 3175/3175/3175 3176/3176/3176 3173/3173/3173
f 3177/3177/3177 3172/3172/3172 3171/3171/3171
f 3177/3177/3177 3171/3171/3171 3174/3174/3174
f 3175/3175/3175 3172/3172/3172 3177/3177/3177
f 3178/3178/3178 3174/3174/3174 3082/3082/3082
f 3174/3174/3174 3178/3178/3178 3177/3177/3177
f 3179/3179/3179 3176/3176/3176 3175/3175/3175
f 3180/3180/3180 3176/3176/3176 3179/3179/3179
f 3177/3177/3177 3181/3181/3181 3175/3175/3175
f 3177/3177/3177 3178/3178/3178 3181/3181/3181
f 3179/3179/3179 3175/3175/3175 3181/3181/3181
f 3082/3082/3082 3182/3182/3182 3178/3178/3178
f 3076/3076/3076 3182/3182/3182 3082/3082/3082
f 3180/3180/3180 3179/3179/3179 3183/3183/3183
f 3183/3183/3183 3184/3184/3184 3180/3180/3180
f 3181/3181/3181 3185/3185/3185 3179/3179/3179
f 3183/3183/3183 3179/3179/3179 3185/3185/3185
f 3178/3178/3178 3186/3186/3186 3181/3181/3181
f 3186/3186/3186 3178/3178/3178 3182/3182/3182
f 3185/3185/3185 3181/3181/3181 3186/3186/3186
f 3187/3187/3187 3182/3182/3182 3076/3076/3076
f 3182/3182/3182 3187/3187/3187 3186/3186/3186
f 3188/3188/3188 3184/3184/3184 3183/3183/3183
f 3189/3189/3189 3184/3184/3184 3188/3188/3188
f 3185/3185/3185 3190/3190/3190 3183/3183/3183
f 3188/3188/3188 3183/3183/3183 3190/3190/3190
f 3186/3186/3186 3191/3191/3191 3185/3185/3185
f 3191/3191/3191 3186/3186/3186 3187/3187/3187
f 3190/3190/3190 3185/3185/3185 3191/3191/3191
f 3076/3076/3076 3192/3192/3192 3187/3187/3187
f 3057/3057/3057 3192/3192/3192 3076/3076/3076
f 3189/3189/3189 3188/3188/3188 3193/3193/3193
f 3193/3193/3193 3194/3194/3194 3189/3189/3189
f 3193/3193/3193 3195/3195/3195 3194/3194/3194
f 3194/3194/3194 3195/3195/3195 3196/3196/3196
f 3197/3197/3197 3196/3196/3196 3195/3195/3195
f 3190/3190/3190 3198/3198/3198 3188/3188/3188
f 3193/3193/3193 3188/3188/3188 3198/3198/3198
f 3187/3187/3187 3199/3199/3199 3191/3191/3191
f 3199/3199/3199 3187/3187/3187 3192/3192/3192
f 3191/3191/3191 3200/3200/3200 3190/3190/3190
f 3198/3198/3198 3190/3190/3190 3200/3200/3200
f 3200/3200/3200 3191/3191/3191 3199/3199/3199
f 3201/3201/3201 3192/3192/3192 3057/3057/3057
f 3192/3192/3192 3201/3201/3201 3199/3199/3199
f 3198/3198/3198 3202/3202/3202 3193/3193/3193
f 3195/3195/3195 3193/3193/3193 3202/3202/3202
f 3200/3200/3200 3203/3203/3203 3198/3198/3198
f 3202/3202/3202 3198/3198/3198 3203/3203/3203
f 3199/3199/3199 3204/3204/3204 3200/3200/3200
f 3201/3201/3201 3204/3204/3204 3199/3199/3199
f 3203/3203/3203 3200/3200/3200 3204/3204/3204
f 3057/3057/3057 3205/3205/3205 3201/3201/3201
f 3051/3051/3051 3205/3205/3205 3057/3057/3057
f 3204/3204/3204 3201/3201/3201 3206/3206/3206
f 3206/3206/3206 3201/3201/3201 3205/3205/3205
f 3207/3207/3207 3205/3205/3205 3051/3051/3051
f 3205/3205/3205 3207/3207/3207 3206/3206/3206
f 3051/3051/3051 3052/3052/3052 3207/3207/3207
f 3204/3204/3204 3208/3208/3208 3203/3203/3203
f 3208/3208/3208 3204/3204/3204 3206/3206/3206
f 3203/3203/3203 3209/3209/3209 3202/3202/3202
f 3209/3209/3209 3203/3203/3203 3208/3208/3208
f 3052/3052/3052 3210/3210/3210 3207/3207/3207
f 3045/3045/3045 3210/3210/3210 3052/3052/3052
f 3211/3211/3211 3206/3206/3206 3207/3207/3207
f 3206/3206/3206 3211/3211/3211 3208/3208/3208
f 3207/3207/3207 3210/3210/3210 3211/3211/3211
f 3212/3212/3212 3210/3210/3210 3045/3045/3045
f 3045/3045/3045 3039/3039/3039 3212/3212/3212
f 3213/3213/3213 3208/3208/3208 3211/3211/3211
f 3208/3208/3208 3213/3213/3213 3209/3209/3209
f 3214/3214/3214 3211/3211/3211 3210/3210/3210
f 3210/3210/3210 3212/3212/3212 3214/3214/3214
f 3213/3213/3213 3211/3211/3211 3214/3214/3214
f 3215/3215/3215 3202/3202/3202 3209/3209/3209
f 3195/3195/3195 3202/3202/3202 3215/3215/3215
f 3212/3212/3212 3039/3039/3039 3216/3216/3216
f 3039/3039/3039 3034/3034/3034 3216/3216/3216
f 3217/3217/3217 3209/3209/3209 3213/3213/3213
f 3209/3209/3209 3217/3217/3217 3215/3215/3215
f 3218/3218/3218 3213/3213/3213 3214/3214/3214
f 3213/3213/3213 3218/3218/3218 3217/3217/3217
f 3214/3214/3214 3212/3212/3212 3219/3219/3219
f 3212/3212/3212 3216/3216/3216 3219/3219/3219
f 3219/3219/3219 3218/3218/3218 3214/3214/3214
f 3195/3195/3195 3215/3215/3215 3220/3220/3220
f 3220/3220/3220 3215/3215/3215 3217/3217/3217
f 3216/3216/3216 3034/3034/3034 3221/3221/3221
f 3034/3034/3034 3222/3222/3222 3221/3221/3221
f 3223/3223/3223 3219/3219/3219 3216/3216/3216
f 3221/3221/3221 3223/3223/3223 3216/3216/3216
f 3218/3218/3218 3219/3219/3219 3224/3224/3224
f 3219/3219/3219 3223/3223/3223 3224/3224/3224
f 3225/3225/3225 3217/3217/3217 3218/3218/3218
f 3220/3220/3220 3217/3217/3217 3225/3225/3225
f 3218/3218/3218 3224/3224/3224 3225/3225/3225
f 3220/3220/3220 3226/3226/3226 3195/3195/3195
f 3195/3195/3195 3226/3226/3226 3197/3197/3197
f 3226/3226/3226 3227/3227/3227 3197/3197/3197
f 3221/3221/3221 3222/3222/3222 3228/3228/3228
f 3229/3229/3229 3228/3228/3228 3222/3222/3222
f 3230/3230/3230 3223/3223/3223 3221/3221/3221
f 3228/3228/3228 3230/3230/3230 3221/3221/3221
f 3231/3231/3231 3224/3224/3224 3223/3223/3223
f 3230/3230/3230 3231/3231/3231 3223/3223/3223
f 3224/3224/3224 3232/3232/3232 3225/3225/3225
f 3224/3224/3224 3231/3231/3231 3232/3232/3232
f 3233/3233/3233 3220/3220/3220 3225/3225/3225
f 3226/3226/3226 3220/3220/3220 3233/3233/3233
f 3225/3225/3225 3232/3232/3232 3233/3233/3233
f 3226/3226/3226 3234/3234/3234 3227/3227/3227
f 3234/3234/3234 3226/3226/3226 3233/3233/3233
f 3234/3234/3234 3235/3235/3235 3227/3227/3227
f 3236/3236/3236 3228/3228/3228 3229/3229/3229
f 3229/3229/3229 3237/3237/3237 3236/3236/3236
f 3238/3238/3238 3230/3230/3230 3228/3228/3228
f 3228/3228/3228 3236/3236/3236 3238/3238/3238
f 3231/3231/3231 3230/3230/3230 3239/3239/3239
f 3230/3230/3230 3238/3238/3238 3239/3239/3239
f 3232/3232/3232 3240/3240/3240 3233/3233/3233
f 3234/3234/3234 3233/3233/3233 3240/3240/3240
f 3235/3235/3235 3234/3234/3234 3241/3241/3241
f 3241/3241/3241 3234/3234/3234 3240/3240/3240
f 3242/3242/3242 3235/3235/3235 3241/3241/3241
f 3243/3243/3243 3232/3232/3232 3231/3231/3231
f 3240/3240/3240 3232/3232/3232 3243/3243/3243
f 3231/3231/3231 3239/3239/3239 3243/3243/3243
f 3244/3244/3244 3236/3236/3236 3237/3237/3237
f 3237/3237/3237 3245/3245/3245 3244/3244/3244
f 3246/3246/3246 3238/3238/3238 3236/3236/3236
f 3236/3236/3236 3244/3244/3244 3246/3246/3246
f 3241/3241/3241 3247/3247/3247 3242/3242/3242
f 3247/3247/3247 3248/3248/3248 3242/3242/3242
f 3241/3241/3241 3240/3240/3240 3249/3249/3249
f 3249/3249/3249 3240/3240/3240 3243/3243/3243
f 3249/3249/3249 3247/3247/3247 3241/3241/3241
f 3239/3239/3239 3250/3250/3250 3243/3243/3243
f 3243/3243/3243 3250/3250/3250 3249/3249/3249
f 3238/3238/3238 3251/3251/3251 3239/3239/3239
f 3246/3246/3246 3251/3251/3251 3238/3238/3238
f 3251/3251/3251 3250/3250/3250 3239/3239/3239
f 3252/3252/3252 3244/3244/3244 3245/3245/3245
f 3245/3245/3245 3253/3253/3253 3252/3252/3252
f 3248/3248/3248 3247/3247/3247 3254/3254/3254
f 3248/3248/3248 3254/3254/3254 3255/3255/3255
f 3247/3247/3247 3249/3249/3249 3256/3256/3256
f 3256/3256/3256 3249/3249/3249 3250/3250/3250
f 3254/3254/3254 3247/3247/3247 3256/3256/3256
f 3257/3257/3257 3246/3246/3246 3244/3244/3244
f 3252/3252/3252 3257/3257/3257 3244/3244/3244
f 3258/3258/3258 3250/3250/3250 3251/3251/3251
f 3250/3250/3250 3258/3258/3258 3256/3256/3256
f 3259/3259/3259 3251/3251/3251 3246/3246/3246
f 3246/3246/3246 3257/3257/3257 3259/3259/3259
f 3251/3251/3251 3259/3259/3259 3258/3258/3258
f 3260/3260/3260 3252/3252/3252 3253/3253/3253
f 3253/3253/3253 3261/3261/3261 3260/3260/3260
f 3260/3260/3260 3261/3261/3261 3262/3262/3262
f 3254/3254/3254 3256/3256/3256 3263/3263/3263
f 3256/3256/3256 3258/3258/3258 3263/3263/3263
f 3257/3257/3257 3252/3252/3252 3264/3264/3264
f 3252/3252/3252 3260/3260/3260 3264/3264/3264
f 3262/3262/3262 3265/3265/3265 3260/3260/3260
f 3264/3264/3264 3260/3260/3260 3265/3265/3265
f 3266/3266/3266 3265/3265/3265 3262/3262/3262
f 3259/3259/3259 3267/3267/3267 3258/3258/3258
f 3258/3258/3258 3267/3267/3267 3263/3263/3263
f 3268/3268/3268 3259/3259/3259 3257/3257/3257
f 3268/3268/3268 3267/3267/3267 3259/3259/3259
f 3257/3257/3257 3264/3264/3264 3268/3268/3268
f 3265/3265/3265 3266/3266/3266 3269/3269/3269
f 3270/3270/3270 3269/3269/3269 3266/3266/3266
f 3268/3268/3268 3271/3271/3271 3267/3267/3267
f 3271/3271/3271 3263/3263/3263 3267/3267/3267
f 3272/3272/3272 3268/3268/3268 3264/3264/3264
f 3268/3268/3268 3272/3272/3272 3271/3271/3271
f 3265/3265/3265 3273/3273/3273 3264/3264/3264
f 3269/3269/3269 3273/3273/3273 3265/3265/3265
f 3264/3264/3264 3273/3273/3273 3272/3272/3272
f 3269/3269/3269 3270/3270/3270 3274/3274/3274
f 3274/3274/3274 3270/3270/3270 3275/3275/3275
f 3273/3273/3273 3269/3269/3269 3276/3276/3276
f 3276/3276/3276 3269/3269/3269 3274/3274/3274
f 3277/3277/3277 3272/3272/3272 3273/3273/3273
f 3273/3273/3273 3276/3276/3276 3277/3277/3277
f 3271/3271/3271 3272/3272/3272 3278/3278/3278
f 3272/3272/3272 3277/3277/3277 3278/3278/3278
f 3263/3263/3263 3271/3271/3271 3279/3279/3279
f 3278/3278/3278 3279/3279/3279 3271/3271/3271
f 3275/3275/3275 3280/3280/3280 3274/3274/3274
f 3281/3281/3281 3280/3280/3280 3275/3275/3275
f 3274/3274/3274 3282/3282/3282 3276/3276/3276
f 3282/3282/3282 3274/3274/3274 3280/3280/3280
f 3283/3283/3283 3277/3277/3277 3276/3276/3276
f 3276/3276/3276 3282/3282/3282 3283/3283/3283
f 3284/3284/3284 3278/3278/3278 3277/3277/3277
f 3277/3277/3277 3283/3283/3283 3284/3284/3284
f 3280/3280/3280 3281/3281/3281 3285/3285/3285
f 3286/3286/3286 3285/3285/3285 3281/3281/3281
f 3280/3280/3280 3287/3287/3287 3282/3282/3282
f 3283/3283/3283 3282/3282/3282 3287/3287/3287
f 3285/3285/3285 3287/3287/3287 3280/3280/3280
f 3286/3286/3286 3288/3288/3288 3285/3285/3285
f 3289/3289/3289 3288/3288/3288 3286/3286/3286
f 3285/3285/3285 3290/3290/3290 3287/3287/3287
f 3290/3290/3290 3285/3285/3285 3288/3288/3288
f 3287/3287/3287 3291/3291/3291 3283/3283/3283
f 3291/3291/3291 3287/3287/3287 3290/3290/3290
f 3288/3288/3288 3289/3289/3289 3292/3292/3292
f 3293/3293/3293 3292/3292/3292 3289/3289/3289
f 3291/3291/3291 3294/3294/3294 3283/3283/3283
f 3284/3284/3284 3283/3283/3283 3294/3294/3294
f 3288/3288/3288 3295/3295/3295 3290/3290/3290
f 3292/3292/3292 3295/3295/3295 3288/3288/3288
f 3290/3290/3290 3296/3296/3296 3291/3291/3291
f 3296/3296/3296 3294/3294/3294 3291/3291/3291
f 3295/3295/3295 3296/3296/3296 3290/3290/3290
f 3293/3293/3293 3297/3297/3297 3292/3292/3292
f 3298/3298/3298 3297/3297/3297 3293/3293/3293
f 3292/3292/3292 3299/3299/3299 3295/3295/3295
f 3297/3297/3297 3299/3299/3299 3292/3292/3292
f 3295/3295/3295 3300/3300/3300 3296/3296/3296
f 3300/3300/3300 3295/3295/3295 3299/3299/3299
f 3298/3298/3298 3301/3301/3301 3297/3297/3297
f 3301/3301/3301 3298/3298/3298 3302/3302/3302
f 3297/3297/3297 3303/3303/3303 3299/3299/3299
f 3301/3301/3301 3303/3303/3303 3297/3297/3297
f 3302/3302/3302 3304/3304/3304 3301/3301/3301
f 3304/3304/3304 3302/3302/3302 3123/3123/3123
f 3123/3123/3123 3122/3122/3122 3304/3304/3304
f 3304/3304/3304 3305/3305/3305 3301/3301/3301
f 3303/3303/3303 3301/3301/3301 3305/3305/3305
f 3306/3306/3306 3304/3304/3304 3122/3122/3122
f 3306/3306/3306 3305/3305/3305 3304/3304/3304
f 3122/3122/3122 3128/3128/3128 3306/3306/3306
f 3303/3303/3303 3307/3307/3307 3299/3299/3299
f 3299/3299/3299 3307/3307/3307 3300/3300/3300
f 3300/3300/3300 3308/3308/3308 3296/3296/3296
f 3296/3296/3296 3308/3308/3308 3294/3294/3294
f 3305/3305/3305 3309/3309/3309 3303/3303/3303
f 3303/3303/3303 3309/3309/3309 3307/3307/3307
f 3310/3310/3310 3306/3306/3306 3128/3128/3128
f 3128/3128/3128 3132/3132/3132 3310/3310/3310
f 3306/3306/3306 3311/3311/3311 3305/3305/3305
f 3309/3309/3309 3305/3305/3305 3311/3311/3311
f 3311/3311/3311 3306/3306/3306 3310/3310/3310
f 3307/3307/3307 3312/3312/3312 3300/3300/3300
f 3300/3300/3300 3312/3312/3312 3308/3308/3308
f 3313/3313/3313 3310/3310/3310 3132/3132/3132
f 3132/3132/3132 3134/3134/3134 3313/3313/3313
f 3309/3309/3309 3314/3314/3314 3307/3307/3307
f 3307/3307/3307 3314/3314/3314 3312/3312/3312
f 3315/3315/3315 3309/3309/3309 3311/3311/3311
f 3309/3309/3309 3315/3315/3315 3314/3314/3314
f 3316/3316/3316 3311/3311/3311 3310/3310/3310
f 3310/3310/3310 3313/3313/3313 3316/3316/3316
f 3311/3311/3311 3316/3316/3316 3315/3315/3315
f 3317/3317/3317 3313/3313/3313 3134/3134/3134
f 3134/3134/3134 3135/3135/3135 3317/3317/3317
f 3318/3318/3318 3316/3316/3316 3313/3313/3313
f 3313/3313/3313 3317/3317/3317 3318/3318/3318
f 3319/3319/3319 3315/3315/3315 3316/3316/3316
f 3316/3316/3316 3318/3318/3318 3319/3319/3319
f 3320/3320/3320 3314/3314/3314 3315/3315/3315
f 3315/3315/3315 3319/3319/3319 3320/3320/3320
f 3321/3321/3321 3312/3312/3312 3314/3314/3314
f 3314/3314/3314 3320/3320/3320 3321/3321/3321
f 3135/3135/3135 3322/3322/3322 3317/3317/3317
f 3322/3322/3322 3135/3135/3135 3146/3146/3146
f 3147/3147/3147 3322/3322/3322 3146/3146/3146
f 3317/3317/3317 3322/3322/3322 3323/3323/3323
f 3323/3323/3323 3322/3322/3322 3147/3147/3147
f 3323/3323/3323 3318/3318/3318 3317/3317/3317
f 3147/3147/3147 3324/3324/3324 3323/3323/3323
f 3323/3323/3323 3324/3324/3324 3325/3325/3325
f 3318/3318/3318 3323/3323/3323 3326/3326/3326
f 3326/3326/3326 3323/3323/3323 3325/3325/3325
f 3326/3326/3326 3319/3319/3319 3318/3318/3318
f 3326/3326/3326 3325/3325/3325 3327/3327/3327
f 3328/3328/3328 3320/3320/3320 3319/3319/3319
f 3319/3319/3319 3326/3326/3326 3328/3328/3328
f 3327/3327/3327 3328/3328/3328 3326/3326/3326
f 3321/3321/3321 3320/3320/3320 3328/3328/3328
f 3329/3329/3329 3328/3328/3328 3327/3327/3327
f 3328/3328/3328 3329/3329/3329 3321/3321/3321
f 3327/3327/3327 3330/3330/3330 3329/3329/3329
f 3331/3331/3331 3329/3329/3329 3330/3330/3330
f 3321/3321/3321 3329/3329/3329 3331/3331/3331
f 3330/3330/3330 3332/3332/3332 3331/3331/3331
f 3331/3331/3331 3333/3333/3333 3321/3321/3321
f 3312/3312/3312 3321/3321/3321 3333/3333/3333
f 3312/3312/3312 3333/3333/3333 3308/3308/3308
f 3308/3308/3308 3333/3333/3333 3334/3334/3334
f 3334/3334/3334 3333/3333/3333 3331/3331/3331
f 3308/3308/3308 3334/3334/3334 3294/3294/3294
f 3335/3335/3335 3331/3331/3331 3332/3332/3332
f 3331/3331/3331 3335/3335/3335 3334/3334/3334
f 3332/3332/3332 3336/3336/3336 3335/3335/3335
f 3337/3337/3337 3335/3335/3335 3336/3336/3336
f 3334/3334/3334 3335/3335/3335 3337/3337/3337
f 3336/3336/3336 3338/3338/3338 3337/3337/3337
f 3294/3294/3294 3334/3334/3334 3339/3339/3339
f 3337/3337/3337 3339/3339/3339 3334/3334/3334
f 3339/3339/3339 3284/3284/3284 3294/3294/3294
f 3340/3340/3340 3284/3284/3284 3339/3339/3339
f 3340/3340/3340 3339/3339/3339 3337/3337/3337
f 3284/3284/3284 3340/3340/3340 3278/3278/3278
f 3279/3279/3279 3278/3278/3278 3340/3340/3340
f 3341/3341/3341 3337/3337/3337 3338/3338/3338
f 3341/3341/3341 3340/3340/3340 3337/3337/3337
f 3279/3279/3279 3340/3340/3340 3341/3341/3341
f 3338/3338/3338 3342/3342/3342 3341/3341/3341
f 3343/3343/3343 3341/3341/3341 3342/3342/3342
f 3341/3341/3341 3343/3343/3343 3279/3279/3279
f 3344/3344/3344 3343/3343/3343 3342/3342/3342
f 3279/3279/3279 3343/3343/3343 3345/3345/3345
f 3345/3345/3345 3343/3343/3343 3344/3344/3344
f 3345/3345/3345 3263/3263/3263 3279/3279/3279
f 3344/3344/3344 3255/3255/3255 3345/3345/3345
f 3263/3263/3263 3345/3345/3345 3254/3254/3254
f 3254/3254/3254 3345/3345/3345 3255/3255/3255
f 3346/3346/3346 3347/3347/3347 3348/3348/3348
f 3346/3346/3346 3349/3349/3349 3347/3347/3347
f 3349/3349/3349 3346/3346/3346 3350/3350/3350
f 3347/3347/3347 3349/3349/3349 3351/3351/3351
f 3350/3350/3350 3352/3352/3352 3349/3349/3349
f 3353/3353/3353 3352/3352/3352 3350/3350/3350
f 3354/3354/3354 3351/3351/3351 3349/3349/3349
f 3349/3349/3349 3352/3352/3352 3354/3354/3354
f 3354/3354/3354 3355/3355/3355 3351/3351/3351
f 3352/3352/3352 3353/3353/3353 3356/3356/3356
f 3357/3357/3357 3356/3356/3356 3353/3353/3353
f 3358/3358/3358 3354/3354/3354 3352/3352/3352
f 3358/3358/3358 3352/3352/3352 3356/3356/3356
f 3359/3359/3359 3355/3355/3355 3354/3354/3354
f 3358/3358/3358 3359/3359/3359 3354/3354/3354
f 3360/3360/3360 3355/3355/3355 3359/3359/3359
f 3356/3356/3356 3357/3357/3357 3361/3361/3361
f 3361/3361/3361 3357/3357/3357 3362/3362/3362
f 3356/3356/3356 3363/3363/3363 3358/3358/3358
f 3363/3363/3363 3356/3356/3356 3361/3361/3361
f 3359/3359/3359 3364/3364/3364 3360/3360/3360
f 3364/3364/3364 3365/3365/3365 3360/3360/3360
f 3366/3366/3366 3359/3359/3359 3358/3358/3358
f 3366/3366/3366 3358/3358/3358 3363/3363/3363
f 3364/3364/3364 3359/3359/3359 3366/3366/3366
f 3362/3362/3362 3367/3367/3367 3361/3361/3361
f 3367/3367/3367 3362/3362/3362 3368/3368/3368
f 3361/3361/3361 3369/3369/3369 3363/3363/3363
f 3367/3367/3367 3369/3369/3369 3361/3361/3361
f 3363/3363/3363 3370/3370/3370 3366/3366/3366
f 3370/3370/3370 3363/3363/3363 3369/3369/3369
f 3366/3366/3366 3371/3371/3371 3364/3364/3364
f 3371/3371/3371 3366/3366/3366 3370/3370/3370
f 3372/3372/3372 3365/3365/3365 3364/3364/3364
f 3371/3371/3371 3372/3372/3372 3364/3364/3364
f 3368/3368/3368 3373/3373/3373 3367/3367/3367
f 3373/3373/3373 3368/3368/3368 3374/3374/3374
f 3374/3374/3374 3375/3375/3375 3373/3373/3373
f 3369/3369/3369 3367/3367/3367 3376/3376/3376
f 3376/3376/3376 3367/3367/3367 3373/3373/3373
f 3377/3377/3377 3373/3373/3373 3375/3375/3375
f 3373/3373/3373 3377/3377/3377 3376/3376/3376
f 3375/3375/3375 3378/3378/3378 3377/3377/3377
f 3369/3369/3369 3379/3379/3379 3370/3370/3370
f 3379/3379/3379 3369/3369/3369 3376/3376/3376
f 3365/3365/3365 3372/3372/3372 3380/3380/3380
f 3380/3380/3380 3381/3381/3381 3365/3365/3365
f 3382/3382/3382 3377/3377/3377 3378/3378/3378
f 3378/3378/3378 3383/3383/3383 3382/3382/3382
f 3384/3384/3384 3376/3376/3376 3377/3377/3377
f 3376/3376/3376 3384/3384/3384 3379/3379/3379
f 3377/3377/3377 3382/3382/3382 3384/3384/3384
f 3385/3385/3385 3370/3370/3370 3379/3379/3379
f 3370/3370/3370 3385/3385/3385 3371/3371/3371
f 3386/3386/3386 3372/3372/3372 3371/3371/3371
f 3380/3380/3380 3372/3372/3372 3386/3386/3386
f 3386/3386/3386 3371/3371/3371 3385/3385/3385
f 3387/3387/3387 3382/3382/3382 3383/3383/3383
f 3383/3383/3383 3388/3388/3388 3387/3387/3387
f 3388/3388/3388 3389/3389/3389 3387/3387/3387
f 3390/3390/3390 3379/3379/3379 3384/3384/3384
f 3379/3379/3379 3390/3390/3390 3385/3385/3385
f 3391/3391/3391 3384/3384/3384 3382/3382/3382
f 3382/3382/3382 3387/3387/3387 3391/3391/3391
f 3384/3384/3384 3391/3391/3391 3390/3390/3390
f 3389/3389/3389 3392/3392/3392 3387/3387/3387
f 3387/3387/3387 3392/3392/3392 3391/3391/3391
f 3392/3392/3392 3389/3389/3389 3393/3393/3393
f 3385/3385/3385 3394/3394/3394 3386/3386/3386
f 3394/3394/3394 3385/3385/3385 3390/3390/3390
f 3391/3391/3391 3395/3395/3395 3390/3390/3390
f 3390/3390/3390 3395/3395/3395 3394/3394/3394
f 3392/3392/3392 3396/3396/3396 3391/3391/3391
f 3396/3396/3396 3395/3395/3395 3391/3391/3391
f 3393/3393/3393 3397/3397/3397 3392/3392/3392
f 3392/3392/3392 3397/3397/3397 3396/3396/3396
f 3397/3397/3397 3393/3393/3393 3398/3398/3398
f 3399/3399/3399 3386/3386/3386 3394/3394/3394
f 3386/3386/3386 3399/3399/3399 3380/3380/3380
f 3397/3397/3397 3400/3400/3400 3396/3396/3396
f 3395/3395/3395 3396/3396/3396 3400/3400/3400
f 3398/3398/3398 3401/3401/3401 3397/3397/3397
f 3397/3397/3397 3401/3401/3401 3400/3400/3400
f 3401/3401/3401 3398/3398/3398 3402/3402/3402
f 3403/3403/3403 3394/3394/3394 3395/3395/3395
f 3394/3394/3394 3403/3403/3403 3399/3399/3399
f 3400/3400/3400 3404/3404/3404 3395/3395/3395
f 3395/3395/3395 3404/3404/3404 3403/3403/3403
f 3405/3405/3405 3400/3400/3400 3401/3401/3401
f 3404/3404/3404 3400/3400/3400 3405/3405/3405
f 3402/3402/3402 3406/3406/3406 3401/3401/3401
f 3401/3401/3401 3406/3406/3406 3405/3405/3405
f 3406/3406/3406 3402/3402/3402 3407/3407/3407
f 3403/3403/3403 3408/3408/3408 3399/3399/3399
f 3408/3408/3408 3403/3403/3403 3404/3404/3404
f 3380/3380/3380 3399/3399/3399 3409/3409/3409
f 3399/3399/3399 3408/3408/3408 3409/3409/3409
f 3405/3405/3405 3410/3410/3410 3404/3404/3404
f 3404/3404/3404 3410/3410/3410 3408/3408/3408
f 3411/3411/3411 3405/3405/3405 3406/3406/3406
f 3405/3405/3405 3411/3411/3411 3410/3410/3410
f 3407/3407/3407 3412/3412/3412 3406/3406/3406
f 3406/3406/3406 3412/3412/3412 3411/3411/3411
f 3412/3412/3412 3407/3407/3407 3413/3413/3413
f 3408/3408/3408 3410/3410/3410 3414/3414/3414
f 3414/3414/3414 3410/3410/3410 3411/3411/3411
f 3412/3412/3412 3415/3415/3415 3411/3411/3411
f 3414/3414/3414 3411/3411/3411 3415/3415/3415
f 3413/3413/3413 3416/3416/3416 3412/3412/3412
f 3415/3415/3415 3412/3412/3412 3416/3416/3416
f 3416/3416/3416 3413/3413/3413 3417/3417/3417
f 3414/3414/3414 3418/3418/3418 3408/3408/3408
f 3409/3409/3409 3408/3408/3408 3418/3418/3418
f 3415/3415/3415 3419/3419/3419 3414/3414/3414
f 3418/3418/3418 3414/3414/3414 3419/3419/3419
f 3417/3417/3417 3420/3420/3420 3416/3416/3416
f 3420/3420/3420 3417/3417/3417 3421/3421/3421
f 3416/3416/3416 3422/3422/3422 3415/3415/3415
f 3419/3419/3419 3415/3415/3415 3422/3422/3422
f 3416/3416/3416 3420/3420/3420 3422/3422/3422
f 3418/3418/3418 3423/3423/3423 3409/3409/3409
f 3419/3419/3419 3424/3424/3424 3418/3418/3418
f 3424/3424/3424 3423/3423/3423 3418/3418/3418
f 3422/3422/3422 3425/3425/3425 3419/3419/3419
f 3424/3424/3424 3419/3419/3419 3425/3425/3425
f 3420/3420/3420 3426/3426/3426 3422/3422/3422
f 3422/3422/3422 3426/3426/3426 3425/3425/3425
f 3421/3421/3421 3427/3427/3427 3420/3420/3420
f 3426/3426/3426 3420/3420/3420 3427/3427/3427
f 3409/3409/3409 3423/3423/3423 3428/3428/3428
f 3409/3409/3409 3428/3428/3428 3380/3380/3380
f 3380/3380/3380 3428/3428/3428 3381/3381/3381
f 3381/3381/3381 3428/3428/3428 3429/3429/3429
f 3429/3429/3429 3428/3428/3428 3430/3430/3430
f 3428/3428/3428 3423/3423/3423 3430/3430/3430
f 3430/3430/3430 3431/3431/3431 3429/3429/3429
f 3423/3423/3423 3424/3424/3424 3432/3432/3432
f 3430/3430/3430 3423/3423/3423 3432/3432/3432
f 3431/3431/3431 3430/3430/3430 3433/3433/3433
f 3432/3432/3432 3433/3433/3433 3430/3430/3430
f 3433/3433/3433 3434/3434/3434 3431/3431/3431
f 3435/3435/3435 3432/3432/3432 3424/3424/3424
f 3425/3425/3425 3435/3435/3435 3424/3424/3424
f 3434/3434/3434 3433/3433/3433 3436/3436/3436
f 3436/3436/3436 3437/3437/3437 3434/3434/3434
f 3438/3438/3438 3433/3433/3433 3432/3432/3432
f 3432/3432/3432 3435/3435/3435 3438/3438/3438
f 3433/3433/3433 3438/3438/3438 3436/3436/3436
f 3425/3425/3425 3439/3439/3439 3435/3435/3435
f 3426/3426/3426 3439/3439/3439 3425/3425/3425
f 3437/3437/3437 3436/3436/3436 3440/3440/3440
f 3440/3440/3440 3441/3441/3441 3437/3437/3437
f 3442/3442/3442 3438/3438/3438 3435/3435/3435
f 3439/3439/3439 3442/3442/3442 3435/3435/3435
f 3443/3443/3443 3436/3436/3436 3438/3438/3438
f 3436/3436/3436 3443/3443/3443 3440/3440/3440
f 3438/3438/3438 3442/3442/3442 3443/3443/3443
f 3439/3439/3439 3426/3426/3426 3444/3444/3444
f 3427/3427/3427 3444/3444/3444 3426/3426/3426
f 3445/3445/3445 3441/3441/3441 3440/3440/3440
f 3445/3445/3445 3446/3446/3446 3441/3441/3441
f 3439/3439/3439 3447/3447/3447 3442/3442/3442
f 3444/3444/3444 3447/3447/3447 3439/3439/3439
f 3442/3442/3442 3448/3448/3448 3443/3443/3443
f 3447/3447/3447 3448/3448/3448 3442/3442/3442
f 3449/3449/3449 3440/3440/3440 3443/3443/3443
f 3440/3440/3440 3449/3449/3449 3445/3445/3445
f 3448/3448/3448 3449/3449/3449 3443/3443/3443
f 3446/3446/3446 3445/3445/3445 3450/3450/3450
f 3450/3450/3450 3451/3451/3451 3446/3446/3446
f 3452/3452/3452 3445/3445/3445 3449/3449/3449
f 3445/3445/3445 3452/3452/3452 3450/3450/3450
f 3449/3449/3449 3448/3448/3448 3453/3453/3453
f 3453/3453/3453 3452/3452/3452 3449/3449/3449
f 3448/3448/3448 3447/3447/3447 3454/3454/3454
f 3454/3454/3454 3453/3453/3453 3448/3448/3448
f 3447/3447/3447 3444/3444/3444 3455/3455/3455
f 3455/3455/3455 3454/3454/3454 3447/3447/3447
f 3456/3456/3456 3451/3451/3451 3450/3450/3450
f 3456/3456/3456 3457/3457/3457 3451/3451/3451
f 3458/3458/3458 3450/3450/3450 3452/3452/3452
f 3458/3458/3458 3456/3456/3456 3450/3450/3450
f 3459/3459/3459 3452/3452/3452 3453/3453/3453
f 3452/3452/3452 3459/3459/3459 3458/3458/3458
f 3460/3460/3460 3453/3453/3453 3454/3454/3454
f 3460/3460/3460 3459/3459/3459 3453/3453/3453
f 3457/3457/3457 3456/3456/3456 3461/3461/3461
f 3461/3461/3461 3462/3462/3462 3457/3457/3457
f 3456/3456/3456 3458/3458/3458 3463/3463/3463
f 3463/3463/3463 3461/3461/3461 3456/3456/3456
f 3464/3464/3464 3458/3458/3458 3459/3459/3459
f 3464/3464/3464 3463/3463/3463 3458/3458/3458
f 3462/3462/3462 3461/3461/3461 3465/3465/3465
f 3465/3465/3465 3466/3466/3466 3462/3462/3462
f 3461/3461/3461 3463/3463/3463 3467/3467/3467
f 3467/3467/3467 3465/3465/3465 3461/3461/3461
f 3466/3466/3466 3465/3465/3465 3468/3468/3468
f 3468/3468/3468 3469/3469/3469 3466/3466/3466
f 3470/3470/3470 3460/3460/3460 3454/3454/3454
f 3454/3454/3454 3455/3455/3455 3470/3470/3470
f 3471/3471/3471 3459/3459/3459 3460/3460/3460
f 3471/3471/3471 3464/3464/3464 3459/3459/3459
f 3463/3463/3463 3464/3464/3464 3472/3472/3472
f 3472/3472/3472 3467/3467/3467 3463/3463/3463
f 3473/3473/3473 3465/3465/3465 3467/3467/3467
f 3473/3473/3473 3468/3468/3468 3465/3465/3465
f 3469/3469/3469 3468/3468/3468 3474/3474/3474
f 3474/3474/3474 3475/3475/3475 3469/3469/3469
f 3476/3476/3476 3460/3460/3460 3470/3470/3470
f 3471/3471/3471 3460/3460/3460 3476/3476/3476
f 3471/3471/3471 3477/3477/3477 3464/3464/3464
f 3477/3477/3477 3472/3472/3472 3464/3464/3464
f 3478/3478/3478 3467/3467/3467 3472/3472/3472
f 3478/3478/3478 3473/3473/3473 3467/3467/3467
f 3468/3468/3468 3473/3473/3473 3479/3479/3479
f 3479/3479/3479 3474/3474/3474 3468/3468/3468
f 3480/3480/3480 3475/3475/3475 3474/3474/3474
f 3475/3475/3475 3480/3480/3480 3481/3481/3481
f 3471/3471/3471 3476/3476/3476 3482/3482/3482
f 3482/3482/3482 3477/3477/3477 3471/3471/3471
f 3472/3472/3472 3477/3477/3477 3483/3483/3483
f 3483/3483/3483 3478/3478/3478 3472/3472/3472
f 3484/3484/3484 3473/3473/3473 3478/3478/3478
f 3473/3473/3473 3484/3484/3484 3479/3479/3479
f 3474/3474/3474 3479/3479/3479 3485/3485/3485
f 3485/3485/3485 3480/3480/3480 3474/3474/3474
f 3486/3486/3486 3481/3481/3481 3480/3480/3480
f 3481/3481/3481 3486/3486/3486 3487/3487/3487
f 3487/3487/3487 3486/3486/3486 3488/3488/3488
f 3488/3488/3488 3489/3489/3489 3487/3487/3487
f 3490/3490/3490 3488/3488/3488 3486/3486/3486
f 3491/3491/3491 3486/3486/3486 3480/3480/3480
f 3486/3486/3486 3491/3491/3491 3490/3490/3490
f 3480/3480/3480 3485/3485/3485 3491/3491/3491
f 3491/3491/3491 3492/3492/3492 3490/3490/3490
f 3491/3491/3491 3493/3493/3493 3492/3492/3492
f 3491/3491/3491 3485/3485/3485 3493/3493/3493
f 3493/3493/3493 3494/3494/3494 3492/3492/3492
f 3485/3485/3485 3479/3479/3479 3495/3495/3495
f 3485/3485/3485 3495/3495/3495 3493/3493/3493
f 3479/3479/3479 3484/3484/3484 3495/3495/3495
f 3494/3494/3494 3493/3493/3493 3496/3496/3496
f 3495/3495/3495 3496/3496/3496 3493/3493/3493
f 3497/3497/3497 3494/3494/3494 3496/3496/3496
f 3498/3498/3498 3495/3495/3495 3484/3484/3484
f 3495/3495/3495 3498/3498/3498 3496/3496/3496
f 3497/3497/3497 3496/3496/3496 3499/3499/3499
f 3499/3499/3499 3496/3496/3496 3498/3498/3498
f 3500/3500/3500 3497/3497/3497 3499/3499/3499
f 3484/3484/3484 3501/3501/3501 3498/3498/3498
f 3484/3484/3484 3478/3478/3478 3501/3501/3501
f 3501/3501/3501 3478/3478/3478 3483/3483/3483
f 3500/3500/3500 3499/3499/3499 3502/3502/3502
f 3503/3503/3503 3500/3500/3500 3502/3502/3502
f 3502/3502/3502 3504/3504/3504 3503/3503/3503
f 3499/3499/3499 3498/3498/3498 3505/3505/3505
f 3501/3501/3501 3505/3505/3505 3498/3498/3498
f 3502/3502/3502 3499/3499/3499 3505/3505/3505
f 3506/3506/3506 3504/3504/3504 3502/3502/3502
f 3502/3502/3502 3505/3505/3505 3506/3506/3506
f 3506/3506/3506 3507/3507/3507 3504/3504/3504
f 3505/3505/3505 3501/3501/3501 3508/3508/3508
f 3508/3508/3508 3501/3501/3501 3483/3483/3483
f 3506/3506/3506 3505/3505/3505 3508/3508/3508
f 3507/3507/3507 3506/3506/3506 3509/3509/3509
f 3508/3508/3508 3509/3509/3509 3506/3506/3506
f 3509/3509/3509 3510/3510/3510 3507/3507/3507
f 3511/3511/3511 3510/3510/3510 3509/3509/3509
f 3509/3509/3509 3512/3512/3512 3511/3511/3511
f 3512/3512/3512 3509/3509/3509 3508/3508/3508
f 3513/3513/3513 3511/3511/3511 3512/3512/3512
f 3483/3483/3483 3514/3514/3514 3508/3508/3508
f 3508/3508/3508 3514/3514/3514 3512/3512/3512
f 3483/3483/3483 3477/3477/3477 3514/3514/3514
f 3514/3514/3514 3477/3477/3477 3482/3482/3482
f 3512/3512/3512 3515/3515/3515 3513/3513/3513
f 3515/3515/3515 3512/3512/3512 3514/3514/3514
f 3514/3514/3514 3482/3482/3482 3515/3515/3515
f 3516/3516/3516 3513/3513/3513 3515/3515/3515
f 3515/3515/3515 3482/3482/3482 3517/3517/3517
f 3515/3515/3515 3517/3517/3517 3516/3516/3516
f 3482/3482/3482 3476/3476/3476 3517/3517/3517
f 3517/3517/3517 3518/3518/3518 3516/3516/3516
f 3517/3517/3517 3476/3476/3476 3470/3470/3470
f 3519/3519/3519 3518/3518/3518 3517/3517/3517
f 3470/3470/3470 3519/3519/3519 3517/3517/3517
f 3520/3520/3520 3518/3518/3518 3519/3519/3519
f 3519/3519/3519 3470/3470/3470 3455/3455/3455
f 3519/3519/3519 3521/3521/3521 3520/3520/3520
f 3455/3455/3455 3521/3521/3521 3519/3519/3519
f 3521/3521/3521 3455/3455/3455 3444/3444/3444
f 3444/3444/3444 3427/3427/3427 3521/3521/3521
f 3522/3522/3522 3520/3520/3520 3521/3521/3521
f 3521/3521/3521 3427/3427/3427 3522/3522/3522
f 3522/3522/3522 3427/3427/3427 3421/3421/3421
f 3421/3421/3421 3523/3523/3523 3522/3522/3522
f 3524/3524/3524 3525/3525/3525 3526/3526/3526
f 3526/3526/3526 3527/3527/3527 3524/3524/3524
f 3528/3528/3528 3527/3527/3527 3526/3526/3526
f 3526/3526/3526 3529/3529/3529 3528/3528/3528
f 3530/3530/3530 3524/3524/3524 3527/3527/3527
f 3530/3530/3530 3531/3531/3531 3524/3524/3524
f 3532/3532/3532 3528/3528/3528 3529/3529/3529
f 3529/3529/3529 3533/3533/3533 3532/3532/3532
f 3531/3531/3531 3530/3530/3530 3534/3534/3534
f 3534/3534/3534 3535/3535/3535 3531/3531/3531
f 3536/3536/3536 3532/3532/3532 3533/3533/3533
f 3533/3533/3533 3537/3537/3537 3536/3536/3536
f 3535/3535/3535 3534/3534/3534 3538/3538/3538
f 3538/3538/3538 3539/3539/3539 3535/3535/3535
f 3540/3540/3540 3536/3536/3536 3537/3537/3537
f 3537/3537/3537 3541/3541/3541 3540/3540/3540
f 3539/3539/3539 3538/3538/3538 3542/3542/3542
f 3542/3542/3542 3543/3543/3543 3539/3539/3539
f 3541/3541/3541 3544/3544/3544 3540/3540/3540
f 3541/3541/3541 3545/3545/3545 3544/3544/3544
f 3542/3542/3542 3546/3546/3546 3543/3543/3543
f 3546/3546/3546 3547/3547/3547 3543/3543/3543
f 3548/3548/3548 3544/3544/3544 3545/3545/3545
f 3545/3545/3545 3549/3549/3549 3548/3548/3548
f 3547/3547/3547 3546/3546/3546 3550/3550/3550
f 3550/3550/3550 3551/3551/3551 3547/3547/3547
f 3552/3552/3552 3551/3551/3551 3550/3550/3550
f 3550/3550/3550 3553/3553/3553 3552/3552/3552
f 3554/3554/3554 3552/3552/3552 3553/3553/3553
f 3555/3555/3555 3550/3550/3550 3546/3546/3546
f 3553/3553/3553 3550/3550/3550 3555/3555/3555
f 3556/3556/3556 3546/3546/3546 3542/3542/3542
f 3546/3546/3546 3556/3556/3556 3555/3555/3555
f 3553/3553/3553 3557/3557/3557 3554/3554/3554
f 3558/3558/3558 3554/3554/3554 3557/3557/3557
f 3557/3557/3557 3559/3559/3559 3558/3558/3558
f 3557/3557/3557 3553/3553/3553 3560/3560/3560
f 3555/3555/3555 3560/3560/3560 3553/3553/3553
f 3557/3557/3557 3561/3561/3561 3559/3559/3559
f 3560/3560/3560 3561/3561/3561 3557/3557/3557
f 3562/3562/3562 3559/3559/3559 3561/3561/3561
f 3561/3561/3561 3563/3563/3563 3562/3562/3562
f 3564/3564/3564 3562/3562/3562 3563/3563/3563
f 3560/3560/3560 3565/3565/3565 3561/3561/3561
f 3563/3563/3563 3561/3561/3561 3565/3565/3565
f 3560/3560/3560 3555/3555/3555 3566/3566/3566
f 3566/3566/3566 3565/3565/3565 3560/3560/3560
f 3564/3564/3564 3563/3563/3563 3567/3567/3567
f 3567/3567/3567 3568/3568/3568 3564/3564/3564
f 3563/3563/3563 3565/3565/3565 3569/3569/3569
f 3569/3569/3569 3567/3567/3567 3563/3563/3563
f 3568/3568/3568 3567/3567/3567 3570/3570/3570
f 3570/3570/3570 3571/3571/3571 3568/3568/3568
f 3566/3566/3566 3555/3555/3555 3572/3572/3572
f 3555/3555/3555 3556/3556/3556 3572/3572/3572
f 3565/3565/3565 3566/3566/3566 3573/3573/3573
f 3573/3573/3573 3569/3569/3569 3565/3565/3565
f 3567/3567/3567 3569/3569/3569 3574/3574/3574
f 3574/3574/3574 3570/3570/3570 3567/3567/3567
f 3571/3571/3571 3570/3570/3570 3575/3575/3575
f 3575/3575/3575 3576/3576/3576 3571/3571/3571
f 3577/3577/3577 3576/3576/3576 3575/3575/3575
f 3578/3578/3578 3576/3576/3576 3577/3577/3577
f 3577/3577/3577 3575/3575/3575 3579/3579/3579
f 3580/3580/3580 3575/3575/3575 3570/3570/3570
f 3579/3579/3579 3575/3575/3575 3580/3580/3580
f 3570/3570/3570 3574/3574/3574 3580/3580/3580
f 3581/3581/3581 3579/3579/3579 3580/3580/3580
f 3580/3580/3580 3582/3582/3582 3581/3581/3581
f 3582/3582/3582 3580/3580/3580 3574/3574/3574
f 3581/3581/3581 3582/3582/3582 3583/3583/3583
f 3584/3584/3584 3574/3574/3574 3569/3569/3569
f 3574/3574/3574 3584/3584/3584 3582/3582/3582
f 3569/3569/3569 3573/3573/3573 3584/3584/3584
f 3583/3583/3583 3582/3582/3582 3585/3585/3585
f 3585/3585/3585 3582/3582/3582 3584/3584/3584
f 3583/3583/3583 3585/3585/3585 3586/3586/3586
f 3587/3587/3587 3584/3584/3584 3573/3573/3573
f 3584/3584/3584 3587/3587/3587 3585/3585/3585
f 3585/3585/3585 3588/3588/3588 3586/3586/3586
f 3585/3585/3585 3587/3587/3587 3588/3588/3588
f 3588/3588/3588 3589/3589/3589 3586/3586/3586
f 3573/3573/3573 3590/3590/3590 3587/3587/3587
f 3590/3590/3590 3573/3573/3573 3566/3566/3566
f 3566/3566/3566 3572/3572/3572 3590/3590/3590
f 3588/3588/3588 3591/3591/3591 3589/3589/3589
f 3589/3589/3589 3591/3591/3591 3592/3592/3592
f 3593/3593/3593 3588/3588/3588 3587/3587/3587
f 3593/3593/3593 3587/3587/3587 3590/3590/3590
f 3593/3593/3593 3591/3591/3591 3588/3588/3588
f 3594/3594/3594 3590/3590/3590 3572/3572/3572
f 3590/3590/3590 3594/3594/3594 3593/3593/3593
f 3595/3595/3595 3592/3592/3592 3591/3591/3591
f 3592/3592/3592 3595/3595/3595 3596/3596/3596
f 3593/3593/3593 3597/3597/3597 3591/3591/3591
f 3597/3597/3597 3593/3593/3593 3594/3594/3594
f 3597/3597/3597 3595/3595/3595 3591/3591/3591
f 3572/3572/3572 3598/3598/3598 3594/3594/3594
f 3572/3572/3572 3556/3556/3556 3598/3598/3598
f 3599/3599/3599 3596/3596/3596 3595/3595/3595
f 3596/3596/3596 3599/3599/3599 3600/3600/3600
f 3601/3601/3601 3595/3595/3595 3597/3597/3597
f 3601/3601/3601 3599/3599/3599 3595/3595/3595
f 3594/3594/3594 3602/3602/3602 3597/3597/3597
f 3602/3602/3602 3594/3594/3594 3598/3598/3598
f 3601/3601/3601 3597/3597/3597 3602/3602/3602
f 3556/3556/3556 3603/3603/3603 3598/3598/3598
f 3556/3556/3556 3542/3542/3542 3603/3603/3603
f 3603/3603/3603 3542/3542/3542 3538/3538/3538
f 3604/3604/3604 3600/3600/3600 3599/3599/3599
f 3605/3605/3605 3600/3600/3600 3604/3604/3604
f 3606/3606/3606 3599/3599/3599 3601/3601/3601
f 3604/3604/3604 3599/3599/3599 3606/3606/3606
f 3602/3602/3602 3607/3607/3607 3601/3601/3601
f 3606/3606/3606 3601/3601/3601 3607/3607/3607
f 3598/3598/3598 3608/3608/3608 3602/3602/3602
f 3608/3608/3608 3598/3598/3598 3603/3603/3603
f 3607/3607/3607 3602/3602/3602 3608/3608/3608
f 3538/3538/3538 3609/3609/3609 3603/3603/3603
f 3603/3603/3603 3609/3609/3609 3608/3608/3608
f 3604/3604/3604 3610/3610/3610 3605/3605/3605
f 3605/3605/3605 3610/3610/3610 3611/3611/3611
f 3606/3606/3606 3612/3612/3612 3604/3604/3604
f 3612/3612/3612 3610/3610/3610 3604/3604/3604
f 3607/3607/3607 3613/3613/3613 3606/3606/3606
f 3613/3613/3613 3612/3612/3612 3606/3606/3606
f 3608/3608/3608 3614/3614/3614 3607/3607/3607
f 3614/3614/3614 3608/3608/3608 3609/3609/3609
f 3614/3614/3614 3613/3613/3613 3607/3607/3607
f 3615/3615/3615 3609/3609/3609 3538/3538/3538
f 3609/3609/3609 3615/3615/3615 3614/3614/3614
f 3538/3538/3538 3534/3534/3534 3615/3615/3615
f 3616/3616/3616 3611/3611/3611 3610/3610/3610
f 3617/3617/3617 3611/3611/3611 3616/3616/3616
f 3618/3618/3618 3610/3610/3610 3612/3612/3612
f 3618/3618/3618 3616/3616/3616 3610/3610/3610
f 3619/3619/3619 3613/3613/3613 3614/3614/3614
f 3614/3614/3614 3615/3615/3615 3619/3619/3619
f 3620/3620/3620 3615/3615/3615 3534/3534/3534
f 3615/3615/3615 3620/3620/3620 3619/3619/3619
f 3534/3534/3534 3530/3530/3530 3620/3620/3620
f 3621/3621/3621 3612/3612/3612 3613/3613/3613
f 3619/3619/3619 3621/3621/3621 3613/3613/3613
f 3621/3621/3621 3618/3618/3618 3612/3612/3612
f 3616/3616/3616 3622/3622/3622 3617/3617/3617
f 3623/3623/3623 3617/3617/3617 3622/3622/3622
f 3624/3624/3624 3620/3620/3620 3530/3530/3530
f 3530/3530/3530 3527/3527/3527 3624/3624/3624
f 3625/3625/3625 3619/3619/3619 3620/3620/3620
f 3625/3625/3625 3621/3621/3621 3619/3619/3619
f 3620/3620/3620 3624/3624/3624 3625/3625/3625
f 3626/3626/3626 3618/3618/3618 3621/3621/3621
f 3625/3625/3625 3626/3626/3626 3621/3621/3621
f 3627/3627/3627 3616/3616/3616 3618/3618/3618
f 3622/3622/3622 3616/3616/3616 3627/3627/3627
f 3626/3626/3626 3627/3627/3627 3618/3618/3618
f 3622/3622/3622 3628/3628/3628 3623/3623/3623
f 3629/3629/3629 3623/3623/3623 3628/3628/3628
f 3630/3630/3630 3624/3624/3624 3527/3527/3527
f 3527/3527/3527 3528/3528/3528 3630/3630/3630
f 3624/3624/3624 3631/3631/3631 3625/3625/3625
f 3631/3631/3631 3626/3626/3626 3625/3625/3625
f 3630/3630/3630 3631/3631/3631 3624/3624/3624
f 3627/3627/3627 3632/3632/3632 3622/3622/3622
f 3632/3632/3632 3628/3628/3628 3622/3622/3622
f 3633/3633/3633 3627/3627/3627 3626/3626/3626
f 3633/3633/3633 3626/3626/3626 3631/3631/3631
f 3633/3633/3633 3632/3632/3632 3627/3627/3627
f 3628/3628/3628 3634/3634/3634 3629/3629/3629
f 3635/3635/3635 3629/3629/3629 3634/3634/3634
f 3528/3528/3528 3636/3636/3636 3630/3630/3630
f 3532/3532/3532 3636/3636/3636 3528/3528/3528
f 3637/3637/3637 3631/3631/3631 3630/3630/3630
f 3631/3631/3631 3637/3637/3637 3633/3633/3633
f 3630/3630/3630 3636/3636/3636 3637/3637/3637
f 3638/3638/3638 3628/3628/3628 3632/3632/3632
f 3634/3634/3634 3628/3628/3628 3638/3638/3638
f 3639/3639/3639 3632/3632/3632 3633/3633/3633
f 3637/3637/3637 3639/3639/3639 3633/3633/3633
f 3638/3638/3638 3632/3632/3632 3639/3639/3639
f 3634/3634/3634 3640/3640/3640 3635/3635/3635
f 3641/3641/3641 3635/3635/3635 3640/3640/3640
f 3532/3532/3532 3642/3642/3642 3636/3636/3636
f 3536/3536/3536 3642/3642/3642 3532/3532/3532
f 3636/3636/3636 3643/3643/3643 3637/3637/3637
f 3643/3643/3643 3639/3639/3639 3637/3637/3637
f 3642/3642/3642 3643/3643/3643 3636/3636/3636
f 3639/3639/3639 3644/3644/3644 3638/3638/3638
f 3644/3644/3644 3639/3639/3639 3643/3643/3643
f 3638/3638/3638 3645/3645/3645 3634/3634/3634
f 3640/3640/3640 3634/3634/3634 3645/3645/3645
f 3644/3644/3644 3645/3645/3645 3638/3638/3638
f 3536/3536/3536 3646/3646/3646 3642/3642/3642
f 3540/3540/3540 3646/3646/3646 3536/3536/3536
f 3647/3647/3647 3643/3643/3643 3642/3642/3642
f 3643/3643/3643 3647/3647/3647 3644/3644/3644
f 3642/3642/3642 3646/3646/3646 3647/3647/3647
f 3645/3645/3645 3644/3644/3644 3648/3648/3648
f 3647/3647/3647 3648/3648/3648 3644/3644/3644
f 3649/3649/3649 3646/3646/3646 3540/3540/3540
f 3540/3540/3540 3544/3544/3544 3649/3649/3649
f 3646/3646/3646 3650/3650/3650 3647/3647/3647
f 3648/3648/3648 3647/3647/3647 3650/3650/3650
f 3646/3646/3646 3649/3649/3649 3650/3650/3650
f 3544/3544/3544 3651/3651/3651 3649/3649/3649
f 3544/3544/3544 3548/3548/3548 3651/3651/3651
f 3652/3652/3652 3650/3650/3650 3649/3649/3649
f 3650/3650/3650 3652/3652/3652 3648/3648/3648
f 3649/3649/3649 3651/3651/3651 3652/3652/3652
f 3653/3653/3653 3645/3645/3645 3648/3648/3648
f 3645/3645/3645 3653/3653/3653 3640/3640/3640
f 3648/3648/3648 3652/3652/3652 3654/3654/3654
f 3648/3648/3648 3654/3654/3654 3653/3653/3653
f 3651/3651/3651 3655/3655/3655 3652/3652/3652
f 3654/3654/3654 3652/3652/3652 3655/3655/3655
f 3548/3548/3548 3656/3656/3656 3651/3651/3651
f 3656/3656/3656 3655/3655/3655 3651/3651/3651
f 3653/3653/3653 3654/3654/3654 3657/3657/3657
f 3655/3655/3655 3657/3657/3657 3654/3654/3654
f 3640/3640/3640 3653/3653/3653 3658/3658/3658
f 3657/3657/3657 3658/3658/3658 3653/3653/3653
f 3659/3659/3659 3656/3656/3656 3548/3548/3548
f 3659/3659/3659 3548/3548/3548 3549/3549/3549
f 3549/3549/3549 3660/3660/3660 3659/3659/3659
f 3656/3656/3656 3661/3661/3661 3655/3655/3655
f 3661/3661/3661 3656/3656/3656 3659/3659/3659
f 3660/3660/3660 3662/3662/3662 3659/3659/3659
f 3659/3659/3659 3662/3662/3662 3661/3661/3661
f 3663/3663/3663 3662/3662/3662 3660/3660/3660
f 3664/3664/3664 3662/3662/3662 3663/3663/3663
f 3664/3664/3664 3665/3665/3665 3662/3662/3662
f 3661/3661/3661 3662/3662/3662 3665/3665/3665
f 3666/3666/3666 3665/3665/3665 3664/3664/3664
f 3667/3667/3667 3657/3657/3657 3655/3655/3655
f 3661/3661/3661 3667/3667/3667 3655/3655/3655
f 3668/3668/3668 3665/3665/3665 3666/3666/3666
f 3668/3668/3668 3666/3666/3666 3669/3669/3669
f 3665/3665/3665 3670/3670/3670 3661/3661/3661
f 3667/3667/3667 3661/3661/3661 3670/3670/3670
f 3665/3665/3665 3668/3668/3668 3670/3670/3670
f 3667/3667/3667 3671/3671/3671 3657/3657/3657
f 3671/3671/3671 3658/3658/3658 3657/3657/3657
f 3669/3669/3669 3672/3672/3672 3668/3668/3668
f 3673/3673/3673 3672/3672/3672 3669/3669/3669
f 3672/3672/3672 3673/3673/3673 3674/3674/3674
f 3670/3670/3670 3675/3675/3675 3667/3667/3667
f 3671/3671/3671 3667/3667/3667 3675/3675/3675
f 3668/3668/3668 3676/3676/3676 3670/3670/3670
f 3676/3676/3676 3668/3668/3668 3672/3672/3672
f 3670/3670/3670 3676/3676/3676 3675/3675/3675
f 3674/3674/3674 3677/3677/3677 3672/3672/3672
f 3672/3672/3672 3677/3677/3677 3676/3676/3676
f 3677/3677/3677 3674/3674/3674 3678/3678/3678
f 3679/3679/3679 3675/3675/3675 3676/3676/3676
f 3679/3679/3679 3676/3676/3676 3677/3677/3677
f 3680/3680/3680 3677/3677/3677 3678/3678/3678
f 3677/3677/3677 3680/3680/3680 3679/3679/3679
f 3678/3678/3678 3681/3681/3681 3680/3680/3680
f 3675/3675/3675 3682/3682/3682 3671/3671/3671
f 3679/3679/3679 3682/3682/3682 3675/3675/3675
f 3681/3681/3681 3683/3683/3683 3680/3680/3680
f 3684/3684/3684 3683/3683/3683 3681/3681/3681
f 3685/3685/3685 3679/3679/3679 3680/3680/3680
f 3679/3679/3679 3685/3685/3685 3682/3682/3682
f 3680/3680/3680 3683/3683/3683 3685/3685/3685
f 3686/3686/3686 3671/3671/3671 3682/3682/3682
f 3671/3671/3671 3686/3686/3686 3658/3658/3658
f 3687/3687/3687 3683/3683/3683 3684/3684/3684
f 3684/3684/3684 3688/3688/3688 3687/3687/3687
f 3685/3685/3685 3689/3689/3689 3682/3682/3682
f 3682/3682/3682 3689/3689/3689 3686/3686/3686
f 3683/3683/3683 3690/3690/3690 3685/3685/3685
f 3687/3687/3687 3690/3690/3690 3683/3683/3683
f 3685/3685/3685 3690/3690/3690 3689/3689/3689
f 3691/3691/3691 3658/3658/3658 3686/3686/3686
f 3658/3658/3658 3691/3691/3691 3640/3640/3640
f 3691/3691/3691 3641/3641/3641 3640/3640/3640
f 3686/3686/3686 3692/3692/3692 3691/3691/3691
f 3692/3692/3692 3641/3641/3641 3691/3691/3691
f 3689/3689/3689 3692/3692/3692 3686/3686/3686
f 3641/3641/3641 3692/3692/3692 3693/3693/3693
f 3689/3689/3689 3694/3694/3694 3692/3692/3692
f 3692/3692/3692 3694/3694/3694 3693/3693/3693
f 3694/3694/3694 3689/3689/3689 3690/3690/3690
f 3694/3694/3694 3695/3695/3695 3693/3693/3693
f 3690/3690/3690 3696/3696/3696 3694/3694/3694
f 3695/3695/3695 3694/3694/3694 3696/3696/3696
f 3696/3696/3696 3690/3690/3690 3687/3687/3687
f 3696/3696/3696 3697/3697/3697 3695/3695/3695
f 3687/3687/3687 3698/3698/3698 3696/3696/3696
f 3698/3698/3698 3697/3697/3697 3696/3696/3696
f 3698/3698/3698 3687/3687/3687 3688/3688/3688
f 3698/3698/3698 3699/3699/3699 3697/3697/3697
f 3688/3688/3688 3700/3700/3700 3698/3698/3698
f 3700/3700/3700 3699/3699/3699 3698/3698/3698
f 3700/3700/3700 3701/3701/3701 3699/3699/3699
f 3702/3702/3702 3703/3703/3703 3704/3704/3704
f 3704/3704/3704 3705/3705/3705 3702/3702/3702
f 3706/3706/3706 3705/3705/3705 3704/3704/3704
f 3707/3707/3707 3702/3702/3702 3705/3705/3705
f 3706/3706/3706 3708/3708/3708 3705/3705/3705
f 3705/3705/3705 3709/3709/3709 3707/3707/3707
f 3708/3708/3708 3709/3709/3709 3705/3705/3705
f 3709/3709/3709 3710/3710/3710 3707/3707/3707
f 3708/3708/3708 3711/3711/3711 3709/3709/3709
f 3710/3710/3710 3709/3709/3709 3712/3712/3712
f 3711/3711/3711 3712/3712/3712 3709/3709/3709
f 3712/3712/3712 3713/3713/3713 3710/3710/3710
f 3711/3711/3711 3714/3714/3714 3712/3712/3712
f 3713/3713/3713 3712/3712/3712 3715/3715/3715
f 3714/3714/3714 3715/3715/3715 3712/3712/3712
f 3713/3713/3713 3715/3715/3715 3716/3716/3716
f 3714/3714/3714 3717/3717/3717 3715/3715/3715
f 3716/3716/3716 3715/3715/3715 3718/3718/3718
f 3717/3717/3717 3718/3718/3718 3715/3715/3715
f 3719/3719/3719 3716/3716/3716 3718/3718/3718
f 3717/3717/3717 3720/3720/3720 3718/3718/3718
f 3718/3718/3718 3721/3721/3721 3719/3719/3719
f 3721/3721/3721 3718/3718/3718 3720/3720/3720
f 3719/3719/3719 3721/3721/3721 3722/3722/3722
f 3720/3720/3720 3723/3723/3723 3721/3721/3721
f 3722/3722/3722 3721/3721/3721 3724/3724/3724
f 3724/3724/3724 3721/3721/3721 3723/3723/3723
f 3723/3723/3723 3725/3725/3725 3724/3724/3724
f 3722/3722/3722 3724/3724/3724 3726/3726/3726
f 3727/3727/3727 3724/3724/3724 3725/3725/3725
f 3726/3726/3726 3724/3724/3724 3727/3727/3727
f 3725/3725/3725 3728/3728/3728 3727/3727/3727
f 3727/3727/3727 3728/3728/3728 3729/3729/3729
f 3726/3726/3726 3727/3727/3727 3730/3730/3730
f 3729/3729/3729 3730/3730/3730 3727/3727/3727
f 3730/3730/3730 3729/3729/3729 3731/3731/3731
f 3730/3730/3730 3732/3732/3732 3726/3726/3726
f 3731/3731/3731 3733/3733/3733 3730/3730/3730
f 3732/3732/3732 3730/3730/3730 3733/3733/3733
f 3733/3733/3733 3734/3734/3734 3732/3732/3732
f 3735/3735/3735 3736/3736/3736 3737/3737/3737
f 3738/3738/3738 3735/3735/3735 3737/3737/3737
f 3739/3739/3739 3738/3738/3738 3737/3737/3737
f 3738/3738/3738 3739/3739/3739 3740/3740/3740
f 3741/3741/3741 3740/3740/3740 3739/3739/3739
f 3742/3742/3742 3735/3735/3735 3738/3738/3738
f 3743/3743/3743 3740/3740/3740 3741/3741/3741
f 3738/3738/3738 3744/3744/3744 3742/3742/3742
f 3744/3744/3744 3738/3738/3738 3740/3740/3740
f 3745/3745/3745 3742/3742/3742 3744/3744/3744
f 3744/3744/3744 3746/3746/3746 3745/3745/3745
f 3746/3746/3746 3747/3747/3747 3745/3745/3745
f 3743/3743/3743 3748/3748/3748 3740/3740/3740
f 3749/3749/3749 3748/3748/3748 3743/3743/3743
f 3740/3740/3740 3750/3750/3750 3744/3744/3744
f 3746/3746/3746 3744/3744/3744 3750/3750/3750
f 3747/3747/3747 3746/3746/3746 3751/3751/3751
f 3747/3747/3747 3751/3751/3751 3752/3752/3752
f 3748/3748/3748 3749/3749/3749 3753/3753/3753
f 3754/3754/3754 3753/3753/3753 3749/3749/3749
f 3755/3755/3755 3753/3753/3753 3754/3754/3754
f 3740/3740/3740 3748/3748/3748 3756/3756/3756
f 3740/3740/3740 3756/3756/3756 3750/3750/3750
f 3750/3750/3750 3757/3757/3757 3746/3746/3746
f 3751/3751/3751 3746/3746/3746 3757/3757/3757
f 3751/3751/3751 3758/3758/3758 3752/3752/3752
f 3758/3758/3758 3759/3759/3759 3752/3752/3752
f 3760/3760/3760 3759/3759/3759 3758/3758/3758
f 3748/3748/3748 3753/3753/3753 3761/3761/3761
f 3761/3761/3761 3756/3756/3756 3748/3748/3748
f 3755/3755/3755 3762/3762/3762 3753/3753/3753
f 3762/3762/3762 3761/3761/3761 3753/3753/3753
f 3763/3763/3763 3757/3757/3757 3750/3750/3750
f 3756/3756/3756 3763/3763/3763 3750/3750/3750
f 3751/3751/3751 3757/3757/3757 3764/3764/3764
f 3758/3758/3758 3751/3751/3751 3764/3764/3764
f 3764/3764/3764 3757/3757/3757 3763/3763/3763
f 3756/3756/3756 3761/3761/3761 3765/3765/3765
f 3765/3765/3765 3763/3763/3763 3756/3756/3756
f 3766/3766/3766 3762/3762/3762 3755/3755/3755
f 3755/3755/3755 3767/3767/3767 3766/3766/3766
f 3768/3768/3768 3761/3761/3761 3762/3762/3762
f 3761/3761/3761 3768/3768/3768 3765/3765/3765
f 3769/3769/3769 3766/3766/3766 3767/3767/3767
f 3767/3767/3767 3770/3770/3770 3769/3769/3769
f 3762/3762/3762 3766/3766/3766 3771/3771/3771
f 3771/3771/3771 3768/3768/3768 3762/3762/3762
f 3772/3772/3772 3769/3769/3769 3770/3770/3770
f 3770/3770/3770 3773/3773/3773 3772/3772/3772
f 3766/3766/3766 3769/3769/3769 3774/3774/3774
f 3774/3774/3774 3771/3771/3771 3766/3766/3766
f 3775/3775/3775 3772/3772/3772 3773/3773/3773
f 3773/3773/3773 3776/3776/3776 3775/3775/3775
f 3769/3769/3769 3772/3772/3772 3777/3777/3777
f 3777/3777/3777 3774/3774/3774 3769/3769/3769
f 3778/3778/3778 3777/3777/3777 3772/3772/3772
f 3772/3772/3772 3775/3775/3775 3778/3778/3778
f 3779/3779/3779 3775/3775/3775 3776/3776/3776
f 3776/3776/3776 3780/3780/3780 3779/3779/3779
f 3774/3774/3774 3777/3777/3777 3781/3781/3781
f 3781/3781/3781 3777/3777/3777 3778/3778/3778
f 3771/3771/3771 3774/3774/3774 3782/3782/3782
f 3781/3781/3781 3782/3782/3782 3774/3774/3774
f 3783/3783/3783 3778/3778/3778 3775/3775/3775
f 3775/3775/3775 3779/3779/3779 3783/3783/3783
f 3784/3784/3784 3779/3779/3779 3780/3780/3780
f 3780/3780/3780 3785/3785/3785 3784/3784/3784
f 3782/3782/3782 3786/3786/3786 3771/3771/3771
f 3768/3768/3768 3771/3771/3771 3786/3786/3786
f 3783/3783/3783 3779/3779/3779 3787/3787/3787
f 3779/3779/3779 3784/3784/3784 3787/3787/3787
f 3788/3788/3788 3784/3784/3784 3785/3785/3785
f 3785/3785/3785 3789/3789/3789 3788/3788/3788
f 3786/3786/3786 3790/3790/3790 3768/3768/3768
f 3790/3790/3790 3765/3765/3765 3768/3768/3768
f 3791/3791/3791 3787/3787/3787 3784/3784/3784
f 3784/3784/3784 3788/3788/3788 3791/3791/3791
f 3792/3792/3792 3788/3788/3788 3789/3789/3789
f 3789/3789/3789 3793/3793/3793 3792/3792/3792
f 3792/3792/3792 3793/3793/3793 3794/3794/3794
f 3765/3765/3765 3790/3790/3790 3795/3795/3795
f 3763/3763/3763 3765/3765/3765 3795/3795/3795
f 3791/3791/3791 3788/3788/3788 3796/3796/3796
f 3788/3788/3788 3792/3792/3792 3796/3796/3796
f 3794/3794/3794 3797/3797/3797 3792/3792/3792
f 3797/3797/3797 3794/3794/3794 3798/3798/3798
f 3795/3795/3795 3799/3799/3799 3763/3763/3763
f 3763/3763/3763 3799/3799/3799 3764/3764/3764
f 3800/3800/3800 3796/3796/3796 3792/3792/3792
f 3792/3792/3792 3797/3797/3797 3800/3800/3800
f 3798/3798/3798 3801/3801/3801 3797/3797/3797
f 3801/3801/3801 3798/3798/3798 3802/3802/3802
f 3803/3803/3803 3764/3764/3764 3799/3799/3799
f 3758/3758/3758 3764/3764/3764 3803/3803/3803
f 3800/3800/3800 3797/3797/3797 3804/3804/3804
f 3801/3801/3801 3804/3804/3804 3797/3797/3797
f 3805/3805/3805 3758/3758/3758 3803/3803/3803
f 3805/3805/3805 3760/3760/3760 3758/3758/3758
f 3799/3799/3799 3795/3795/3795 3806/3806/3806
f 3799/3799/3799 3807/3807/3807 3803/3803/3803
f 3806/3806/3806 3807/3807/3807 3799/3799/3799
f 3803/3803/3803 3808/3808/3808 3805/3805/3805
f 3808/3808/3808 3803/3803/3803 3807/3807/3807
f 3795/3795/3795 3809/3809/3809 3806/3806/3806
f 3809/3809/3809 3795/3795/3795 3790/3790/3790
f 3810/3810/3810 3809/3809/3809 3790/3790/3790
f 3790/3790/3790 3786/3786/3786 3810/3810/3810
f 3811/3811/3811 3810/3810/3810 3786/3786/3786
f 3786/3786/3786 3782/3782/3782 3811/3811/3811
f 3812/3812/3812 3811/3811/3811 3782/3782/3782
f 3782/3782/3782 3781/3781/3781 3812/3812/3812
f 3807/3807/3807 3806/3806/3806 3813/3813/3813
f 3809/3809/3809 3814/3814/3814 3806/3806/3806
f 3806/3806/3806 3814/3814/3814 3813/3813/3813
f 3809/3809/3809 3810/3810/3810 3815/3815/3815
f 3815/3815/3815 3814/3814/3814 3809/3809/3809
f 3810/3810/3810 3811/3811/3811 3816/3816/3816
f 3816/3816/3816 3815/3815/3815 3810/3810/3810
f 3812/3812/3812 3817/3817/3817 3811/3811/3811
f 3816/3816/3816 3811/3811/3811 3817/3817/3817
f 3813/3813/3813 3818/3818/3818 3807/3807/3807
f 3807/3807/3807 3818/3818/3818 3808/3808/3808
f 3819/3819/3819 3812/3812/3812 3781/3781/3781
f 3820/3820/3820 3817/3817/3817 3812/3812/3812
f 3812/3812/3812 3819/3819/3819 3820/3820/3820
f 3781/3781/3781 3821/3821/3821 3819/3819/3819
f 3778/3778/3778 3821/3821/3821 3781/3781/3781
f 3822/3822/3822 3821/3821/3821 3778/3778/3778
f 3778/3778/3778 3783/3783/3783 3822/3822/3822
f 3823/3823/3823 3819/3819/3819 3821/3821/3821
f 3821/3821/3821 3822/3822/3822 3823/3823/3823
f 3824/3824/3824 3822/3822/3822 3783/3783/3783
f 3783/3783/3783 3787/3787/3787 3824/3824/3824
f 3820/3820/3820 3819/3819/3819 3825/3825/3825
f 3823/3823/3823 3825/3825/3825 3819/3819/3819
f 3826/3826/3826 3823/3823/3823 3822/3822/3822
f 3822/3822/3822 3824/3824/3824 3826/3826/3826
f 3827/3827/3827 3824/3824/3824 3787/3787/3787
f 3787/3787/3787 3791/3791/3791 3827/3827/3827
f 3828/3828/3828 3825/3825/3825 3823/3823/3823
f 3823/3823/3823 3826/3826/3826 3828/3828/3828
f 3829/3829/3829 3826/3826/3826 3824/3824/3824
f 3824/3824/3824 3827/3827/3827 3829/3829/3829
f 3827/3827/3827 3791/3791/3791 3830/3830/3830
f 3791/3791/3791 3796/3796/3796 3830/3830/3830
f 3828/3828/3828 3826/3826/3826 3831/3831/3831
f 3831/3831/3831 3826/3826/3826 3829/3829/3829
f 3829/3829/3829 3827/3827/3827 3832/3832/3832
f 3827/3827/3827 3830/3830/3830 3832/3832/3832
f 3833/3833/3833 3830/3830/3830 3796/3796/3796
f 3796/3796/3796 3800/3800/3800 3833/3833/3833
f 3834/3834/3834 3831/3831/3831 3829/3829/3829
f 3829/3829/3829 3832/3832/3832 3834/3834/3834
f 3835/3835/3835 3832/3832/3832 3830/3830/3830
f 3830/3830/3830 3833/3833/3833 3835/3835/3835
f 3833/3833/3833 3800/3800/3800 3836/3836/3836
f 3804/3804/3804 3836/3836/3836 3800/3800/3800
f 3837/3837/3837 3834/3834/3834 3832/3832/3832
f 3832/3832/3832 3835/3835/3835 3837/3837/3837
f 3835/3835/3835 3833/3833/3833 3838/3838/3838
f 3836/3836/3836 3838/3838/3838 3833/3833/3833
f 3837/3837/3837 3835/3835/3835 3839/3839/3839
f 3838/3838/3838 3839/3839/3839 3835/3835/3835
f 3840/3840/3840 3831/3831/3831 3834/3834/3834
f 3834/3834/3834 3837/3837/3837 3841/3841/3841
f 3841/3841/3841 3840/3840/3840 3834/3834/3834
f 3837/3837/3837 3839/3839/3839 3842/3842/3842
f 3842/3842/3842 3841/3841/3841 3837/3837/3837
f 3843/3843/3843 3831/3831/3831 3840/3840/3840
f 3828/3828/3828 3831/3831/3831 3843/3843/3843
f 3843/3843/3843 3844/3844/3844 3828/3828/3828
f 3825/3825/3825 3828/3828/3828 3844/3844/3844
f 3844/3844/3844 3845/3845/3845 3825/3825/3825
f 3820/3820/3820 3825/3825/3825 3845/3845/3845
f 3845/3845/3845 3846/3846/3846 3820/3820/3820
f 3817/3817/3817 3820/3820/3820 3846/3846/3846
f 3846/3846/3846 3847/3847/3847 3817/3817/3817
f 3816/3816/3816 3817/3817/3817 3847/3847/3847
f 3847/3847/3847 3848/3848/3848 3816/3816/3816
f 3815/3815/3815 3816/3816/3816 3848/3848/3848
f 3848/3848/3848 3849/3849/3849 3815/3815/3815
f 3814/3814/3814 3815/3815/3815 3849/3849/3849
f 3849/3849/3849 3850/3850/3850 3814/3814/3814
f 3813/3813/3813 3814/3814/3814 3850/3850/3850
f 3844/3844/3844 3843/3843/3843 3851/3851/3851
f 3844/3844/3844 3852/3852/3852 3845/3845/3845
f 3851/3851/3851 3852/3852/3852 3844/3844/3844
f 3846/3846/3846 3845/3845/3845 3853/3853/3853
f 3853/3853/3853 3845/3845/3845 3852/3852/3852
f 3847/3847/3847 3846/3846/3846 3854/3854/3854
f 3853/3853/3853 3854/3854/3854 3846/3846/3846
f 3848/3848/3848 3847/3847/3847 3855/3855/3855
f 3854/3854/3854 3855/3855/3855 3847/3847/3847
f 3848/3848/3848 3856/3856/3856 3849/3849/3849
f 3855/3855/3855 3856/3856/3856 3848/3848/3848
f 3850/3850/3850 3849/3849/3849 3857/3857/3857
f 3856/3856/3856 3857/3857/3857 3849/3849/3849
f 3851/3851/3851 3843/3843/3843 3858/3858/3858
f 3858/3858/3858 3843/3843/3843 3840/3840/3840
f 3859/3859/3859 3858/3858/3858 3840/3840/3840
f 3840/3840/3840 3841/3841/3841 3859/3859/3859
f 3859/3859/3859 3841/3841/3841 3860/3860/3860
f 3860/3860/3860 3841/3841/3841 3842/3842/3842
f 3855/3855/3855 3854/3854/3854 3861/3861/3861
f 3855/3855/3855 3862/3862/3862 3856/3856/3856
f 3861/3861/3861 3862/3862/3862 3855/3855/3855
f 3857/3857/3857 3856/3856/3856 3863/3863/3863
f 3862/3862/3862 3863/3863/3863 3856/3856/3856
f 3861/3861/3861 3854/3854/3854 3864/3864/3864
f 3853/3853/3853 3864/3864/3864 3854/3854/3854
f 3865/3865/3865 3864/3864/3864 3853/3853/3853
f 3853/3853/3853 3852/3852/3852 3865/3865/3865
f 3866/3866/3866 3865/3865/3865 3852/3852/3852
f 3852/3852/3852 3851/3851/3851 3866/3866/3866
f 3867/3867/3867 3866/3866/3866 3851/3851/3851
f 3851/3851/3851 3858/3858/3858 3867/3867/3867
f 3868/3868/3868 3867/3867/3867 3858/3858/3858
f 3858/3858/3858 3859/3859/3859 3868/3868/3868
f 3868/3868/3868 3859/3859/3859 3869/3869/3869
f 3860/3860/3860 3869/3869/3869 3859/3859/3859
f 3864/3864/3864 3865/3865/3865 3870/3870/3870
f 3871/3871/3871 3865/3865/3865 3866/3866/3866
f 3870/3870/3870 3865/3865/3865 3871/3871/3871
f 3866/3866/3866 3867/3867/3867 3872/3872/3872
f 3872/3872/3872 3871/3871/3871 3866/3866/3866
f 3873/3873/3873 3867/3867/3867 3868/3868/3868
f 3872/3872/3872 3867/3867/3867 3873/3873/3873
f 3874/3874/3874 3871/3871/3871 3872/3872/3872
f 3870/3870/3870 3871/3871/3871 3874/3874/3874
f 3870/3870/3870 3875/3875/3875 3864/3864/3864
f 3864/3864/3864 3875/3875/3875 3861/3861/3861
f 3868/3868/3868 3869/3869/3869 3876/3876/3876
f 3876/3876/3876 3873/3873/3873 3868/3868/3868
f 3872/3872/3872 3877/3877/3877 3874/3874/3874
f 3873/3873/3873 3877/3877/3877 3872/3872/3872
f 3875/3875/3875 3870/3870/3870 3878/3878/3878
f 3874/3874/3874 3878/3878/3878 3870/3870/3870
f 3879/3879/3879 3878/3878/3878 3874/3874/3874
f 3877/3877/3877 3880/3880/3880 3874/3874/3874
f 3874/3874/3874 3880/3880/3880 3879/3879/3879
f 3878/3878/3878 3881/3881/3881 3875/3875/3875
f 3881/3881/3881 3878/3878/3878 3879/3879/3879
f 3882/3882/3882 3861/3861/3861 3875/3875/3875
f 3875/3875/3875 3881/3881/3881 3883/3883/3883
f 3883/3883/3883 3882/3882/3882 3875/3875/3875
f 3879/3879/3879 3884/3884/3884 3881/3881/3881
f 3883/3883/3883 3881/3881/3881 3884/3884/3884
f 3885/3885/3885 3861/3861/3861 3882/3882/3882
f 3861/3861/3861 3885/3885/3885 3862/3862/3862
f 3882/3882/3882 3883/3883/3883 3886/3886/3886
f 3886/3886/3886 3885/3885/3885 3882/3882/3882
f 3862/3862/3862 3885/3885/3885 3887/3887/3887
f 3887/3887/3887 3863/3863/3863 3862/3862/3862
f 3880/3880/3880 3888/3888/3888 3879/3879/3879
f 3879/3879/3879 3888/3888/3888 3884/3884/3884
f 3888/3888/3888 3880/3880/3880 3889/3889/3889
f 3890/3890/3890 3884/3884/3884 3888/3888/3888
f 3884/3884/3884 3891/3891/3891 3883/3883/3883
f 3891/3891/3891 3884/3884/3884 3890/3890/3890
f 3886/3886/3886 3883/3883/3883 3891/3891/3891
f 3890/3890/3890 3892/3892/3892 3891/3891/3891
f 3889/3889/3889 3880/3880/3880 3893/3893/3893
f 3893/3893/3893 3894/3894/3894 3889/3889/3889
f 3877/3877/3877 3893/3893/3893 3880/3880/3880
f 3891/3891/3891 3892/3892/3892 3895/3895/3895
f 3891/3891/3891 3895/3895/3895 3886/3886/3886
f 3896/3896/3896 3895/3895/3895 3892/3892/3892
f 3897/3897/3897 3895/3895/3895 3896/3896/3896
f 3886/3886/3886 3895/3895/3895 3897/3897/3897
f 3896/3896/3896 3898/3898/3898 3897/3897/3897
f 3899/3899/3899 3894/3894/3894 3893/3893/3893
f 3899/3899/3899 3900/3900/3900 3894/3894/3894
f 3899/3899/3899 3901/3901/3901 3900/3900/3900
f 3893/3893/3893 3877/3877/3877 3902/3902/3902
f 3902/3902/3902 3899/3899/3899 3893/3893/3893
f 3873/3873/3873 3902/3902/3902 3877/3877/3877
f 3902/3902/3902 3873/3873/3873 3903/3903/3903
f 3899/3899/3899 3902/3902/3902 3903/3903/3903
f 3876/3876/3876 3903/3903/3903 3873/3873/3873
f 3901/3901/3901 3899/3899/3899 3904/3904/3904
f 3903/3903/3903 3904/3904/3904 3899/3899/3899
f 3904/3904/3904 3905/3905/3905 3901/3901/3901
f 3906/3906/3906 3905/3905/3905 3904/3904/3904
f 3905/3905/3905 3906/3906/3906 3907/3907/3907
f 3906/3906/3906 3908/3908/3908 3907/3907/3907
f 3904/3904/3904 3903/3903/3903 3909/3909/3909
f 3909/3909/3909 3903/3903/3903 3876/3876/3876
f 3909/3909/3909 3906/3906/3906 3904/3904/3904
f 3876/3876/3876 3910/3910/3910 3909/3909/3909
f 3869/3869/3869 3910/3910/3910 3876/3876/3876
f 3910/3910/3910 3869/3869/3869 3911/3911/3911
f 3911/3911/3911 3869/3869/3869 3860/3860/3860
f 3909/3909/3909 3910/3910/3910 3912/3912/3912
f 3912/3912/3912 3910/3910/3910 3911/3911/3911
f 3860/3860/3860 3913/3913/3913 3911/3911/3911
f 3913/3913/3913 3860/3860/3860 3842/3842/3842
f 3914/3914/3914 3906/3906/3906 3909/3909/3909
f 3912/3912/3912 3914/3914/3914 3909/3909/3909
f 3911/3911/3911 3915/3915/3915 3912/3912/3912
f 3915/3915/3915 3911/3911/3911 3913/3913/3913
f 3842/3842/3842 3916/3916/3916 3913/3913/3913
f 3916/3916/3916 3842/3842/3842 3839/3839/3839
f 3914/3914/3914 3912/3912/3912 3917/3917/3917
f 3917/3917/3917 3912/3912/3912 3915/3915/3915
f 3918/3918/3918 3906/3906/3906 3914/3914/3914
f 3917/3917/3917 3918/3918/3918 3914/3914/3914
f 3913/3913/3913 3919/3919/3919 3915/3915/3915
f 3919/3919/3919 3913/3913/3913 3916/3916/3916
f 3906/3906/3906 3918/3918/3918 3920/3920/3920
f 3906/3906/3906 3920/3920/3920 3908/3908/3908
f 3921/3921/3921 3920/3920/3920 3918/3918/3918
f 3917/3917/3917 3921/3921/3921 3918/3918/3918
f 3922/3922/3922 3908/3908/3908 3920/3920/3920
f 3921/3921/3921 3922/3922/3922 3920/3920/3920
f 3908/3908/3908 3922/3922/3922 3923/3923/3923
f 3924/3924/3924 3923/3923/3923 3922/3922/3922
f 3924/3924/3924 3922/3922/3922 3921/3921/3921
f 3925/3925/3925 3923/3923/3923 3924/3924/3924
f 3926/3926/3926 3925/3925/3925 3924/3924/3924
f 3915/3915/3915 3927/3927/3927 3917/3917/3917
f 3927/3927/3927 3915/3915/3915 3919/3919/3919
f 3928/3928/3928 3921/3921/3921 3917/3917/3917
f 3927/3927/3927 3928/3928/3928 3917/3917/3917
f 3924/3924/3924 3929/3929/3929 3926/3926/3926
f 3930/3930/3930 3926/3926/3926 3929/3929/3929
f 3924/3924/3924 3921/3921/3921 3931/3931/3931
f 3931/3931/3931 3921/3921/3921 3928/3928/3928
f 3929/3929/3929 3924/3924/3924 3931/3931/3931
f 3929/3929/3929 3932/3932/3932 3930/3930/3930
f 3933/3933/3933 3930/3930/3930 3932/3932/3932
f 3934/3934/3934 3929/3929/3929 3931/3931/3931
f 3932/3932/3932 3929/3929/3929 3934/3934/3934
f 3928/3928/3928 3935/3935/3935 3931/3931/3931
f 3931/3931/3931 3935/3935/3935 3934/3934/3934
f 3928/3928/3928 3927/3927/3927 3936/3936/3936
f 3936/3936/3936 3935/3935/3935 3928/3928/3928
f 3919/3919/3919 3937/3937/3937 3927/3927/3927
f 3936/3936/3936 3927/3927/3927 3937/3937/3937
f 3937/3937/3937 3919/3919/3919 3938/3938/3938
f 3916/3916/3916 3938/3938/3938 3919/3919/3919
f 3932/3932/3932 3939/3939/3939 3933/3933/3933
f 3934/3934/3934 3940/3940/3940 3932/3932/3932
f 3932/3932/3932 3940/3940/3940 3939/3939/3939
f 3941/3941/3941 3934/3934/3934 3935/3935/3935
f 3940/3940/3940 3934/3934/3934 3941/3941/3941
f 3935/3935/3935 3936/3936/3936 3942/3942/3942
f 3935/3935/3935 3942/3942/3942 3941/3941/3941
f 3937/3937/3937 3943/3943/3943 3936/3936/3936
f 3942/3942/3942 3936/3936/3936 3943/3943/3943
f 3938/3938/3938 3944/3944/3944 3937/3937/3937
f 3943/3943/3943 3937/3937/3937 3944/3944/3944
f 3945/3945/3945 3938/3938/3938 3916/3916/3916
f 3944/3944/3944 3938/3938/3938 3945/3945/3945
f 3933/3933/3933 3939/3939/3939 3946/3946/3946
f 3946/3946/3946 3947/3947/3947 3933/3933/3933
f 3948/3948/3948 3947/3947/3947 3946/3946/3946
f 3916/3916/3916 3949/3949/3949 3945/3945/3945
f 3839/3839/3839 3949/3949/3949 3916/3916/3916
f 3949/3949/3949 3839/3839/3839 3838/3838/3838
f 3838/3838/3838 3950/3950/3950 3949/3949/3949
f 3950/3950/3950 3838/3838/3838 3836/3836/3836
f 3949/3949/3949 3951/3951/3951 3945/3945/3945
f 3951/3951/3951 3949/3949/3949 3950/3950/3950
f 3945/3945/3945 3952/3952/3952 3944/3944/3944
f 3952/3952/3952 3945/3945/3945 3951/3951/3951
f 3836/3836/3836 3953/3953/3953 3950/3950/3950
f 3953/3953/3953 3836/3836/3836 3804/3804/3804
f 3954/3954/3954 3944/3944/3944 3952/3952/3952
f 3944/3944/3944 3954/3954/3954 3943/3943/3943
f 3955/3955/3955 3952/3952/3952 3951/3951/3951
f 3952/3952/3952 3956/3956/3956 3954/3954/3954
f 3950/3950/3950 3957/3957/3957 3951/3951/3951
f 3955/3955/3955 3951/3951/3951 3957/3957/3957
f 3953/3953/3953 3957/3957/3957 3950/3950/3950
f 3955/3955/3955 3957/3957/3957 3958/3958/3958
f 3958/3958/3958 3957/3957/3957 3959/3959/3959
f 3959/3959/3959 3957/3957/3957 3953/3953/3953
f 3959/3959/3959 3960/3960/3960 3958/3958/3958
f 3804/3804/3804 3961/3961/3961 3953/3953/3953
f 3959/3959/3959 3953/3953/3953 3961/3961/3961
f 3961/3961/3961 3804/3804/3804 3801/3801/3801
f 3960/3960/3960 3959/3959/3959 3962/3962/3962
f 3961/3961/3961 3962/3962/3962 3959/3959/3959
f 3962/3962/3962 3963/3963/3963 3960/3960/3960
f 3801/3801/3801 3964/3964/3964 3961/3961/3961
f 3961/3961/3961 3964/3964/3964 3962/3962/3962
f 3802/3802/3802 3964/3964/3964 3801/3801/3801
f 3962/3962/3962 3965/3965/3965 3963/3963/3963
f 3965/3965/3965 3962/3962/3962 3964/3964/3964
f 3966/3966/3966 3963/3963/3963 3965/3965/3965
f 3964/3964/3964 3802/3802/3802 3967/3967/3967
f 3967/3967/3967 3965/3965/3965 3964/3964/3964
f 3966/3966/3966 3965/3965/3965 3967/3967/3967
f 3968/3968/3968 3967/3967/3967 3802/3802/3802
f 3967/3967/3967 3969/3969/3969 3966/3966/3966
f 3970/3970/3970 3967/3967/3967 3968/3968/3968
f 3967/3967/3967 3970/3970/3970 3969/3969/3969
f 3971/3971/3971 3969/3969/3969 3970/3970/3970
f 414/414/414 3972/3972/3972 415/415/415
f 1277/1277/1277 3972/3972/3972 414/414/414
f 3972/3972/3972 3973/3973/3973 415/415/415
f 3973/3973/3973 3974/3974/3974 415/415/415
f 415/415/415 3974/3974/3974 419/419/419
f 3975/3975/3975 3972/3972/3972 1277/1277/1277
f 3972/3972/3972 3976/3976/3976 3973/3973/3973
f 3976/3976/3976 3972/3972/3972 3975/3975/3975
f 3975/3975/3975 1277/1277/1277 3977/3977/3977
f 3977/3977/3977 1277/1277/1277 1274/1274/1274
f 1274/1274/1274 1243/1243/1243 3977/3977/3977
f 3977/3977/3977 3978/3978/3978 3975/3975/3975
f 3979/3979/3979 3977/3977/3977 1243/1243/1243
f 3979/3979/3979 3978/3978/3978 3977/3977/3977
f 3980/3980/3980 3976/3976/3976 3975/3975/3975
f 3975/3975/3975 3978/3978/3978 3980/3980/3980
f 1243/1243/1243 3981/3981/3981 3979/3979/3979
f 3981/3981/3981 1243/1243/1243 1246/1246/1246
f 3981/3981/3981 1246/1246/1246 3982/3982/3982
f 1250/1250/1250 3982/3982/3982 1246/1246/1246
f 3979/3979/3979 3981/3981/3981 3983/3983/3983
f 3982/3982/3982 3983/3983/3983 3981/3981/3981
f 3978/3978/3978 3979/3979/3979 3984/3984/3984
f 3984/3984/3984 3979/3979/3979 3983/3983/3983
f 3982/3982/3982 1250/1250/1250 3985/3985/3985
f 3985/3985/3985 1250/1250/1250 1251/1251/1251
f 3978/3978/3978 3984/3984/3984 3986/3986/3986
f 3986/3986/3986 3980/3980/3980 3978/3978/3978
f 3983/3983/3983 3987/3987/3987 3984/3984/3984
f 3986/3986/3986 3984/3984/3984 3987/3987/3987
f 3988/3988/3988 3983/3983/3983 3982/3982/3982
f 3985/3985/3985 3988/3988/3988 3982/3982/3982
f 3983/3983/3983 3988/3988/3988 3987/3987/3987
f 3987/3987/3987 3988/3988/3988 3989/3989/3989
f 3989/3989/3989 3988/3988/3988 3985/3985/3985
f 1251/1251/1251 3990/3990/3990 3985/3985/3985
f 3990/3990/3990 1251/1251/1251 1253/1253/1253
f 3987/3987/3987 3991/3991/3991 3986/3986/3986
f 3989/3989/3989 3991/3991/3991 3987/3987/3987
f 3985/3985/3985 3992/3992/3992 3989/3989/3989
f 3985/3985/3985 3990/3990/3990 3992/3992/3992
f 3980/3980/3980 3986/3986/3986 3993/3993/3993
f 3986/3986/3986 3991/3991/3991 3994/3994/3994
f 3994/3994/3994 3993/3993/3993 3986/3986/3986
f 3995/3995/3995 3991/3991/3991 3989/3989/3989
f 3991/3991/3991 3995/3995/3995 3994/3994/3994
f 3989/3989/3989 3992/3992/3992 3996/3996/3996
f 3996/3996/3996 3995/3995/3995 3989/3989/3989
f 3992/3992/3992 3990/3990/3990 3997/3997/3997
f 3996/3996/3996 3992/3992/3992 3997/3997/3997
f 1253/1253/1253 3998/3998/3998 3990/3990/3990
f 3997/3997/3997 3990/3990/3990 3998/3998/3998
f 3993/3993/3993 3999/3999/3999 3980/3980/3980
f 3980/3980/3980 3999/3999/3999 3976/3976/3976
f 3998/3998/3998 1253/1253/1253 4000/4000/4000
f 1228/1228/1228 4000/4000/4000 1253/1253/1253
f 1228/1228/1228 4001/4001/4001 4000/4000/4000
f 1220/1220/1220 4001/4001/4001 1228/1228/1228
f 4000/4000/4000 4002/4002/4002 3998/3998/3998
f 4002/4002/4002 4000/4000/4000 4001/4001/4001
f 3998/3998/3998 4003/4003/4003 3997/3997/3997
f 3998/3998/3998 4002/4002/4002 4003/4003/4003
f 3997/3997/3997 4004/4004/4004 3996/3996/3996
f 4004/4004/4004 3997/3997/3997 4003/4003/4003
f 3999/3999/3999 4005/4005/4005 3976/3976/3976
f 3973/3973/3973 3976/3976/3976 4005/4005/4005
f 4006/4006/4006 4001/4001/4001 1220/1220/1220
f 1204/1204/1204 4006/4006/4006 1220/1220/1220
f 3996/3996/3996 4004/4004/4004 4007/4007/4007
f 3995/3995/3995 3996/3996/3996 4007/4007/4007
f 4005/4005/4005 4008/4008/4008 3973/3973/3973
f 3974/3974/3974 3973/3973/3973 4008/4008/4008
f 1204/1204/1204 4009/4009/4009 4006/4006/4006
f 1202/1202/1202 4009/4009/4009 1204/1204/1204
f 4007/4007/4007 4010/4010/4010 3995/3995/3995
f 3994/3994/3994 3995/3995/3995 4010/4010/4010
f 4010/4010/4010 4011/4011/4011 3994/3994/3994
f 3993/3993/3993 3994/3994/3994 4011/4011/4011
f 4011/4011/4011 4012/4012/4012 3993/3993/3993
f 3999/3999/3999 3993/3993/3993 4012/4012/4012
f 4005/4005/4005 3999/3999/3999 4013/4013/4013
f 4012/4012/4012 4013/4013/4013 3999/3999/3999
f 4013/4013/4013 4014/4014/4014 4005/4005/4005
f 4005/4005/4005 4014/4014/4014 4008/4008/4008
f 4014/4014/4014 4013/4013/4013 4012/4012/4012
f 4015/4015/4015 4009/4009/4009 1202/1202/1202
f 4016/4016/4016 4009/4009/4009 4015/4015/4015
f 4016/4016/4016 4006/4006/4006 4009/4009/4009
f 1202/1202/1202 4017/4017/4017 4015/4015/4015
f 1198/1198/1198 4017/4017/4017 1202/1202/1202
f 4018/4018/4018 4017/4017/4017 1198/1198/1198
f 1201/1201/1201 4018/4018/4018 1198/1198/1198
f 4017/4017/4017 4019/4019/4019 4015/4015/4015
f 4018/4018/4018 4019/4019/4019 4017/4017/4017
f 4015/4015/4015 4020/4020/4020 4016/4016/4016
f 4020/4020/4020 4015/4015/4015 4019/4019/4019
f 4008/4008/4008 4014/4014/4014 4021/4021/4021
f 4012/4012/4012 4022/4022/4022 4014/4014/4014
f 4021/4021/4021 4014/4014/4014 4022/4022/4022
f 4023/4023/4023 4008/4008/4008 4021/4021/4021
f 4008/4008/4008 4023/4023/4023 3974/3974/3974
f 4024/4024/4024 4022/4022/4022 4012/4012/4012
f 4012/4012/4012 4011/4011/4011 4024/4024/4024
f 3974/3974/3974 4023/4023/4023 4025/4025/4025
f 3974/3974/3974 4025/4025/4025 419/419/419
f 4011/4011/4011 4026/4026/4026 4024/4024/4024
f 4026/4026/4026 4011/4011/4011 4010/4010/4010
f 4027/4027/4027 419/419/419 4025/4025/4025
f 419/419/419 4027/4027/4027 418/418/418
f 418/418/418 4027/4027/4027 4028/4028/4028
f 4028/4028/4028 448/448/448 418/418/418
f 4025/4025/4025 4029/4029/4029 4027/4027/4027
f 4028/4028/4028 4027/4027/4027 4029/4029/4029
f 4023/4023/4023 4030/4030/4030 4025/4025/4025
f 4025/4025/4025 4030/4030/4030 4029/4029/4029
f 4031/4031/4031 4026/4026/4026 4010/4010/4010
f 4010/4010/4010 4007/4007/4007 4031/4031/4031
f 448/448/448 4028/4028/4028 4032/4032/4032
f 450/450/450 448/448/448 4032/4032/4032
f 4030/4030/4030 4023/4023/4023 4033/4033/4033
f 4021/4021/4021 4033/4033/4033 4023/4023/4023
f 4033/4033/4033 4021/4021/4021 4034/4034/4034
f 4022/4022/4022 4034/4034/4034 4021/4021/4021
f 4035/4035/4035 4034/4034/4034 4022/4022/4022
f 4022/4022/4022 4024/4024/4024 4035/4035/4035
f 4024/4024/4024 4026/4026/4026 4036/4036/4036
f 4036/4036/4036 4035/4035/4035 4024/4024/4024
f 4026/4026/4026 4031/4031/4031 4037/4037/4037
f 4037/4037/4037 4036/4036/4036 4026/4026/4026
f 4038/4038/4038 4032/4032/4032 4028/4028/4028
f 4028/4028/4028 4039/4039/4039 4038/4038/4038
f 4029/4029/4029 4039/4039/4039 4028/4028/4028
f 4029/4029/4029 4040/4040/4040 4039/4039/4039
f 4029/4029/4029 4030/4030/4030 4040/4040/4040
f 4041/4041/4041 4032/4032/4032 4038/4038/4038
f 450/450/450 4032/4032/4032 4041/4041/4041
f 4040/4040/4040 4042/4042/4042 4039/4039/4039
f 4038/4038/4038 4039/4039/4039 4042/4042/4042
f 4040/4040/4040 4030/4030/4030 4043/4043/4043
f 4033/4033/4033 4043/4043/4043 4030/4030/4030
f 4041/4041/4041 4044/4044/4044 450/450/450
f 450/450/450 4044/4044/4044 453/453/453
f 4040/4040/4040 4045/4045/4045 4042/4042/4042
f 4043/4043/4043 4045/4045/4045 4040/4040/4040
f 4033/4033/4033 4046/4046/4046 4043/4043/4043
f 4034/4034/4034 4046/4046/4046 4033/4033/4033
f 4044/4044/4044 4047/4047/4047 453/453/453
f 454/454/454 453/453/453 4047/4047/4047
f 4045/4045/4045 4043/4043/4043 4048/4048/4048
f 4046/4046/4046 4048/4048/4048 4043/4043/4043
f 4049/4049/4049 4046/4046/4046 4034/4034/4034
f 4049/4049/4049 4034/4034/4034 4035/4035/4035
f 4050/4050/4050 4048/4048/4048 4046/4046/4046
f 4046/4046/4046 4049/4049/4049 4050/4050/4050
f 4051/4051/4051 4049/4049/4049 4035/4035/4035
f 4035/4035/4035 4036/4036/4036 4051/4051/4051
f 4052/4052/4052 4050/4050/4050 4049/4049/4049
f 4049/4049/4049 4051/4051/4051 4052/4052/4052
f 4053/4053/4053 4051/4051/4051 4036/4036/4036
f 4053/4053/4053 4036/4036/4036 4037/4037/4037
f 4054/4054/4054 4052/4052/4052 4051/4051/4051
f 4051/4051/4051 4053/4053/4053 4054/4054/4054
f 4048/4048/4048 4055/4055/4055 4045/4045/4045
f 4048/4048/4048 4050/4050/4050 4056/4056/4056
f 4056/4056/4056 4055/4055/4055 4048/4048/4048
f 4050/4050/4050 4052/4052/4052 4057/4057/4057
f 4057/4057/4057 4056/4056/4056 4050/4050/4050
f 4052/4052/4052 4054/4054/4054 4058/4058/4058
f 4058/4058/4058 4057/4057/4057 4052/4052/4052
f 4045/4045/4045 4055/4055/4055 4059/4059/4059
f 4042/4042/4042 4045/4045/4045 4059/4059/4059
f 4060/4060/4060 4042/4042/4042 4059/4059/4059
f 4042/4042/4042 4060/4060/4060 4038/4038/4038
f 4061/4061/4061 4038/4038/4038 4060/4060/4060
f 4038/4038/4038 4061/4061/4061 4041/4041/4041
f 4062/4062/4062 4054/4054/4054 4053/4053/4053
f 4063/4063/4063 4058/4058/4058 4054/4054/4054
f 4062/4062/4062 4063/4063/4063 4054/4054/4054
f 4053/4053/4053 4064/4064/4064 4062/4062/4062
f 4064/4064/4064 4053/4053/4053 4037/4037/4037
f 4037/4037/4037 4065/4065/4065 4064/4064/4064
f 4065/4065/4065 4037/4037/4037 4031/4031/4031
f 4031/4031/4031 4066/4066/4066 4065/4065/4065
f 4007/4007/4007 4066/4066/4066 4031/4031/4031
f 4066/4066/4066 4007/4007/4007 4067/4067/4067
f 4067/4067/4067 4007/4007/4007 4004/4004/4004
f 4041/4041/4041 4061/4061/4061 4068/4068/4068
f 4068/4068/4068 4069/4069/4069 4041/4041/4041
f 4044/4044/4044 4041/4041/4041 4069/4069/4069
f 4068/4068/4068 4061/4061/4061 4070/4070/4070
f 4060/4060/4060 4070/4070/4070 4061/4061/4061
f 4069/4069/4069 4071/4071/4071 4044/4044/4044
f 4047/4047/4047 4044/4044/4044 4071/4071/4071
f 4068/4068/4068 4072/4072/4072 4069/4069/4069
f 4070/4070/4070 4072/4072/4072 4068/4068/4068
f 4070/4070/4070 4060/4060/4060 4073/4073/4073
f 4059/4059/4059 4073/4073/4073 4060/4060/4060
f 4071/4071/4071 4069/4069/4069 4074/4074/4074
f 4074/4074/4074 4069/4069/4069 4072/4072/4072
f 4075/4075/4075 4072/4072/4072 4070/4070/4070
f 4073/4073/4073 4075/4075/4075 4070/4070/4070
f 4076/4076/4076 4073/4073/4073 4059/4059/4059
f 4055/4055/4055 4076/4076/4076 4059/4059/4059
f 4073/4073/4073 4076/4076/4076 4077/4077/4077
f 4077/4077/4077 4075/4075/4075 4073/4073/4073
f 4078/4078/4078 4076/4076/4076 4055/4055/4055
f 4078/4078/4078 4077/4077/4077 4076/4076/4076
f 4055/4055/4055 4056/4056/4056 4078/4078/4078
f 4075/4075/4075 4079/4079/4079 4072/4072/4072
f 4074/4074/4074 4072/4072/4072 4079/4079/4079
f 4077/4077/4077 4080/4080/4080 4075/4075/4075
f 4079/4079/4079 4075/4075/4075 4080/4080/4080
f 4081/4081/4081 4078/4078/4078 4056/4056/4056
f 4056/4056/4056 4057/4057/4057 4081/4081/4081
f 4082/4082/4082 4077/4077/4077 4078/4078/4078
f 4080/4080/4080 4077/4077/4077 4082/4082/4082
f 4083/4083/4083 4081/4081/4081 4057/4057/4057
f 4057/4057/4057 4058/4058/4058 4083/4083/4083
f 4078/4078/4078 4081/4081/4081 4084/4084/4084
f 4084/4084/4084 4082/4082/4082 4078/4078/4078
f 4085/4085/4085 4083/4083/4083 4058/4058/4058
f 4085/4085/4085 4058/4058/4058 4063/4063/4063
f 4086/4086/4086 4081/4081/4081 4083/4083/4083
f 4081/4081/4081 4086/4086/4086 4084/4084/4084
f 4083/4083/4083 4085/4085/4085 4087/4087/4087
f 4087/4087/4087 4086/4086/4086 4083/4083/4083
f 4082/4082/4082 4088/4088/4088 4080/4080/4080
f 4082/4082/4082 4084/4084/4084 4089/4089/4089
f 4089/4089/4089 4088/4088/4088 4082/4082/4082
f 4090/4090/4090 4084/4084/4084 4086/4086/4086
f 4089/4089/4089 4084/4084/4084 4090/4090/4090
f 4086/4086/4086 4087/4087/4087 4091/4091/4091
f 4091/4091/4091 4090/4090/4090 4086/4086/4086
f 4092/4092/4092 4080/4080/4080 4088/4088/4088
f 4080/4080/4080 4092/4092/4092 4079/4079/4079
f 4093/4093/4093 4085/4085/4085 4063/4063/4063
f 4085/4085/4085 4094/4094/4094 4087/4087/4087
f 4094/4094/4094 4085/4085/4085 4093/4093/4093
f 4095/4095/4095 4091/4091/4091 4087/4087/4087
f 4087/4087/4087 4094/4094/4094 4095/4095/4095
f 4063/4063/4063 4096/4096/4096 4093/4093/4093
f 4096/4096/4096 4063/4063/4063 4062/4062/4062
f 4062/4062/4062 4097/4097/4097 4096/4096/4096
f 4097/4097/4097 4062/4062/4062 4064/4064/4064
f 4097/4097/4097 4064/4064/4064 4098/4098/4098
f 4098/4098/4098 4064/4064/4064 4065/4065/4065
f 4065/4065/4065 4099/4099/4099 4098/4098/4098
f 4099/4099/4099 4065/4065/4065 4066/4066/4066
f 4066/4066/4066 4100/4100/4100 4099/4099/4099
f 4100/4100/4100 4066/4066/4066 4067/4067/4067
f 4067/4067/4067 4101/4101/4101 4100/4100/4100
f 4101/4101/4101 4067/4067/4067 4004/4004/4004
f 4004/4004/4004 4102/4102/4102 4101/4101/4101
f 4003/4003/4003 4102/4102/4102 4004/4004/4004
f 4102/4102/4102 4003/4003/4003 4103/4103/4103
f 4003/4003/4003 4002/4002/4002 4103/4103/4103
f 4103/4103/4103 4002/4002/4002 4104/4104/4104
f 4001/4001/4001 4104/4104/4104 4002/4002/4002
f 4105/4105/4105 4104/4104/4104 4001/4001/4001
f 4001/4001/4001 4006/4006/4006 4105/4105/4105
f 4106/4106/4106 4105/4105/4105 4006/4006/4006
f 4006/4006/4006 4016/4016/4016 4106/4106/4106
f 4107/4107/4107 4106/4106/4106 4016/4016/4016
f 4016/4016/4016 4020/4020/4020 4107/4107/4107
f 4020/4020/4020 4108/4108/4108 4107/4107/4107
f 4019/4019/4019 4108/4108/4108 4020/4020/4020
f 4109/4109/4109 4108/4108/4108 4019/4019/4019
f 4019/4019/4019 4018/4018/4018 4109/4109/4109
f 4110/4110/4110 4107/4107/4107 4108/4108/4108
f 4108/4108/4108 4109/4109/4109 4110/4110/4110
f 4106/4106/4106 4107/4107/4107 4111/4111/4111
f 4107/4107/4107 4110/4110/4110 4111/4111/4111
f 4106/4106/4106 4112/4112/4112 4105/4105/4105
f 4111/4111/4111 4112/4112/4112 4106/4106/4106
f 4104/4104/4104 4105/4105/4105 4113/4113/4113
f 4113/4113/4113 4105/4105/4105 4112/4112/4112
f 4018/4018/4018 4114/4114/4114 4109/4109/4109
f 4114/4114/4114 4018/4018/4018 1201/1201/1201
f 4109/4109/4109 4115/4115/4115 4110/4110/4110
f 4115/4115/4115 4109/4109/4109 4114/4114/4114
f 4116/4116/4116 4114/4114/4114 1201/1201/1201
f 4116/4116/4116 1201/1201/1201 1197/1197/1197
f 4114/4114/4114 4117/4117/4117 4115/4115/4115
f 4110/4110/4110 4115/4115/4115 4117/4117/4117
f 4117/4117/4117 4114/4114/4114 4116/4116/4116
f 4111/4111/4111 4110/4110/4110 4118/4118/4118
f 4110/4110/4110 4117/4117/4117 4118/4118/4118
f 4111/4111/4111 4119/4119/4119 4112/4112/4112
f 4118/4118/4118 4119/4119/4119 4111/4111/4111
f 4119/4119/4119 4118/4118/4118 4120/4120/4120
f 4121/4121/4121 4118/4118/4118 4117/4117/4117
f 4118/4118/4118 4121/4121/4121 4120/4120/4120
f 4122/4122/4122 4112/4112/4112 4119/4119/4119
f 4113/4113/4113 4112/4112/4112 4122/4122/4122
f 4123/4123/4123 4116/4116/4116 1197/1197/1197
f 1197/1197/1197 1194/1194/1194 4123/4123/4123
f 4116/4116/4116 4124/4124/4124 4117/4117/4117
f 4117/4117/4117 4124/4124/4124 4121/4121/4121
f 4125/4125/4125 4124/4124/4124 4116/4116/4116
f 4116/4116/4116 4123/4123/4123 4125/4125/4125
f 4123/4123/4123 1194/1194/1194 4126/4126/4126
f 1195/1195/1195 4126/4126/4126 1194/1194/1194
f 4127/4127/4127 4121/4121/4121 4124/4124/4124
f 4124/4124/4124 4125/4125/4125 4127/4127/4127
f 4125/4125/4125 4123/4123/4123 4128/4128/4128
f 4128/4128/4128 4123/4123/4123 4126/4126/4126
f 4125/4125/4125 4128/4128/4128 4129/4129/4129
f 4129/4129/4129 4127/4127/4127 4125/4125/4125
f 4126/4126/4126 4129/4129/4129 4128/4128/4128
f 4121/4121/4121 4127/4127/4127 4130/4130/4130
f 4130/4130/4130 4127/4127/4127 4129/4129/4129
f 4130/4130/4130 4120/4120/4120 4121/4121/4121
f 4131/4131/4131 4126/4126/4126 1195/1195/1195
f 1200/1200/1200 4131/4131/4131 1195/1195/1195
f 4132/4132/4132 4129/4129/4129 4126/4126/4126
f 4132/4132/4132 4126/4126/4126 4131/4131/4131
f 4129/4129/4129 4133/4133/4133 4130/4130/4130
f 4133/4133/4133 4129/4129/4129 4132/4132/4132
f 4134/4134/4134 4131/4131/4131 1200/1200/1200
f 4132/4132/4132 4131/4131/4131 4134/4134/4134
f 4120/4120/4120 4130/4130/4130 4135/4135/4135
f 4133/4133/4133 4135/4135/4135 4130/4130/4130
f 1200/1200/1200 4136/4136/4136 4134/4134/4134
f 4136/4136/4136 1200/1200/1200 1184/1184/1184
f 4132/4132/4132 4137/4137/4137 4133/4133/4133
f 4134/4134/4134 4137/4137/4137 4132/4132/4132
f 1184/1184/1184 4138/4138/4138 4136/4136/4136
f 4138/4138/4138 1184/1184/1184 1166/1166/1166
f 1166/1166/1166 4139/4139/4139 4138/4138/4138
f 4139/4139/4139 1166/1166/1166 1165/1165/1165
f 1165/1165/1165 4140/4140/4140 4139/4139/4139
f 4140/4140/4140 1165/1165/1165 1168/1168/1168
f 4133/4133/4133 4137/4137/4137 4141/4141/4141
f 4142/4142/4142 4137/4137/4137 4134/4134/4134
f 4141/4141/4141 4137/4137/4137 4142/4142/4142
f 4134/4134/4134 4136/4136/4136 4143/4143/4143
f 4143/4143/4143 4142/4142/4142 4134/4134/4134
f 4136/4136/4136 4138/4138/4138 4144/4144/4144
f 4136/4136/4136 4144/4144/4144 4143/4143/4143
f 4138/4138/4138 4139/4139/4139 4145/4145/4145
f 4145/4145/4145 4144/4144/4144 4138/4138/4138
f 4141/4141/4141 4146/4146/4146 4133/4133/4133
f 4135/4135/4135 4133/4133/4133 4146/4146/4146
f 4147/4147/4147 4141/4141/4141 4142/4142/4142
f 4146/4146/4146 4141/4141/4141 4147/4147/4147
f 4148/4148/4148 4142/4142/4142 4143/4143/4143
f 4147/4147/4147 4142/4142/4142 4148/4148/4148
f 4149/4149/4149 4143/4143/4143 4144/4144/4144
f 4143/4143/4143 4149/4149/4149 4148/4148/4148
f 4150/4150/4150 4145/4145/4145 4139/4139/4139
f 4139/4139/4139 4140/4140/4140 4150/4150/4150
f 4151/4151/4151 4144/4144/4144 4145/4145/4145
f 4151/4151/4151 4149/4149/4149 4144/4144/4144
f 4152/4152/4152 4135/4135/4135 4146/4146/4146
f 4147/4147/4147 4153/4153/4153 4146/4146/4146
f 4146/4146/4146 4153/4153/4153 4152/4152/4152
f 4154/4154/4154 4153/4153/4153 4147/4147/4147
f 4155/4155/4155 4147/4147/4147 4148/4148/4148
f 4147/4147/4147 4155/4155/4155 4154/4154/4154
f 4156/4156/4156 4152/4152/4152 4153/4153/4153
f 4153/4153/4153 4154/4154/4154 4156/4156/4156
f 4148/4148/4148 4149/4149/4149 4157/4157/4157
f 4158/4158/4158 4149/4149/4149 4151/4151/4151
f 4157/4157/4157 4149/4149/4149 4158/4158/4158
f 4148/4148/4148 4159/4159/4159 4155/4155/4155
f 4157/4157/4157 4159/4159/4159 4148/4148/4148
f 4145/4145/4145 4160/4160/4160 4151/4151/4151
f 4161/4161/4161 4158/4158/4158 4151/4151/4151
f 4151/4151/4151 4160/4160/4160 4161/4161/4161
f 4160/4160/4160 4145/4145/4145 4162/4162/4162
f 4162/4162/4162 4145/4145/4145 4150/4150/4150
f 4160/4160/4160 4163/4163/4163 4161/4161/4161
f 4163/4163/4163 4160/4160/4160 4162/4162/4162
f 4158/4158/4158 4161/4161/4161 4164/4164/4164
f 4161/4161/4161 4163/4163/4163 4164/4164/4164
f 4165/4165/4165 4157/4157/4157 4158/4158/4158
f 4165/4165/4165 4158/4158/4158 4164/4164/4164
f 4157/4157/4157 4165/4165/4165 4166/4166/4166
f 4157/4157/4157 4166/4166/4166 4159/4159/4159
f 4166/4166/4166 4165/4165/4165 4164/4164/4164
f 4150/4150/4150 4167/4167/4167 4162/4162/4162
f 4163/4163/4163 4162/4162/4162 4167/4167/4167
f 4159/4159/4159 4166/4166/4166 4168/4168/4168
f 4155/4155/4155 4159/4159/4159 4168/4168/4168
f 4164/4164/4164 4169/4169/4169 4166/4166/4166
f 4168/4168/4168 4166/4166/4166 4169/4169/4169
f 4170/4170/4170 4164/4164/4164 4163/4163/4163
f 4169/4169/4169 4164/4164/4164 4170/4170/4170
f 4167/4167/4167 4150/4150/4150 4171/4171/4171
f 4171/4171/4171 4150/4150/4150 4140/4140/4140
f 4167/4167/4167 4172/4172/4172 4163/4163/4163
f 4170/4170/4170 4163/4163/4163 4172/4172/4172
f 4140/4140/4140 4173/4173/4173 4171/4171/4171
f 1168/1168/1168 4173/4173/4173 4140/4140/4140
f 4174/4174/4174 4173/4173/4173 1168/1168/1168
f 1168/1168/1168 1151/1151/1151 4174/4174/4174
f 4175/4175/4175 4171/4171/4171 4173/4173/4173
f 4173/4173/4173 4174/4174/4174 4175/4175/4175
f 4176/4176/4176 4174/4174/4174 1151/1151/1151
f 4176/4176/4176 4175/4175/4175 4174/4174/4174
f 1151/1151/1151 1150/1150/1150 4176/4176/4176
f 4171/4171/4171 4177/4177/4177 4167/4167/4167
f 4177/4177/4177 4171/4171/4171 4175/4175/4175
f 4178/4178/4178 4176/4176/4176 1150/1150/1150
f 4178/4178/4178 1150/1150/1150 1152/1152/1152
f 4177/4177/4177 4179/4179/4179 4167/4167/4167
f 4172/4172/4172 4167/4167/4167 4179/4179/4179
f 4177/4177/4177 4175/4175/4175 4180/4180/4180
f 4177/4177/4177 4180/4180/4180 4179/4179/4179
f 4176/4176/4176 4181/4181/4181 4175/4175/4175
f 4176/4176/4176 4178/4178/4178 4181/4181/4181
f 4180/4180/4180 4175/4175/4175 4181/4181/4181
f 4182/4182/4182 4178/4178/4178 1152/1152/1152
f 4183/4183/4183 4181/4181/4181 4178/4178/4178
f 4178/4178/4178 4182/4182/4182 4183/4183/4183
f 4184/4184/4184 4180/4180/4180 4181/4181/4181
f 4181/4181/4181 4183/4183/4183 4184/4184/4184
f 4185/4185/4185 4179/4179/4179 4180/4180/4180
f 4180/4180/4180 4184/4184/4184 4185/4185/4185
f 4172/4172/4172 4179/4179/4179 4186/4186/4186
f 4179/4179/4179 4185/4185/4185 4186/4186/4186
f 4184/4184/4184 4183/4183/4183 4187/4187/4187
f 4185/4185/4185 4184/4184/4184 4187/4187/4187
f 1152/1152/1152 4188/4188/4188 4182/4182/4182
f 4188/4188/4188 1152/1152/1152 1138/1138/1138
f 4189/4189/4189 4183/4183/4183 4182/4182/4182
f 4187/4187/4187 4183/4183/4183 4189/4189/4189
f 4182/4182/4182 4190/4190/4190 4189/4189/4189
f 4190/4190/4190 4182/4182/4182 4188/4188/4188
f 1138/1138/1138 4191/4191/4191 4188/4188/4188
f 4191/4191/4191 1138/1138/1138 1129/1129/1129
f 4186/4186/4186 4192/4192/4192 4172/4172/4172
f 4172/4172/4172 4192/4192/4192 4170/4170/4170
f 4187/4187/4187 4189/4189/4189 4193/4193/4193
f 4189/4189/4189 4190/4190/4190 4193/4193/4193
f 4188/4188/4188 4194/4194/4194 4190/4190/4190
f 4194/4194/4194 4188/4188/4188 4191/4191/4191
f 1129/1129/1129 4195/4195/4195 4191/4191/4191
f 466/466/466 4195/4195/4195 1129/1129/1129
f 4196/4196/4196 4170/4170/4170 4192/4192/4192
f 4170/4170/4170 4196/4196/4196 4169/4169/4169
f 4193/4193/4193 4190/4190/4190 4197/4197/4197
f 4190/4190/4190 4194/4194/4194 4197/4197/4197
f 4198/4198/4198 4193/4193/4193 4197/4197/4197
f 4193/4193/4193 4199/4199/4199 4187/4187/4187
f 4199/4199/4199 4193/4193/4193 4198/4198/4198
f 4191/4191/4191 4200/4200/4200 4194/4194/4194
f 4200/4200/4200 4191/4191/4191 4195/4195/4195
f 4195/4195/4195 466/466/466 4201/4201/4201
f 4201/4201/4201 466/466/466 454/454/454
f 4194/4194/4194 4202/4202/4202 4197/4197/4197
f 4202/4202/4202 4194/4194/4194 4200/4200/4200
f 4203/4203/4203 4200/4200/4200 4195/4195/4195
f 4203/4203/4203 4195/4195/4195 4201/4201/4201
f 454/454/454 4204/4204/4204 4201/4201/4201
f 4047/4047/4047 4204/4204/4204 454/454/454
f 4205/4205/4205 4187/4187/4187 4199/4199/4199
f 4187/4187/4187 4205/4205/4205 4185/4185/4185
f 4197/4197/4197 4202/4202/4202 4206/4206/4206
f 4197/4197/4197 4206/4206/4206 4198/4198/4198
f 4200/4200/4200 4207/4207/4207 4202/4202/4202
f 4207/4207/4207 4200/4200/4200 4203/4203/4203
f 4202/4202/4202 4208/4208/4208 4206/4206/4206
f 4207/4207/4207 4208/4208/4208 4202/4202/4202
f 4201/4201/4201 4209/4209/4209 4203/4203/4203
f 4209/4209/4209 4201/4201/4201 4204/4204/4204
f 4185/4185/4185 4205/4205/4205 4210/4210/4210
f 4186/4186/4186 4185/4185/4185 4210/4210/4210
f 4198/4198/4198 4206/4206/4206 4211/4211/4211
f 4206/4206/4206 4208/4208/4208 4211/4211/4211
f 4212/4212/4212 4207/4207/4207 4203/4203/4203
f 4209/4209/4209 4213/4213/4213 4203/4203/4203
f 4212/4212/4212 4203/4203/4203 4213/4213/4213
f 4209/4209/4209 4204/4204/4204 4214/4214/4214
f 4209/4209/4209 4214/4214/4214 4213/4213/4213
f 4207/4207/4207 4215/4215/4215 4208/4208/4208
f 4215/4215/4215 4207/4207/4207 4212/4212/4212
f 4216/4216/4216 4214/4214/4214 4204/4204/4204
f 4204/4204/4204 4047/4047/4047 4216/4216/4216
f 4071/4071/4071 4216/4216/4216 4047/4047/4047
f 4214/4214/4214 4216/4216/4216 4217/4217/4217
f 4217/4217/4217 4213/4213/4213 4214/4214/4214
f 4071/4071/4071 4218/4218/4218 4216/4216/4216
f 4217/4217/4217 4216/4216/4216 4218/4218/4218
f 4074/4074/4074 4218/4218/4218 4071/4071/4071
f 4213/4213/4213 4219/4219/4219 4212/4212/4212
f 4212/4212/4212 4219/4219/4219 4215/4215/4215
f 4220/4220/4220 4208/4208/4208 4215/4215/4215
f 4220/4220/4220 4211/4211/4211 4208/4208/4208
f 4213/4213/4213 4217/4217/4217 4221/4221/4221
f 4213/4213/4213 4221/4221/4221 4219/4219/4219
f 4222/4222/4222 4215/4215/4215 4219/4219/4219
f 4215/4215/4215 4222/4222/4222 4220/4220/4220
f 4219/4219/4219 4221/4221/4221 4222/4222/4222
f 4218/4218/4218 4074/4074/4074 4223/4223/4223
f 4079/4079/4079 4223/4223/4223 4074/4074/4074
f 4217/4217/4217 4218/4218/4218 4224/4224/4224
f 4224/4224/4224 4221/4221/4221 4217/4217/4217
f 4223/4223/4223 4224/4224/4224 4218/4218/4218
f 4225/4225/4225 4223/4223/4223 4079/4079/4079
f 4224/4224/4224 4223/4223/4223 4225/4225/4225
f 4079/4079/4079 4092/4092/4092 4225/4225/4225
f 4221/4221/4221 4224/4224/4224 4226/4226/4226
f 4226/4226/4226 4222/4222/4222 4221/4221/4221
f 4225/4225/4225 4226/4226/4226 4224/4224/4224
f 4222/4222/4222 4227/4227/4227 4220/4220/4220
f 4226/4226/4226 4227/4227/4227 4222/4222/4222
f 4220/4220/4220 4227/4227/4227 4211/4211/4211
f 4092/4092/4092 4228/4228/4228 4225/4225/4225
f 4088/4088/4088 4228/4228/4228 4092/4092/4092
f 4226/4226/4226 4225/4225/4225 4229/4229/4229
f 4229/4229/4229 4227/4227/4227 4226/4226/4226
f 4228/4228/4228 4229/4229/4229 4225/4225/4225
f 4230/4230/4230 4228/4228/4228 4088/4088/4088
f 4228/4228/4228 4230/4230/4230 4229/4229/4229
f 4088/4088/4088 4089/4089/4089 4230/4230/4230
f 4227/4227/4227 4231/4231/4231 4211/4211/4211
f 4229/4229/4229 4231/4231/4231 4227/4227/4227
f 4232/4232/4232 4230/4230/4230 4089/4089/4089
f 4089/4089/4089 4090/4090/4090 4232/4232/4232
f 4229/4229/4229 4230/4230/4230 4233/4233/4233
f 4229/4229/4229 4233/4233/4233 4231/4231/4231
f 4232/4232/4232 4233/4233/4233 4230/4230/4230
f 4234/4234/4234 4211/4211/4211 4231/4231/4231
f 4198/4198/4198 4211/4211/4211 4234/4234/4234
f 4235/4235/4235 4231/4231/4231 4233/4233/4233
f 4231/4231/4231 4235/4235/4235 4234/4234/4234
f 4198/4198/4198 4234/4234/4234 4236/4236/4236
f 4236/4236/4236 4234/4234/4234 4235/4235/4235
f 4233/4233/4233 4237/4237/4237 4235/4235/4235
f 4237/4237/4237 4233/4233/4233 4232/4232/4232
f 4238/4238/4238 4232/4232/4232 4090/4090/4090
f 4090/4090/4090 4091/4091/4091 4238/4238/4238
f 4239/4239/4239 4235/4235/4235 4237/4237/4237
f 4235/4235/4235 4239/4239/4239 4236/4236/4236
f 4240/4240/4240 4237/4237/4237 4232/4232/4232
f 4232/4232/4232 4238/4238/4238 4240/4240/4240
f 4237/4237/4237 4240/4240/4240 4239/4239/4239
f 4236/4236/4236 4241/4241/4241 4198/4198/4198
f 4198/4198/4198 4241/4241/4241 4199/4199/4199
f 4242/4242/4242 4241/4241/4241 4236/4236/4236
f 4199/4199/4199 4241/4241/4241 4242/4242/4242
f 4242/4242/4242 4236/4236/4236 4239/4239/4239
f 4205/4205/4205 4199/4199/4199 4242/4242/4242
f 4239/4239/4239 4243/4243/4243 4242/4242/4242
f 4205/4205/4205 4242/4242/4242 4243/4243/4243
f 4243/4243/4243 4239/4239/4239 4240/4240/4240
f 4243/4243/4243 4210/4210/4210 4205/4205/4205
f 4240/4240/4240 4244/4244/4244 4243/4243/4243
f 4244/4244/4244 4240/4240/4240 4238/4238/4238
f 4244/4244/4244 4210/4210/4210 4243/4243/4243
f 4245/4245/4245 4238/4238/4238 4091/4091/4091
f 4238/4238/4238 4245/4245/4245 4244/4244/4244
f 4091/4091/4091 4095/4095/4095 4245/4245/4245
f 4246/4246/4246 4210/4210/4210 4244/4244/4244
f 4246/4246/4246 4244/4244/4244 4245/4245/4245
f 4186/4186/4186 4210/4210/4210 4246/4246/4246
f 4247/4247/4247 4245/4245/4245 4095/4095/4095
f 4245/4245/4245 4247/4247/4247 4246/4246/4246
f 4246/4246/4246 4248/4248/4248 4186/4186/4186
f 4248/4248/4248 4246/4246/4246 4247/4247/4247
f 4248/4248/4248 4192/4192/4192 4186/4186/4186
f 4095/4095/4095 4249/4249/4249 4247/4247/4247
f 4249/4249/4249 4095/4095/4095 4094/4094/4094
f 4247/4247/4247 4250/4250/4250 4248/4248/4248
f 4250/4250/4250 4247/4247/4247 4249/4249/4249
f 4251/4251/4251 4192/4192/4192 4248/4248/4248
f 4251/4251/4251 4248/4248/4248 4250/4250/4250
f 4192/4192/4192 4251/4251/4251 4196/4196/4196
f 4094/4094/4094 4252/4252/4252 4249/4249/4249
f 4252/4252/4252 4094/4094/4094 4093/4093/4093
f 4249/4249/4249 4253/4253/4253 4250/4250/4250
f 4253/4253/4253 4249/4249/4249 4252/4252/4252
f 4250/4250/4250 4254/4254/4254 4251/4251/4251
f 4253/4253/4253 4254/4254/4254 4250/4250/4250
f 4255/4255/4255 4196/4196/4196 4251/4251/4251
f 4251/4251/4251 4254/4254/4254 4255/4255/4255
f 4093/4093/4093 4256/4256/4256 4252/4252/4252
f 4256/4256/4256 4093/4093/4093 4096/4096/4096
f 4252/4252/4252 4257/4257/4257 4253/4253/4253
f 4257/4257/4257 4252/4252/4252 4256/4256/4256
f 4254/4254/4254 4253/4253/4253 4258/4258/4258
f 4255/4255/4255 4254/4254/4254 4258/4258/4258
f 4258/4258/4258 4253/4253/4253 4257/4257/4257
f 4096/4096/4096 4259/4259/4259 4256/4256/4256
f 4259/4259/4259 4096/4096/4096 4097/4097/4097
f 4256/4256/4256 4260/4260/4260 4257/4257/4257
f 4259/4259/4259 4260/4260/4260 4256/4256/4256
f 4257/4257/4257 4261/4261/4261 4258/4258/4258
f 4261/4261/4261 4257/4257/4257 4260/4260/4260
f 4262/4262/4262 4259/4259/4259 4097/4097/4097
f 4262/4262/4262 4097/4097/4097 4098/4098/4098
f 4260/4260/4260 4259/4259/4259 4263/4263/4263
f 4262/4262/4262 4263/4263/4263 4259/4259/4259
f 4098/4098/4098 4264/4264/4264 4262/4262/4262
f 4264/4264/4264 4098/4098/4098 4099/4099/4099
f 4258/4258/4258 4265/4265/4265 4255/4255/4255
f 4258/4258/4258 4261/4261/4261 4265/4265/4265
f 4260/4260/4260 4266/4266/4266 4261/4261/4261
f 4266/4266/4266 4260/4260/4260 4263/4263/4263
f 4263/4263/4263 4262/4262/4262 4267/4267/4267
f 4267/4267/4267 4262/4262/4262 4264/4264/4264
f 4099/4099/4099 4268/4268/4268 4264/4264/4264
f 4268/4268/4268 4099/4099/4099 4100/4100/4100
f 4265/4265/4265 4261/4261/4261 4269/4269/4269
f 4269/4269/4269 4261/4261/4261 4266/4266/4266
f 4255/4255/4255 4265/4265/4265 4270/4270/4270
f 4270/4270/4270 4265/4265/4265 4269/4269/4269
f 4263/4263/4263 4271/4271/4271 4266/4266/4266
f 4267/4267/4267 4271/4271/4271 4263/4263/4263
f 4264/4264/4264 4272/4272/4272 4267/4267/4267
f 4264/4264/4264 4268/4268/4268 4272/4272/4272
f 4266/4266/4266 4273/4273/4273 4269/4269/4269
f 4271/4271/4271 4273/4273/4273 4266/4266/4266
f 4271/4271/4271 4267/4267/4267 4274/4274/4274
f 4274/4274/4274 4267/4267/4267 4272/4272/4272
f 4100/4100/4100 4275/4275/4275 4268/4268/4268
f 4100/4100/4100 4101/4101/4101 4275/4275/4275
f 4275/4275/4275 4101/4101/4101 4276/4276/4276
f 4276/4276/4276 4101/4101/4101 4102/4102/4102
f 4275/4275/4275 4277/4277/4277 4268/4268/4268
f 4277/4277/4277 4275/4275/4275 4276/4276/4276
f 4268/4268/4268 4278/4278/4278 4272/4272/4272
f 4278/4278/4278 4268/4268/4268 4277/4277/4277
f 4102/4102/4102 4279/4279/4279 4276/4276/4276
f 4103/4103/4103 4279/4279/4279 4102/4102/4102
f 4276/4276/4276 4280/4280/4280 4277/4277/4277
f 4280/4280/4280 4276/4276/4276 4279/4279/4279
f 4279/4279/4279 4103/4103/4103 4281/4281/4281
f 4104/4104/4104 4281/4281/4281 4103/4103/4103
f 4113/4113/4113 4281/4281/4281 4104/4104/4104
f 4281/4281/4281 4282/4282/4282 4279/4279/4279
f 4279/4279/4279 4282/4282/4282 4280/4280/4280
f 4281/4281/4281 4113/4113/4113 4283/4283/4283
f 4283/4283/4283 4282/4282/4282 4281/4281/4281
f 4122/4122/4122 4283/4283/4283 4113/4113/4113
f 4280/4280/4280 4284/4284/4284 4277/4277/4277
f 4277/4277/4277 4284/4284/4284 4278/4278/4278
f 4285/4285/4285 4280/4280/4280 4282/4282/4282
f 4282/4282/4282 4283/4283/4283 4285/4285/4285
f 4280/4280/4280 4285/4285/4285 4284/4284/4284
f 4286/4286/4286 4283/4283/4283 4122/4122/4122
f 4283/4283/4283 4286/4286/4286 4285/4285/4285
f 4287/4287/4287 4284/4284/4284 4285/4285/4285
f 4285/4285/4285 4286/4286/4286 4287/4287/4287
f 4284/4284/4284 4288/4288/4288 4278/4278/4278
f 4288/4288/4288 4284/4284/4284 4287/4287/4287
f 4289/4289/4289 4286/4286/4286 4122/4122/4122
f 4122/4122/4122 4119/4119/4119 4289/4289/4289
f 4120/4120/4120 4289/4289/4289 4119/4119/4119
f 4289/4289/4289 4290/4290/4290 4286/4286/4286
f 4290/4290/4290 4287/4287/4287 4286/4286/4286
f 4120/4120/4120 4290/4290/4290 4289/4289/4289
f 4287/4287/4287 4290/4290/4290 4291/4291/4291
f 4291/4291/4291 4288/4288/4288 4287/4287/4287
f 4292/4292/4292 4290/4290/4290 4120/4120/4120
f 4291/4291/4291 4290/4290/4290 4292/4292/4292
f 4135/4135/4135 4292/4292/4292 4120/4120/4120
f 4135/4135/4135 4293/4293/4293 4292/4292/4292
f 4292/4292/4292 4293/4293/4293 4291/4291/4291
f 4135/4135/4135 4152/4152/4152 4293/4293/4293
f 4294/4294/4294 4293/4293/4293 4152/4152/4152
f 4293/4293/4293 4294/4294/4294 4291/4291/4291
f 4152/4152/4152 4156/4156/4156 4294/4294/4294
f 4288/4288/4288 4291/4291/4291 4295/4295/4295
f 4294/4294/4294 4295/4295/4295 4291/4291/4291
f 4156/4156/4156 4296/4296/4296 4294/4294/4294
f 4295/4295/4295 4294/4294/4294 4296/4296/4296
f 4295/4295/4295 4297/4297/4297 4288/4288/4288
f 4278/4278/4278 4288/4288/4288 4297/4297/4297
f 4297/4297/4297 4272/4272/4272 4278/4278/4278
f 4272/4272/4272 4297/4297/4297 4274/4274/4274
f 4297/4297/4297 4295/4295/4295 4298/4298/4298
f 4298/4298/4298 4274/4274/4274 4297/4297/4297
f 4296/4296/4296 4298/4298/4298 4295/4295/4295
f 4156/4156/4156 4299/4299/4299 4296/4296/4296
f 4299/4299/4299 4156/4156/4156 4154/4154/4154
f 4300/4300/4300 4274/4274/4274 4298/4298/4298
f 4274/4274/4274 4300/4300/4300 4271/4271/4271
f 4273/4273/4273 4271/4271/4271 4300/4300/4300
f 4298/4298/4298 4296/4296/4296 4301/4301/4301
f 4301/4301/4301 4300/4300/4300 4298/4298/4298
f 4299/4299/4299 4301/4301/4301 4296/4296/4296
f 4273/4273/4273 4300/4300/4300 4301/4301/4301
f 4154/4154/4154 4302/4302/4302 4299/4299/4299
f 4302/4302/4302 4301/4301/4301 4299/4299/4299
f 4302/4302/4302 4154/4154/4154 4155/4155/4155
f 4301/4301/4301 4303/4303/4303 4273/4273/4273
f 4301/4301/4301 4302/4302/4302 4303/4303/4303
f 4269/4269/4269 4273/4273/4273 4303/4303/4303
f 4269/4269/4269 4303/4303/4303 4270/4270/4270
f 4155/4155/4155 4304/4304/4304 4302/4302/4302
f 4304/4304/4304 4303/4303/4303 4302/4302/4302
f 4270/4270/4270 4303/4303/4303 4304/4304/4304
f 4168/4168/4168 4304/4304/4304 4155/4155/4155
f 4305/4305/4305 4270/4270/4270 4304/4304/4304
f 4304/4304/4304 4168/4168/4168 4305/4305/4305
f 4270/4270/4270 4305/4305/4305 4255/4255/4255
f 4169/4169/4169 4305/4305/4305 4168/4168/4168
f 4305/4305/4305 4196/4196/4196 4255/4255/4255
f 4169/4169/4169 4196/4196/4196 4305/4305/4305
f 3946/3946/3946 3939/3939/3939 4306/4306/4306
f 4306/4306/4306 3939/3939/3939 3940/3940/3940
f 3940/3940/3940 4307/4307/4307 4306/4306/4306
f 3941/3941/3941 4307/4307/4307 3940/3940/3940
f 3941/3941/3941 4308/4308/4308 4307/4307/4307
f 3942/3942/3942 4308/4308/4308 3941/3941/3941
f 3942/3942/3942 4309/4309/4309 4308/4308/4308
f 3943/3943/3943 4309/4309/4309 3942/3942/3942
f 3943/3943/3943 3954/3954/3954 4309/4309/4309
f 4309/4309/4309 3954/3954/3954 4310/4310/4310
f 3954/3954/3954 3956/3956/3956 4310/4310/4310
f 4310/4310/4310 3956/3956/3956 4311/4311/4311
f 4309/4309/4309 4312/4312/4312 4308/4308/4308
f 4312/4312/4312 4309/4309/4309 4310/4310/4310
f 4310/4310/4310 4311/4311/4311 4313/4313/4313
f 4310/4310/4310 4313/4313/4313 4312/4312/4312
f 4311/4311/4311 4314/4314/4314 4313/4313/4313
f 4308/4308/4308 4315/4315/4315 4307/4307/4307
f 4315/4315/4315 4308/4308/4308 4312/4312/4312
f 4316/4316/4316 4306/4306/4306 4307/4307/4307
f 4316/4316/4316 4307/4307/4307 4315/4315/4315
f 4317/4317/4317 4313/4313/4313 4314/4314/4314
f 4314/4314/4314 4318/4318/4318 4317/4317/4317
f 4319/4319/4319 4312/4312/4312 4313/4313/4313
f 4312/4312/4312 4319/4319/4319 4315/4315/4315
f 4313/4313/4313 4317/4317/4317 4319/4319/4319
f 4320/4320/4320 4317/4317/4317 4318/4318/4318
f 4318/4318/4318 4321/4321/4321 4320/4320/4320
f 4315/4315/4315 4319/4319/4319 4322/4322/4322
f 4315/4315/4315 4322/4322/4322 4316/4316/4316
f 4319/4319/4319 4317/4317/4317 4323/4323/4323
f 4323/4323/4323 4317/4317/4317 4320/4320/4320
f 4319/4319/4319 4323/4323/4323 4322/4322/4322
f 4324/4324/4324 4306/4306/4306 4316/4316/4316
f 4306/4306/4306 4324/4324/4324 3946/3946/3946
f 4320/4320/4320 4321/4321/4321 4325/4325/4325
f 4326/4326/4326 4325/4325/4325 4321/4321/4321
f 4327/4327/4327 4323/4323/4323 4320/4320/4320
f 4320/4320/4320 4325/4325/4325 4327/4327/4327
f 4328/4328/4328 4322/4322/4322 4323/4323/4323
f 4323/4323/4323 4327/4327/4327 4328/4328/4328
f 4329/4329/4329 4316/4316/4316 4322/4322/4322
f 4316/4316/4316 4329/4329/4329 4324/4324/4324
f 4322/4322/4322 4328/4328/4328 4329/4329/4329
f 4324/4324/4324 4330/4330/4330 3946/3946/3946
f 3946/3946/3946 4330/4330/4330 3948/3948/3948
f 4330/4330/4330 4331/4331/4331 3948/3948/3948
f 4325/4325/4325 4326/4326/4326 4332/4332/4332
f 4333/4333/4333 4332/4332/4332 4326/4326/4326
f 4327/4327/4327 4325/4325/4325 4334/4334/4334
f 4332/4332/4332 4334/4334/4334 4325/4325/4325
f 4328/4328/4328 4327/4327/4327 4335/4335/4335
f 4327/4327/4327 4334/4334/4334 4335/4335/4335
f 4336/4336/4336 4324/4324/4324 4329/4329/4329
f 4324/4324/4324 4336/4336/4336 4330/4330/4330
f 4337/4337/4337 4329/4329/4329 4328/4328/4328
f 4328/4328/4328 4335/4335/4335 4337/4337/4337
f 4329/4329/4329 4337/4337/4337 4336/4336/4336
f 4330/4330/4330 4338/4338/4338 4331/4331/4331
f 4336/4336/4336 4338/4338/4338 4330/4330/4330
f 4332/4332/4332 4333/4333/4333 4339/4339/4339
f 4340/4340/4340 4339/4339/4339 4333/4333/4333
f 4334/4334/4334 4332/4332/4332 4341/4341/4341
f 4339/4339/4339 4341/4341/4341 4332/4332/4332
f 4335/4335/4335 4334/4334/4334 4342/4342/4342
f 4342/4342/4342 4334/4334/4334 4341/4341/4341
f 4343/4343/4343 4336/4336/4336 4337/4337/4337
f 4336/4336/4336 4343/4343/4343 4338/4338/4338
f 4344/4344/4344 4337/4337/4337 4335/4335/4335
f 4337/4337/4337 4344/4344/4344 4343/4343/4343
f 4335/4335/4335 4342/4342/4342 4344/4344/4344
f 4331/4331/4331 4338/4338/4338 4345/4345/4345
f 4345/4345/4345 4346/4346/4346 4331/4331/4331
f 4338/4338/4338 4343/4343/4343 4347/4347/4347
f 4343/4343/4343 4344/4344/4344 4347/4347/4347
f 4347/4347/4347 4345/4345/4345 4338/4338/4338
f 4348/4348/4348 4346/4346/4346 4345/4345/4345
f 4348/4348/4348 4345/4345/4345 4347/4347/4347
f 4348/4348/4348 4349/4349/4349 4346/4346/4346
f 4342/4342/4342 4350/4350/4350 4344/4344/4344
f 4350/4350/4350 4347/4347/4347 4344/4344/4344
f 4351/4351/4351 4342/4342/4342 4341/4341/4341
f 4342/4342/4342 4351/4351/4351 4350/4350/4350
f 4347/4347/4347 4350/4350/4350 4352/4352/4352
f 4347/4347/4347 4352/4352/4352 4348/4348/4348
f 4349/4349/4349 4348/4348/4348 4353/4353/4353
f 4353/4353/4353 4354/4354/4354 4349/4349/4349
f 4355/4355/4355 4352/4352/4352 4350/4350/4350
f 4355/4355/4355 4350/4350/4350 4351/4351/4351
f 4348/4348/4348 4352/4352/4352 4356/4356/4356
f 4356/4356/4356 4353/4353/4353 4348/4348/4348
f 4356/4356/4356 4352/4352/4352 4355/4355/4355
f 4354/4354/4354 4353/4353/4353 4357/4357/4357
f 4357/4357/4357 4353/4353/4353 4356/4356/4356
f 4357/4357/4357 4358/4358/4358 4354/4354/4354
f 4341/4341/4341 4359/4359/4359 4351/4351/4351
f 4359/4359/4359 4341/4341/4341 4339/4339/4339
f 4351/4351/4351 4360/4360/4360 4355/4355/4355
f 4360/4360/4360 4351/4351/4351 4359/4359/4359
f 4355/4355/4355 4361/4361/4361 4356/4356/4356
f 4361/4361/4361 4355/4355/4355 4360/4360/4360
f 4339/4339/4339 4362/4362/4362 4359/4359/4359
f 4339/4339/4339 4340/4340/4340 4362/4362/4362
f 4363/4363/4363 4362/4362/4362 4340/4340/4340
f 4359/4359/4359 4364/4364/4364 4360/4360/4360
f 4359/4359/4359 4362/4362/4362 4364/4364/4364
f 4365/4365/4365 4362/4362/4362 4363/4363/4363
f 4365/4365/4365 4364/4364/4364 4362/4362/4362
f 4363/4363/4363 4366/4366/4366 4365/4365/4365
f 4360/4360/4360 4364/4364/4364 4367/4367/4367
f 4360/4360/4360 4367/4367/4367 4361/4361/4361
f 4368/4368/4368 4365/4365/4365 4366/4366/4366
f 4366/4366/4366 4369/4369/4369 4368/4368/4368
f 4370/4370/4370 4364/4364/4364 4365/4365/4365
f 4370/4370/4370 4367/4367/4367 4364/4364/4364
f 4365/4365/4365 4368/4368/4368 4370/4370/4370
f 4371/4371/4371 4368/4368/4368 4369/4369/4369
f 4369/4369/4369 4372/4372/4372 4371/4371/4371
f 4370/4370/4370 4373/4373/4373 4367/4367/4367
f 4361/4361/4361 4367/4367/4367 4373/4373/4373
f 4374/4374/4374 4370/4370/4370 4368/4368/4368
f 4368/4368/4368 4371/4371/4371 4374/4374/4374
f 4374/4374/4374 4373/4373/4373 4370/4370/4370
f 4375/4375/4375 4371/4371/4371 4372/4372/4372
f 4372/4372/4372 4376/4376/4376 4375/4375/4375
f 4377/4377/4377 4374/4374/4374 4371/4371/4371
f 4377/4377/4377 4373/4373/4373 4374/4374/4374
f 4371/4371/4371 4375/4375/4375 4377/4377/4377
f 4378/4378/4378 4375/4375/4375 4376/4376/4376
f 4376/4376/4376 4379/4379/4379 4378/4378/4378
f 4380/4380/4380 4377/4377/4377 4375/4375/4375
f 4375/4375/4375 4378/4378/4378 4380/4380/4380
f 4377/4377/4377 4381/4381/4381 4373/4373/4373
f 4380/4380/4380 4381/4381/4381 4377/4377/4377
f 4373/4373/4373 4382/4382/4382 4361/4361/4361
f 4382/4382/4382 4373/4373/4373 4381/4381/4381
f 4383/4383/4383 4378/4378/4378 4379/4379/4379
f 4379/4379/4379 4384/4384/4384 4383/4383/4383
f 4383/4383/4383 4384/4384/4384 4385/4385/4385
f 4378/4378/4378 4386/4386/4386 4380/4380/4380
f 4383/4383/4383 4386/4386/4386 4378/4378/4378
f 4385/4385/4385 4387/4387/4387 4383/4383/4383
f 4386/4386/4386 4383/4383/4383 4387/4387/4387
f 4387/4387/4387 4385/4385/4385 4388/4388/4388
f 4380/4380/4380 4389/4389/4389 4381/4381/4381
f 4389/4389/4389 4380/4380/4380 4386/4386/4386
f 4388/4388/4388 4390/4390/4390 4387/4387/4387
f 4390/4390/4390 4388/4388/4388 4391/4391/4391
f 4387/4387/4387 4392/4392/4392 4386/4386/4386
f 4390/4390/4390 4392/4392/4392 4387/4387/4387
f 4391/4391/4391 4393/4393/4393 4390/4390/4390
f 4393/4393/4393 4391/4391/4391 4394/4394/4394
f 4395/4395/4395 4381/4381/4381 4389/4389/4389
f 4381/4381/4381 4395/4395/4395 4382/4382/4382
f 4386/4386/4386 4396/4396/4396 4389/4389/4389
f 4396/4396/4396 4386/4386/4386 4392/4392/4392
f 4392/4392/4392 4390/4390/4390 4397/4397/4397
f 4397/4397/4397 4390/4390/4390 4393/4393/4393
f 4394/4394/4394 4398/4398/4398 4393/4393/4393
f 4399/4399/4399 4398/4398/4398 4394/4394/4394
f 4389/4389/4389 4400/4400/4400 4395/4395/4395
f 4400/4400/4400 4389/4389/4389 4396/4396/4396
f 4392/4392/4392 4401/4401/4401 4396/4396/4396
f 4401/4401/4401 4392/4392/4392 4397/4397/4397
f 4393/4393/4393 4402/4402/4402 4397/4397/4397
f 4398/4398/4398 4402/4402/4402 4393/4393/4393
f 4399/4399/4399 4403/4403/4403 4398/4398/4398
f 4403/4403/4403 4399/4399/4399 3760/3760/3760
f 4396/4396/4396 4404/4404/4404 4400/4400/4400
f 4404/4404/4404 4396/4396/4396 4401/4401/4401
f 4397/4397/4397 4405/4405/4405 4401/4401/4401
f 4397/4397/4397 4402/4402/4402 4405/4405/4405
f 4398/4398/4398 4406/4406/4406 4402/4402/4402
f 4398/4398/4398 4403/4403/4403 4406/4406/4406
f 4407/4407/4407 4403/4403/4403 3760/3760/3760
f 4407/4407/4407 3760/3760/3760 3805/3805/3805
f 4401/4401/4401 4408/4408/4408 4404/4404/4404
f 4408/4408/4408 4401/4401/4401 4405/4405/4405
f 4400/4400/4400 4404/4404/4404 4409/4409/4409
f 4409/4409/4409 4404/4404/4404 4408/4408/4408
f 4402/4402/4402 4410/4410/4410 4405/4405/4405
f 4410/4410/4410 4402/4402/4402 4406/4406/4406
f 4403/4403/4403 4411/4411/4411 4406/4406/4406
f 4403/4403/4403 4407/4407/4407 4411/4411/4411
f 4412/4412/4412 4407/4407/4407 3805/3805/3805
f 4412/4412/4412 3805/3805/3805 3808/3808/3808
f 4405/4405/4405 4413/4413/4413 4408/4408/4408
f 4405/4405/4405 4410/4410/4410 4413/4413/4413
f 4414/4414/4414 4410/4410/4410 4406/4406/4406
f 4411/4411/4411 4414/4414/4414 4406/4406/4406
f 4407/4407/4407 4415/4415/4415 4411/4411/4411
f 4407/4407/4407 4412/4412/4412 4415/4415/4415
f 4412/4412/4412 3808/3808/3808 4416/4416/4416
f 4416/4416/4416 3808/3808/3808 3818/3818/3818
f 4413/4413/4413 4417/4417/4417 4408/4408/4408
f 4408/4408/4408 4417/4417/4417 4409/4409/4409
f 4410/4410/4410 4418/4418/4418 4413/4413/4413
f 4418/4418/4418 4410/4410/4410 4414/4414/4414
f 4411/4411/4411 4419/4419/4419 4414/4414/4414
f 4419/4419/4419 4411/4411/4411 4415/4415/4415
f 4412/4412/4412 4420/4420/4420 4415/4415/4415
f 4420/4420/4420 4412/4412/4412 4416/4416/4416
f 3818/3818/3818 4421/4421/4421 4416/4416/4416
f 3813/3813/3813 4421/4421/4421 3818/3818/3818
f 4417/4417/4417 4413/4413/4413 4422/4422/4422
f 4422/4422/4422 4413/4413/4413 4418/4418/4418
f 4414/4414/4414 4423/4423/4423 4418/4418/4418
f 4414/4414/4414 4419/4419/4419 4423/4423/4423
f 4424/4424/4424 4419/4419/4419 4415/4415/4415
f 4424/4424/4424 4415/4415/4415 4420/4420/4420
f 4416/4416/4416 4425/4425/4425 4420/4420/4420
f 4425/4425/4425 4416/4416/4416 4421/4421/4421
f 4421/4421/4421 3813/3813/3813 4426/4426/4426
f 3850/3850/3850 4426/4426/4426 3813/3813/3813
f 4421/4421/4421 4426/4426/4426 4427/4427/4427
f 4421/4421/4421 4427/4427/4427 4425/4425/4425
f 4428/4428/4428 4420/4420/4420 4425/4425/4425
f 4428/4428/4428 4424/4424/4424 4420/4420/4420
f 4429/4429/4429 4419/4419/4419 4424/4424/4424
f 4429/4429/4429 4423/4423/4423 4419/4419/4419
f 4430/4430/4430 4418/4418/4418 4423/4423/4423
f 4418/4418/4418 4430/4430/4430 4422/4422/4422
f 4431/4431/4431 4426/4426/4426 3850/3850/3850
f 4427/4427/4427 4426/4426/4426 4431/4431/4431
f 4425/4425/4425 4427/4427/4427 4432/4432/4432
f 4425/4425/4425 4432/4432/4432 4428/4428/4428
f 4428/4428/4428 4433/4433/4433 4424/4424/4424
f 4424/4424/4424 4433/4433/4433 4429/4429/4429
f 4434/4434/4434 4423/4423/4423 4429/4429/4429
f 4423/4423/4423 4434/4434/4434 4430/4430/4430
f 3850/3850/3850 4435/4435/4435 4431/4431/4431
f 3857/3857/3857 4435/4435/4435 3850/3850/3850
f 4436/4436/4436 4427/4427/4427 4431/4431/4431
f 4432/4432/4432 4427/4427/4427 4436/4436/4436
f 4437/4437/4437 4428/4428/4428 4432/4432/4432
f 4433/4433/4433 4428/4428/4428 4437/4437/4437
f 4429/4429/4429 4433/4433/4433 4438/4438/4438
f 4429/4429/4429 4438/4438/4438 4434/4434/4434
f 4439/4439/4439 4431/4431/4431 4435/4435/4435
f 4431/4431/4431 4439/4439/4439 4436/4436/4436
f 4440/4440/4440 4435/4435/4435 3857/3857/3857
f 4435/4435/4435 4440/4440/4440 4439/4439/4439
f 4441/4441/4441 4432/4432/4432 4436/4436/4436
f 4432/4432/4432 4441/4441/4441 4437/4437/4437
f 4442/4442/4442 4433/4433/4433 4437/4437/4437
f 4442/4442/4442 4438/4438/4438 4433/4433/4433
f 4438/4438/4438 4442/4442/4442 4443/4443/4443
f 4437/4437/4437 4444/4444/4444 4442/4442/4442
f 4441/4441/4441 4444/4444/4444 4437/4437/4437
f 4443/4443/4443 4442/4442/4442 4444/4444/4444
f 4445/4445/4445 4434/4434/4434 4438/4438/4438
f 4438/4438/4438 4443/4443/4443 4445/4445/4445
f 4446/4446/4446 4436/4436/4436 4439/4439/4439
f 4436/4436/4436 4446/4446/4446 4441/4441/4441
f 4441/4441/4441 4447/4447/4447 4444/4444/4444
f 4447/4447/4447 4441/4441/4441 4446/4446/4446
f 4439/4439/4439 4448/4448/4448 4446/4446/4446
f 4440/4440/4440 4448/4448/4448 4439/4439/4439
f 4434/4434/4434 4445/4445/4445 4449/4449/4449
f 4449/4449/4449 4430/4430/4430 4434/4434/4434
f 4444/4444/4444 4450/4450/4450 4443/4443/4443
f 4450/4450/4450 4444/4444/4444 4447/4447/4447
f 4446/4446/4446 4451/4451/4451 4447/4447/4447
f 4448/4448/4448 4451/4451/4451 4446/4446/4446
f 4430/4430/4430 4449/4449/4449 4452/4452/4452
f 4422/4422/4422 4430/4430/4430 4452/4452/4452
f 4447/4447/4447 4453/4453/4453 4450/4450/4450
f 4453/4453/4453 4447/4447/4447 4451/4451/4451
f 4452/4452/4452 4454/4454/4454 4422/4422/4422
f 4454/4454/4454 4417/4417/4417 4422/4422/4422
f 4454/4454/4454 4455/4455/4455 4417/4417/4417
f 4417/4417/4417 4455/4455/4455 4409/4409/4409
f 4456/4456/4456 4452/4452/4452 4449/4449/4449
f 4452/4452/4452 4456/4456/4456 4457/4457/4457
f 4457/4457/4457 4454/4454/4454 4452/4452/4452
f 4458/4458/4458 4456/4456/4456 4449/4449/4449
f 4454/4454/4454 4457/4457/4457 4459/4459/4459
f 4459/4459/4459 4455/4455/4455 4454/4454/4454
f 4449/4449/4449 4445/4445/4445 4458/4458/4458
f 4460/4460/4460 4458/4458/4458 4445/4445/4445
f 4460/4460/4460 4445/4445/4445 4443/4443/4443
f 4443/4443/4443 4461/4461/4461 4460/4460/4460
f 4462/4462/4462 4461/4461/4461 4443/4443/4443
f 4443/4443/4443 4450/4450/4450 4462/4462/4462
f 4450/4450/4450 4463/4463/4463 4462/4462/4462
f 4450/4450/4450 4453/4453/4453 4463/4463/4463
f 4455/4455/4455 4459/4459/4459 4464/4464/4464
f 4463/4463/4463 4453/4453/4453 4465/4465/4465
f 4464/4464/4464 4466/4466/4466 4455/4455/4455
f 4466/4466/4466 4464/4464/4464 4467/4467/4467
f 4455/4455/4455 4466/4466/4466 4409/4409/4409
f 4453/4453/4453 4468/4468/4468 4465/4465/4465
f 4453/4453/4453 4451/4451/4451 4468/4468/4468
f 4469/4469/4469 4465/4465/4465 4468/4468/4468
f 4467/4467/4467 4470/4470/4470 4466/4466/4466
f 4470/4470/4470 4467/4467/4467 4471/4471/4471
f 4472/4472/4472 4409/4409/4409 4466/4466/4466
f 4466/4466/4466 4470/4470/4470 4472/4472/4472
f 4409/4409/4409 4472/4472/4472 4400/4400/4400
f 4395/4395/4395 4400/4400/4400 4472/4472/4472
f 4471/4471/4471 4473/4473/4473 4470/4470/4470
f 4472/4472/4472 4470/4470/4470 4473/4473/4473
f 4473/4473/4473 4471/4471/4471 4358/4358/4358
f 4473/4473/4473 4358/4358/4358 4357/4357/4357
f 4472/4472/4472 4474/4474/4474 4395/4395/4395
f 4473/4473/4473 4474/4474/4474 4472/4472/4472
f 4474/4474/4474 4473/4473/4473 4357/4357/4357
f 4382/4382/4382 4395/4395/4395 4474/4474/4474
f 4357/4357/4357 4475/4475/4475 4474/4474/4474
f 4474/4474/4474 4475/4475/4475 4382/4382/4382
f 4356/4356/4356 4475/4475/4475 4357/4357/4357
f 4382/4382/4382 4475/4475/4475 4361/4361/4361
f 4356/4356/4356 4361/4361/4361 4475/4475/4475
f 4448/4448/4448 4476/4476/4476 4451/4451/4451
f 4468/4468/4468 4451/4451/4451 4476/4476/4476
f 4476/4476/4476 4448/4448/4448 4477/4477/4477
f 4477/4477/4477 4448/4448/4448 4440/4440/4440
f 4476/4476/4476 4478/4478/4478 4468/4468/4468
f 4468/4468/4468 4478/4478/4478 4469/4469/4469
f 4469/4469/4469 4478/4478/4478 4479/4479/4479
f 4478/4478/4478 4476/4476/4476 4480/4480/4480
f 4477/4477/4477 4480/4480/4480 4476/4476/4476
f 4478/4478/4478 4481/4481/4481 4479/4479/4479
f 4480/4480/4480 4481/4481/4481 4478/4478/4478
f 4482/4482/4482 4479/4479/4479 4481/4481/4481
f 4477/4477/4477 4440/4440/4440 4483/4483/4483
f 3857/3857/3857 4483/4483/4483 4440/4440/4440
f 3863/3863/3863 4483/4483/4483 3857/3857/3857
f 4483/4483/4483 4484/4484/4484 4477/4477/4477
f 3863/3863/3863 4484/4484/4484 4483/4483/4483
f 4480/4480/4480 4477/4477/4477 4484/4484/4484
f 4484/4484/4484 3863/3863/3863 3887/3887/3887
f 4484/4484/4484 4485/4485/4485 4480/4480/4480
f 4481/4481/4481 4480/4480/4480 4485/4485/4485
f 4485/4485/4485 4484/4484/4484 3887/3887/3887
f 4481/4481/4481 4486/4486/4486 4482/4482/4482
f 4485/4485/4485 4486/4486/4486 4481/4481/4481
f 4482/4482/4482 4486/4486/4486 3898/3898/3898
f 4486/4486/4486 3897/3897/3897 3898/3898/3898
f 3887/3887/3887 4487/4487/4487 4485/4485/4485
f 4486/4486/4486 4485/4485/4485 4487/4487/4487
f 4487/4487/4487 3897/3897/3897 4486/4486/4486
f 4487/4487/4487 3887/3887/3887 3885/3885/3885
f 3897/3897/3897 4487/4487/4487 3886/3886/3886
f 3885/3885/3885 3886/3886/3886 4487/4487/4487
f 1048/1048/1048 1040/1040/1040 4488/4488/4488
f 1048/1048/1048 4488/4488/4488 1049/1049/1049
f 4488/4488/4488 4489/4489/4489 1049/1049/1049
f 1040/1040/1040 4490/4490/4490 4488/4488/4488
f 4488/4488/4488 4490/4490/4490 4489/4489/4489
f 1049/1049/1049 4489/4489/4489 4491/4491/4491
f 1049/1049/1049 4491/4491/4491 1032/1032/1032
f 1008/1008/1008 1032/1032/1032 4491/4491/4491
f 4492/4492/4492 1008/1008/1008 4491/4491/4491
f 4492/4492/4492 1015/1015/1015 1008/1008/1008
f 4489/4489/4489 4493/4493/4493 4491/4491/4491
f 4493/4493/4493 4492/4492/4492 4491/4491/4491
f 4492/4492/4492 4494/4494/4494 1015/1015/1015
f 4493/4493/4493 4494/4494/4494 4492/4492/4492
f 4489/4489/4489 4495/4495/4495 4493/4493/4493
f 4495/4495/4495 4489/4489/4489 4490/4490/4490
f 4494/4494/4494 4496/4496/4496 1015/1015/1015
f 1015/1015/1015 4496/4496/4496 1018/1018/1018
f 4494/4494/4494 4493/4493/4493 4497/4497/4497
f 4493/4493/4493 4495/4495/4495 4497/4497/4497
f 4498/4498/4498 4496/4496/4496 4494/4494/4494
f 1018/1018/1018 4496/4496/4496 4498/4498/4498
f 4494/4494/4494 4497/4497/4497 4498/4498/4498
f 4498/4498/4498 4499/4499/4499 1018/1018/1018
f 1016/1016/1016 1018/1018/1018 4499/4499/4499
f 4500/4500/4500 4498/4498/4498 4497/4497/4497
f 4499/4499/4499 4498/4498/4498 4500/4500/4500
f 4497/4497/4497 4495/4495/4495 4501/4501/4501
f 4497/4497/4497 4501/4501/4501 4500/4500/4500
f 4502/4502/4502 4495/4495/4495 4490/4490/4490
f 4495/4495/4495 4502/4502/4502 4501/4501/4501
f 4499/4499/4499 4503/4503/4503 1016/1016/1016
f 989/989/989 1016/1016/1016 4503/4503/4503
f 4504/4504/4504 4502/4502/4502 4490/4490/4490
f 1040/1040/1040 4504/4504/4504 4490/4490/4490
f 4501/4501/4501 4502/4502/4502 4505/4505/4505
f 4504/4504/4504 4505/4505/4505 4502/4502/4502
f 4505/4505/4505 4506/4506/4506 4501/4501/4501
f 4500/4500/4500 4501/4501/4501 4506/4506/4506
f 4500/4500/4500 4507/4507/4507 4499/4499/4499
f 4503/4503/4503 4499/4499/4499 4507/4507/4507
f 4503/4503/4503 4508/4508/4508 989/989/989
f 991/991/991 989/989/989 4508/4508/4508
f 4505/4505/4505 4504/4504/4504 4509/4509/4509
f 4506/4506/4506 4505/4505/4505 4509/4509/4509
f 4504/4504/4504 1040/1040/1040 4510/4510/4510
f 4504/4504/4504 4510/4510/4510 4509/4509/4509
f 4509/4509/4509 4510/4510/4510 4511/4511/4511
f 1040/1040/1040 4512/4512/4512 4510/4510/4510
f 4512/4512/4512 4511/4511/4511 4510/4510/4510
f 4512/4512/4512 1040/1040/1040 1039/1039/1039
f 1042/1042/1042 4512/4512/4512 1039/1039/1039
f 4513/4513/4513 4512/4512/4512 1042/1042/1042
f 4512/4512/4512 4513/4513/4513 4511/4511/4511
f 1042/1042/1042 4514/4514/4514 4513/4513/4513
f 1043/1043/1043 4514/4514/4514 1042/1042/1042
f 4515/4515/4515 4514/4514/4514 1043/1043/1043
f 4516/4516/4516 4513/4513/4513 4514/4514/4514
f 4511/4511/4511 4513/4513/4513 4516/4516/4516
f 4514/4514/4514 4515/4515/4515 4517/4517/4517
f 4517/4517/4517 4516/4516/4516 4514/4514/4514
f 4518/4518/4518 4517/4517/4517 4515/4515/4515
f 4515/4515/4515 4519/4519/4519 4518/4518/4518
f 4516/4516/4516 4517/4517/4517 4520/4520/4520
f 4520/4520/4520 4517/4517/4517 4518/4518/4518
f 4521/4521/4521 4518/4518/4518 4519/4519/4519
f 4519/4519/4519 4522/4522/4522 4521/4521/4521
f 4523/4523/4523 4521/4521/4521 4522/4522/4522
f 4522/4522/4522 4524/4524/4524 4523/4523/4523
f 4523/4523/4523 4524/4524/4524 4525/4525/4525
f 4521/4521/4521 4526/4526/4526 4518/4518/4518
f 4526/4526/4526 4520/4520/4520 4518/4518/4518
f 4516/4516/4516 4520/4520/4520 4527/4527/4527
f 4511/4511/4511 4516/4516/4516 4527/4527/4527
f 4523/4523/4523 4525/4525/4525 4528/4528/4528
f 4528/4528/4528 4525/4525/4525 4529/4529/4529
f 4521/4521/4521 4530/4530/4530 4526/4526/4526
f 4523/4523/4523 4530/4530/4530 4521/4521/4521
f 4531/4531/4531 4520/4520/4520 4526/4526/4526
f 4520/4520/4520 4531/4531/4531 4527/4527/4527
f 4531/4531/4531 4532/4532/4532 4527/4527/4527
f 4511/4511/4511 4527/4527/4527 4533/4533/4533
f 4533/4533/4533 4527/4527/4527 4532/4532/4532
f 4528/4528/4528 4529/4529/4529 4534/4534/4534
f 4534/4534/4534 4529/4529/4529 1759/1759/1759
f 4535/4535/4535 4526/4526/4526 4530/4530/4530
f 4535/4535/4535 4531/4531/4531 4526/4526/4526
f 4511/4511/4511 4533/4533/4533 4536/4536/4536
f 4511/4511/4511 4536/4536/4536 4509/4509/4509
f 4534/4534/4534 1759/1759/1759 4537/4537/4537
f 1758/1758/1758 4537/4537/4537 1759/1759/1759
f 4538/4538/4538 4509/4509/4509 4536/4536/4536
f 4509/4509/4509 4538/4538/4538 4506/4506/4506
f 4539/4539/4539 4528/4528/4528 4534/4534/4534
f 4540/4540/4540 4534/4534/4534 4537/4537/4537
f 4540/4540/4540 4539/4539/4539 4534/4534/4534
f 4541/4541/4541 4537/4537/4537 1758/1758/1758
f 4537/4537/4537 4541/4541/4541 4540/4540/4540
f 4542/4542/4542 4528/4528/4528 4539/4539/4539
f 4523/4523/4523 4528/4528/4528 4542/4542/4542
f 1758/1758/1758 4543/4543/4543 4541/4541/4541
f 4544/4544/4544 4541/4541/4541 4543/4543/4543
f 4543/4543/4543 1758/1758/1758 1756/1756/1756
f 4543/4543/4543 1756/1756/1756 4545/4545/4545
f 4545/4545/4545 4544/4544/4544 4543/4543/4543
f 4545/4545/4545 1756/1756/1756 1754/1754/1754
f 1754/1754/1754 1767/1767/1767 4545/4545/4545
f 4541/4541/4541 4546/4546/4546 4540/4540/4540
f 4544/4544/4544 4546/4546/4546 4541/4541/4541
f 4547/4547/4547 4539/4539/4539 4540/4540/4540
f 4546/4546/4546 4547/4547/4547 4540/4540/4540
f 4547/4547/4547 4546/4546/4546 4548/4548/4548
f 4542/4542/4542 4549/4549/4549 4523/4523/4523
f 4530/4530/4530 4523/4523/4523 4549/4549/4549
f 4542/4542/4542 4539/4539/4539 4550/4550/4550
f 4550/4550/4550 4539/4539/4539 4547/4547/4547
f 4551/4551/4551 4545/4545/4545 1767/1767/1767
f 4545/4545/4545 4551/4551/4551 4544/4544/4544
f 4552/4552/4552 4546/4546/4546 4544/4544/4544
f 4548/4548/4548 4546/4546/4546 4552/4552/4552
f 4553/4553/4553 4530/4530/4530 4549/4549/4549
f 4530/4530/4530 4553/4553/4553 4535/4535/4535
f 4549/4549/4549 4542/4542/4542 4554/4554/4554
f 4550/4550/4550 4554/4554/4554 4542/4542/4542
f 4549/4549/4549 4555/4555/4555 4553/4553/4553
f 4554/4554/4554 4555/4555/4555 4549/4549/4549
f 4556/4556/4556 4544/4544/4544 4551/4551/4551
f 4557/4557/4557 4551/4551/4551 1767/1767/1767
f 4557/4557/4557 4556/4556/4556 4551/4551/4551
f 4544/4544/4544 4558/4558/4558 4552/4552/4552
f 4544/4544/4544 4556/4556/4556 4558/4558/4558
f 4559/4559/4559 4535/4535/4535 4553/4553/4553
f 4560/4560/4560 4553/4553/4553 4555/4555/4555
f 4553/4553/4553 4560/4560/4560 4559/4559/4559
f 4555/4555/4555 4554/4554/4554 4561/4561/4561
f 4555/4555/4555 4562/4562/4562 4560/4560/4560
f 4561/4561/4561 4562/4562/4562 4555/4555/4555
f 4563/4563/4563 4561/4561/4561 4554/4554/4554
f 4563/4563/4563 4554/4554/4554 4550/4550/4550
f 4535/4535/4535 4559/4559/4559 4564/4564/4564
f 4564/4564/4564 4565/4565/4565 4535/4535/4535
f 4531/4531/4531 4535/4535/4535 4565/4565/4565
f 4565/4565/4565 4566/4566/4566 4531/4531/4531
f 4532/4532/4532 4531/4531/4531 4566/4566/4566
f 4567/4567/4567 4566/4566/4566 4565/4565/4565
f 4532/4532/4532 4566/4566/4566 4567/4567/4567
f 4568/4568/4568 4559/4559/4559 4560/4560/4560
f 4564/4564/4564 4559/4559/4559 4569/4569/4569
f 4569/4569/4569 4559/4559/4559 4568/4568/4568
f 4565/4565/4565 4564/4564/4564 4570/4570/4570
f 4570/4570/4570 4564/4564/4564 4569/4569/4569
f 4565/4565/4565 4571/4571/4571 4567/4567/4567
f 4570/4570/4570 4571/4571/4571 4565/4565/4565
f 4572/4572/4572 4571/4571/4571 4570/4570/4570
f 4573/4573/4573 4571/4571/4571 4572/4572/4572
f 4567/4567/4567 4571/4571/4571 4573/4573/4573
f 4567/4567/4567 4573/4573/4573 4532/4532/4532
f 4560/4560/4560 4574/4574/4574 4568/4568/4568
f 4574/4574/4574 4560/4560/4560 4562/4562/4562
f 4569/4569/4569 4575/4575/4575 4570/4570/4570
f 4570/4570/4570 4575/4575/4575 4572/4572/4572
f 4532/4532/4532 4573/4573/4573 4576/4576/4576
f 4572/4572/4572 4577/4577/4577 4573/4573/4573
f 4577/4577/4577 4576/4576/4576 4573/4573/4573
f 4576/4576/4576 4578/4578/4578 4532/4532/4532
f 4532/4532/4532 4578/4578/4578 4533/4533/4533
f 4579/4579/4579 4578/4578/4578 4576/4576/4576
f 4533/4533/4533 4578/4578/4578 4579/4579/4579
f 4576/4576/4576 4577/4577/4577 4579/4579/4579
f 4579/4579/4579 4580/4580/4580 4533/4533/4533
f 4536/4536/4536 4533/4533/4533 4580/4580/4580
f 4580/4580/4580 4581/4581/4581 4536/4536/4536
f 4536/4536/4536 4581/4581/4581 4538/4538/4538
f 4582/4582/4582 4581/4581/4581 4580/4580/4580
f 4538/4538/4538 4581/4581/4581 4582/4582/4582
f 4583/4583/4583 4580/4580/4580 4579/4579/4579
f 4583/4583/4583 4582/4582/4582 4580/4580/4580
f 4584/4584/4584 4579/4579/4579 4577/4577/4577
f 4579/4579/4579 4584/4584/4584 4583/4583/4583
f 4582/4582/4582 4585/4585/4585 4538/4538/4538
f 4506/4506/4506 4538/4538/4538 4585/4585/4585
f 4586/4586/4586 4582/4582/4582 4583/4583/4583
f 4585/4585/4585 4582/4582/4582 4586/4586/4586
f 4585/4585/4585 4587/4587/4587 4506/4506/4506
f 4506/4506/4506 4587/4587/4587 4500/4500/4500
f 4507/4507/4507 4500/4500/4500 4587/4587/4587
f 4587/4587/4587 4585/4585/4585 4588/4588/4588
f 4586/4586/4586 4588/4588/4588 4585/4585/4585
f 4589/4589/4589 4584/4584/4584 4577/4577/4577
f 4589/4589/4589 4577/4577/4577 4572/4572/4572
f 4590/4590/4590 4583/4583/4583 4584/4584/4584
f 4583/4583/4583 4590/4590/4590 4586/4586/4586
f 4591/4591/4591 4584/4584/4584 4589/4589/4589
f 4584/4584/4584 4591/4591/4591 4590/4590/4590
f 4587/4587/4587 4592/4592/4592 4507/4507/4507
f 4587/4587/4587 4588/4588/4588 4592/4592/4592
f 4593/4593/4593 4589/4589/4589 4572/4572/4572
f 4589/4589/4589 4593/4593/4593 4591/4591/4591
f 4594/4594/4594 4593/4593/4593 4572/4572/4572
f 4591/4591/4591 4593/4593/4593 4594/4594/4594
f 4590/4590/4590 4591/4591/4591 4595/4595/4595
f 4594/4594/4594 4595/4595/4595 4591/4591/4591
f 4586/4586/4586 4590/4590/4590 4596/4596/4596
f 4595/4595/4595 4596/4596/4596 4590/4590/4590
f 4588/4588/4588 4586/4586/4586 4597/4597/4597
f 4596/4596/4596 4597/4597/4597 4586/4586/4586
f 4598/4598/4598 4597/4597/4597 4596/4596/4596
f 4595/4595/4595 4599/4599/4599 4596/4596/4596
f 4599/4599/4599 4595/4595/4595 4594/4594/4594
f 4596/4596/4596 4599/4599/4599 4598/4598/4598
f 4572/4572/4572 4600/4600/4600 4594/4594/4594
f 4594/4594/4594 4600/4600/4600 4599/4599/4599
f 4572/4572/4572 4575/4575/4575 4600/4600/4600
f 4592/4592/4592 4588/4588/4588 4601/4601/4601
f 4597/4597/4597 4601/4601/4601 4588/4588/4588
f 4602/4602/4602 4599/4599/4599 4600/4600/4600
f 4598/4598/4598 4599/4599/4599 4602/4602/4602
f 4575/4575/4575 4603/4603/4603 4600/4600/4600
f 4600/4600/4600 4603/4603/4603 4602/4602/4602
f 4603/4603/4603 4575/4575/4575 4569/4569/4569
f 4569/4569/4569 4602/4602/4602 4603/4603/4603
f 4602/4602/4602 4569/4569/4569 4568/4568/4568
f 4568/4568/4568 4604/4604/4604 4602/4602/4602
f 4598/4598/4598 4602/4602/4602 4604/4604/4604
f 4604/4604/4604 4568/4568/4568 4605/4605/4605
f 4574/4574/4574 4605/4605/4605 4568/4568/4568
f 4601/4601/4601 4606/4606/4606 4592/4592/4592
f 4507/4507/4507 4592/4592/4592 4606/4606/4606
f 4598/4598/4598 4604/4604/4604 4607/4607/4607
f 4605/4605/4605 4607/4607/4607 4604/4604/4604
f 4507/4507/4507 4606/4606/4606 4608/4608/4608
f 4507/4507/4507 4608/4608/4608 4503/4503/4503
f 4508/4508/4508 4503/4503/4503 4608/4608/4608
f 4608/4608/4608 4609/4609/4609 4508/4508/4508
f 4609/4609/4609 4608/4608/4608 4606/4606/4606
f 4610/4610/4610 4508/4508/4508 4609/4609/4609
f 4508/4508/4508 4610/4610/4610 991/991/991
f 4610/4610/4610 950/950/950 991/991/991
f 950/950/950 4610/4610/4610 4611/4611/4611
f 950/950/950 4611/4611/4611 947/947/947
f 4609/4609/4609 4612/4612/4612 4610/4610/4610
f 4611/4611/4611 4610/4610/4610 4612/4612/4612
f 4606/4606/4606 4613/4613/4613 4609/4609/4609
f 4612/4612/4612 4609/4609/4609 4613/4613/4613
f 4611/4611/4611 4614/4614/4614 947/947/947
f 947/947/947 4614/4614/4614 946/946/946
f 4615/4615/4615 4613/4613/4613 4606/4606/4606
f 4606/4606/4606 4601/4601/4601 4615/4615/4615
f 4612/4612/4612 4616/4616/4616 4611/4611/4611
f 4611/4611/4611 4616/4616/4616 4614/4614/4614
f 946/946/946 4614/4614/4614 4617/4617/4617
f 948/948/948 946/946/946 4617/4617/4617
f 4618/4618/4618 4614/4614/4614 4616/4616/4616
f 4614/4614/4614 4618/4618/4618 4617/4617/4617
f 4617/4617/4617 4618/4618/4618 4619/4619/4619
f 4617/4617/4617 4620/4620/4620 948/948/948
f 4617/4617/4617 4619/4619/4619 4620/4620/4620
f 948/948/948 4620/4620/4620 949/949/949
f 4621/4621/4621 4616/4616/4616 4612/4612/4612
f 4616/4616/4616 4621/4621/4621 4618/4618/4618
f 4613/4613/4613 4622/4622/4622 4612/4612/4612
f 4612/4612/4612 4622/4622/4622 4621/4621/4621
f 949/949/949 4620/4620/4620 4623/4623/4623
f 943/943/943 949/949/949 4623/4623/4623
f 4624/4624/4624 4618/4618/4618 4621/4621/4621
f 4618/4618/4618 4624/4624/4624 4619/4619/4619
f 4625/4625/4625 4622/4622/4622 4613/4613/4613
f 4613/4613/4613 4615/4615/4615 4625/4625/4625
f 4621/4621/4621 4622/4622/4622 4626/4626/4626
f 4621/4621/4621 4626/4626/4626 4624/4624/4624
f 4626/4626/4626 4622/4622/4622 4625/4625/4625
f 4627/4627/4627 4624/4624/4624 4626/4626/4626
f 4626/4626/4626 4625/4625/4625 4627/4627/4627
f 4615/4615/4615 4628/4628/4628 4625/4625/4625
f 4625/4625/4625 4628/4628/4628 4627/4627/4627
f 4628/4628/4628 4615/4615/4615 4629/4629/4629
f 4601/4601/4601 4629/4629/4629 4615/4615/4615
f 4629/4629/4629 4601/4601/4601 4597/4597/4597
f 4597/4597/4597 4598/4598/4598 4629/4629/4629
f 4630/4630/4630 4628/4628/4628 4629/4629/4629
f 4629/4629/4629 4598/4598/4598 4630/4630/4630
f 4627/4627/4627 4628/4628/4628 4630/4630/4630
f 4607/4607/4607 4630/4630/4630 4598/4598/4598
f 4624/4624/4624 4627/4627/4627 4631/4631/4631
f 4624/4624/4624 4631/4631/4631 4619/4619/4619
f 4630/4630/4630 4607/4607/4607 4632/4632/4632
f 4607/4607/4607 4605/4605/4605 4632/4632/4632
f 4630/4630/4630 4633/4633/4633 4627/4627/4627
f 4631/4631/4631 4627/4627/4627 4633/4633/4633
f 4632/4632/4632 4633/4633/4633 4630/4630/4630
f 4633/4633/4633 4634/4634/4634 4631/4631/4631
f 4634/4634/4634 4633/4633/4633 4632/4632/4632
f 4635/4635/4635 4632/4632/4632 4605/4605/4605
f 4635/4635/4635 4605/4605/4605 4574/4574/4574
f 4619/4619/4619 4631/4631/4631 4636/4636/4636
f 4636/4636/4636 4631/4631/4631 4634/4634/4634
f 4632/4632/4632 4637/4637/4637 4634/4634/4634
f 4637/4637/4637 4632/4632/4632 4635/4635/4635
f 4635/4635/4635 4574/4574/4574 4638/4638/4638
f 4638/4638/4638 4574/4574/4574 4562/4562/4562
f 4634/4634/4634 4639/4639/4639 4636/4636/4636
f 4639/4639/4639 4634/4634/4634 4637/4637/4637
f 4637/4637/4637 4635/4635/4635 4640/4640/4640
f 4635/4635/4635 4638/4638/4638 4640/4640/4640
f 4641/4641/4641 4638/4638/4638 4562/4562/4562
f 4562/4562/4562 4561/4561/4561 4641/4641/4641
f 4637/4637/4637 4642/4642/4642 4639/4639/4639
f 4640/4640/4640 4642/4642/4642 4637/4637/4637
f 4640/4640/4640 4638/4638/4638 4643/4643/4643
f 4643/4643/4643 4638/4638/4638 4641/4641/4641
f 4644/4644/4644 4642/4642/4642 4640/4640/4640
f 4639/4639/4639 4642/4642/4642 4644/4644/4644
f 4640/4640/4640 4643/4643/4643 4644/4644/4644
f 4636/4636/4636 4639/4639/4639 4645/4645/4645
f 4645/4645/4645 4639/4639/4639 4644/4644/4644
f 4646/4646/4646 4641/4641/4641 4561/4561/4561
f 4561/4561/4561 4563/4563/4563 4646/4646/4646
f 4647/4647/4647 4644/4644/4644 4643/4643/4643
f 4645/4645/4645 4644/4644/4644 4647/4647/4647
f 4648/4648/4648 4643/4643/4643 4641/4641/4641
f 4641/4641/4641 4646/4646/4646 4648/4648/4648
f 4643/4643/4643 4648/4648/4648 4647/4647/4647
f 4645/4645/4645 4649/4649/4649 4636/4636/4636
f 4619/4619/4619 4636/4636/4636 4649/4649/4649
f 4647/4647/4647 4650/4650/4650 4645/4645/4645
f 4650/4650/4650 4649/4649/4649 4645/4645/4645
f 4649/4649/4649 4651/4651/4651 4619/4619/4619
f 4620/4620/4620 4619/4619/4619 4651/4651/4651
f 4620/4620/4620 4651/4651/4651 4623/4623/4623
f 4652/4652/4652 4649/4649/4649 4650/4650/4650
f 4652/4652/4652 4651/4651/4651 4649/4649/4649
f 4653/4653/4653 4650/4650/4650 4647/4647/4647
f 4653/4653/4653 4652/4652/4652 4650/4650/4650
f 4648/4648/4648 4654/4654/4654 4647/4647/4647
f 4647/4647/4647 4654/4654/4654 4653/4653/4653
f 4655/4655/4655 4653/4653/4653 4654/4654/4654
f 4656/4656/4656 4654/4654/4654 4648/4648/4648
f 4654/4654/4654 4656/4656/4656 4655/4655/4655
f 4648/4648/4648 4646/4646/4646 4656/4656/4656
f 4623/4623/4623 4651/4651/4651 4657/4657/4657
f 4657/4657/4657 4651/4651/4651 4652/4652/4652
f 4658/4658/4658 4656/4656/4656 4646/4646/4646
f 4655/4655/4655 4656/4656/4656 4658/4658/4658
f 4657/4657/4657 4659/4659/4659 4623/4623/4623
f 4623/4623/4623 4659/4659/4659 943/943/943
f 943/943/943 4659/4659/4659 945/945/945
f 4659/4659/4659 4657/4657/4657 4660/4660/4660
f 4660/4660/4660 4657/4657/4657 4652/4652/4652
f 945/945/945 4659/4659/4659 4660/4660/4660
f 4661/4661/4661 4652/4652/4652 4653/4653/4653
f 4652/4652/4652 4661/4661/4661 4660/4660/4660
f 4660/4660/4660 4662/4662/4662 945/945/945
f 4662/4662/4662 4660/4660/4660 4661/4661/4661
f 944/944/944 945/945/945 4662/4662/4662
f 4663/4663/4663 4661/4661/4661 4653/4653/4653
f 4661/4661/4661 4663/4663/4663 4662/4662/4662
f 4653/4653/4653 4655/4655/4655 4663/4663/4663
f 4662/4662/4662 4664/4664/4664 944/944/944
f 4662/4662/4662 4663/4663/4663 4664/4664/4664
f 4665/4665/4665 4663/4663/4663 4655/4655/4655
f 4664/4664/4664 4663/4663/4663 4665/4665/4665
f 4666/4666/4666 944/944/944 4664/4664/4664
f 944/944/944 4666/4666/4666 942/942/942
f 4664/4664/4664 4667/4667/4667 4666/4666/4666
f 4667/4667/4667 4664/4664/4664 4665/4665/4665
f 942/942/942 4666/4666/4666 4668/4668/4668
f 4668/4668/4668 4666/4666/4666 4667/4667/4667
f 4668/4668/4668 4669/4669/4669 942/942/942
f 935/935/935 942/942/942 4669/4669/4669
f 935/935/935 4669/4669/4669 4670/4670/4670
f 930/930/930 935/935/935 4670/4670/4670
f 4670/4670/4670 4671/4671/4671 930/930/930
f 930/930/930 4671/4671/4671 929/929/929
f 4671/4671/4671 4670/4670/4670 4672/4672/4672
f 929/929/929 4671/4671/4671 4672/4672/4672
f 4673/4673/4673 4670/4670/4670 4669/4669/4669
f 4672/4672/4672 4670/4670/4670 4673/4673/4673
f 4674/4674/4674 929/929/929 4672/4672/4672
f 929/929/929 4674/4674/4674 878/878/878
f 4675/4675/4675 4674/4674/4674 4672/4672/4672
f 4675/4675/4675 4672/4672/4672 4673/4673/4673
f 4674/4674/4674 4676/4676/4676 878/878/878
f 4675/4675/4675 4676/4676/4676 4674/4674/4674
f 4676/4676/4676 4677/4677/4677 878/878/878
f 4677/4677/4677 877/877/877 878/878/878
f 877/877/877 4677/4677/4677 1768/1768/1768
f 4678/4678/4678 4677/4677/4677 4676/4676/4676
f 4677/4677/4677 4678/4678/4678 1768/1768/1768
f 4679/4679/4679 4676/4676/4676 4675/4675/4675
f 4678/4678/4678 4676/4676/4676 4679/4679/4679
f 4673/4673/4673 4680/4680/4680 4675/4675/4675
f 4679/4679/4679 4675/4675/4675 4680/4680/4680
f 4669/4669/4669 4681/4681/4681 4673/4673/4673
f 4680/4680/4680 4673/4673/4673 4681/4681/4681
f 1768/1768/1768 4678/4678/4678 4682/4682/4682
f 1768/1768/1768 4682/4682/4682 1766/1766/1766
f 1767/1767/1767 1766/1766/1766 4682/4682/4682
f 4682/4682/4682 4678/4678/4678 4683/4683/4683
f 4683/4683/4683 4678/4678/4678 4679/4679/4679
f 4682/4682/4682 4683/4683/4683 1767/1767/1767
f 4683/4683/4683 4679/4679/4679 4684/4684/4684
f 4683/4683/4683 4684/4684/4684 1767/1767/1767
f 4684/4684/4684 4679/4679/4679 4680/4680/4680
f 4684/4684/4684 4557/4557/4557 1767/1767/1767
f 4685/4685/4685 4684/4684/4684 4680/4680/4680
f 4557/4557/4557 4684/4684/4684 4685/4685/4685
f 4681/4681/4681 4685/4685/4685 4680/4680/4680
f 4557/4557/4557 4685/4685/4685 4686/4686/4686
f 4686/4686/4686 4685/4685/4685 4681/4681/4681
f 4557/4557/4557 4686/4686/4686 4556/4556/4556
f 4669/4669/4669 4687/4687/4687 4681/4681/4681
f 4681/4681/4681 4687/4687/4687 4686/4686/4686
f 4687/4687/4687 4556/4556/4556 4686/4686/4686
f 4669/4669/4669 4668/4668/4668 4687/4687/4687
f 4687/4687/4687 4688/4688/4688 4556/4556/4556
f 4558/4558/4558 4556/4556/4556 4688/4688/4688
f 4668/4668/4668 4689/4689/4689 4687/4687/4687
f 4687/4687/4687 4689/4689/4689 4688/4688/4688
f 4667/4667/4667 4689/4689/4689 4668/4668/4668
f 4689/4689/4689 4667/4667/4667 4690/4690/4690
f 4665/4665/4665 4690/4690/4690 4667/4667/4667
f 4688/4688/4688 4689/4689/4689 4691/4691/4691
f 4690/4690/4690 4691/4691/4691 4689/4689/4689
f 4688/4688/4688 4692/4692/4692 4558/4558/4558
f 4691/4691/4691 4692/4692/4692 4688/4688/4688
f 4558/4558/4558 4692/4692/4692 4693/4693/4693
f 4693/4693/4693 4692/4692/4692 4691/4691/4691
f 4693/4693/4693 4552/4552/4552 4558/4558/4558
f 4691/4691/4691 4694/4694/4694 4693/4693/4693
f 4690/4690/4690 4694/4694/4694 4691/4691/4691
f 4695/4695/4695 4690/4690/4690 4665/4665/4665
f 4655/4655/4655 4695/4695/4695 4665/4665/4665
f 4693/4693/4693 4696/4696/4696 4552/4552/4552
f 4694/4694/4694 4696/4696/4696 4693/4693/4693
f 4694/4694/4694 4690/4690/4690 4697/4697/4697
f 4697/4697/4697 4690/4690/4690 4695/4695/4695
f 4695/4695/4695 4655/4655/4655 4698/4698/4698
f 4658/4658/4658 4698/4698/4698 4655/4655/4655
f 4552/4552/4552 4696/4696/4696 4699/4699/4699
f 4552/4552/4552 4699/4699/4699 4548/4548/4548
f 4700/4700/4700 4694/4694/4694 4697/4697/4697
f 4700/4700/4700 4696/4696/4696 4694/4694/4694
f 4701/4701/4701 4697/4697/4697 4695/4695/4695
f 4698/4698/4698 4701/4701/4701 4695/4695/4695
f 4702/4702/4702 4699/4699/4699 4696/4696/4696
f 4548/4548/4548 4699/4699/4699 4702/4702/4702
f 4703/4703/4703 4697/4697/4697 4701/4701/4701
f 4697/4697/4697 4703/4703/4703 4700/4700/4700
f 4704/4704/4704 4701/4701/4701 4698/4698/4698
f 4703/4703/4703 4701/4701/4701 4704/4704/4704
f 4705/4705/4705 4696/4696/4696 4700/4700/4700
f 4696/4696/4696 4705/4705/4705 4702/4702/4702
f 4706/4706/4706 4700/4700/4700 4703/4703/4703
f 4700/4700/4700 4706/4706/4706 4705/4705/4705
f 4707/4707/4707 4705/4705/4705 4706/4706/4706
f 4708/4708/4708 4707/4707/4707 4706/4706/4706
f 4703/4703/4703 4708/4708/4708 4706/4706/4706
f 4704/4704/4704 4708/4708/4708 4703/4703/4703
f 4707/4707/4707 4708/4708/4708 4704/4704/4704
f 4698/4698/4698 4709/4709/4709 4704/4704/4704
f 4704/4704/4704 4709/4709/4709 4707/4707/4707
f 4698/4698/4698 4658/4658/4658 4709/4709/4709
f 4710/4710/4710 4702/4702/4702 4705/4705/4705
f 4710/4710/4710 4705/4705/4705 4707/4707/4707
f 4702/4702/4702 4710/4710/4710 4548/4548/4548
f 4709/4709/4709 4658/4658/4658 4711/4711/4711
f 4709/4709/4709 4711/4711/4711 4712/4712/4712
f 4707/4707/4707 4709/4709/4709 4712/4712/4712
f 4711/4711/4711 4658/4658/4658 4713/4713/4713
f 4713/4713/4713 4712/4712/4712 4711/4711/4711
f 4646/4646/4646 4713/4713/4713 4658/4658/4658
f 4713/4713/4713 4646/4646/4646 4563/4563/4563
f 4707/4707/4707 4712/4712/4712 4714/4714/4714
f 4714/4714/4714 4712/4712/4712 4713/4713/4713
f 4715/4715/4715 4713/4713/4713 4563/4563/4563
f 4713/4713/4713 4715/4715/4715 4714/4714/4714
f 4715/4715/4715 4563/4563/4563 4550/4550/4550
f 4550/4550/4550 4716/4716/4716 4715/4715/4715
f 4714/4714/4714 4715/4715/4715 4716/4716/4716
f 4716/4716/4716 4550/4550/4550 4547/4547/4547
f 4714/4714/4714 4717/4717/4717 4707/4707/4707
f 4710/4710/4710 4707/4707/4707 4717/4717/4717
f 4716/4716/4716 4717/4717/4717 4714/4714/4714
f 4717/4717/4717 4718/4718/4718 4710/4710/4710
f 4718/4718/4718 4717/4717/4717 4716/4716/4716
f 4548/4548/4548 4710/4710/4710 4718/4718/4718
f 4547/4547/4547 4719/4719/4719 4716/4716/4716
f 4548/4548/4548 4719/4719/4719 4547/4547/4547
f 4716/4716/4716 4719/4719/4719 4718/4718/4718
f 4718/4718/4718 4719/4719/4719 4548/4548/4548
f 1968/1968/1968 1969/1969/1969 4720/4720/4720
f 2114/2114/2114 1968/1968/1968 4720/4720/4720
f 4721/4721/4721 4720/4720/4720 1969/1969/1969
f 1969/1969/1969 4722/4722/4722 4721/4721/4721
f 4722/4722/4722 1969/1969/1969 1970/1970/1970
f 4720/4720/4720 4723/4723/4723 2114/2114/2114
f 4720/4720/4720 4721/4721/4721 4724/4724/4724
f 4724/4724/4724 4723/4723/4723 4720/4720/4720
f 4725/4725/4725 2114/2114/2114 4723/4723/4723
f 2110/2110/2110 2114/2114/2114 4725/4725/4725
f 2110/2110/2110 4725/4725/4725 2074/2074/2074
f 4723/4723/4723 4726/4726/4726 4725/4725/4725
f 2074/2074/2074 4725/4725/4725 4727/4727/4727
f 4727/4727/4727 4725/4725/4725 4726/4726/4726
f 4723/4723/4723 4724/4724/4724 4728/4728/4728
f 4728/4728/4728 4726/4726/4726 4723/4723/4723
f 4727/4727/4727 4729/4729/4729 2074/2074/2074
f 4729/4729/4729 2077/2077/2077 2074/2074/2074
f 4730/4730/4730 2077/2077/2077 4729/4729/4729
f 4730/4730/4730 2083/2083/2083 2077/2077/2077
f 4727/4727/4727 4731/4731/4731 4729/4729/4729
f 4729/4729/4729 4731/4731/4731 4730/4730/4730
f 4726/4726/4726 4732/4732/4732 4727/4727/4727
f 4732/4732/4732 4731/4731/4731 4727/4727/4727
f 4733/4733/4733 2083/2083/2083 4730/4730/4730
f 2085/2085/2085 2083/2083/2083 4733/4733/4733
f 4726/4726/4726 4734/4734/4734 4732/4732/4732
f 4734/4734/4734 4726/4726/4726 4728/4728/4728
f 4732/4732/4732 4735/4735/4735 4731/4731/4731
f 4735/4735/4735 4732/4732/4732 4734/4734/4734
f 4736/4736/4736 4730/4730/4730 4731/4731/4731
f 4730/4730/4730 4736/4736/4736 4733/4733/4733
f 4735/4735/4735 4736/4736/4736 4731/4731/4731
f 4737/4737/4737 4736/4736/4736 4735/4735/4735
f 4733/4733/4733 4736/4736/4736 4737/4737/4737
f 4733/4733/4733 4738/4738/4738 2085/2085/2085
f 4738/4738/4738 2087/2087/2087 2085/2085/2085
f 4734/4734/4734 4739/4739/4739 4735/4735/4735
f 4735/4735/4735 4739/4739/4739 4737/4737/4737
f 4737/4737/4737 4740/4740/4740 4733/4733/4733
f 4733/4733/4733 4740/4740/4740 4738/4738/4738
f 2087/2087/2087 4738/4738/4738 4741/4741/4741
f 2089/2089/2089 2087/2087/2087 4741/4741/4741
f 4740/4740/4740 4742/4742/4742 4738/4738/4738
f 4741/4741/4741 4738/4738/4738 4742/4742/4742
f 4743/4743/4743 4740/4740/4740 4737/4737/4737
f 4742/4742/4742 4740/4740/4740 4743/4743/4743
f 4744/4744/4744 4737/4737/4737 4739/4739/4739
f 4737/4737/4737 4744/4744/4744 4743/4743/4743
f 4745/4745/4745 4739/4739/4739 4734/4734/4734
f 4745/4745/4745 4744/4744/4744 4739/4739/4739
f 4741/4741/4741 4746/4746/4746 2089/2089/2089
f 4746/4746/4746 2062/2062/2062 2089/2089/2089
f 4742/4742/4742 4747/4747/4747 4741/4741/4741
f 4741/4741/4741 4747/4747/4747 4746/4746/4746
f 4743/4743/4743 4748/4748/4748 4742/4742/4742
f 4748/4748/4748 4747/4747/4747 4742/4742/4742
f 4744/4744/4744 4749/4749/4749 4743/4743/4743
f 4749/4749/4749 4748/4748/4748 4743/4743/4743
f 4734/4734/4734 4750/4750/4750 4745/4745/4745
f 4750/4750/4750 4734/4734/4734 4728/4728/4728
f 4751/4751/4751 4744/4744/4744 4745/4745/4745
f 4751/4751/4751 4749/4749/4749 4744/4744/4744
f 4750/4750/4750 4752/4752/4752 4745/4745/4745
f 4745/4745/4745 4752/4752/4752 4751/4751/4751
f 4728/4728/4728 4753/4753/4753 4750/4750/4750
f 4724/4724/4724 4753/4753/4753 4728/4728/4728
f 4754/4754/4754 4752/4752/4752 4750/4750/4750
f 4753/4753/4753 4754/4754/4754 4750/4750/4750
f 4753/4753/4753 4724/4724/4724 4755/4755/4755
f 4755/4755/4755 4724/4724/4724 4721/4721/4721
f 4754/4754/4754 4753/4753/4753 4756/4756/4756
f 4756/4756/4756 4753/4753/4753 4755/4755/4755
f 4721/4721/4721 4757/4757/4757 4755/4755/4755
f 4722/4722/4722 4757/4757/4757 4721/4721/4721
f 4755/4755/4755 4758/4758/4758 4756/4756/4756
f 4754/4754/4754 4756/4756/4756 4758/4758/4758
f 4755/4755/4755 4757/4757/4757 4758/4758/4758
f 4759/4759/4759 4751/4751/4751 4752/4752/4752
f 4760/4760/4760 4752/4752/4752 4754/4754/4754
f 4760/4760/4760 4759/4759/4759 4752/4752/4752
f 4754/4754/4754 4758/4758/4758 4761/4761/4761
f 4754/4754/4754 4761/4761/4761 4760/4760/4760
f 4762/4762/4762 4758/4758/4758 4757/4757/4757
f 4761/4761/4761 4758/4758/4758 4762/4762/4762
f 4757/4757/4757 4722/4722/4722 4763/4763/4763
f 4763/4763/4763 4762/4762/4762 4757/4757/4757
f 4751/4751/4751 4759/4759/4759 4764/4764/4764
f 4764/4764/4764 4749/4749/4749 4751/4751/4751
f 4763/4763/4763 4722/4722/4722 4765/4765/4765
f 1970/1970/1970 4765/4765/4765 4722/4722/4722
f 4765/4765/4765 1970/1970/1970 4766/4766/4766
f 1965/1965/1965 4766/4766/4766 1970/1970/1970
f 4767/4767/4767 4766/4766/4766 1965/1965/1965
f 1965/1965/1965 1966/1966/1966 4767/4767/4767
f 4766/4766/4766 4768/4768/4768 4765/4765/4765
f 4768/4768/4768 4766/4766/4766 4767/4767/4767
f 4765/4765/4765 4769/4769/4769 4763/4763/4763
f 4769/4769/4769 4765/4765/4765 4768/4768/4768
f 4763/4763/4763 4770/4770/4770 4762/4762/4762
f 4770/4770/4770 4763/4763/4763 4769/4769/4769
f 1966/1966/1966 4771/4771/4771 4767/4767/4767
f 1967/1967/1967 4771/4771/4771 1966/1966/1966
f 4772/4772/4772 4762/4762/4762 4770/4770/4770
f 4762/4762/4762 4772/4772/4772 4761/4761/4761
f 4773/4773/4773 4761/4761/4761 4772/4772/4772
f 4761/4761/4761 4773/4773/4773 4760/4760/4760
f 4760/4760/4760 4773/4773/4773 4774/4774/4774
f 4774/4774/4774 4759/4759/4759 4760/4760/4760
f 4775/4775/4775 4759/4759/4759 4774/4774/4774
f 4775/4775/4775 4764/4764/4764 4759/4759/4759
f 4769/4769/4769 4776/4776/4776 4770/4770/4770
f 4770/4770/4770 4777/4777/4777 4772/4772/4772
f 4776/4776/4776 4777/4777/4777 4770/4770/4770
f 4778/4778/4778 4773/4773/4773 4772/4772/4772
f 4772/4772/4772 4777/4777/4777 4778/4778/4778
f 4779/4779/4779 4774/4774/4774 4773/4773/4773
f 4778/4778/4778 4779/4779/4779 4773/4773/4773
f 4780/4780/4780 4775/4775/4775 4774/4774/4774
f 4774/4774/4774 4779/4779/4779 4780/4780/4780
f 4776/4776/4776 4769/4769/4769 4781/4781/4781
f 4768/4768/4768 4781/4781/4781 4769/4769/4769
f 4781/4781/4781 4768/4768/4768 4782/4782/4782
f 4767/4767/4767 4782/4782/4782 4768/4768/4768
f 4783/4783/4783 4782/4782/4782 4767/4767/4767
f 4767/4767/4767 4771/4771/4771 4783/4783/4783
f 4782/4782/4782 4784/4784/4784 4781/4781/4781
f 4784/4784/4784 4782/4782/4782 4783/4783/4783
f 4781/4781/4781 4785/4785/4785 4776/4776/4776
f 4785/4785/4785 4781/4781/4781 4784/4784/4784
f 4783/4783/4783 4771/4771/4771 4786/4786/4786
f 4786/4786/4786 4771/4771/4771 1967/1967/1967
f 4787/4787/4787 4776/4776/4776 4785/4785/4785
f 4777/4777/4777 4776/4776/4776 4787/4787/4787
f 1967/1967/1967 4788/4788/4788 4786/4786/4786
f 1967/1967/1967 1971/1971/1971 4788/4788/4788
f 4777/4777/4777 4787/4787/4787 4789/4789/4789
f 4789/4789/4789 4778/4778/4778 4777/4777/4777
f 4788/4788/4788 1971/1971/1971 4790/4790/4790
f 4790/4790/4790 1971/1971/1971 1972/1972/1972
f 4778/4778/4778 4789/4789/4789 4791/4791/4791
f 4791/4791/4791 4779/4779/4779 4778/4778/4778
f 4779/4779/4779 4791/4791/4791 4792/4792/4792
f 4792/4792/4792 4780/4780/4780 4779/4779/4779
f 4785/4785/4785 4793/4793/4793 4787/4787/4787
f 4794/4794/4794 4789/4789/4789 4787/4787/4787
f 4787/4787/4787 4793/4793/4793 4794/4794/4794
f 4791/4791/4791 4789/4789/4789 4795/4795/4795
f 4794/4794/4794 4795/4795/4795 4789/4789/4789
f 4796/4796/4796 4792/4792/4792 4791/4791/4791
f 4791/4791/4791 4795/4795/4795 4796/4796/4796
f 4793/4793/4793 4785/4785/4785 4797/4797/4797
f 4784/4784/4784 4797/4797/4797 4785/4785/4785
f 4797/4797/4797 4784/4784/4784 4798/4798/4798
f 4783/4783/4783 4798/4798/4798 4784/4784/4784
f 4799/4799/4799 4798/4798/4798 4783/4783/4783
f 4786/4786/4786 4799/4799/4799 4783/4783/4783
f 4795/4795/4795 4794/4794/4794 4800/4800/4800
f 4801/4801/4801 4794/4794/4794 4793/4793/4793
f 4800/4800/4800 4794/4794/4794 4801/4801/4801
f 4797/4797/4797 4802/4802/4802 4793/4793/4793
f 4793/4793/4793 4802/4802/4802 4801/4801/4801
f 4798/4798/4798 4803/4803/4803 4797/4797/4797
f 4802/4802/4802 4797/4797/4797 4803/4803/4803
f 4798/4798/4798 4799/4799/4799 4804/4804/4804
f 4803/4803/4803 4798/4798/4798 4804/4804/4804
f 4805/4805/4805 4799/4799/4799 4786/4786/4786
f 4804/4804/4804 4799/4799/4799 4805/4805/4805
f 4803/4803/4803 4806/4806/4806 4802/4802/4802
f 4801/4801/4801 4802/4802/4802 4806/4806/4806
f 4786/4786/4786 4807/4807/4807 4805/4805/4805
f 4807/4807/4807 4786/4786/4786 4788/4788/4788
f 4805/4805/4805 4808/4808/4808 4804/4804/4804
f 4805/4805/4805 4807/4807/4807 4808/4808/4808
f 4804/4804/4804 4809/4809/4809 4803/4803/4803
f 4806/4806/4806 4803/4803/4803 4809/4809/4809
f 4809/4809/4809 4804/4804/4804 4808/4808/4808
f 4807/4807/4807 4788/4788/4788 4810/4810/4810
f 4810/4810/4810 4788/4788/4788 4790/4790/4790
f 4808/4808/4808 4807/4807/4807 4811/4811/4811
f 4811/4811/4811 4807/4807/4807 4810/4810/4810
f 4809/4809/4809 4808/4808/4808 4812/4812/4812
f 4812/4812/4812 4808/4808/4808 4811/4811/4811
f 4809/4809/4809 4813/4813/4813 4806/4806/4806
f 4813/4813/4813 4809/4809/4809 4812/4812/4812
f 4814/4814/4814 4801/4801/4801 4806/4806/4806
f 4814/4814/4814 4806/4806/4806 4813/4813/4813
f 4815/4815/4815 4801/4801/4801 4814/4814/4814
f 4800/4800/4800 4801/4801/4801 4815/4815/4815
f 4790/4790/4790 4816/4816/4816 4810/4810/4810
f 4810/4810/4810 4817/4817/4817 4811/4811/4811
f 4817/4817/4817 4810/4810/4810 4816/4816/4816
f 4811/4811/4811 4818/4818/4818 4812/4812/4812
f 4818/4818/4818 4811/4811/4811 4817/4817/4817
f 4816/4816/4816 4790/4790/4790 4819/4819/4819
f 1972/1972/1972 4819/4819/4819 4790/4790/4790
f 4820/4820/4820 4819/4819/4819 1972/1972/1972
f 1972/1972/1972 1976/1976/1976 4820/4820/4820
f 4821/4821/4821 4820/4820/4820 1976/1976/1976
f 1978/1978/1978 4821/4821/4821 1976/1976/1976
f 4822/4822/4822 4821/4821/4821 1978/1978/1978
f 1978/1978/1978 1999/1999/1999 4822/4822/4822
f 4812/4812/4812 4818/4818/4818 4823/4823/4823
f 4818/4818/4818 4817/4817/4817 4824/4824/4824
f 4823/4823/4823 4818/4818/4818 4824/4824/4824
f 4817/4817/4817 4816/4816/4816 4825/4825/4825
f 4824/4824/4824 4817/4817/4817 4825/4825/4825
f 4816/4816/4816 4819/4819/4819 4826/4826/4826
f 4825/4825/4825 4816/4816/4816 4826/4826/4826
f 4820/4820/4820 4827/4827/4827 4819/4819/4819
f 4826/4826/4826 4819/4819/4819 4827/4827/4827
f 4820/4820/4820 4821/4821/4821 4828/4828/4828
f 4828/4828/4828 4827/4827/4827 4820/4820/4820
f 4829/4829/4829 4826/4826/4826 4827/4827/4827
f 4826/4826/4826 4829/4829/4829 4825/4825/4825
f 4829/4829/4829 4827/4827/4827 4828/4828/4828
f 4825/4825/4825 4830/4830/4830 4824/4824/4824
f 4829/4829/4829 4830/4830/4830 4825/4825/4825
f 4831/4831/4831 4821/4821/4821 4822/4822/4822
f 4828/4828/4828 4821/4821/4821 4831/4831/4831
f 4824/4824/4824 4832/4832/4832 4823/4823/4823
f 4824/4824/4824 4830/4830/4830 4832/4832/4832
f 4829/4829/4829 4833/4833/4833 4830/4830/4830
f 4829/4829/4829 4828/4828/4828 4834/4834/4834
f 4834/4834/4834 4833/4833/4833 4829/4829/4829
f 4835/4835/4835 4830/4830/4830 4833/4833/4833
f 4830/4830/4830 4835/4835/4835 4832/4832/4832
f 4834/4834/4834 4828/4828/4828 4836/4836/4836
f 4836/4836/4836 4828/4828/4828 4831/4831/4831
f 4837/4837/4837 4833/4833/4833 4834/4834/4834
f 4833/4833/4833 4837/4837/4837 4835/4835/4835
f 4834/4834/4834 4836/4836/4836 4837/4837/4837
f 4838/4838/4838 4831/4831/4831 4822/4822/4822
f 4839/4839/4839 4836/4836/4836 4831/4831/4831
f 4831/4831/4831 4838/4838/4838 4839/4839/4839
f 4840/4840/4840 4837/4837/4837 4836/4836/4836
f 4836/4836/4836 4839/4839/4839 4840/4840/4840
f 4841/4841/4841 4835/4835/4835 4837/4837/4837
f 4837/4837/4837 4840/4840/4840 4841/4841/4841
f 4842/4842/4842 4832/4832/4832 4835/4835/4835
f 4835/4835/4835 4841/4841/4841 4842/4842/4842
f 4843/4843/4843 4841/4841/4841 4840/4840/4840
f 4842/4842/4842 4841/4841/4841 4843/4843/4843
f 4844/4844/4844 4840/4840/4840 4839/4839/4839
f 4840/4840/4840 4844/4844/4844 4843/4843/4843
f 4843/4843/4843 4844/4844/4844 4845/4845/4845
f 4839/4839/4839 4846/4846/4846 4844/4844/4844
f 4846/4846/4846 4839/4839/4839 4838/4838/4838
f 4845/4845/4845 4844/4844/4844 4846/4846/4846
f 4822/4822/4822 4847/4847/4847 4838/4838/4838
f 4847/4847/4847 4822/4822/4822 1999/1999/1999
f 4832/4832/4832 4842/4842/4842 4848/4848/4848
f 4848/4848/4848 4823/4823/4823 4832/4832/4832
f 4843/4843/4843 4849/4849/4849 4842/4842/4842
f 4848/4848/4848 4842/4842/4842 4849/4849/4849
f 4838/4838/4838 4850/4850/4850 4846/4846/4846
f 4850/4850/4850 4838/4838/4838 4847/4847/4847
f 1999/1999/1999 4851/4851/4851 4847/4847/4847
f 4851/4851/4851 1999/1999/1999 2000/2000/2000
f 4845/4845/4845 4852/4852/4852 4843/4843/4843
f 4852/4852/4852 4849/4849/4849 4843/4843/4843
f 4846/4846/4846 4853/4853/4853 4845/4845/4845
f 4853/4853/4853 4846/4846/4846 4850/4850/4850
f 4854/4854/4854 4850/4850/4850 4847/4847/4847
f 4854/4854/4854 4847/4847/4847 4851/4851/4851
f 2000/2000/2000 4855/4855/4855 4851/4851/4851
f 4855/4855/4855 2000/2000/2000 2001/2001/2001
f 4850/4850/4850 4856/4856/4856 4853/4853/4853
f 4856/4856/4856 4850/4850/4850 4854/4854/4854
f 4851/4851/4851 4857/4857/4857 4854/4854/4854
f 4855/4855/4855 4857/4857/4857 4851/4851/4851
f 4855/4855/4855 2001/2001/2001 4858/4858/4858
f 4858/4858/4858 2001/2001/2001 2028/2028/2028
f 4854/4854/4854 4859/4859/4859 4856/4856/4856
f 4859/4859/4859 4854/4854/4854 4857/4857/4857
f 4853/4853/4853 4856/4856/4856 4860/4860/4860
f 4860/4860/4860 4856/4856/4856 4859/4859/4859
f 4857/4857/4857 4855/4855/4855 4861/4861/4861
f 4861/4861/4861 4855/4855/4855 4858/4858/4858
f 4857/4857/4857 4862/4862/4862 4859/4859/4859
f 4857/4857/4857 4861/4861/4861 4862/4862/4862
f 4860/4860/4860 4863/4863/4863 4853/4853/4853
f 4853/4853/4853 4863/4863/4863 4845/4845/4845
f 4864/4864/4864 4859/4859/4859 4862/4862/4862
f 4864/4864/4864 4860/4860/4860 4859/4859/4859
f 4858/4858/4858 4865/4865/4865 4861/4861/4861
f 4862/4862/4862 4861/4861/4861 4866/4866/4866
f 4865/4865/4865 4866/4866/4866 4861/4861/4861
f 4862/4862/4862 4867/4867/4867 4864/4864/4864
f 4867/4867/4867 4862/4862/4862 4866/4866/4866
f 4868/4868/4868 4860/4860/4860 4864/4864/4864
f 4868/4868/4868 4864/4864/4864 4867/4867/4867
f 4865/4865/4865 4858/4858/4858 4869/4869/4869
f 4858/4858/4858 2028/2028/2028 4869/4869/4869
f 4860/4860/4860 4870/4870/4870 4863/4863/4863
f 4868/4868/4868 4870/4870/4870 4860/4860/4860
f 4871/4871/4871 4866/4866/4866 4865/4865/4865
f 4869/4869/4869 4871/4871/4871 4865/4865/4865
f 4872/4872/4872 4845/4845/4845 4863/4863/4863
f 4863/4863/4863 4873/4873/4873 4872/4872/4872
f 4870/4870/4870 4873/4873/4873 4863/4863/4863
f 4845/4845/4845 4872/4872/4872 4874/4874/4874
f 4874/4874/4874 4872/4872/4872 4873/4873/4873
f 4874/4874/4874 4852/4852/4852 4845/4845/4845
f 4875/4875/4875 4852/4852/4852 4874/4874/4874
f 4875/4875/4875 4849/4849/4849 4852/4852/4852
f 4876/4876/4876 4874/4874/4874 4873/4873/4873
f 4874/4874/4874 4876/4876/4876 4875/4875/4875
f 4877/4877/4877 4873/4873/4873 4870/4870/4870
f 4877/4877/4877 4876/4876/4876 4873/4873/4873
f 4878/4878/4878 4849/4849/4849 4875/4875/4875
f 4849/4849/4849 4878/4878/4878 4848/4848/4848
f 4876/4876/4876 4879/4879/4879 4875/4875/4875
f 4875/4875/4875 4879/4879/4879 4878/4878/4878
f 4880/4880/4880 4879/4879/4879 4876/4876/4876
f 4880/4880/4880 4876/4876/4876 4877/4877/4877
f 4877/4877/4877 4870/4870/4870 4881/4881/4881
f 4868/4868/4868 4881/4881/4881 4870/4870/4870
f 4878/4878/4878 4879/4879/4879 4882/4882/4882
f 4880/4880/4880 4882/4882/4882 4879/4879/4879
f 4848/4848/4848 4878/4878/4878 4883/4883/4883
f 4882/4882/4882 4883/4883/4883 4878/4878/4878
f 4884/4884/4884 4880/4880/4880 4877/4877/4877
f 4884/4884/4884 4877/4877/4877 4881/4881/4881
f 4883/4883/4883 4885/4885/4885 4848/4848/4848
f 4885/4885/4885 4823/4823/4823 4848/4848/4848
f 4886/4886/4886 4823/4823/4823 4885/4885/4885
f 4823/4823/4823 4886/4886/4886 4812/4812/4812
f 4812/4812/4812 4886/4886/4886 4813/4813/4813
f 4886/4886/4886 4885/4885/4885 4887/4887/4887
f 4887/4887/4887 4813/4813/4813 4886/4886/4886
f 4887/4887/4887 4885/4885/4885 4883/4883/4883
f 4814/4814/4814 4813/4813/4813 4887/4887/4887
f 4883/4883/4883 4888/4888/4888 4887/4887/4887
f 4814/4814/4814 4887/4887/4887 4888/4888/4888
f 4888/4888/4888 4883/4883/4883 4882/4882/4882
f 4888/4888/4888 4815/4815/4815 4814/4814/4814
f 4889/4889/4889 4882/4882/4882 4880/4880/4880
f 4889/4889/4889 4880/4880/4880 4884/4884/4884
f 4882/4882/4882 4890/4890/4890 4888/4888/4888
f 4815/4815/4815 4888/4888/4888 4890/4890/4890
f 4890/4890/4890 4882/4882/4882 4889/4889/4889
f 4890/4890/4890 4891/4891/4891 4815/4815/4815
f 4815/4815/4815 4891/4891/4891 4800/4800/4800
f 4889/4889/4889 4892/4892/4892 4890/4890/4890
f 4891/4891/4891 4890/4890/4890 4892/4892/4892
f 4884/4884/4884 4893/4893/4893 4889/4889/4889
f 4892/4892/4892 4889/4889/4889 4893/4893/4893
f 4891/4891/4891 4894/4894/4894 4800/4800/4800
f 4795/4795/4795 4800/4800/4800 4894/4894/4894
f 4894/4894/4894 4796/4796/4796 4795/4795/4795
f 4892/4892/4892 4895/4895/4895 4891/4891/4891
f 4894/4894/4894 4891/4891/4891 4895/4895/4895
f 4894/4894/4894 4896/4896/4896 4796/4796/4796
f 4895/4895/4895 4896/4896/4896 4894/4894/4894
f 4895/4895/4895 4892/4892/4892 4897/4897/4897
f 4897/4897/4897 4892/4892/4892 4893/4893/4893
f 4893/4893/4893 4884/4884/4884 4898/4898/4898
f 4884/4884/4884 4881/4881/4881 4898/4898/4898
f 4899/4899/4899 4796/4796/4796 4896/4896/4896
f 4899/4899/4899 4792/4792/4792 4796/4796/4796
f 4896/4896/4896 4895/4895/4895 4900/4900/4900
f 4900/4900/4900 4895/4895/4895 4897/4897/4897
f 4897/4897/4897 4893/4893/4893 4901/4901/4901
f 4898/4898/4898 4901/4901/4901 4893/4893/4893
f 4898/4898/4898 4881/4881/4881 4902/4902/4902
f 4902/4902/4902 4881/4881/4881 4868/4868/4868
f 4903/4903/4903 4792/4792/4792 4899/4899/4899
f 4780/4780/4780 4792/4792/4792 4903/4903/4903
f 4899/4899/4899 4896/4896/4896 4904/4904/4904
f 4904/4904/4904 4896/4896/4896 4900/4900/4900
f 4905/4905/4905 4900/4900/4900 4897/4897/4897
f 4901/4901/4901 4905/4905/4905 4897/4897/4897
f 4906/4906/4906 4901/4901/4901 4898/4898/4898
f 4902/4902/4902 4906/4906/4906 4898/4898/4898
f 4902/4902/4902 4868/4868/4868 4907/4907/4907
f 4867/4867/4867 4907/4907/4907 4868/4868/4868
f 4903/4903/4903 4908/4908/4908 4780/4780/4780
f 4775/4775/4775 4780/4780/4780 4908/4908/4908
f 4904/4904/4904 4900/4900/4900 4909/4909/4909
f 4900/4900/4900 4905/4905/4905 4909/4909/4909
f 4905/4905/4905 4901/4901/4901 4910/4910/4910
f 4901/4901/4901 4906/4906/4906 4910/4910/4910
f 4907/4907/4907 4867/4867/4867 4911/4911/4911
f 4911/4911/4911 4867/4867/4867 4866/4866/4866
f 4912/4912/4912 4911/4911/4911 4866/4866/4866
f 4871/4871/4871 4912/4912/4912 4866/4866/4866
f 4907/4907/4907 4911/4911/4911 4913/4913/4913
f 4913/4913/4913 4911/4911/4911 4912/4912/4912
f 4914/4914/4914 4912/4912/4912 4871/4871/4871
f 4871/4871/4871 4869/4869/4869 4914/4914/4914
f 4915/4915/4915 4909/4909/4909 4905/4905/4905
f 4910/4910/4910 4915/4915/4915 4905/4905/4905
f 4907/4907/4907 4913/4913/4913 4916/4916/4916
f 4902/4902/4902 4907/4907/4907 4916/4916/4916
f 4906/4906/4906 4902/4902/4902 4917/4917/4917
f 4916/4916/4916 4917/4917/4917 4902/4902/4902
f 4910/4910/4910 4906/4906/4906 4918/4918/4918
f 4918/4918/4918 4906/4906/4906 4917/4917/4917
f 4914/4914/4914 4919/4919/4919 4912/4912/4912
f 4912/4912/4912 4919/4919/4919 4913/4913/4913
f 4914/4914/4914 4869/4869/4869 4920/4920/4920
f 4920/4920/4920 4869/4869/4869 2028/2028/2028
f 4915/4915/4915 4910/4910/4910 4921/4921/4921
f 4918/4918/4918 4921/4921/4921 4910/4910/4910
f 4919/4919/4919 4914/4914/4914 4922/4922/4922
f 4922/4922/4922 4914/4914/4914 4920/4920/4920
f 2028/2028/2028 4923/4923/4923 4920/4920/4920
f 2027/2027/2027 4923/4923/4923 2028/2028/2028
f 4923/4923/4923 4924/4924/4924 4920/4920/4920
f 4920/4920/4920 4924/4924/4924 4922/4922/4922
f 2027/2027/2027 4925/4925/4925 4923/4923/4923
f 4925/4925/4925 4924/4924/4924 4923/4923/4923
f 2026/2026/2026 4925/4925/4925 2027/2027/2027
f 2026/2026/2026 4926/4926/4926 4925/4925/4925
f 2036/2036/2036 4926/4926/4926 2026/2026/2026
f 4924/4924/4924 4925/4925/4925 4927/4927/4927
f 4926/4926/4926 4927/4927/4927 4925/4925/4925
f 4928/4928/4928 4926/4926/4926 2036/2036/2036
f 2036/2036/2036 2048/2048/2048 4928/4928/4928
f 4929/4929/4929 4927/4927/4927 4926/4926/4926
f 4928/4928/4928 4929/4929/4929 4926/4926/4926
f 4927/4927/4927 4930/4930/4930 4924/4924/4924
f 4930/4930/4930 4927/4927/4927 4929/4929/4929
f 4931/4931/4931 4922/4922/4922 4924/4924/4924
f 4924/4924/4924 4930/4930/4930 4931/4931/4931
f 4932/4932/4932 4922/4922/4922 4931/4931/4931
f 4922/4922/4922 4932/4932/4932 4919/4919/4919
f 4919/4919/4919 4932/4932/4932 4933/4933/4933
f 4933/4933/4933 4913/4913/4913 4919/4919/4919
f 4913/4913/4913 4933/4933/4933 4934/4934/4934
f 4934/4934/4934 4916/4916/4916 4913/4913/4913
f 4935/4935/4935 4933/4933/4933 4932/4932/4932
f 4934/4934/4934 4933/4933/4933 4935/4935/4935
f 4916/4916/4916 4934/4934/4934 4936/4936/4936
f 4936/4936/4936 4917/4917/4917 4916/4916/4916
f 4937/4937/4937 4917/4917/4917 4936/4936/4936
f 4917/4917/4917 4937/4937/4937 4918/4918/4918
f 4918/4918/4918 4937/4937/4937 4938/4938/4938
f 4938/4938/4938 4921/4921/4921 4918/4918/4918
f 4939/4939/4939 4921/4921/4921 4938/4938/4938
f 4921/4921/4921 4939/4939/4939 4915/4915/4915
f 4940/4940/4940 4915/4915/4915 4939/4939/4939
f 4940/4940/4940 4909/4909/4909 4915/4915/4915
f 4941/4941/4941 4909/4909/4909 4940/4940/4940
f 4909/4909/4909 4941/4941/4941 4904/4904/4904
f 4941/4941/4941 4942/4942/4942 4904/4904/4904
f 4904/4904/4904 4942/4942/4942 4899/4899/4899
f 4903/4903/4903 4899/4899/4899 4942/4942/4942
f 4942/4942/4942 4943/4943/4943 4903/4903/4903
f 4908/4908/4908 4903/4903/4903 4943/4943/4943
f 4944/4944/4944 4942/4942/4942 4941/4941/4941
f 4944/4944/4944 4943/4943/4943 4942/4942/4942
f 4940/4940/4940 4945/4945/4945 4941/4941/4941
f 4941/4941/4941 4945/4945/4945 4944/4944/4944
f 4939/4939/4939 4946/4946/4946 4940/4940/4940
f 4940/4940/4940 4946/4946/4946 4945/4945/4945
f 4938/4938/4938 4947/4947/4947 4939/4939/4939
f 4939/4939/4939 4947/4947/4947 4946/4946/4946
f 4943/4943/4943 4948/4948/4948 4908/4908/4908
f 4949/4949/4949 4943/4943/4943 4944/4944/4944
f 4948/4948/4948 4943/4943/4943 4949/4949/4949
f 4945/4945/4945 4950/4950/4950 4944/4944/4944
f 4944/4944/4944 4950/4950/4950 4949/4949/4949
f 4945/4945/4945 4946/4946/4946 4951/4951/4951
f 4950/4950/4950 4945/4945/4945 4951/4951/4951
f 4947/4947/4947 4952/4952/4952 4946/4946/4946
f 4951/4951/4951 4946/4946/4946 4952/4952/4952
f 4953/4953/4953 4947/4947/4947 4938/4938/4938
f 4952/4952/4952 4947/4947/4947 4953/4953/4953
f 4954/4954/4954 4908/4908/4908 4948/4948/4948
f 4908/4908/4908 4954/4954/4954 4775/4775/4775
f 4764/4764/4764 4775/4775/4775 4954/4954/4954
f 4954/4954/4954 4955/4955/4955 4764/4764/4764
f 4764/4764/4764 4955/4955/4955 4749/4749/4749
f 4948/4948/4948 4956/4956/4956 4954/4954/4954
f 4956/4956/4956 4955/4955/4955 4954/4954/4954
f 4955/4955/4955 4957/4957/4957 4749/4749/4749
f 4749/4749/4749 4957/4957/4957 4748/4748/4748
f 4957/4957/4957 4955/4955/4955 4958/4958/4958
f 4956/4956/4956 4958/4958/4958 4955/4955/4955
f 4959/4959/4959 4956/4956/4956 4948/4948/4948
f 4949/4949/4949 4959/4959/4959 4948/4948/4948
f 4957/4957/4957 4960/4960/4960 4748/4748/4748
f 4958/4958/4958 4960/4960/4960 4957/4957/4957
f 4958/4958/4958 4956/4956/4956 4961/4961/4961
f 4959/4959/4959 4961/4961/4961 4956/4956/4956
f 4949/4949/4949 4962/4962/4962 4959/4959/4959
f 4950/4950/4950 4962/4962/4962 4949/4949/4949
f 4748/4748/4748 4960/4960/4960 4963/4963/4963
f 4748/4748/4748 4963/4963/4963 4747/4747/4747
f 4958/4958/4958 4964/4964/4964 4960/4960/4960
f 4961/4961/4961 4964/4964/4964 4958/4958/4958
f 4964/4964/4964 4965/4965/4965 4960/4960/4960
f 4963/4963/4963 4960/4960/4960 4965/4965/4965
f 4966/4966/4966 4747/4747/4747 4963/4963/4963
f 4747/4747/4747 4966/4966/4966 4746/4746/4746
f 4959/4959/4959 4962/4962/4962 4967/4967/4967
f 4961/4961/4961 4959/4959/4959 4967/4967/4967
f 4962/4962/4962 4950/4950/4950 4968/4968/4968
f 4951/4951/4951 4968/4968/4968 4950/4950/4950
f 4964/4964/4964 4961/4961/4961 4969/4969/4969
f 4965/4965/4965 4964/4964/4964 4969/4969/4969
f 4965/4965/4965 4970/4970/4970 4963/4963/4963
f 4963/4963/4963 4970/4970/4970 4966/4966/4966
f 4971/4971/4971 4746/4746/4746 4966/4966/4966
f 2062/2062/2062 4746/4746/4746 4971/4971/4971
f 4967/4967/4967 4962/4962/4962 4972/4972/4972
f 4968/4968/4968 4972/4972/4972 4962/4962/4962
f 4968/4968/4968 4951/4951/4951 4973/4973/4973
f 4952/4952/4952 4973/4973/4973 4951/4951/4951
f 4969/4969/4969 4974/4974/4974 4965/4965/4965
f 4965/4965/4965 4974/4974/4974 4970/4970/4970
f 4970/4970/4970 4975/4975/4975 4966/4966/4966
f 4966/4966/4966 4975/4975/4975 4971/4971/4971
f 4976/4976/4976 2062/2062/2062 4971/4971/4971
f 2062/2062/2062 4976/4976/4976 2061/2061/2061
f 4972/4972/4972 4968/4968/4968 4977/4977/4977
f 4973/4973/4973 4977/4977/4977 4968/4968/4968
f 4973/4973/4973 4952/4952/4952 4978/4978/4978
f 4953/4953/4953 4978/4978/4978 4952/4952/4952
f 4973/4973/4973 4979/4979/4979 4977/4977/4977
f 4973/4973/4973 4978/4978/4978 4979/4979/4979
f 4977/4977/4977 4980/4980/4980 4972/4972/4972
f 4977/4977/4977 4979/4979/4979 4980/4980/4980
f 4970/4970/4970 4981/4981/4981 4975/4975/4975
f 4970/4970/4970 4974/4974/4974 4981/4981/4981
f 4982/4982/4982 4972/4972/4972 4980/4980/4980
f 4972/4972/4972 4982/4982/4982 4967/4967/4967
f 4967/4967/4967 4982/4982/4982 4983/4983/4983
f 4967/4967/4967 4983/4983/4983 4961/4961/4961
f 4969/4969/4969 4961/4961/4961 4983/4983/4983
f 4974/4974/4974 4969/4969/4969 4984/4984/4984
f 4983/4983/4983 4984/4984/4984 4969/4969/4969
f 4981/4981/4981 4974/4974/4974 4985/4985/4985
f 4984/4984/4984 4985/4985/4985 4974/4974/4974
f 4975/4975/4975 4981/4981/4981 4986/4986/4986
f 4985/4985/4985 4986/4986/4986 4981/4981/4981
f 4983/4983/4983 4982/4982/4982 4987/4987/4987
f 4984/4984/4984 4983/4983/4983 4987/4987/4987
f 4980/4980/4980 4988/4988/4988 4982/4982/4982
f 4987/4987/4987 4982/4982/4982 4988/4988/4988
f 4985/4985/4985 4984/4984/4984 4989/4989/4989
f 4989/4989/4989 4984/4984/4984 4987/4987/4987
f 4975/4975/4975 4986/4986/4986 4990/4990/4990
f 4971/4971/4971 4975/4975/4975 4990/4990/4990
f 4990/4990/4990 4976/4976/4976 4971/4971/4971
f 4986/4986/4986 4985/4985/4985 4991/4991/4991
f 4989/4989/4989 4991/4991/4991 4985/4985/4985
f 4989/4989/4989 4987/4987/4987 4992/4992/4992
f 4988/4988/4988 4992/4992/4992 4987/4987/4987
f 4980/4980/4980 4993/4993/4993 4988/4988/4988
f 4979/4979/4979 4993/4993/4993 4980/4980/4980
f 4990/4990/4990 4986/4986/4986 4994/4994/4994
f 4994/4994/4994 4986/4986/4986 4991/4991/4991
f 4990/4990/4990 4995/4995/4995 4976/4976/4976
f 4994/4994/4994 4995/4995/4995 4990/4990/4990
f 4996/4996/4996 4991/4991/4991 4989/4989/4989
f 4992/4992/4992 4996/4996/4996 4989/4989/4989
f 4994/4994/4994 4991/4991/4991 4997/4997/4997
f 4997/4997/4997 4991/4991/4991 4996/4996/4996
f 4998/4998/4998 4997/4997/4997 4996/4996/4996
f 4997/4997/4997 4999/4999/4999 4994/4994/4994
f 4999/4999/4999 4995/4995/4995 4994/4994/4994
f 4999/4999/4999 4997/4997/4997 4998/4998/4998
f 4976/4976/4976 4995/4995/4995 5000/5000/5000
f 2061/2061/2061 4976/4976/4976 5000/5000/5000
f 5001/5001/5001 4995/4995/4995 4999/4999/4999
f 5000/5000/5000 4995/4995/4995 5001/5001/5001
f 5000/5000/5000 5002/5002/5002 2061/2061/2061
f 2063/2063/2063 2061/2061/2061 5002/5002/5002
f 5003/5003/5003 4996/4996/4996 4992/4992/4992
f 4996/4996/4996 5003/5003/5003 4998/4998/4998
f 4998/4998/4998 5004/5004/5004 4999/4999/4999
f 5001/5001/5001 4999/4999/4999 5004/5004/5004
f 5001/5001/5001 5005/5005/5005 5000/5000/5000
f 5005/5005/5005 5002/5002/5002 5000/5000/5000
f 5006/5006/5006 2063/2063/2063 5002/5002/5002
f 2050/2050/2050 2063/2063/2063 5006/5006/5006
f 5004/5004/5004 5007/5007/5007 5001/5001/5001
f 5005/5005/5005 5001/5001/5001 5007/5007/5007
f 5008/5008/5008 5002/5002/5002 5005/5005/5005
f 5002/5002/5002 5008/5008/5008 5006/5006/5006
f 5009/5009/5009 5008/5008/5008 5005/5005/5005
f 5009/5009/5009 5005/5005/5005 5007/5007/5007
f 5006/5006/5006 5008/5008/5008 5010/5010/5010
f 5008/5008/5008 5009/5009/5009 5010/5010/5010
f 5006/5006/5006 5011/5011/5011 2050/2050/2050
f 5010/5010/5010 5011/5011/5011 5006/5006/5006
f 5010/5010/5010 5009/5009/5009 5012/5012/5012
f 5012/5012/5012 5009/5009/5009 5007/5007/5007
f 2050/2050/2050 5011/5011/5011 5013/5013/5013
f 5013/5013/5013 2046/2046/2046 2050/2050/2050
f 5014/5014/5014 5011/5011/5011 5010/5010/5010
f 5012/5012/5012 5014/5014/5014 5010/5010/5010
f 5011/5011/5011 5014/5014/5014 5013/5013/5013
f 5015/5015/5015 2046/2046/2046 5013/5013/5013
f 2046/2046/2046 5015/5015/5015 2045/2045/2045
f 2045/2045/2045 5015/5015/5015 5016/5016/5016
f 5016/5016/5016 2044/2044/2044 2045/2045/2045
f 5015/5015/5015 5013/5013/5013 5017/5017/5017
f 5017/5017/5017 5016/5016/5016 5015/5015/5015
f 2044/2044/2044 5016/5016/5016 5018/5018/5018
f 5017/5017/5017 5018/5018/5018 5016/5016/5016
f 5018/5018/5018 2043/2043/2043 2044/2044/2044
f 5013/5013/5013 5014/5014/5014 5019/5019/5019
f 5013/5013/5013 5019/5019/5019 5017/5017/5017
f 5014/5014/5014 5012/5012/5012 5020/5020/5020
f 5020/5020/5020 5019/5019/5019 5014/5014/5014
f 2043/2043/2043 5018/5018/5018 5021/5021/5021
f 5021/5021/5021 2047/2047/2047 2043/2043/2043
f 5017/5017/5017 5022/5022/5022 5018/5018/5018
f 5021/5021/5021 5018/5018/5018 5022/5022/5022
f 2047/2047/2047 5021/5021/5021 5023/5023/5023
f 5022/5022/5022 5023/5023/5023 5021/5021/5021
f 5023/5023/5023 2048/2048/2048 2047/2047/2047
f 5017/5017/5017 5019/5019/5019 5024/5024/5024
f 5024/5024/5024 5022/5022/5022 5017/5017/5017
f 5023/5023/5023 5025/5025/5025 2048/2048/2048
f 5022/5022/5022 5025/5025/5025 5023/5023/5023
f 2048/2048/2048 5025/5025/5025 5026/5026/5026
f 5026/5026/5026 4928/4928/4928 2048/2048/2048
f 5025/5025/5025 5022/5022/5022 5027/5027/5027
f 5026/5026/5026 5025/5025/5025 5027/5027/5027
f 5027/5027/5027 5022/5022/5022 5024/5024/5024
f 4928/4928/4928 5026/5026/5026 5028/5028/5028
f 5028/5028/5028 5026/5026/5026 5027/5027/5027
f 5028/5028/5028 4929/4929/4929 4928/4928/4928
f 5029/5029/5029 5024/5024/5024 5019/5019/5019
f 5019/5019/5019 5020/5020/5020 5029/5029/5029
f 5030/5030/5030 5027/5027/5027 5024/5024/5024
f 5024/5024/5024 5029/5029/5029 5030/5030/5030
f 5027/5027/5027 5031/5031/5031 5028/5028/5028
f 5030/5030/5030 5031/5031/5031 5027/5027/5027
f 5032/5032/5032 4929/4929/4929 5028/5028/5028
f 4929/4929/4929 5032/5032/5032 4930/4930/4930
f 5033/5033/5033 5028/5028/5028 5031/5031/5031
f 5028/5028/5028 5033/5033/5033 5032/5032/5032
f 5034/5034/5034 4930/4930/4930 5032/5032/5032
f 4931/4931/4931 4930/4930/4930 5034/5034/5034
f 5032/5032/5032 5033/5033/5033 5035/5035/5035
f 5035/5035/5035 5034/5034/5034 5032/5032/5032
f 5036/5036/5036 4931/4931/4931 5034/5034/5034
f 4931/4931/4931 5036/5036/5036 4932/4932/4932
f 5037/5037/5037 5033/5033/5033 5031/5031/5031
f 5035/5035/5035 5033/5033/5033 5037/5037/5037
f 5034/5034/5034 5038/5038/5038 5036/5036/5036
f 5038/5038/5038 5034/5034/5034 5035/5035/5035
f 4932/4932/4932 5036/5036/5036 5039/5039/5039
f 5039/5039/5039 4935/4935/4935 4932/4932/4932
f 5040/5040/5040 5036/5036/5036 5038/5038/5038
f 5039/5039/5039 5036/5036/5036 5040/5040/5040
f 5041/5041/5041 4935/4935/4935 5039/5039/5039
f 4935/4935/4935 5041/5041/5041 4934/4934/4934
f 5039/5039/5039 5042/5042/5042 5041/5041/5041
f 5042/5042/5042 5039/5039/5039 5040/5040/5040
f 5043/5043/5043 4934/4934/4934 5041/5041/5041
f 5042/5042/5042 5043/5043/5043 5041/5041/5041
f 5043/5043/5043 4936/4936/4936 4934/4934/4934
f 4936/4936/4936 5043/5043/5043 5044/5044/5044
f 5044/5044/5044 4937/4937/4937 4936/4936/4936
f 5044/5044/5044 5045/5045/5045 4937/4937/4937
f 5045/5045/5045 4938/4938/4938 4937/4937/4937
f 4938/4938/4938 5045/5045/5045 4953/4953/4953
f 5045/5045/5045 5046/5046/5046 4953/4953/4953
f 4953/4953/4953 5046/5046/5046 4978/4978/4978
f 5047/5047/5047 5045/5045/5045 5044/5044/5044
f 5047/5047/5047 5046/5046/5046 5045/5045/5045
f 5043/5043/5043 5048/5048/5048 5044/5044/5044
f 5044/5044/5044 5048/5048/5048 5047/5047/5047
f 5049/5049/5049 5043/5043/5043 5042/5042/5042
f 5048/5048/5048 5043/5043/5043 5049/5049/5049
f 5049/5049/5049 5042/5042/5042 5050/5050/5050
f 5050/5050/5050 5048/5048/5048 5049/5049/5049
f 5040/5040/5040 5050/5050/5050 5042/5042/5042
f 5046/5046/5046 5051/5051/5051 4978/4978/4978
f 4978/4978/4978 5051/5051/5051 4979/4979/4979
f 5052/5052/5052 5046/5046/5046 5047/5047/5047
f 5051/5051/5051 5046/5046/5046 5052/5052/5052
f 5053/5053/5053 5047/5047/5047 5048/5048/5048
f 5048/5048/5048 5050/5050/5050 5053/5053/5053
f 5047/5047/5047 5053/5053/5053 5052/5052/5052
f 5050/5050/5050 5040/5040/5040 5054/5054/5054
f 5054/5054/5054 5053/5053/5053 5050/5050/5050
f 5052/5052/5052 5053/5053/5053 5054/5054/5054
f 5054/5054/5054 5040/5040/5040 5038/5038/5038
f 5051/5051/5051 5055/5055/5055 4979/4979/4979
f 5055/5055/5055 4993/4993/4993 4979/4979/4979
f 5052/5052/5052 5056/5056/5056 5051/5051/5051
f 5055/5055/5055 5051/5051/5051 5056/5056/5056
f 5054/5054/5054 5057/5057/5057 5052/5052/5052
f 5057/5057/5057 5056/5056/5056 5052/5052/5052
f 5038/5038/5038 5058/5058/5058 5054/5054/5054
f 5057/5057/5057 5054/5054/5054 5058/5058/5058
f 5035/5035/5035 5058/5058/5058 5038/5038/5038
f 4993/4993/4993 5055/5055/5055 5059/5059/5059
f 5056/5056/5056 5059/5059/5059 5055/5055/5055
f 5058/5058/5058 5035/5035/5035 5060/5060/5060
f 5037/5037/5037 5060/5060/5060 5035/5035/5035
f 5060/5060/5060 5061/5061/5061 5058/5058/5058
f 5061/5061/5061 5057/5057/5057 5058/5058/5058
f 5056/5056/5056 5057/5057/5057 5062/5062/5062
f 5062/5062/5062 5059/5059/5059 5056/5056/5056
f 5059/5059/5059 5063/5063/5063 4993/4993/4993
f 4993/4993/4993 5063/5063/5063 4988/4988/4988
f 4992/4992/4992 4988/4988/4988 5063/5063/5063
f 5064/5064/5064 5060/5060/5060 5037/5037/5037
f 5061/5061/5061 5060/5060/5060 5064/5064/5064
f 5065/5065/5065 5057/5057/5057 5061/5061/5061
f 5057/5057/5057 5065/5065/5065 5062/5062/5062
f 5064/5064/5064 5065/5065/5065 5061/5061/5061
f 5066/5066/5066 5059/5059/5059 5062/5062/5062
f 5063/5063/5063 5059/5059/5059 5066/5066/5066
f 5066/5066/5066 5062/5062/5062 5065/5065/5065
f 5063/5063/5063 5067/5067/5067 4992/4992/4992
f 5066/5066/5066 5067/5067/5067 5063/5063/5063
f 4992/4992/4992 5067/5067/5067 5003/5003/5003
f 5065/5065/5065 5068/5068/5068 5066/5066/5066
f 5067/5067/5067 5066/5066/5066 5068/5068/5068
f 5068/5068/5068 5003/5003/5003 5067/5067/5067
f 5065/5065/5065 5064/5064/5064 5068/5068/5068
f 4998/4998/4998 5003/5003/5003 5068/5068/5068
f 5037/5037/5037 5069/5069/5069 5064/5064/5064
f 5037/5037/5037 5031/5031/5031 5069/5069/5069
f 5064/5064/5064 5070/5070/5070 5068/5068/5068
f 4998/4998/4998 5068/5068/5068 5070/5070/5070
f 5070/5070/5070 5064/5064/5064 5069/5069/5069
f 5071/5071/5071 4998/4998/4998 5070/5070/5070
f 5004/5004/5004 4998/4998/4998 5071/5071/5071
f 5031/5031/5031 5072/5072/5072 5069/5069/5069
f 5031/5031/5031 5030/5030/5030 5072/5072/5072
f 5073/5073/5073 5072/5072/5072 5030/5030/5030
f 5069/5069/5069 5072/5072/5072 5073/5073/5073
f 5073/5073/5073 5030/5030/5030 5029/5029/5029
f 5069/5069/5069 5074/5074/5074 5070/5070/5070
f 5073/5073/5073 5074/5074/5074 5069/5069/5069
f 5070/5070/5070 5074/5074/5074 5071/5071/5071
f 5073/5073/5073 5075/5075/5075 5074/5074/5074
f 5029/5029/5029 5075/5075/5075 5073/5073/5073
f 5074/5074/5074 5075/5075/5075 5071/5071/5071
f 5076/5076/5076 5004/5004/5004 5071/5071/5071
f 5071/5071/5071 5075/5075/5075 5076/5076/5076
f 5076/5076/5076 5075/5075/5075 5029/5029/5029
f 5007/5007/5007 5004/5004/5004 5076/5076/5076
f 5029/5029/5029 5020/5020/5020 5076/5076/5076
f 5076/5076/5076 5077/5077/5077 5007/5007/5007
f 5077/5077/5077 5076/5076/5076 5020/5020/5020
f 5007/5007/5007 5077/5077/5077 5012/5012/5012
f 5020/5020/5020 5012/5012/5012 5077/5077/5077
