Offset;Input Attributes: Layout 7 (Per vertex).TEXCOORD3[0];Input Attributes: Layout 7 (Per vertex).TEXCOORD3[1]
0;0.05465299;0.9659613
8;0.05467594;0.9658887
16;0.05453879;0.9658629
24;0.05451655;0.965934
32;0.05440098;0.9658376
40;0.05462724;0.9660456
48;0.05438125;0.9659117
56;0.05447912;0.9660146
64;0.05424893;0.9658853
72;0.05427104;0.9658089
80;0.05445951;0.9660932
88;0.05429119;0.9660493
96;0.05460733;0.9661242
104;0.05457336;0.9662625
112;0.05442846;0.966229
120;0.0542773;0.9661993
128;0.05410808;0.9661722
136;0.05435133;0.9659874
144;0.0542286;0.9659584
152;0.05409098;0.9659947
160;0.05391568;0.9661464
168;0.05411148;0.9659251
176;0.05388367;0.9659365
184;0.05369359;0.9661142
192;0.05412781;0.9658539
200;0.05414724;0.9657834
208;0.0540002;0.9658949
216;0.05401629;0.9658211
224;0.05403239;0.9657603
232;0.0538972;0.9658669
240;0.05391324;0.9657936
248;0.05392504;0.9657338
256;0.05380183;0.9658366
264;0.05381542;0.965768
272;0.05382615;0.9657108
280;0.05371618;0.9658883
288;0.05355239;0.965848
296;0.05347443;0.9660948
304;0.05327386;0.9661106
312;0.05373532;0.9657454
320;0.05374187;0.9656938
328;0.05366635;0.9656792
336;0.05372369;0.9658109
344;0.05364537;0.965786
352;0.0536589;0.9657238
360;0.0536015;0.9656655
368;0.0535875;0.9657035
376;0.05355817;0.9656562
384;0.05356795;0.9657612
392;0.05351073;0.9656714
400;0.05352658;0.9656478
408;0.05341971;0.9657104
416;0.0534963;0.9656488
424;0.05341333;0.9658377
432;0.05316716;0.9658896
440;0.05322492;0.9660212
448;0.05307215;0.9661362
456;0.05281484;0.9661772
464;0.05273151;0.9658891
472;0.05340403;0.9656513
480;0.05314034;0.9656981
488;0.05270284;0.9656426
496;0.0535391;0.9656265
504;0.0535652;0.9656388
512;0.05312896;0.9655507
520;0.05341339;0.9655741
528;0.05312079;0.9654114
536;0.05267262;0.9653753
544;0.05289459;0.9653266
552;0.05316085;0.9652552
560;0.0536164;0.9655909
568;0.05361152;0.9656194
576;0.05358738;0.9655139
584;0.05333656;0.9654139
592;0.05358988;0.9653473
600;0.0533694;0.965167
608;0.05366772;0.9655627
616;0.05366963;0.9655997
624;0.05366057;0.9654853
632;0.05373842;0.9655331
640;0.05374116;0.9655768
648;0.05377978;0.9652637
656;0.05354714;0.9650667
664;0.05373949;0.9654559
672;0.05382848;0.9655033
680;0.05382931;0.9655531
688;0.05383092;0.9654159
696;0.05392396;0.9654691
704;0.0539307;0.9655257
712;0.05395138;0.9651596
720;0.05370921;0.9649527
728;0.05391496;0.9653721
736;0.05402797;0.965418
744;0.05404699;0.9654855
752;0.05410856;0.9650482
760;0.05385578;0.964834
768;0.05400378;0.9653211
776;0.05409348;0.9652683
784;0.05413812;0.9653605
792;0.05417049;0.9654343
800;0.05419022;0.9651997
808;0.0542478;0.9652859
816;0.05429399;0.9653592
824;0.0542556;0.9649121
832;0.05399066;0.9647203
840;0.0542888;0.9651206
848;0.05435342;0.9652001
856;0.05441225;0.9652662
864;0.0543384;0.9648146
872;0.05411488;0.9646043
880;0.05437177;0.965035
888;0.05446178;0.9649283
896;0.05444205;0.9651044
904;0.0545094;0.9651672
912;0.05453759;0.9649898
920;0.05460846;0.9650421
928;0.03935838;0.9658629
936;0.03922117;0.9658887
944;0.03924417;0.9659613
952;0.03938055;0.965934
960;0.03926992;0.9660456
968;0.03949606;0.9658376
976;0.03941798;0.9660146
984;0.03951585;0.9659117
992;0.03943765;0.9660932
1000;0.03960598;0.9660493
1008;0.03928983;0.9661242
1016;0.03932369;0.9662625
1024;0.03946865;0.966229
1032;0.0396198;0.9661993
1040;0.03978908;0.9661722
1048;0.03964818;0.9658853
1056;0.039626;0.9658089
1064;0.03954589;0.9659874
1072;0.03966844;0.9659584
1080;0.03980613;0.9659947
1088;0.03998148;0.9661464
1096;0.03976917;0.9658539
1104;0.03974986;0.9657834
1112;0.03978562;0.9659251
1120;0.04001343;0.9659365
1128;0.04020345;0.9661142
1136;0.03989697;0.9658949
1144;0.03988075;0.9658211
1152;0.03986466;0.9657603
1160;0.03999984;0.9658669
1168;0.03998387;0.9657936
1176;0.03997207;0.9657338
1184;0.04009521;0.9658366
1192;0.04008174;0.965768
1200;0.04007089;0.9657108
1208;0.04018104;0.9658883
1216;0.04034472;0.965848
1224;0.04042268;0.9660948
1232;0.04062319;0.9661106
1240;0.04016173;0.9657454
1248;0.04015517;0.9656938
1256;0.04023075;0.9656792
1264;0.04017341;0.9658109
1272;0.04025185;0.965786
1280;0.04023814;0.9657238
1288;0.04029548;0.9656655
1296;0.04030967;0.9657035
1304;0.04033899;0.9656562
1312;0.0403291;0.9657612
1320;0.04038644;0.9656714
1328;0.04037046;0.9656478
1336;0.0404774;0.9657104
1344;0.04040074;0.9656488
1352;0.04048371;0.9658377
1360;0.04072988;0.9658896
1368;0.04067218;0.9660212
1376;0.04082501;0.9661362
1384;0.04108226;0.9661772
1392;0.04116559;0.9658891
1400;0.04049313;0.9656513
1408;0.0407567;0.9656981
1416;0.0411942;0.9656426
1424;0.04035795;0.9656265
1432;0.04033184;0.9656388
1440;0.04076815;0.9655507
1448;0.04048371;0.9655741
1456;0.04077637;0.9654114
1464;0.04122448;0.9653753
1472;0.04100251;0.9653266
1480;0.04073632;0.9652552
1488;0.0402807;0.9655909
1496;0.04028559;0.9656194
1504;0.04030967;0.9655139
1512;0.04056048;0.9654139
1520;0.04030716;0.9653473
1528;0.0405277;0.965167
1536;0.04022944;0.9655627
1544;0.04022753;0.9655997
1552;0.04023659;0.9654853
1560;0.04015863;0.9655331
1568;0.04015601;0.9655768
1576;0.04011738;0.9652637
1584;0.04034996;0.9650667
1592;0.04015756;0.9654559
1600;0.04006863;0.9655033
1608;0.04006779;0.9655531
1616;0.04006612;0.9654159
1624;0.03997314;0.9654691
1632;0.03996634;0.9655257
1640;0.03994572;0.9651596
1648;0.04018784;0.9649527
1656;0.0399822;0.9653721
1664;0.03986907;0.965418
1672;0.03985012;0.9654855
1680;0.03978848;0.9650482
1688;0.04004133;0.964834
1696;0.03989327;0.9653211
1704;0.03980362;0.9652683
1712;0.03975904;0.9653605
1720;0.03972661;0.9654343
1728;0.03970695;0.9651997
1736;0.03964925;0.9652859
1744;0.03960311;0.9653592
1752;0.0396415;0.9649121
1760;0.03990638;0.9647203
1768;0.03960824;0.9651206
1776;0.03954363;0.9652001
1784;0.03948486;0.9652662
1792;0.03955865;0.9648146
1800;0.03978217;0.9646043
1808;0.03952539;0.965035
1816;0.03943539;0.9649283
1824;0.03945506;0.9651044
1832;0.0393877;0.9651672
1840;0.03935945;0.9649898
1848;0.03928864;0.9650421
1856;0.05726147;0.9659891
1864;0.05821478;0.9659891
1872;0.05821478;0.9647844
1880;0.05736202;0.9648004
1888;0.0564087;0.9658496
1896;0.0574649;0.9636642
1904;0.05821478;0.963623
1912;0.0566442;0.9647261
1920;0.05530447;0.9652314
1928;0.05754608;0.9625691
1936;0.05821478;0.9625759
1944;0.0568499;0.9636573
1952;0.05571771;0.964286
1960;0.05444258;0.964238
1968;0.05763751;0.9613826
1976;0.05821478;0.961346
1984;0.05821478;0.9605824
1992;0.05703402;0.9625359
2000;0.05605114;0.9634047
2008;0.05495447;0.9635813
2016;0.05401051;0.9634309
2024;0.05733234;0.9604475
2032;0.05821478;0.9596381
2040;0.0572089;0.9613414
2048;0.05633628;0.9623741
2056;0.05539137;0.9628526
2064;0.05452186;0.9629791
2072;0.05350071;0.9625622
2080;0.05661565;0.96121
2088;0.0567928;0.960268
2096;0.05570161;0.9620398
2104;0.05603492;0.9609905
2112;0.05497301;0.9623451
2120;0.05412936;0.9621667
2128;0.05534339;0.9616684
2136;0.05749232;0.9592929
2144;0.05759519;0.9579532
2152;0.05821478;0.9583991
2160;0.05694938;0.95903
2168;0.05628753;0.9600497
2176;0.0546667;0.961666
2184;0.05559313;0.9606007
2192;0.05765694;0.956489
2200;0.05821478;0.9569885
2208;0.05508959;0.9612271
2216;0.05489755;0.9607539
2224;0.05426425;0.9612774
2232;0.05767781;0.9552605
2240;0.05821478;0.9557444
2248;0.05355757;0.9616669
2256;0.05765694;0.9540164
2264;0.05821478;0.9545218
2272;0.05760211;0.9529877
2280;0.05821478;0.9533374
2288;0.05769241;0.9517852
2296;0.05821478;0.9520824
2304;0.05821478;0.9505757
2312;0.05712891;0.9528209
2320;0.05716199;0.9537786
2328;0.05762953;0.950425
2336;0.05821478;0.9489092
2344;0.05701226;0.9515496
2352;0.05760092;0.9489595
2360;0.05821478;0.9474506
2368;0.05716258;0.9550043
2376;0.0567013;0.9527271
2384;0.05692196;0.9502524
2392;0.05758035;0.9475889
2400;0.05821478;0.9460629
2408;0.05670589;0.9537102
2416;0.0571357;0.9561884
2424;0.05652988;0.9514354
2432;0.05687279;0.9489286
2440;0.05758381;0.9462538
2448;0.05821478;0.9447026
2456;0.05668795;0.9549369
2464;0.05635381;0.9526448
2472;0.05640185;0.9501482
2480;0.05685109;0.9476244
2488;0.05761236;0.9449678
2496;0.05821478;0.9436716
2504;0.05768436;0.9436716
2512;0.05687165;0.9463258
2520;0.05693907;0.9450159
2528;0.05706483;0.9436716
2536;0.05632412;0.9488634
2544;0.05616641;0.9513417
2552;0.05629212;0.9475901
2560;0.05638814;0.9450135
2568;0.05656421;0.9436716
2576;0.056315;0.9463121
2584;0.0558154;0.9500099
2592;0.05575371;0.945001
2600;0.05587721;0.9436716
2608;0.05571485;0.9487664
2616;0.05567259;0.9475306
2624;0.05568284;0.9462801
2632;0.05492955;0.9449701
2640;0.05492729;0.9436716
2648;0.05492502;0.946223
2656;0.05496383;0.9474346
2664;0.05504847;0.948628
2672;0.05429405;0.944929
2680;0.05437177;0.9436716
2688;0.0543077;0.9461498
2696;0.05438775;0.9473294
2704;0.05370188;0.9448947
2712;0.05381161;0.9436716
2720;0.05370647;0.9460698
2728;0.05308694;0.9448604
2736;0.05327207;0.9436716
2744;0.05517191;0.9498283
2752;0.05452263;0.9484931
2760;0.05379796;0.947206
2768;0.05309606;0.9459966
2776;0.05238962;0.9448101
2784;0.05256337;0.9436716
2792;0.05469865;0.9496453
2800;0.05395108;0.9483239
2808;0.05321723;0.9470849
2816;0.05243081;0.9459349
2824;0.05160087;0.9447324
2832;0.05179977;0.9436716
2840;0.05414081;0.9494121
2848;0.05340016;0.9481434
2856;0.05260909;0.9470277
2864;0.05170608;0.9458686
2872;0.05075043;0.9447187
2880;0.05013317;0.9436716
2888;0.05369043;0.9489778
2896;0.0529086;0.948141
2904;0.05333382;0.9493229
2912;0.0519644;0.9470163
2920;0.05100423;0.9458411
2928;0.05237132;0.9481961
2936;0.05135173;0.9470414
2944;0.05401284;0.9505233
2952;0.05288118;0.9494236
2960;0.05187756;0.9484382
2968;0.05483812;0.9507884
2976;0.05344129;0.9506558
2984;0.05231595;0.9496059
2992;0.05532962;0.9510331
3000;0.05301607;0.9508638
3008;0.05575943;0.9512045
3016;0.05592179;0.9524276
3024;0.0555011;0.9522012
3032;0.05503243;0.9519727
3040;0.05440372;0.9517715
3048;0.0538345;0.9517417
3056;0.05342984;0.95184
3064;0.05593091;0.9533077
3072;0.0555377;0.9530929
3080;0.05517191;0.9530587
3088;0.05463403;0.9527136
3096;0.05412114;0.9525903
3104;0.05369371;0.9525965
3112;0.05636072;0.9537354
3120;0.05528307;0.9542614
3128;0.05481285;0.9539021
3136;0.05433565;0.9534498
3144;0.05562699;0.9542807
3152;0.05596519;0.9544281
3160;0.05628824;0.9550737
3168;0.05385804;0.953234
3176;0.05663961;0.9560684
3184;0.05535847;0.9553225
3192;0.05562288;0.9552205
3200;0.05594265;0.9551592
3208;0.05501962;0.9550943
3216;0.05463493;0.9545386
3224;0.05432278;0.9541073
3232;0.05481207;0.9551051
3240;0.05585039;0.9561476
3248;0.0555678;0.9561431
3256;0.0553174;0.9561738
3264;0.05506641;0.9559369
3272;0.05488849;0.9557543
3280;0.05623555;0.9561009
3288;0.05466461;0.9551799
3296;0.0547508;0.9556703
3304;0.05448508;0.9547241
3312;0.05457121;0.9552629
3320;0.05501288;0.9566835
3328;0.05487555;0.9564231
3336;0.05477446;0.9561846
3344;0.05465168;0.9556746
3352;0.05522954;0.9569659
3360;0.05546343;0.9570656
3368;0.05572402;0.9571975
3376;0.05612868;0.9573268
3384;0.05658478;0.9574297
3392;0.05710942;0.957639
3400;0.056427;0.9587866
3408;0.05598348;0.9585506
3416;0.05585772;0.9597388
3424;0.05557168;0.9582155
3432;0.05546373;0.9592184
3440;0.0551616;0.9598936
3448;0.05530971;0.9579588
3456;0.05521196;0.9588468
3464;0.05494231;0.9594493
3472;0.05469179;0.96026
3480;0.05507684;0.9577472
3488;0.05496824;0.9584996
3496;0.05482209;0.9574434
3504;0.05475783;0.9590323
3512;0.05468833;0.9582432
3520;0.05458009;0.9586197
3528;0.05479854;0.9568948
3536;0.05445892;0.958107
3544;0.05420375;0.9582771
3552;0.05427641;0.9588462
3560;0.05441999;0.9594017
3568;0.05465156;0.9573517
3576;0.05473876;0.9566626
3584;0.05444151;0.9576631
3592;0.05462283;0.9571477
3600;0.05455077;0.9598483
3608;0.05393559;0.9589688
3616;0.05443525;0.9575249
3624;0.05417836;0.9577897
3632;0.05418152;0.9606627
3640;0.05404478;0.9595572
3648;0.05417794;0.9578933
3656;0.05391896;0.9579983
3664;0.05382943;0.9584163
3672;0.05359763;0.9609486
3680;0.05410415;0.9600862
3688;0.05353868;0.9590011
3696;0.05360699;0.9602946
3704;0.05362189;0.9596757
3712;0.05368179;0.958004
3720;0.05392337;0.9578885
3728;0.05339378;0.9582776
3736;0.0530709;0.9604018
3744;0.05313039;0.9596862
3752;0.05310088;0.9589792
3760;0.05302745;0.9583617
3768;0.05301374;0.9610808
3776;0.05294979;0.9617712
3784;0.05285144;0.9625371
3792;0.05310059;0.9638996
3800;0.05242848;0.9635178
3808;0.05250162;0.9649558
3816;0.05190498;0.9643385
3824;0.05116427;0.9658851
3832;0.05069554;0.9650953
3840;0.04947251;0.9661835
3848;0.05124199;0.9634812
3856;0.0518558;0.9626182
3864;0.05216098;0.9616695
3872;0.05228221;0.9610373
3880;0.0492416;0.9654245
3888;0.04804593;0.9661835
3896;0.0511356;0.962254
3904;0.0500772;0.9640751
3912;0.047975;0.9655182
3920;0.04694855;0.9661835
3928;0.05239421;0.960372
3936;0.05150402;0.961446
3944;0.05054212;0.962914
3952;0.0488472;0.9644083
3960;0.04959667;0.963389
3968;0.05000514;0.9624845
3976;0.05251539;0.9596702
3984;0.05167127;0.9608043
3992;0.05052757;0.9619232
4000;0.0525707;0.9589324
4008;0.05086023;0.9612271
4016;0.05255741;0.9583335
4024;0.05190498;0.9595445
4032;0.05177861;0.9602145
4040;0.05205542;0.958892
4048;0.05100006;0.9605766
4056;0.05148721;0.9593212
4064;0.05214703;0.9582701
4072;0.0509848;0.9597663
4080;0.05168766;0.9587557
4088;0.05111521;0.9590256
4096;0.05253094;0.9577387
4104;0.05220222;0.957728
4112;0.05289602;0.9577217
4120;0.05182791;0.9581983
4128;0.05136424;0.9585806
4136;0.05191284;0.9576899
4144;0.0515455;0.9580973
4152;0.05223626;0.9572834
4160;0.05196583;0.9572396
4168;0.05251318;0.9573103
4176;0.05164766;0.9576274
4184;0.05110315;0.9584344
4192;0.051277;0.9580108
4200;0.05087506;0.958813
4208;0.05138516;0.9575542
4216;0.05170172;0.9571816
4224;0.05144966;0.957125
4232;0.0507189;0.9592997
4240;0.05054634;0.959087
4248;0.05202132;0.9568176
4256;0.05174762;0.9567577
4264;0.05147451;0.9566873
4272;0.05034369;0.9594591
4280;0.05021925;0.9591875
4288;0.0504601;0.9599022
4296;0.05227494;0.9568616
4304;0.05178487;0.9563447
4312;0.05149466;0.9562516
4320;0.05208176;0.9564093
4328;0.04997766;0.9595244
4336;0.04990605;0.9592579
4344;0.05185157;0.9559438
4352;0.05002344;0.9599171
4360;0.04964936;0.9595248
4368;0.04961084;0.9592866
4376;0.05155653;0.9558076
4384;0.05110252;0.9560671
4392;0.04965425;0.9598851
4400;0.04935688;0.95951
4408;0.04933102;0.9592895
4416;0.05115056;0.9555985
4424;0.05074131;0.9558363
4432;0.04933578;0.9598492
4440;0.04907125;0.9594908
4448;0.04905046;0.9592845
4456;0.05070472;0.955354
4464;0.05032289;0.9555597
4472;0.04904187;0.9598103
4480;0.04880059;0.9594676
4488;0.0487872;0.9592633
4496;0.05020863;0.9551047
4504;0.04995513;0.9555501
4512;0.04876828;0.959778
4520;0.04853511;0.9594387
4528;0.04852413;0.9592209
4536;0.04850626;0.9597444
4544;0.04826349;0.9594169
4552;0.0482512;0.9591604
4560;0.047957;0.9594001
4568;0.04793184;0.959091
4576;0.0476097;0.9591127
4584;0.04825264;0.9597248
4592;0.04847813;0.9600935
4600;0.0487293;0.9601266
4608;0.048998;0.9601675
4616;0.04930443;0.9602269
4624;0.04895508;0.9605633
4632;0.04961669;0.9603029
4640;0.04870415;0.9605368
4648;0.0492478;0.9606276
4656;0.04923677;0.9610403
4664;0.04997301;0.9603789
4672;0.04955101;0.9607201
4680;0.04865718;0.9609567
4688;0.04845536;0.96051
4696;0.05046207;0.960483
4704;0.0498454;0.960822
4712;0.05035949;0.9610442
4720;0.04959488;0.9613114
4728;0.05007148;0.9616523
4736;0.049209;0.9617182
4744;0.04961425;0.9621575
4752;0.04923475;0.9628971
4760;0.04888505;0.961333
4768;0.04894322;0.9625325
4776;0.04852176;0.9636932
4784;0.04864466;0.9620205
4792;0.04838878;0.9615254
4800;0.04830194;0.9631955
4808;0.04784125;0.9645181
4816;0.04813278;0.9628
4824;0.04774028;0.9637907
4832;0.04694855;0.9654976
4840;0.0481751;0.9610362
4848;0.04796463;0.9622402
4856;0.04763442;0.9632938
4864;0.04694855;0.9645432
4872;0.04592204;0.9655182
4880;0.04585123;0.9661835
4888;0.04782301;0.9616923
4896;0.04755211;0.9629052
4904;0.04694855;0.9638261
4912;0.04605591;0.9645181
4920;0.04465556;0.9654245
4928;0.04442465;0.9661835
4936;0.04746944;0.9623224
4944;0.04694855;0.9633281
4952;0.04615688;0.9637907
4960;0.04504991;0.9644083
4968;0.04320157;0.9650953
4976;0.04273295;0.9658851
4984;0.04694855;0.9629669
4992;0.04626262;0.9632938
5000;0.04537523;0.9636932
5008;0.0438199;0.9640751
5016;0.04199219;0.9643385
5024;0.04139543;0.9649558
5032;0.04265511;0.9634812
5040;0.04146862;0.9635178
5048;0.04079652;0.9638996
5056;0.04430044;0.963389
5064;0.04559517;0.9631955
5072;0.04104578;0.9625371
5080;0.04039633;0.9625622
5088;0.0420413;0.9626182
5096;0.04335487;0.962914
5104;0.04466236;0.9628971
5112;0.04276145;0.962254
5120;0.04389203;0.9624845
5128;0.04173613;0.9616695
5136;0.04094732;0.9617712
5144;0.04495382;0.9625325
5152;0.04428291;0.9621575
5160;0.04336953;0.9619232
5168;0.04239309;0.961446
5176;0.04161501;0.9610373
5184;0.04576433;0.9628
5192;0.046345;0.9629052
5200;0.04382563;0.9616523
5208;0.04303682;0.9612271
5216;0.04468799;0.9617182
5224;0.04525244;0.9620205
5232;0.04593253;0.9622402
5240;0.04642761;0.9623224
5248;0.04222572;0.9608043
5256;0.04694855;0.9623548
5264;0.04740012;0.9617609
5272;0.04769611;0.9611288
5280;0.04550827;0.9615254
5288;0.04607415;0.9616923
5296;0.04649699;0.9617609
5304;0.04694855;0.9617952
5312;0.04733258;0.9611631
5320;0.045012;0.961333
5328;0.04466033;0.9610403
5336;0.04523993;0.9609567
5344;0.04572201;0.9610362
5352;0.04620093;0.9611288
5360;0.04656452;0.9611631
5368;0.04694855;0.9611768
5376;0.04430211;0.9613114
5384;0.04353762;0.9610442
5392;0.04405177;0.960822
5400;0.04289711;0.9605766
5408;0.0434351;0.960483
5416;0.04625648;0.9604818
5424;0.04661357;0.9604801
5432;0.04593217;0.9604895
5440;0.04211855;0.9602145
5448;0.04291236;0.9597663
5456;0.04150283;0.960372
5464;0.0408833;0.9610808
5472;0.04033959;0.9616669
5480;0.04594254;0.9600579
5488;0.04570949;0.9604986
5496;0.04544175;0.96051
5504;0.04626167;0.9600595
5512;0.04565859;0.9600715
5520;0.04519308;0.9605368
5528;0.04541898;0.9600935
5536;0.04494214;0.9605633
5544;0.0451678;0.9601266
5552;0.04594016;0.9597165
5560;0.04626191;0.9597135
5568;0.0456444;0.9597248
5576;0.04662097;0.9600567
5584;0.04662359;0.9597165
5592;0.04694855;0.959717
5600;0.04694843;0.9600614
5608;0.04663241;0.9593866
5616;0.04627049;0.9593945
5624;0.04594016;0.9594001
5632;0.04694855;0.9604796
5640;0.04728353;0.9604801
5648;0.04727614;0.9600567
5656;0.04764068;0.9604818
5664;0.04763544;0.9600595
5672;0.04796493;0.9604895
5680;0.04795444;0.9600579
5688;0.04818761;0.9604986
5696;0.04823858;0.9600715
5704;0.047957;0.9597165
5712;0.04727352;0.9597165
5720;0.0476352;0.9597135
5728;0.04762661;0.9593945
5736;0.0472647;0.9593866
5744;0.04726154;0.9591247
5752;0.04694855;0.959383
5760;0.04694849;0.9591216
5768;0.04724997;0.9588813
5776;0.04663557;0.9591247
5784;0.04627739;0.9591482
5792;0.04593164;0.9591436
5800;0.04664713;0.9588813
5808;0.04561023;0.9591737
5816;0.04694849;0.9588794
5824;0.04723448;0.9586681
5832;0.04666269;0.9586681
5840;0.04563355;0.9594169
5848;0.04532097;0.9592138
5856;0.04694855;0.9586617
5864;0.04721475;0.958509
5872;0.04668236;0.958509
5880;0.04694855;0.9585031
5888;0.04718733;0.9583428
5896;0.04670978;0.9583428
5904;0.04694855;0.9583377
5912;0.04715669;0.9581685
5920;0.04674041;0.9581685
5928;0.04694855;0.9581647
5936;0.04712963;0.9580077
5944;0.04676747;0.9580077
5952;0.04694855;0.9580045
5960;0.04710537;0.9578466
5968;0.04679173;0.9578466
5976;0.04694855;0.957844
5984;0.04708755;0.9576884
5992;0.04680955;0.9576884
6000;0.04694855;0.9576892
6008;0.04707402;0.9575085
6016;0.04682314;0.9575085
6024;0.04694855;0.9575089
6032;0.04694855;0.9573282
6040;0.04706907;0.9573287
6048;0.04682803;0.9573287
6056;0.04694849;0.9571524
6064;0.04707873;0.9571479
6072;0.04719383;0.957309
6080;0.04681838;0.9571479
6088;0.04670328;0.957309
6096;0.04720867;0.9571223
6104;0.04732811;0.9572762
6112;0.04733682;0.9570808
6120;0.04694855;0.9569931
6128;0.04668844;0.9571223
6136;0.04656899;0.9572762
6144;0.04656023;0.9570808
6152;0.04721838;0.9569245
6160;0.04736465;0.9568537
6168;0.04709023;0.9569702
6176;0.04680681;0.9569702
6184;0.04667872;0.9569245
6192;0.04653239;0.9568537
6200;0.04694855;0.9568308
6208;0.04709482;0.9567965
6216;0.04722512;0.9567279
6224;0.04680228;0.9567965
6232;0.04667199;0.9567279
6240;0.04694855;0.9566547
6248;0.04736698;0.9566433
6256;0.04752004;0.9567576
6264;0.04708797;0.9566182
6272;0.04680902;0.9566182
6280;0.04653007;0.9566433
6288;0.04637706;0.9567576
6296;0.04722512;0.9565427
6304;0.04750705;0.9564928
6312;0.04769397;0.9564695
6320;0.04694855;0.9564696
6328;0.04667199;0.9565427
6336;0.04638994;0.9564928
6344;0.04620314;0.9564695
6352;0.0473628;0.9564424
6360;0.04765439;0.9563076
6368;0.04785013;0.956279
6376;0.04680681;0.9564375
6384;0.0465343;0.9564424
6392;0.04624271;0.9563076
6400;0.04604697;0.956279
6408;0.04748857;0.9563035
6416;0.04779983;0.9561428
6424;0.04802984;0.9561465
6432;0.0466696;0.9563621
6440;0.04640847;0.9563035
6448;0.04609728;0.9561428
6456;0.0458672;0.9561465
6464;0.04761273;0.9561296
6472;0.04795909;0.9559872
6480;0.04821897;0.9560392
6488;0.04654747;0.9562599
6496;0.04628444;0.9561296
6504;0.04593813;0.9559872
6512;0.04567814;0.9560392
6520;0.04774797;0.9559914
6528;0.04643255;0.9561412
6536;0.04614913;0.9559914
6544;0.04631591;0.9559979
6552;0.04576457;0.9558739
6560;0.04600441;0.9558501
6568;0.04619926;0.9558529
6576;0.04557228;0.9557631
6584;0.04547775;0.9559448
6592;0.04537487;0.9556744
6600;0.04525995;0.9558725
6608;0.0451659;0.9555802
6616;0.04503477;0.9557956
6624;0.04493082;0.9554871
6632;0.04479182;0.9557264
6640;0.04466772;0.9554031
6648;0.0445323;0.9556595
6656;0.04439747;0.955295
6664;0.04424798;0.9556046
6672;0.04409313;0.9551947
6680;0.04394197;0.9555501
6688;0.04368854;0.9551047
6696;0.04357421;0.9555597
6704;0.04319239;0.955354
6712;0.04315579;0.9558363
6720;0.04274654;0.9555985
6728;0.0427947;0.9560671
6736;0.04234064;0.9558076
6744;0.04240239;0.9562516
6752;0.04483616;0.9551984
6760;0.0445869;0.9550705
6768;0.04433548;0.9549057
6776;0.04411483;0.9546893
6784;0.04508078;0.9553083
6792;0.04529572;0.9554112
6800;0.04549956;0.9555041
6808;0.04569149;0.9556078
6816;0.0458554;0.9557267
6824;0.04607964;0.9557361
6832;0.04450917;0.9543663
6840;0.04466915;0.954604
6848;0.0448705;0.9547915
6856;0.04395092;0.9543664
6864;0.04497099;0.9543573
6872;0.04509866;0.9549534
6880;0.04355121;0.9546383
6888;0.04514027;0.9545516
6896;0.04530025;0.9550751
6904;0.04310775;0.9548899
6912;0.04532754;0.9547409
6920;0.04548538;0.95521
6928;0.0455097;0.9549057
6936;0.04565573;0.9553436
6944;0.04565835;0.9550574
6952;0.04580474;0.95547
6960;0.04580104;0.9552031
6968;0.04594445;0.9555981
6976;0.04591417;0.9553388
6984;0.04551339;0.9545746
6992;0.04567778;0.9547559
7000;0.04582179;0.9549028
7008;0.04589367;0.9550982
7016;0.04598081;0.9552652
7024;0.04602623;0.955484
7032;0.04614347;0.9556289
7040;0.04533684;0.9543663
7048;0.04623425;0.9557312
7056;0.04519272;0.954163
7064;0.0463385;0.9558471
7072;0.04481781;0.9541377
7080;0.04645276;0.9559825
7088;0.04437888;0.9540875
7096;0.04656595;0.9560989
7104;0.04385269;0.9540051
7112;0.04667199;0.9561861
7120;0.04345036;0.9542699
7128;0.04680681;0.956257
7136;0.04694855;0.9562889
7144;0.04709023;0.9564375
7152;0.0472275;0.9563621
7160;0.04709023;0.956257
7168;0.04694855;0.9561106
7176;0.04681134;0.9560809
7184;0.04734963;0.9562599
7192;0.04722512;0.9561861
7200;0.0470857;0.9560809
7208;0.04746461;0.9561412
7216;0.04733109;0.9560989
7224;0.0475812;0.9559979
7232;0.04667872;0.9560123
7240;0.04694855;0.9559231
7248;0.04721838;0.9560123
7256;0.04744434;0.9559825
7264;0.04657298;0.9559369
7272;0.04681373;0.9559003
7280;0.04708338;0.9559003
7288;0.04732418;0.9559369
7296;0.04646289;0.9558339
7304;0.04667872;0.9558386
7312;0.04694855;0.9557197
7320;0.04721838;0.9558386
7328;0.0465737;0.9557645
7336;0.04635262;0.955725
7344;0.04681373;0.9557037
7352;0.04708338;0.9557037
7360;0.04647088;0.9556852
7368;0.0462746;0.9556455
7376;0.04636055;0.9555985
7384;0.04619002;0.9555571
7392;0.04622304;0.9554725
7400;0.04608154;0.9554158
7408;0.04648507;0.9555384
7416;0.04636765;0.9554693
7424;0.04611564;0.9553407
7432;0.04623866;0.9553519
7440;0.04658705;0.9555893
7448;0.04669023;0.9556557
7456;0.04638481;0.9553119
7464;0.04649407;0.9553701
7472;0.04626763;0.9552149
7480;0.04660201;0.9554229
7488;0.04680681;0.955514
7496;0.04669023;0.9554751
7504;0.04694855;0.9555162
7512;0.04640722;0.9551444
7520;0.04650831;0.9552057
7528;0.04628861;0.955063
7536;0.04661554;0.955259
7544;0.0464462;0.954985
7552;0.04653281;0.9550475
7560;0.04694855;0.9553356
7568;0.04709023;0.955514
7576;0.04680228;0.955332
7584;0.04670304;0.9553077
7592;0.04720694;0.9556557
7600;0.04732341;0.9557645
7608;0.04743409;0.9558339
7616;0.04755861;0.9558471
7624;0.04769784;0.9558529
7632;0.04789269;0.9558501
7640;0.04813254;0.9558739
7648;0.04832482;0.9557631
7656;0.04841936;0.9559448
7664;0.04852235;0.9556744
7672;0.04863715;0.9558725
7680;0.04873121;0.9555802
7688;0.04886234;0.9557956
7696;0.04896635;0.9554871
7704;0.04910529;0.9557264
7712;0.04922938;0.9554031
7720;0.04936475;0.9556595
7728;0.04949951;0.955295
7736;0.049649;0.9556046
7744;0.04980391;0.9551947
7752;0.04839748;0.9555041
7760;0.04860145;0.9554112
7768;0.04881638;0.9553083
7776;0.049061;0.9551984
7784;0.04931015;0.9550705
7792;0.04956168;0.9549057
7800;0.04978228;0.9546893
7808;0.04820561;0.9556078
7816;0.04804176;0.9557267
7824;0.04781753;0.9557361
7832;0.04766291;0.9557312
7840;0.04754442;0.955725
7848;0.04742622;0.9556852
7856;0.04824138;0.9553436
7864;0.04809237;0.95547
7872;0.04795253;0.9555981
7880;0.04775363;0.9556289
7888;0.0476225;0.9556455
7896;0.04753655;0.9555985
7904;0.0474121;0.9555384
7912;0.04841167;0.95521
7920;0.04731005;0.9555893
7928;0.04859686;0.9550751
7936;0.04879838;0.9549534
7944;0.04902667;0.9547915
7952;0.04922783;0.954604
7960;0.04938787;0.9543663
7968;0.04892612;0.9543573
7976;0.0487569;0.9545516
7984;0.04856962;0.9547409
7992;0.04838735;0.9549057
8000;0.04994619;0.9543664
8008;0.04823875;0.9550574
8016;0.05034578;0.9546383
8024;0.04809606;0.9552031
8032;0.0507893;0.9548899
8040;0.04798287;0.9553388
8048;0.04787087;0.955484
8056;0.04791623;0.9552652
8064;0.04800332;0.9550982
8072;0.04807532;0.9549028
8080;0.04770708;0.9555571
8088;0.0478155;0.9554158
8096;0.04767412;0.9554725
8104;0.04821932;0.9547559
8112;0.04778147;0.9553407
8120;0.04752946;0.9554693
8128;0.04838365;0.9545746
8136;0.0476585;0.9553519
8144;0.04856026;0.9543663
8152;0.04870433;0.954163
8160;0.04907924;0.9541377
8168;0.04951817;0.9540875
8176;0.05004448;0.9540051
8184;0.05044663;0.9542699
8192;0.04838198;0.9541994
8200;0.04852146;0.9540005
8208;0.04822117;0.9544138
8216;0.04809862;0.9546044
8224;0.04807073;0.9542204
8232;0.04798836;0.9547579
8240;0.04798627;0.9544561
8248;0.04795477;0.9550422
8256;0.04830885;0.9537821
8264;0.04813278;0.9539365
8272;0.04844487;0.9536186
8280;0.04790872;0.9540015
8288;0.04863799;0.9537947
8296;0.04855454;0.9534472
8304;0.04785138;0.9543138
8312;0.04780775;0.9544926
8320;0.04770827;0.9540004
8328;0.04768831;0.9542201
8336;0.04756171;0.9539953
8344;0.0488255;0.9539502
8352;0.04919815;0.9538884
8360;0.04894203;0.9537239
8368;0.04962564;0.9537587
8376;0.04792649;0.954631
8384;0.04793989;0.9548047
8392;0.04874086;0.9535776
8400;0.04931056;0.9535851
8408;0.04904246;0.9534754
8416;0.04883462;0.9533809
8424;0.04864371;0.9532861
8432;0.04911566;0.9532496
8440;0.04889637;0.9531843
8448;0.04870892;0.9531329
8456;0.0489375;0.9530083
8464;0.04875118;0.9529866
8472;0.04937762;0.9533291
8480;0.04895127;0.952846
8488;0.04876375;0.9528449
8496;0.04915011;0.9530473
8504;0.04970789;0.9534528
8512;0.04893523;0.9526882
8520;0.04874659;0.9527066
8528;0.04915923;0.9528574
8536;0.04941761;0.9531021
8544;0.05010569;0.953621
8552;0.04888719;0.9525282
8560;0.04869747;0.9525671
8568;0.04913408;0.9526814
8576;0.04941988;0.9528734
8584;0.04974449;0.953166
8592;0.04880494;0.9523612
8600;0.04861516;0.9524276
8608;0.04907012;0.9525007
8616;0.04938561;0.9526632
8624;0.04973769;0.952894
8632;0.050156;0.953282
8640;0.04868835;0.9522012
8648;0.0485009;0.9522949
8656;0.0489741;0.952311
8664;0.04930335;0.9524619
8672;0.0496828;0.9526471
8680;0.04852831;0.9520595
8688;0.0483557;0.9521738
8696;0.0488438;0.9521328
8704;0.04917759;0.9522517
8712;0.04834998;0.9519316
8720;0.04819453;0.952064
8728;0.04866546;0.9519727
8736;0.05011714;0.9529123
8744;0.04957306;0.9524116
8752;0.04816478;0.9518173
8760;0.0480265;0.9519658
8768;0.04901755;0.9520527
8776;0.05002803;0.9526219
8784;0.05068308;0.9527969
8792;0.05067968;0.9534038
8800;0.04797733;0.9517189
8808;0.04786187;0.9518801
8816;0.05056477;0.953855
8824;0.05091184;0.9545137
8832;0.05106592;0.9540988
8840;0.05123967;0.9551413
8848;0.05137455;0.9547482
8856;0.05161691;0.9553516
8864;0.05117005;0.9536182
8872;0.05149591;0.9543549
8880;0.05194229;0.9555322
8888;0.05171752;0.9549562
8896;0.05204052;0.9551431
8904;0.05185008;0.95455
8912;0.05159813;0.9538864
8920;0.051314;0.9531455
8928;0.05223566;0.9556464
8936;0.05234158;0.9552755
8944;0.05214214;0.9560255
8952;0.05232388;0.9564582
8960;0.05238974;0.956081
8968;0.05251455;0.9569061
8976;0.05253577;0.9565152
8984;0.05281353;0.9572904
8992;0.05277574;0.9569376
9000;0.05312133;0.9575668
9008;0.05299765;0.9571816
9016;0.05340356;0.9578599
9024;0.0536626;0.957866
9032;0.05258036;0.956136
9040;0.05276668;0.9565921
9048;0.05293566;0.9567918
9056;0.05247468;0.9557263
9064;0.05257976;0.9553868
9072;0.05346167;0.9577728
9080;0.05332619;0.9576473
9088;0.05318528;0.9574246
9096;0.05348825;0.9576203
9104;0.05307931;0.9571341
9112;0.05334949;0.9575083
9120;0.05324668;0.9573454
9128;0.05273229;0.9554977
9136;0.05264479;0.9558036
9144;0.05278701;0.9558534
9152;0.05278969;0.9562423
9160;0.05291742;0.9564197
9168;0.05302989;0.9568325
9176;0.05315852;0.9571331
9184;0.05301571;0.9565055
9192;0.05338132;0.9573636
9200;0.0533064;0.9572524
9208;0.0534656;0.957428
9216;0.05290043;0.9561626
9224;0.05295432;0.9563106
9232;0.0528698;0.9560413
9240;0.05294371;0.9561162
9248;0.05310214;0.9568686
9256;0.05307811;0.9566025
9264;0.05303276;0.9563431
9272;0.05299205;0.9562126
9280;0.05307478;0.956411
9288;0.05293846;0.9559585
9296;0.05287391;0.955851
9304;0.05298221;0.9560643
9312;0.05317837;0.9569002
9320;0.0531404;0.9566723
9328;0.05310059;0.956437
9336;0.05323446;0.9571021
9344;0.0529027;0.9557124
9352;0.05294454;0.9558238
9360;0.0529741;0.9559348
9368;0.05287093;0.9555861
9376;0.05295753;0.9557248
9384;0.05298263;0.9558125
9392;0.05296057;0.9556257
9400;0.0529989;0.9557191
9408;0.05300313;0.956032
9416;0.05299872;0.9559144
9424;0.05301237;0.9558138
9432;0.05302;0.9561582
9440;0.05306458;0.9562355
9448;0.05309248;0.9562817
9456;0.05312085;0.9563176
9464;0.053137;0.9564888
9472;0.05302465;0.9560018
9480;0.05303127;0.9560945
9488;0.05306637;0.9561308
9496;0.05308735;0.9560401
9504;0.05301809;0.9558959
9512;0.05311459;0.9561456
9520;0.0530718;0.9558513
9528;0.05303782;0.9558054
9536;0.05313474;0.956184
9544;0.05316895;0.9560699
9552;0.05315953;0.9562219
9560;0.05303299;0.9557312
9568;0.05313087;0.9559666
9576;0.05306345;0.9557372
9584;0.05303115;0.9555936
9592;0.05316103;0.9563853
9600;0.0531081;0.9558297
9608;0.05306476;0.9556129
9616;0.05297339;0.9555168
9624;0.05307764;0.9554616
9632;0.05293572;0.9553829
9640;0.05302656;0.9553552
9648;0.0528329;0.9552382
9656;0.05298656;0.9552236
9664;0.05269587;0.9550689
9672;0.05246609;0.9549063
9680;0.05217791;0.9547558
9688;0.05206865;0.9540592
9696;0.051763;0.9535924
9704;0.05305713;0.9551854
9712;0.05295885;0.9551055
9720;0.05292165;0.9548903
9728;0.05281258;0.9547586
9736;0.05260354;0.9545372
9744;0.05235428;0.9542972
9752;0.05312383;0.955305
9760;0.05305111;0.95502
9768;0.05314231;0.9551486
9776;0.05298918;0.9545668
9784;0.05291218;0.954468
9792;0.05305111;0.9548047
9800;0.0531494;0.9549757
9808;0.05275363;0.954215
9816;0.05322838;0.955138
9824;0.05303311;0.9543558
9832;0.05308437;0.9545352
9840;0.05316514;0.9547608
9848;0.05299473;0.9542193
9856;0.05324751;0.9549735
9864;0.05254394;0.9539376
9872;0.05287838;0.9539406
9880;0.05310422;0.9540448
9888;0.05230999;0.9536963
9896;0.05271;0.9536507
9904;0.05311638;0.9542787
9912;0.05328137;0.953877
9920;0.05302596;0.9537251
9928;0.05326909;0.9541771
9936;0.05360979;0.9539897
9944;0.05319947;0.9544935
9952;0.05198151;0.9532874
9960;0.05344802;0.9543224
9968;0.05328113;0.9547788
9976;0.05158424;0.9528159
9984;0.05333984;0.954528
9992;0.05348277;0.9546037
10000;0.05339229;0.9548275
10008;0.05115992;0.9524125
10016;0.05334777;0.9549907
10024;0.05185258;0.9524885
10032;0.05144107;0.9520922
10040;0.05222994;0.9529413
10048;0.05251539;0.9533455
10056;0.05290186;0.9533622
10064;0.05321717;0.953487
10072;0.05209857;0.9520555
10080;0.05247808;0.952521
10088;0.05272943;0.9529432
10096;0.05167037;0.9516746
10104;0.05310529;0.9530419
10112;0.05352741;0.953252
10120;0.05337048;0.9527544
10128;0.05359751;0.9536813
10136;0.05226165;0.9515395
10144;0.05265307;0.9519998
10152;0.05294085;0.952553
10160;0.05315775;0.9521738
10168;0.0528118;0.9514346
10176;0.05233246;0.9509084
10184;0.05394471;0.9538045
10192;0.05237132;0.9503174
10200;0.05181468;0.9505557
10208;0.0542599;0.9543967
10216;0.05179095;0.9500029
10224;0.05179846;0.9511887
10232;0.05125797;0.9502786
10240;0.05147028;0.9492882
10248;0.05126214;0.9508318
10256;0.0512054;0.9497597
10264;0.05107737;0.9481319
10272;0.0511843;0.9513248
10280;0.0507825;0.9500751
10288;0.05093187;0.9490719
10296;0.05066359;0.9470849
10304;0.05100793;0.9517394
10312;0.05076832;0.9505718
10320;0.05071157;0.9495356
10328;0.05056983;0.9481137
10336;0.05020404;0.9460607
10344;0.05047154;0.9489046
10352;0.05024064;0.9493505
10360;0.0500623;0.9473043
10368;0.05022693;0.9482165
10376;0.05027264;0.9498533
10384;0.05005318;0.9487606
10392;0.04975826;0.9491744
10400;0.04984516;0.9450753
10408;0.04938328;0.9464516
10416;0.04930335;0.9443232
10424;0.04906559;0.9454365
10432;0.04820138;0.9440945
10440;0.04845971;0.9436716
10448;0.04694855;0.9440717
10456;0.04694855;0.9436716
10464;0.04543746;0.9436716
10472;0.04569578;0.9440945
10480;0.043764;0.9436716
10488;0.04694855;0.9444786
10496;0.04783338;0.9445243
10504;0.04859006;0.9447918
10512;0.04459393;0.9443232
10520;0.04606378;0.9445243
10528;0.04694855;0.9448421
10536;0.04759562;0.9448901
10544;0.04812592;0.9451027
10552;0.04314673;0.9447187
10560;0.04209733;0.9436716
10568;0.04229617;0.9447324
10576;0.04133368;0.9436716
10584;0.04150748;0.9448101
10592;0.04062498;0.9436716
10600;0.04081011;0.9448604
10608;0.04008555;0.9436716
10616;0.04019523;0.9448947
10624;0.03952539;0.9436716
10632;0.03960299;0.944929
10640;0.03896976;0.9436716
10648;0.03896761;0.9449701
10656;0.03802001;0.9436716
10664;0.0381434;0.945001
10672;0.03733289;0.9436716
10680;0.03750908;0.9450135
10688;0.03683221;0.9436716
10696;0.0369581;0.9450159
10704;0.0362128;0.9436716
10712;0.03628469;0.9449678
10720;0.0356822;0.9436716
10728;0.0356822;0.9447026
10736;0.0363133;0.9462538
10744;0.0356822;0.9460629
10752;0.03702545;0.9463258
10760;0.03758216;0.9463121
10768;0.03821421;0.9462801
10776;0.03897214;0.946223
10784;0.03631675;0.9475889
10792;0.0356822;0.9474506
10800;0.03704596;0.9476244
10808;0.03760493;0.9475901
10816;0.03822446;0.9475306
10824;0.03629613;0.9489595
10832;0.0356822;0.9489092
10840;0.03702426;0.9489286
10848;0.03757286;0.9488634
10856;0.03626764;0.950425
10864;0.0356822;0.9505757
10872;0.03697515;0.9502524
10880;0.0362047;0.9517852
10888;0.0356822;0.9520824
10896;0.0356822;0.9533374
10904;0.03818226;0.9487664
10912;0.03749526;0.9501482
10920;0.0368849;0.9515496
10928;0.03629494;0.9529877
10936;0.0356822;0.9545218
10944;0.0367682;0.9528209
10952;0.0362401;0.9540164
10960;0.0356822;0.9557444
10968;0.03736711;0.9514354
10976;0.03808177;0.9500099
10984;0.0371958;0.9527271
10992;0.03621924;0.9552605
11000;0.0356822;0.9569885
11008;0.03673518;0.9537786
11016;0.03773069;0.9513417
11024;0.0362401;0.956489
11032;0.0356822;0.9583991
11040;0.03754318;0.9526448
11048;0.03673458;0.9550043
11056;0.03719115;0.9537102
11064;0.03630185;0.9579532
11072;0.0356822;0.9596381
11080;0.0367614;0.9561884
11088;0.03720915;0.9549369
11096;0.03753638;0.9537354
11104;0.03797543;0.9524276
11112;0.03796613;0.9533077
11120;0.03813767;0.9512045
11128;0.03760886;0.9550737
11136;0.03725743;0.9560684
11144;0.03793192;0.9544281
11152;0.0383594;0.9530929
11160;0.038396;0.9522012
11168;0.03856742;0.9510331
11176;0.03827012;0.9542807
11184;0.03872526;0.9498283
11192;0.03884864;0.948628
11200;0.03893328;0.9474346
11208;0.03886473;0.9519727
11216;0.03872526;0.9530587
11224;0.03905904;0.9507884
11232;0.0391984;0.9496453
11240;0.03937447;0.9484931
11248;0.03950942;0.9473294
11256;0.03861403;0.9542614
11264;0.03958941;0.9461498
11272;0.04019058;0.9460698
11280;0.04009914;0.947206
11288;0.03994608;0.9483239
11296;0.04080093;0.9459966
11304;0.04067981;0.9470849
11312;0.04146636;0.9459349
11320;0.0397563;0.9494121
11328;0.04049706;0.9481434
11336;0.04128802;0.9470277
11344;0.04219103;0.9458686
11352;0.03988433;0.9505233
11360;0.04020667;0.9489778
11368;0.04056323;0.9493229
11376;0.04098845;0.948141
11384;0.0419327;0.9470163
11392;0.04289293;0.9458411
11400;0.04152572;0.9481961
11408;0.04101598;0.9494236
11416;0.04254544;0.9470414
11424;0.04201961;0.9484382
11432;0.04045582;0.9506558
11440;0.04158115;0.9496059
11448;0.04088104;0.9508638
11456;0.04369307;0.9460607
11464;0.04323351;0.9470849
11472;0.04281974;0.9481319
11480;0.04242682;0.9492882
11488;0.044052;0.9450753
11496;0.04332721;0.9481137
11504;0.04383481;0.9473043
11512;0.0445137;0.9464516
11520;0.04483163;0.9454365
11528;0.04296517;0.9490719
11536;0.04530716;0.9447918
11544;0.04630154;0.9448901
11552;0.04577124;0.9451027
11560;0.04694855;0.9451896
11568;0.04543972;0.9455828
11576;0.04603636;0.9452994
11584;0.04641819;0.9452146
11592;0.04528654;0.9462779
11600;0.04747891;0.9452146
11608;0.04694855;0.9456012
11616;0.04642957;0.9456194
11624;0.04594028;0.9456537
11632;0.04786074;0.9452994
11640;0.04746753;0.9456194
11648;0.04586494;0.9461887
11656;0.04640901;0.9461292
11664;0.04694855;0.9461086
11672;0.04845738;0.9455828
11680;0.04795676;0.9456537
11688;0.04748809;0.9461292
11696;0.04694855;0.9467351
11704;0.0464021;0.9467443
11712;0.04585123;0.9468082
11720;0.04861063;0.9462779
11728;0.04803216;0.9461887
11736;0.04749495;0.9467443
11744;0.04694855;0.9475123
11752;0.04804593;0.9468082
11760;0.0486083;0.9469568
11768;0.04749948;0.9475032
11776;0.04639763;0.9475032
11784;0.04919583;0.947206
11792;0.04805505;0.9475214
11800;0.04694855;0.9481158
11808;0.04978108;0.9476724
11816;0.04860604;0.9476403
11824;0.04752237;0.9481297
11832;0.04914099;0.9478233
11840;0.04965764;0.9480656
11848;0.04812133;0.9481868
11856;0.04870659;0.9483101
11864;0.04997772;0.948333
11872;0.0496394;0.9485662
11880;0.04917526;0.9484268
11888;0.04927355;0.9490006
11896;0.04880035;0.94882
11904;0.0482105;0.9486212
11912;0.04756802;0.9484588
11920;0.04971254;0.9496545
11928;0.04918212;0.9495081
11936;0.04870892;0.9491767
11944;0.05025041;0.9503288
11952;0.04694855;0.94842
11960;0.04815567;0.9489138
11968;0.04970336;0.9501255
11976;0.05071455;0.9510354
11984;0.05021363;0.9507828
11992;0.05059016;0.9514608
12000;0.04637468;0.9481297
12008;0.0507676;0.9520624
12016;0.05043155;0.9523988
12024;0.05040067;0.9518011
12032;0.05013001;0.9511986
12040;0.04971761;0.9505807
12048;0.05015987;0.9521279
12056;0.05000985;0.9515291
12064;0.04988396;0.9523567
12072;0.04985201;0.9518515
12080;0.04969609;0.950979
12088;0.04911351;0.9499334
12096;0.04965997;0.9520962
12104;0.04962403;0.9513309
12112;0.04927129;0.95045
12120;0.04862434;0.9494945
12128;0.04941076;0.9521785
12136;0.04951817;0.9516296
12144;0.04930103;0.9508433
12152;0.04869294;0.9499905
12160;0.04808021;0.9492247
12168;0.04920501;0.9519612
12176;0.04927588;0.9511657
12184;0.04888266;0.950386
12192;0.04836595;0.9496956
12200;0.04756355;0.9487652
12208;0.04894203;0.9507335
12216;0.04841167;0.9501026
12224;0.04694855;0.9487149
12232;0.04694855;0.9490372
12240;0.04753149;0.9490829
12248;0.04794073;0.9495081
12256;0.04632902;0.9484588
12264;0.04853743;0.9503906
12272;0.04813969;0.94989
12280;0.04745615;0.9494144
12288;0.04633349;0.9487652
12296;0.04816478;0.9502169
12304;0.04778528;0.9497527
12312;0.04793388;0.9500911
12320;0.0486083;0.9506763
12328;0.04824936;0.9504387
12336;0.047975;0.950313
12344;0.04894435;0.9510216
12352;0.04920727;0.9514286
12360;0.04939246;0.9518607
12368;0.04911584;0.9516525
12376;0.04890323;0.9512684
12384;0.04862434;0.9509325
12392;0.04829055;0.9506627
12400;0.04797274;0.9504775
12408;0.04896265;0.9517715
12416;0.04884148;0.9514766
12424;0.04861289;0.9511474
12432;0.04832482;0.9508729
12440;0.04881179;0.9518766
12448;0.04871804;0.9516022
12456;0.04857403;0.9513211
12464;0.04859006;0.9517212
12472;0.04798877;0.9506558
12480;0.04833853;0.951049
12488;0.04847574;0.9514561
12496;0.04846656;0.9518309
12504;0.04837054;0.951584
12512;0.04826534;0.9517052
12520;0.0483157;0.9511908
12528;0.04804134;0.9508227
12536;0.04824251;0.9513324
12544;0.04815567;0.9514674
12552;0.04806417;0.9515978
12560;0.04807335;0.9509691
12568;0.04806417;0.9510856
12576;0.0480116;0.9512319
12584;0.04794306;0.9513737
12592;0.0478676;0.9515086
12600;0.0477944;0.9516388
12608;0.04769957;0.9518104
12616;0.04761386;0.9515817
12624;0.04753494;0.9517623
12632;0.04767334;0.9514468
12640;0.04773277;0.9513074
12648;0.04778308;0.9511657
12656;0.04780811;0.9510559
12664;0.04742867;0.9515405
12672;0.04736006;0.9517326
12680;0.04751784;0.9512594
12688;0.04747891;0.9513988
12696;0.04720235;0.9515245
12704;0.04715997;0.9517281
12712;0.04754531;0.9511199
12720;0.04725718;0.9512319
12728;0.0472343;0.9513714
12736;0.04694855;0.9512252
12744;0.04694855;0.9515178
12752;0.04694855;0.9517281
12760;0.04673713;0.9517281
12768;0.04694855;0.9513577
12776;0.04669482;0.9515245
12784;0.04653704;0.9517326
12792;0.0472731;0.9510947
12800;0.04666287;0.9513714
12808;0.04646838;0.9515405
12816;0.04636216;0.9517623
12824;0.04628319;0.9515817
12832;0.04619753;0.9518104
12840;0.04641819;0.9513988
12848;0.04610264;0.9516388
12856;0.04603529;0.9518801
12864;0.04754066;0.9510376
12872;0.04663992;0.9512319
12880;0.04622376;0.9514468
12888;0.04591978;0.9517189
12896;0.04587066;0.9519658
12904;0.04637921;0.9512594
12912;0.04602957;0.9515086
12920;0.04573238;0.9518173
12928;0.04570258;0.952064
12936;0.04616439;0.9513074
12944;0.04583299;0.9515978
12952;0.04554713;0.9519316
12960;0.04554141;0.9521738
12968;0.04595399;0.9513737
12976;0.04611409;0.9511657
12984;0.04635191;0.9511199
12992;0.04563165;0.9517052
13000;0.04574156;0.9514674
13008;0.04588544;0.9512319
13016;0.04536891;0.9520595
13024;0.04539621;0.9522949
13032;0.04662395;0.9510947
13040;0.04608893;0.9510559
13048;0.04520881;0.9522012
13056;0.04528201;0.9524276
13064;0.04694855;0.9510947
13072;0.04635644;0.9510376
13080;0.04509211;0.9523612
13088;0.04519963;0.9525671
13096;0.04726404;0.9510239
13104;0.04663312;0.9510239
13112;0.04500985;0.9525282
13120;0.0451504;0.9527066
13128;0.04694855;0.9510262
13136;0.04694855;0.9509485
13144;0.04725033;0.9509416
13152;0.04664683;0.9509416
13160;0.04752469;0.9509439
13168;0.04637241;0.9509439
13176;0.04496193;0.9526882
13184;0.04513335;0.9528449
13192;0.04721838;0.9508433
13200;0.04780132;0.9509439
13208;0.04667872;0.9508433
13216;0.04747665;0.9508319
13224;0.0477578;0.9508158
13232;0.04771215;0.9506719
13240;0.04743999;0.9506992
13248;0.04772586;0.9504957
13256;0.04694855;0.9508569
13264;0.04719543;0.950722
13272;0.04694855;0.9507359
13280;0.04746526;0.9505141
13288;0.04778755;0.9502991
13296;0.04720694;0.9505278
13304;0.04694855;0.950546
13312;0.04670167;0.950722
13320;0.04753149;0.9502786
13328;0.04764581;0.9500134
13336;0.04724342;0.9502855
13344;0.04694855;0.9502991
13352;0.04737151;0.9497161
13360;0.0473029;0.9499905
13368;0.04694855;0.9493961
13376;0.04694855;0.9499996
13384;0.04694855;0.9497344
13392;0.04669023;0.9505278
13400;0.04665363;0.9502855
13408;0.0465942;0.9499905
13416;0.0465256;0.9497161
13424;0.04644096;0.9494144
13432;0.04636556;0.9490829
13440;0.04645705;0.9506992
13448;0.04643184;0.9505141
13456;0.04636556;0.9502786
13464;0.04625124;0.9500134
13472;0.04611182;0.9497527
13480;0.04595637;0.9495081
13488;0.04581678;0.9492247
13496;0.04642045;0.9508319
13504;0.04609573;0.9509439
13512;0.04613924;0.9508158
13520;0.04583299;0.9510856
13528;0.04574156;0.9489138
13536;0.04618496;0.9506719
13544;0.04582381;0.9509691
13552;0.04565465;0.9513324
13560;0.04617131;0.9504957
13568;0.04585588;0.9508227
13576;0.04558134;0.9511908
13584;0.0455265;0.951584
13592;0.04590833;0.9506558
13600;0.04610956;0.9502991
13608;0.04555845;0.951049
13616;0.04542136;0.9514561
13624;0.04543054;0.9518309
13632;0.04530716;0.9517212
13640;0.04523158;0.9519727
13648;0.04532301;0.9513211
13656;0.04557228;0.9508729
13664;0.04517913;0.9516022
13672;0.04528415;0.9511474
13680;0.04508531;0.9518766
13688;0.04505336;0.9521328
13696;0.04505563;0.9514766
13704;0.04493439;0.9517715
13712;0.04487956;0.9520527
13720;0.04492307;0.952311
13728;0.04471958;0.9522517
13736;0.04469204;0.9519612
13744;0.04478133;0.9516525
13752;0.04499388;0.9512684
13760;0.04482698;0.9525007
13768;0.04459393;0.9524619
13776;0.04476297;0.9526814
13784;0.04527271;0.9509325
13792;0.04451156;0.9526632
13800;0.04560661;0.9506627
13808;0.04592443;0.9504775
13816;0.04473782;0.9528574
13824;0.04447722;0.9528734
13832;0.04494584;0.952846
13840;0.04514599;0.9529866
13848;0.04495955;0.9530083
13856;0.04518819;0.9531329
13864;0.04474699;0.9530473
13872;0.04500067;0.9531843
13880;0.0452534;0.9532861
13888;0.04478133;0.9532496
13896;0.04506242;0.9533809
13904;0.04534256;0.9534472
13912;0.04447961;0.9531021
13920;0.04451942;0.9533291
13928;0.04515612;0.9535776
13936;0.04485464;0.9534754
13944;0.04525912;0.9537947
13952;0.04545224;0.9536186
13960;0.04458654;0.9535851
13968;0.04495502;0.9537239
13976;0.0453757;0.9540005
13984;0.04558825;0.9537821
13992;0.04551518;0.9541994
14000;0.04576433;0.9539365
14008;0.04582632;0.9542204
14016;0.04598832;0.9540015
14024;0.04604566;0.9543138
14032;0.04618883;0.9540004
14040;0.0462088;0.9542201
14048;0.04633534;0.9539953
14056;0.0463599;0.9541932
14064;0.0464806;0.953997
14072;0.0450716;0.9539502
14080;0.04567599;0.9544138
14088;0.04469883;0.9538884
14096;0.04579842;0.9546044
14104;0.04427147;0.9537587
14112;0.04418933;0.9534528
14120;0.04591072;0.9544561
14128;0.04608929;0.9544926
14136;0.04590869;0.9547579
14144;0.04379129;0.953621
14152;0.04415262;0.953166
14160;0.04415953;0.952894
14168;0.04374111;0.953282
14176;0.04333222;0.953855
14184;0.04421425;0.9526471
14192;0.04377985;0.9529123
14200;0.04432404;0.9524116
14208;0.0429852;0.9545137
14216;0.04321742;0.9534038
14224;0.04321408;0.9527969
14232;0.04386914;0.9526219
14240;0.04283118;0.9540988
14248;0.04265749;0.9551413
14256;0.04252255;0.9547482
14264;0.0422802;0.9553516
14272;0.04272711;0.9536182
14280;0.04240119;0.9543549
14288;0.04217958;0.9549562
14296;0.04195476;0.9555322
14304;0.04185665;0.9551431
14312;0.04204702;0.95455
14320;0.04229891;0.9538864
14328;0.04258311;0.9531455
14336;0.04204559;0.9559438
14344;0.04211223;0.9563447
14352;0.04242253;0.9566873
14360;0.04214942;0.9567577
14368;0.04244745;0.957125
14376;0.0418154;0.9564093
14384;0.04219544;0.9571816
14392;0.04251206;0.9575542
14400;0.04187572;0.9568176
14408;0.04224956;0.9576274
14416;0.04261663;0.9580028
14424;0.04193127;0.9572396
14432;0.0423516;0.9580973
14440;0.0427796;0.9584032
14448;0.0419842;0.9576899
14456;0.0425328;0.9585806
14464;0.04299909;0.9587563
14472;0.0420692;0.9581983
14480;0.04166079;0.9572834
14488;0.04169488;0.957728
14496;0.04175007;0.9582701
14504;0.04220939;0.9587557
14512;0.04278183;0.9590256
14520;0.04162216;0.9568616
14528;0.04317832;0.9592997
14536;0.04330881;0.9589688
14544;0.04355335;0.9594591
14552;0.04364232;0.9591043
14560;0.04391944;0.9595244
14568;0.04395957;0.9592008
14576;0.04424775;0.9595248
14584;0.04425514;0.9592455
14592;0.04454017;0.95951
14600;0.04453239;0.9592592
14608;0.04482591;0.9594908
14616;0.0448098;0.9592642
14624;0.04509652;0.9594676
14632;0.0450675;0.9592505
14640;0.04536188;0.9594387
14648;0.04539084;0.9597444
14656;0.04512882;0.959778
14664;0.04485524;0.9598103
14672;0.04456127;0.9598492
14680;0.04489923;0.9601675
14688;0.04424286;0.9598851
14696;0.04459262;0.9602269
14704;0.04387367;0.9599171
14712;0.04464936;0.9606276
14720;0.04428041;0.9603029
14728;0.04434609;0.9607201
14736;0.04392409;0.9603789
14744;0.043437;0.9599022
14752;0.0424099;0.9593212
14760;0.04184175;0.958892
14768;0.04199219;0.9595445
14776;0.04138172;0.9596702
14784;0.04132652;0.9589324
14792;0.0408262;0.9604018
14800;0.04133976;0.9583335
14808;0.04076684;0.9596862
14816;0.04029942;0.9609486
14824;0.04136622;0.9577387
14832;0.04079628;0.9589792
14840;0.04029012;0.9602946
14848;0.04138398;0.9573103
14856;0.04086971;0.9583617
14864;0.04027522;0.9596757
14872;0.04100108;0.9577217
14880;0.04035842;0.9590011
14888;0.04050326;0.9582776
14896;0.03971553;0.9606627
14904;0.03979301;0.9600862
14912;0.03985226;0.9595572
14920;0.0396328;0.9612774
14928;0.03934622;0.9598483
14936;0.03976774;0.9621667
14944;0.03920543;0.96026
14952;0.03937519;0.9629791
14960;0.03988659;0.9634309
14968;0.03894258;0.9635813
14976;0.03945446;0.964238
14984;0.0381794;0.964286
14992;0.03859258;0.9652314
15000;0.03850567;0.9628526
15008;0.0389241;0.9623451
15016;0.03923047;0.961666
15024;0.0372529;0.9647261
15032;0.03748846;0.9658496
15040;0.03784597;0.9634047
15048;0.03819549;0.9620398
15056;0.03653502;0.9648004
15064;0.03663564;0.9659891
15072;0.03704715;0.9636573
15080;0.0356822;0.9647844
15088;0.0356822;0.9659891
15096;0.03643227;0.9636642
15104;0.0356822;0.963623
15112;0.03756082;0.9623741
15120;0.03855371;0.9616684
15128;0.03635097;0.9625691
15136;0.0356822;0.9625759
15144;0.03686309;0.9625359
15152;0.03786218;0.9609905
15160;0.03625965;0.9613826
15168;0.0356822;0.961346
15176;0.0356822;0.9605824
15184;0.03728139;0.96121
15192;0.03668821;0.9613414
15200;0.03656471;0.9604475
15208;0.03710437;0.960268
15216;0.03640473;0.9592929
15224;0.03694761;0.95903
15232;0.03760958;0.9600497
15240;0.03678763;0.957639
15248;0.0374701;0.9587866
15256;0.03731239;0.9574297
15264;0.03830397;0.9606007
15272;0.03803933;0.9597388
15280;0.03791356;0.9585506
15288;0.03776836;0.9573268
15296;0.03880751;0.9612271
15304;0.03899956;0.9607539
15312;0.03873551;0.9598936
15320;0.03843331;0.9592184
15328;0.03895473;0.9594493
15336;0.03832543;0.9582155
15344;0.03947699;0.9594017
15352;0.03868508;0.9588468
15360;0.03996158;0.9589688
15368;0.03913927;0.9590323
15376;0.04006767;0.9584163
15384;0.03969336;0.9582771
15392;0.03962064;0.9588462
15400;0.03931701;0.9586197
15408;0.03892887;0.9584996
15416;0.03858745;0.9579588
15424;0.03817308;0.9571975
15432;0.03766155;0.9561009
15440;0.0380466;0.9561476
15448;0.03843367;0.9570656
15456;0.03882015;0.9577472
15464;0.03920877;0.9582432
15472;0.03795457;0.9551592
15480;0.03832924;0.9561431
15488;0.03827429;0.9552205
15496;0.03943825;0.958107
15504;0.03907502;0.9574434
15512;0.03866756;0.9569659
15520;0.03853869;0.9553225
15528;0.0385797;0.9561738
15536;0.03888428;0.9566835
15544;0.03883076;0.9559369
15552;0.03887749;0.9550943
15560;0.0390842;0.9539021
15568;0.03926301;0.9527136
15576;0.03949332;0.9517715
15584;0.04006267;0.9517417
15592;0.03977597;0.9525903
15600;0.04046738;0.95184
15608;0.03956139;0.9534498
15616;0.04020345;0.9525965
15624;0.04003906;0.953234
15632;0.03926206;0.9545386
15640;0.03957427;0.9541073
15648;0.03908503;0.9551051
15656;0.03900862;0.9557543
15664;0.03902161;0.9564231
15672;0.03909862;0.9568948
15680;0.03924561;0.9573517
15688;0.03945565;0.9576631
15696;0.03923249;0.9551799
15704;0.0391463;0.9556703
15712;0.03912258;0.9561846
15720;0.03915846;0.9566626
15728;0.03927422;0.9571477
15736;0.03941202;0.9547241
15744;0.03932583;0.9552629
15752;0.03924537;0.9556746
15760;0.03946197;0.9575249
15768;0.03971863;0.9577897
15776;0.0397191;0.9578933
15784;0.03997815;0.9579983
15792;0.04021525;0.958004
15800;0.03997374;0.9578885
15808;0.04049361;0.9578599
15816;0.04023457;0.957866
15824;0.04077578;0.9575668
15832;0.04108346;0.9572904
15840;0.04138255;0.9569061
15848;0.04157317;0.9564582
15856;0.04175496;0.9560255
15864;0.04166138;0.9556464
15872;0.04150736;0.956081
15880;0.04136133;0.9565152
15888;0.04112136;0.9569376
15896;0.04089952;0.9571816
15904;0.04155552;0.9552755
15912;0.04131675;0.956136
15920;0.0411303;0.9565921
15928;0.04142237;0.9557263
15936;0.0409615;0.9567918
15944;0.04131746;0.9553868
15952;0.04071176;0.9574246
15960;0.04081774;0.9571341
15968;0.04057086;0.9576473
15976;0.04043543;0.9577728
15984;0.04040885;0.9576203
15992;0.04054761;0.9575083
16000;0.04065037;0.9573454
16008;0.04120123;0.9550689
16016;0.04143095;0.9549063
16024;0.0417192;0.9547558
16032;0.04182851;0.9540592
16040;0.04213405;0.9535924
16048;0.0412935;0.9545372
16056;0.04108453;0.9547586
16064;0.04154277;0.9542972
16072;0.04106426;0.9552382
16080;0.04097545;0.9548903
16088;0.04116488;0.9554977
16096;0.04125226;0.9558036
16104;0.04111004;0.9558534
16112;0.04110754;0.9562423
16120;0.04097974;0.9564197
16128;0.04098499;0.954468
16136;0.04090798;0.9545668
16144;0.04114342;0.954215
16152;0.04102612;0.9555861
16160;0.0409615;0.9553829
16168;0.04102731;0.9560413
16176;0.04099667;0.9561626
16184;0.04094291;0.9563106
16192;0.0409534;0.9561162
16200;0.0408814;0.9565055
16208;0.04086721;0.9568325
16216;0.04073858;0.9571331
16224;0.04102325;0.955851
16232;0.04095864;0.9559585
16240;0.04099441;0.9557124
16248;0.04095244;0.9558238
16256;0.040905;0.9562126
16264;0.04091489;0.9560643
16272;0.040923;0.9559348
16280;0.04086435;0.9563431
16288;0.04093647;0.9556257
16296;0.04093957;0.9557248
16304;0.04091442;0.9558125
16312;0.04092371;0.9555168
16320;0.0408982;0.9557191
16328;0.04086602;0.9555936
16336;0.04089403;0.956032
16344;0.04089832;0.9559144
16352;0.04088473;0.9558138
16360;0.04086411;0.9557312
16368;0.04087722;0.9561582
16376;0.04083252;0.9562355
16384;0.04081941;0.9554616
16392;0.0408324;0.9556129
16400;0.04087055;0.9553552
16408;0.04091048;0.9552236
16416;0.04093826;0.9551055
16424;0.04084003;0.9551854
16432;0.04084599;0.95502
16440;0.04077327;0.955305
16448;0.04084599;0.9548047
16456;0.0407548;0.9551486
16464;0.04074776;0.9549757
16472;0.04066873;0.955138
16480;0.04071832;0.9553937
16488;0.04066789;0.9552629
16496;0.04078937;0.9555068
16504;0.04081273;0.9545352
16512;0.04073191;0.9547608
16520;0.04064953;0.9549735
16528;0.04086399;0.9543558
16536;0.04090238;0.9542193
16544;0.04079294;0.9540448
16552;0.04101872;0.9539406
16560;0.04078078;0.9542787
16568;0.04061568;0.953877
16576;0.04062808;0.9541771
16584;0.04028738;0.9539897
16592;0.04069769;0.9544935
16600;0.04061592;0.9547788
16608;0.04044902;0.9543224
16616;0.04135311;0.9539376
16624;0.04087114;0.9537251
16632;0.04158711;0.9536963
16640;0.04118705;0.9536507
16648;0.04055727;0.954528
16656;0.04041433;0.9546037
16664;0.04191566;0.9532874
16672;0.04050481;0.9548275
16680;0.04231286;0.9528159
16688;0.0405494;0.9549907
16696;0.04273725;0.9524125
16704;0.04058397;0.9551336
16712;0.0416671;0.9529413
16720;0.04204452;0.9524885
16728;0.04245603;0.9520922
16736;0.04138172;0.9533455
16744;0.04099524;0.9533622
16752;0.04067993;0.953487
16760;0.04179859;0.9520555
16768;0.04141903;0.952521
16776;0.04116762;0.9529432
16784;0.04222679;0.9516746
16792;0.04079175;0.9530419
16800;0.04036975;0.953252
16808;0.04052663;0.9527544
16816;0.04029965;0.9536813
16824;0.04124403;0.9519998
16832;0.04163551;0.9515395
16840;0.04095614;0.952553
16848;0.0407393;0.9521738
16856;0.04108524;0.9514346
16864;0.04156458;0.9509084
16872;0.03995252;0.9538045
16880;0.04152572;0.9503174
16888;0.04208243;0.9505557
16896;0.04210615;0.9500029
16904;0.03963721;0.9543967
16912;0.04209864;0.9511887
16920;0.04269171;0.9497597
16928;0.04263914;0.9502786
16936;0.04263496;0.9508318
16944;0.04311466;0.9500751
16952;0.04318547;0.9495356
16960;0.04271281;0.9513248
16968;0.04342568;0.9489046
16976;0.04312885;0.9505718
16984;0.04288924;0.9517394
16992;0.04365647;0.9493505
17000;0.04367018;0.9482165
17008;0.0436244;0.9498533
17016;0.04318249;0.9510354
17024;0.04312944;0.9520624
17032;0.04384398;0.9487606
17040;0.04364669;0.9503288
17048;0.04330695;0.9514608
17056;0.0434655;0.9523988
17064;0.04413891;0.9491744
17072;0.04349649;0.9518011
17080;0.04368341;0.9507828
17088;0.04373717;0.9521279
17096;0.04418457;0.9496545
17104;0.04376709;0.9511986
17112;0.04419363;0.9501255
17120;0.04401314;0.9523567
17128;0.04388726;0.9515291
17136;0.04417956;0.9505807
17144;0.04404509;0.9518515
17152;0.04423714;0.9520962
17160;0.0442009;0.950979
17168;0.04427314;0.9513309
17176;0.0444864;0.9521785
17184;0.04450464;0.9518607
17192;0.04437888;0.9516296
17200;0.04468977;0.9514286
17208;0.04462123;0.9511657
17216;0.04495275;0.9510216
17224;0.04459608;0.9508433
17232;0.0452888;0.9506763
17240;0.04495502;0.9507335
17248;0.04462588;0.95045
17256;0.04564774;0.9504387
17264;0.04501438;0.950386
17272;0.04535973;0.9503906
17280;0.04478359;0.9499334
17288;0.04592204;0.950313
17296;0.04520416;0.9499905
17304;0.04548538;0.9501026
17312;0.04573238;0.9502169
17320;0.04596317;0.9500911
17328;0.04575741;0.94989
17336;0.04553103;0.9496956
17344;0.04527271;0.9494945
17352;0.04518819;0.9491767
17360;0.04471505;0.9495081
17368;0.0456866;0.9486212
17376;0.04462349;0.9490006
17384;0.04509676;0.94882
17392;0.04577577;0.9481868
17400;0.04425776;0.9485662
17408;0.04472184;0.9484268
17416;0.04519057;0.9483101
17424;0.04584205;0.9475214
17432;0.04391944;0.948333
17440;0.04423952;0.9480656
17448;0.04529107;0.9476403
17456;0.0452888;0.9469568
17464;0.04475617;0.9478233
17472;0.04411602;0.9476724
17480;0.04470122;0.947206
17488;0.05343693;0.9647992
17496;0.05338639;0.9650061
17504;0.05355614;0.9647375
17512;0.05346763;0.9646655
17520;0.05356669;0.9644787
17528;0.05366564;0.9644735
17536;0.05348432;0.9644772
17544;0.05375326;0.9642432
17552;0.05354863;0.9642044
17560;0.05371952;0.9640693
17568;0.05344301;0.9641513
17576;0.05358189;0.9640418
17584;0.05373889;0.9639392
17592;0.05347872;0.964018
17600;0.05337441;0.9640836
17608;0.05362189;0.9638981
17616;0.05371147;0.9637806
17624;0.05338925;0.9639944
17632;0.05331242;0.9640211
17640;0.05362803;0.963754
17648;0.05367929;0.9635943
17656;0.05331486;0.9639752
17664;0.05329031;0.9639919
17672;0.05327398;0.9639594
17680;0.05330724;0.9639337
17688;0.0533945;0.9638895
17696;0.05347425;0.96388
17704;0.0535199;0.9637097
17712;0.05357105;0.963519
17720;0.05363572;0.9635752
17728;0.05363077;0.963172
17736;0.1380955;0.6612366
17744;0.1303803;0.6188926
17752;0.06914797;0.6624498
17760;0.06605494;0.6203265
17768;0.009116799;0.6632848
17776;0.1157292;0.5823741
17784;0.009116799;0.6211447
17792;0.06189078;0.5845127
17800;0.09956175;0.5539215
17808;0.009116799;0.5844266
17816;0.0550909;0.5564617
17824;0.08318314;0.5246932
17832;0.009116799;0.5572591
17840;0.04668161;0.5282053
17848;0.07083368;0.495916
17856;0.009116799;0.5288334
17864;0.03944731;0.4988644
17872;0.0601311;0.4655722
17880;0.009116799;0.4991219
17888;0.03455973;0.4691823
17896;0.05047673;0.4332124
17904;0.009116799;0.4713189
17912;0.0301179;0.439052
17920;0.009116799;0.4430086
17928;0.04438996;0.4037551
17936;0.02679732;0.4104135
17944;0.009116799;0.4156658
17952;0.009116799;0.3855422
17960;0.02447423;0.3805743
17968;0.009116799;0.3552969
17976;0.03980064;0.3753765
17984;0.02242127;0.3499332
17992;0.03530297;0.3454254
18000;0.8830569;0.1969682
18008;0.8794221;0.1976952
18016;0.8772413;0.1984221
18024;0.8746971;0.1980587
18032;0.8779684;0.1976952
18040;0.8746971;0.1973318
18048;0.8681548;0.1980587
18056;0.8774121;0.1964974
18064;0.867428;0.1973318
18072;0.8830569;0.1969682
18080;0.8717796;0.1996501
18088;0.8590681;0.1984221
18096;0.871426;0.195151
18104;0.8594317;0.1976952
18112;0.8812822;0.1989784
18120;0.8630664;0.2016933
18128;0.8474373;0.1995126
18136;0.8808759;0.1955145
18144;0.8830569;0.1969682
18152;0.8641565;0.1940606
18160;0.8492547;0.1984221
18168;0.8757874;0.2009663
18176;0.8521623;0.2038741
18184;0.8347163;0.200603
18192;0.8735028;0.1927933
18200;0.8543432;0.1933336
18208;0.8379872;0.1991491
18216;0.867428;0.2042376
18224;0.8390775;0.2060549
18232;0.820541;0.2031472
18240;0.865315;0.1903106
18248;0.8406428;0.1926355
18256;0.8249025;0.2009663
18264;0.8565239;0.2075087
18272;0.8241757;0.2089626
18280;0.8045487;0.2048662
18288;0.8551649;0.1879334
18296;0.8296277;0.1933336
18304;0.8100006;0.202764
18312;0.8421419;0.1857577
18320;0.8574136;0.1827614
18328;0.8147256;0.1936972
18336;0.7918275;0.2040757
18344;0.828947;0.1842192
18352;0.7958254;0.1938117
18360;0.7700194;0.2048864
18368;0.8684297;0.1866235
18376;0.8439191;0.179007
18384;0.8129992;0.1826003
18392;0.773654;0.1934131
18400;0.749302;0.2065043
18408;0.8776423;0.1906448
18416;0.861726;0.1774855
18424;0.8297095;0.1756053
18432;0.7941018;0.1809042
18440;0.750756;0.1943369
18448;0.7271306;0.206055
18456;0.8852376;0.1943426
18464;0.8474564;0.1713493
18472;0.8129544;0.1724435
18480;0.772785;0.1802267
18488;0.8877819;0.1962414
18496;0.8864458;0.1987465
18504;0.8320035;0.1660521
18512;0.8913185;0.195102
18520;0.8812395;0.2024203
18528;0.8922121;0.1989332
18536;0.8722683;0.2068193
18544;0.8882142;0.2042767
18552;0.8945796;0.2060352
18560;0.8798247;0.210301
18568;0.8613067;0.2110092
18576;0.8670895;0.2175844
18584;0.8430757;0.2111434
18592;0.8469245;0.2180513
18600;0.8269181;0.2168053
18608;0.8070928;0.2107486
18616;0.7871022;0.2056837
18624;0.7889196;0.2120619
18632;0.7674752;0.2067038
18640;0.8095611;0.2209349
18648;0.8298053;0.2247989
18656;0.7682022;0.2133976
18664;0.7453039;0.2073725
18672;0.7908691;0.2258862
18680;0.7458971;0.219522
18688;0.7234961;0.2064184
18696;0.8518631;0.2257783
18704;0.8117325;0.2312682
18712;0.7695419;0.2310441
18720;0.8336682;0.2340791
18728;0.8576193;0.2347737
18736;0.7923111;0.2384562
18744;0.8142782;0.2421066
18752;0.8731669;0.224219
18760;0.8384095;0.2453972
18768;0.8852306;0.2146458
18776;0.8637213;0.2442771
18784;0.8794994;0.2312721
18792;0.8909661;0.2190696
18800;0.7703055;0.245248
18808;0.793472;0.2509646
18816;0.8174081;0.255422
18824;0.8441573;0.258257
18832;0.7481795;0.2355306
18840;0.72418;0.221825
18848;0.7026837;0.2229913
18856;0.7026837;0.2064773
18864;0.6818714;0.2064184
18872;0.7247728;0.2379604
18880;0.7493308;0.2505565
18888;0.7708028;0.2590907
18896;0.7949486;0.2652887
18904;0.8214909;0.2708482
18912;0.7267217;0.2544716
18920;0.7498321;0.266381
18928;0.7712656;0.273957
18936;0.7026837;0.2399081
18944;0.7970397;0.2815369
18952;0.8254508;0.2842977
18960;0.8002409;0.2973371
18968;0.8490383;0.2692595
18976;0.8697706;0.2533933
18984;0.8539578;0.2789284
18992;0.8857962;0.2380513
19000;0.8295826;0.2946097
19008;0.8759529;0.2613797
19016;0.8597654;0.2876864
19024;0.7720042;0.2899622
19032;0.7738253;0.3068483
19040;0.8040306;0.3075778
19048;0.8347602;0.3036068
19056;0.7498099;0.281635
19064;0.7271047;0.2722073
19072;0.7026837;0.2551804
19080;0.7505364;0.2968788
19088;0.7264243;0.2870933
19096;0.7508436;0.3124366
19104;0.7026837;0.2730246
19112;0.7769166;0.3175185
19120;0.7514043;0.3233925
19128;0.8085396;0.3159149
19136;0.780439;0.3251868
19144;0.6786458;0.2544716
19152;0.6782628;0.2722073
19160;0.6805947;0.2379604
19168;0.6811875;0.221825
19176;0.6594704;0.219522
19184;0.6600636;0.2073725
19192;0.6571879;0.2355306
19200;0.6560366;0.2505565
19208;0.6371652;0.2133976
19216;0.6378923;0.2067038
19224;0.6358256;0.2310441
19232;0.6164479;0.2120619
19240;0.6182653;0.2056837
19248;0.6555353;0.266381
19256;0.635062;0.245248
19264;0.6144984;0.2258862
19272;0.5982746;0.2107486
19280;0.6008188;0.2048662
19288;0.6345647;0.2590907
19296;0.6130564;0.2384562
19304;0.5958064;0.2209349
19312;0.5811918;0.2089626
19320;0.5848265;0.2031472
19328;0.6118955;0.2509646
19336;0.593635;0.2312682
19344;0.5784494;0.2168053
19352;0.56629;0.206055
19360;0.5706512;0.200603
19368;0.5910893;0.2421066
19376;0.5755622;0.2247989
19384;0.5622918;0.2111434
19392;0.5532052;0.2038741
19400;0.5579302;0.1995126
19408;0.5716993;0.2340792
19416;0.558443;0.2180513
19424;0.5488436;0.2075087
19432;0.5423011;0.2016933
19440;0.5462994;0.1984221
19448;0.5535044;0.2257784
19456;0.5440608;0.2110092
19464;0.5379395;0.2042376
19472;0.5335879;0.1996501
19480;0.5372127;0.1980587
19488;0.538278;0.2175844
19496;0.5330992;0.2068193
19504;0.5477481;0.2347738
19512;0.5295801;0.2009664
19520;0.5281262;0.1984221
19528;0.5306703;0.1980587
19536;0.524128;0.2024203
19544;0.5240853;0.1989784
19552;0.5259454;0.1976952
19560;0.5273991;0.1976952
19568;0.5306703;0.1973318
19576;0.5223106;0.1969683
19584;0.5279554;0.1964974
19592;0.5379395;0.1973318
19600;0.5189217;0.1987465
19608;0.5339414;0.195151
19616;0.5459358;0.1976952
19624;0.5175856;0.1962414
19632;0.5244916;0.1955145
19640;0.5412109;0.1940606
19648;0.5561128;0.1984221
19656;0.5201299;0.1943426
19664;0.514049;0.195102
19672;0.5131554;0.1989332
19680;0.5318647;0.1927933
19688;0.5510243;0.1933337
19696;0.5673802;0.1991491
19704;0.5277252;0.1906449
19712;0.5400525;0.1903106
19720;0.5647247;0.1926355
19728;0.580465;0.2009664
19736;0.5171533;0.2042767
19744;0.5107879;0.2060352
19752;0.5255428;0.210301
19760;0.5322006;0.224219
19768;0.5369378;0.1866236
19776;0.5757398;0.1933337
19784;0.5953669;0.202764
19792;0.5201368;0.2146458
19800;0.5906419;0.1936972
19808;0.61354;0.2040757
19816;0.6095421;0.1938117
19824;0.6353481;0.2048864
19832;0.6317134;0.1934131
19840;0.6560655;0.2065043
19848;0.6546115;0.1943369
19856;0.6782369;0.206055
19864;0.5632256;0.1857577
19872;0.5764205;0.1842192
19880;0.5923683;0.1826003
19888;0.6112657;0.1809042
19896;0.6325825;0.1802266
19904;0.5502025;0.1879334
19912;0.5479539;0.1827614
19920;0.5614484;0.179007
19928;0.575658;0.1756053
19936;0.5436415;0.1774855
19944;0.5924131;0.1724435
19952;0.5579111;0.1713493
19960;0.5326884;0.183143
19968;0.573364;0.1660521
19976;0.5236171;0.188554
19984;0.5163133;0.1933459
19992;0.5535349;0.1659634
20000;0.5696577;0.1593758
20008;0.5385501;0.173083
20016;0.5273817;0.1794897
20024;0.5182638;0.1859206
20032;0.5126321;0.1908337
20040;0.5911233;0.1610923
20048;0.50985;0.1940448
20056;0.5091048;0.1988374
20064;0.5051146;0.1993419
20072;0.5210376;0.1755191
20080;0.5124539;0.1824267
20088;0.506777;0.1876161
20096;0.5051326;0.192557
20104;0.5319844;0.1684239
20112;0.5477992;0.1608984
20120;0.5648858;0.1537317
20128;0.5884926;0.1536202
20136;0.6105962;0.1578135
20144;0.6114246;0.1694287
20152;0.6326094;0.1678858
20160;0.6319881;0.1571656
20168;0.6313441;0.1469671
20176;0.6089253;0.1490696
20184;0.5843605;0.1460146
20192;0.5574293;0.1453747
20200;0.6549805;0.1567421
20208;0.6551716;0.1687961
20216;0.6062127;0.1402256
20224;0.5397415;0.1529059
20232;0.5240303;0.1613791
20240;0.6550458;0.1803864
20248;0.5778462;0.1366379
20256;0.530508;0.1426436
20264;0.5127916;0.1700872
20272;0.6767829;0.1947875
20280;0.5483484;0.1343012
20288;0.5151919;0.1524452
20296;0.5061923;0.1773973
20304;0.5019067;0.1849065
20312;0.4978503;0.1704806
20320;0.4995902;0.1913271
20328;0.5045702;0.1621018
20336;0.4928664;0.1807004
20344;0.5344667;0.1182659
20352;0.5168288;0.1288079
20360;0.5027031;0.1407802
20368;0.4930876;0.1528435
20376;0.4856151;0.1633555
20384;0.5695856;0.125576
20392;0.6013586;0.1298381
20400;0.6298378;0.1367104
20408;0.4989324;0.1129098
20416;0.4844057;0.1268614
20424;0.4740011;0.1407277
20432;0.5169838;0.100195
20440;0.5554748;0.1084248
20448;0.5944113;0.1180242
20456;0.6268268;0.1255751
20464;0.539524;0.08849743
20472;0.5751651;0.08262901
20480;0.6539167;0.1355038
20488;0.5834269;0.1010929
20496;0.6149507;0.09767258
20504;0.6218703;0.1133021
20512;0.654933;0.1459628
20520;0.6522683;0.1239358
20528;0.6779954;0.1350773
20536;0.6780393;0.1458013
20544;0.6780873;0.1571256
20552;0.7026837;0.156406
20560;0.6780253;0.1690185
20568;0.677638;0.1806707
20576;0.7026837;0.1695838
20584;0.7026837;0.1815757
20592;0.7026837;0.1446019
20600;0.7026837;0.1933337
20608;0.7026837;0.2052854
20616;0.7285846;0.1947875
20624;0.7277295;0.1806707
20632;0.7503217;0.1803864
20640;0.7273422;0.1690185
20648;0.7501959;0.1687962
20656;0.7272802;0.1571256
20664;0.7727581;0.1678858
20672;0.7273282;0.1458012
20680;0.750387;0.1567421
20688;0.7939429;0.1694286
20696;0.7733794;0.1571656
20704;0.7740234;0.1469671
20712;0.7947713;0.1578135
20720;0.7504345;0.1459628
20728;0.727372;0.1350773
20736;0.8142442;0.1610923
20744;0.8357098;0.1593758
20752;0.8168749;0.1536202
20760;0.8518326;0.1659633
20768;0.7514507;0.1355038
20776;0.7026837;0.1339295
20784;0.7964422;0.1490696
20792;0.8404817;0.1537317
20800;0.821007;0.1460146
20808;0.7991548;0.1402256
20816;0.7755297;0.1367103
20824;0.6772355;0.1230125
20832;0.8575683;0.1608984
20840;0.8479382;0.1453746
20848;0.8275213;0.1366379
20856;0.8040089;0.1298381
20864;0.7785407;0.1255751
20872;0.8668174;0.173083
20880;0.7530991;0.1239358
20888;0.8726791;0.183143
20896;0.8817504;0.188554
20904;0.8779858;0.1794896
20912;0.8733831;0.1684239
20920;0.8890541;0.1933458
20928;0.8871036;0.1859206
20936;0.8927354;0.1908337
20944;0.8843299;0.1755191
20952;0.865626;0.1529059
20960;0.8813372;0.1613791
20968;0.8929136;0.1824267
20976;0.8955175;0.1940448
20984;0.8748595;0.1426436
20992;0.8925759;0.1700872
21000;0.8985905;0.1876161
21008;0.8962626;0.1988374
21016;0.9002529;0.1993419
21024;0.8570191;0.1343012
21032;0.8357819;0.1255759
21040;0.8991751;0.1773973
21048;0.9002349;0.1925569
21056;0.9034608;0.1849065
21064;0.8985294;0.2075105
21072;0.9057773;0.1913271
21080;0.9075171;0.1704806
21088;0.8109562;0.1180242
21096;0.8977792;0.2243027
21104;0.9064394;0.1991843
21112;0.912501;0.1807004
21120;0.7834972;0.1133021
21128;0.8930284;0.2445375
21136;0.9045636;0.2101284
21144;0.9054804;0.2292738
21152;0.8833347;0.2695751
21160;0.9123411;0.2135177
21168;0.9014522;0.2516328
21176;0.8734043;0.3038888
21184;0.9143769;0.2340059
21192;0.8975373;0.2839479
21200;0.8450815;0.3206336
21208;0.9179569;0.2638846
21216;0.8152276;0.3324619
21224;0.8920015;0.3219705
21232;0.8587577;0.340223
21240;0.8228078;0.3517759
21248;0.7849142;0.3405008
21256;0.918151;0.3001457
21264;0.7526268;0.3304606
21272;0.8771247;0.3701321
21280;0.8399259;0.3753721
21288;0.9237269;0.3497667
21296;0.8151587;0.3767381
21304;0.9563337;0.3170537
21312;0.7890548;0.359637
21320;0.7905795;0.3786203
21328;0.9387197;0.2761801
21336;0.9747205;0.2849467
21344;0.754791;0.3448173
21352;0.7577313;0.3639102
21360;0.7624108;0.3817305
21368;0.728439;0.3815592
21376;0.7281381;0.3637594
21384;0.7026837;0.3779467
21392;0.9525576;0.2509567
21400;0.9851072;0.254412
21408;0.9318054;0.2433438
21416;0.7275043;0.342768
21424;0.7026837;0.3610444
21432;0.9610935;0.2261443
21440;0.9912553;0.226333
21448;0.9955119;0.2012127
21456;0.9410796;0.222481
21464;0.9234967;0.2173094
21472;0.9657016;0.2034617
21480;0.9930182;0.177292
21488;0.9462317;0.2026061
21496;0.9665828;0.1825665
21504;0.9872678;0.1561016
21512;0.9277676;0.2010915
21520;0.9633575;0.1635981
21528;0.9797791;0.1385751
21536;0.9468319;0.1848985
21544;0.9150261;0.199704
21552;0.9583885;0.1464867
21560;0.9733042;0.1206563
21568;0.9437204;0.1690413
21576;0.9278653;0.1875985
21584;0.9149633;0.1893968
21592;0.9247487;0.175002
21600;0.9517041;0.1299936
21608;0.9642602;0.1029767
21616;0.9379407;0.154739
21624;0.9197523;0.1633554
21632;0.9408576;0.1144846
21640;0.9518535;0.08482217
21648;0.9313664;0.1407277
21656;0.9122798;0.1528435
21664;0.9262189;0.09918801
21672;0.9346091;0.06813644
21680;0.9209618;0.1268614
21688;0.9007973;0.1621018
21696;0.9074455;0.08522689
21704;0.9145414;0.05178209
21712;0.9064351;0.1129098
21720;0.9026644;0.1407802
21728;0.8901755;0.1524452
21736;0.8885387;0.1288079
21744;0.8859419;0.07184726
21752;0.8911611;0.03751267
21760;0.8883837;0.100195
21768;0.8709008;0.1182659
21776;0.8622349;0.0593301
21784;0.8644521;0.02656389
21792;0.8658435;0.08849742
21800;0.8302024;0.082629
21808;0.8498927;0.1084248
21816;0.8409615;0.04904767
21824;0.8344877;0.01808498
21832;0.8219406;0.1010929
21840;0.7904168;0.09767257
21848;0.8164873;0.04163533
21856;0.8035205;0.01291142
21864;0.8163716;0.05990106
21872;0.7918466;0.03739795
21880;0.7720854;0.007759977
21888;0.7943308;0.079803
21896;0.7905337;0.0606937
21904;0.7643737;0.03297799
21912;0.7382916;0.005006038
21920;0.7626377;0.07662269
21928;0.7623443;0.05690566
21936;0.7343608;0.03044734
21944;0.7026837;0.003623956
21952;0.7597385;0.09767808
21960;0.7332521;0.05236853
21968;0.7329902;0.07374801
21976;0.7026837;0.07235132
21984;0.756407;0.111233
21992;0.7312661;0.09593022
22000;0.7026837;0.04970475
22008;0.7026837;0.02916912
22016;0.6710067;0.03044734
22024;0.6670759;0.005006037
22032;0.7295297;0.1103673
22040;0.6721154;0.05236853
22048;0.6409938;0.03297799
22056;0.6332821;0.00775998
22064;0.6135209;0.03739796
22072;0.601847;0.01291143
22080;0.6430232;0.05690566
22088;0.5888802;0.04163534
22096;0.5708798;0.01808499
22104;0.7281319;0.1230125
22112;0.7026837;0.1217453
22120;0.7026837;0.1094054
22128;0.7026837;0.09449558
22136;0.6758378;0.1103673
22144;0.6741014;0.09593022
22152;0.6489605;0.111233
22160;0.645629;0.09767808
22168;0.6723773;0.07374801
22176;0.6427298;0.07662269
22184;0.6110367;0.079803
22192;0.6148338;0.0606937
22200;0.5889959;0.05990107
22208;0.564406;0.04904769
22216;0.5409154;0.02656391
22224;0.5431326;0.05933011
22232;0.5142063;0.03751268
22240;0.5194256;0.07184727
22248;0.490826;0.05178211
22256;0.497922;0.08522691
22264;0.4707584;0.06813645
22272;0.4791486;0.09918803
22280;0.453514;0.08482219
22288;0.4645098;0.1144846
22296;0.4411073;0.1029767
22304;0.4536633;0.1299936
22312;0.4320632;0.1206564
22320;0.4674268;0.1547391
22328;0.446979;0.1464867
22336;0.4255884;0.1385752
22344;0.4806187;0.175002
22352;0.44201;0.1635982
22360;0.4180996;0.1561016
22368;0.461647;0.1690413
22376;0.4904041;0.1893968
22384;0.4387846;0.1825666
22392;0.4123492;0.177292
22400;0.4775022;0.1875985
22408;0.4585356;0.1848985
22416;0.4989281;0.1991843
22424;0.4396658;0.2034617
22432;0.4098555;0.2012127
22440;0.4591358;0.2026061
22448;0.4775999;0.2010915
22456;0.4903414;0.199704
22464;0.4442739;0.2261443
22472;0.4141122;0.226333
22480;0.4202602;0.254412
22488;0.4642879;0.222481
22496;0.4528099;0.2509567
22504;0.430647;0.2849467
22512;0.4930264;0.2135177
22520;0.4818708;0.2173094
22528;0.4666478;0.2761801
22536;0.4490337;0.3170537
22544;0.4735621;0.2433438
22552;0.4872165;0.3001457
22560;0.4816406;0.3497667
22568;0.4909905;0.2340059
22576;0.4874105;0.2638846
22584;0.513366;0.3219705
22592;0.5282428;0.3701321
22600;0.5078302;0.2839479
22608;0.5039153;0.2516328
22616;0.499887;0.2292738
22624;0.5466098;0.340223
22632;0.5654415;0.3753721
22640;0.5319632;0.3038888
22648;0.5220327;0.2695751
22656;0.5825596;0.3517759
22664;0.5902088;0.3767381
22672;0.5008039;0.2101284
22680;0.5123391;0.2445375
22688;0.5068381;0.2075105
22696;0.5075883;0.2243027
22704;0.5144013;0.2190696
22712;0.5195712;0.2380513
22720;0.5258681;0.2312721
22728;0.5294146;0.2613797
22736;0.5416462;0.2442771
22744;0.5355969;0.2533933
22752;0.5456021;0.2876864
22760;0.5514097;0.2789284
22768;0.566958;0.2453972
22776;0.5563292;0.2692595
22784;0.5879593;0.255422
22792;0.5612102;0.258257
22800;0.5799167;0.2842977
22808;0.5757849;0.2946097
22816;0.6104189;0.2652887
22824;0.5838766;0.2708482
22832;0.6341019;0.273957
22840;0.6051266;0.2973371
22848;0.6083278;0.2815369
22856;0.5706072;0.3036068
22864;0.6555575;0.281635
22872;0.6013369;0.3075778
22880;0.6333633;0.2899622
22888;0.6315421;0.3068483
22896;0.560286;0.3206336
22904;0.6789432;0.2870933
22912;0.5968279;0.3159149
22920;0.6548311;0.2968788
22928;0.7026837;0.2882551
22936;0.5901399;0.3324619
22944;0.6284509;0.3175185
22952;0.6545239;0.3124366
22960;0.6793618;0.3005332
22968;0.7260057;0.3005332
22976;0.6249285;0.3251868
22984;0.6539631;0.3233925
22992;0.6793407;0.3138864
23000;0.7026837;0.3008182
23008;0.7026837;0.3120639
23016;0.7260268;0.3138864
23024;0.6787577;0.3225346
23032;0.7026837;0.3198359
23040;0.7266098;0.3225346
23048;0.7026837;0.3256254
23056;0.7268148;0.328902
23064;0.7026837;0.3402769
23072;0.6785527;0.328902
23080;0.6778632;0.342768
23088;0.6527407;0.3304606
23096;0.6772293;0.3637594
23104;0.6769285;0.3815592
23112;0.6505765;0.3448173
23120;0.6204533;0.3405008
23128;0.6476362;0.3639102
23136;0.6429567;0.3817305
23144;0.614788;0.3786203
23152;0.6163127;0.359637
23160;0.04046011;0.9647992
23168;0.04034102;0.9647375
23176;0.04051065;0.9650061
23184;0.04042947;0.9646655
23192;0.04033053;0.9644787
23200;0.04023147;0.9644735
23208;0.0404129;0.9644772
23216;0.04014385;0.9642432
23224;0.04034853;0.9642044
23232;0.04017758;0.9640693
23240;0.04045415;0.9641513
23248;0.04031527;0.9640418
23256;0.04015827;0.9639392
23264;0.04041839;0.964018
23272;0.04052269;0.9640836
23280;0.04027522;0.9638981
23288;0.04018557;0.9637806
23296;0.04050779;0.9639944
23304;0.04058468;0.9640211
23312;0.04026902;0.963754
23320;0.04021776;0.9635943
23328;0.04058218;0.9639752
23336;0.04060686;0.9639919
23344;0.04062307;0.9639594
23352;0.04058993;0.9639337
23360;0.04050267;0.9638895
23368;0.0404228;0.96388
23376;0.04037726;0.9637097
23384;0.04032612;0.963519
23392;0.04026151;0.9635752
23400;0.04026628;0.963172
23408;0.04645449;0.9572464
23416;0.04656899;0.9572762
23424;0.04656023;0.9570808
23432;0.04644012;0.9570312
23440;0.04653239;0.9568537
23448;0.04636216;0.9572375
23456;0.04637706;0.9567576
23464;0.04634309;0.9570208
23472;0.04625845;0.9572253
23480;0.04628789;0.956817
23488;0.04624361;0.9570335
23496;0.04617691;0.9572133
23504;0.04615289;0.9565964
23512;0.04620314;0.9564695
23520;0.04615057;0.9570508
23528;0.04609764;0.9571905
23536;0.04618961;0.9568759
23544;0.04599071;0.9564136
23552;0.04604697;0.956279
23560;0.04607046;0.9570607
23568;0.04601753;0.9571604
23576;0.04606736;0.9566994
23584;0.04609931;0.9569268
23592;0.04580319;0.9562981
23600;0.0458672;0.9561465
23608;0.04567814;0.9560392
23616;0.04600084;0.9570639
23624;0.04593635;0.9571357
23632;0.04601812;0.956952
23640;0.04590726;0.9565633
23648;0.0459758;0.9567828
23656;0.04560328;0.9562043
23664;0.04547775;0.9559448
23672;0.04571176;0.956465
23680;0.04582834;0.9566691
23688;0.0459038;0.9568353
23696;0.04592311;0.95697
23704;0.04539168;0.9561209
23712;0.04525995;0.9558725
23720;0.04550135;0.9563918
23728;0.04563749;0.9565747
23736;0.04575062;0.956744
23744;0.04516649;0.9560546
23752;0.04503477;0.9557956
23760;0.04527748;0.9563289
23768;0.04542172;0.9565111
23776;0.04493439;0.9559952
23784;0.04479182;0.9557264
23792;0.04505455;0.9562753
23800;0.0446955;0.9559438
23808;0.0445323;0.9556595
23816;0.04582274;0.9568852
23824;0.04555166;0.9566822
23832;0.04520142;0.9564655
23840;0.04482925;0.9562386
23848;0.04444528;0.9559106
23856;0.04424798;0.9556046
23864;0.04566741;0.9568236
23872;0.04534364;0.9566387
23880;0.04498649;0.9564288
23888;0.04460979;0.9562113
23896;0.04417658;0.9559094
23904;0.04394197;0.9555501
23912;0.04439032;0.9562113
23920;0.04457462;0.9563908
23928;0.04548764;0.9567763
23936;0.04513562;0.9566067
23944;0.04477727;0.9564007
23952;0.04493666;0.9565884
23960;0.0453037;0.9567268
23968;0.04474473;0.9565701
23976;0.04511058;0.9567027
23984;0.04492533;0.9566891
23992;0.04437375;0.9564323
24000;0.04455948;0.9565769
24008;0.04474473;0.9566765
24016;0.04416168;0.9562421
24024;0.04387486;0.9559655
24032;0.04354191;0.9559115
24040;0.04357421;0.9555597
24048;0.04315579;0.9558363
24056;0.04321063;0.9562113
24064;0.0427947;0.9560671
24072;0.04287696;0.9565656
24080;0.04240239;0.9562516
24088;0.04242253;0.9566873
24096;0.04358101;0.9562203
24104;0.04390693;0.9563358
24112;0.04417312;0.9564888
24120;0.04332793;0.9564713
24128;0.043661;0.9564822
24136;0.04277587;0.9570795
24144;0.04244745;0.957125
24152;0.04278219;0.9575113
24160;0.04251206;0.9575542
24168;0.04304075;0.9574824
24176;0.04304159;0.9571362
24184;0.04325235;0.9574803
24192;0.04311681;0.956769
24200;0.04324841;0.9572097
24208;0.04342926;0.9574869
24216;0.04345989;0.9566913
24224;0.04341733;0.9572673
24232;0.04354465;0.9574877
24240;0.04332829;0.9569463
24248;0.04357183;0.95732
24256;0.04361475;0.9574893
24264;0.04366791;0.9574861
24272;0.04348862;0.9570585
24280;0.04376197;0.9566945
24288;0.04360032;0.9568575
24296;0.04364049;0.9571531
24304;0.04367495;0.957344
24312;0.04396021;0.9565665
24320;0.04373646;0.957
24328;0.04386449;0.9568696
24336;0.04402435;0.9567447
24344;0.04421198;0.9566776
24352;0.04374683;0.9572022
24360;0.04438579;0.9566182
24368;0.04457438;0.9566913
24376;0.04441214;0.9567313
24384;0.04425204;0.9567931
24392;0.04409313;0.9568685
24400;0.04394805;0.9569634
24408;0.04383588;0.9570731
24416;0.04475069;0.9567603
24424;0.04459143;0.9567755
24432;0.04443681;0.9568133
24440;0.04428887;0.9568738
24448;0.04414415;0.956944
24456;0.04491878;0.956772
24464;0.04509103;0.9567828
24472;0.04527152;0.9568003
24480;0.04544544;0.9568421
24488;0.04560912;0.9568821
24496;0.04576075;0.9569266
24504;0.04587388;0.9569897
24512;0.04592443;0.9570617
24520;0.04524648;0.9568648
24528;0.0454129;0.956902
24536;0.04557168;0.9569301
24544;0.0457139;0.9569635
24552;0.04581213;0.9570096
24560;0.04507685;0.9568448
24568;0.04491293;0.9568325
24576;0.04475427;0.9568285
24584;0.04460526;0.9568454
24592;0.04446173;0.9568834
24600;0.04432368;0.9569421
24608;0.04522693;0.9569516
24616;0.0450604;0.9569238
24624;0.04490411;0.9569094
24632;0.04475641;0.9569116
24640;0.04462039;0.9569318
24648;0.04449022;0.9569654
24656;0.04538143;0.9569746
24664;0.04553485;0.9569972
24672;0.04567742;0.9570135
24680;0.04578793;0.9570348
24688;0.04535055;0.9570366
24696;0.04550135;0.9570503
24704;0.04564309;0.9570594
24712;0.04574621;0.9570664
24720;0.04519963;0.9570113
24728;0.04504883;0.9569908
24736;0.04519272;0.9570617
24744;0.04489553;0.9569748
24752;0.04533911;0.9570845
24760;0.04504418;0.9570411
24768;0.04575098;0.9571126
24776;0.04572773;0.9570914
24784;0.04562259;0.9570937
24792;0.04548538;0.9570914
24800;0.04578817;0.95709
24808;0.04582357;0.9570736
24816;0.04586542;0.9570662
24824;0.04587507;0.9571286
24832;0.04582334;0.9571245
24840;0.04578769;0.9571269
24848;0.04575622;0.9571344
24856;0.04585969;0.9571987
24864;0.04592156;0.9572228
24872;0.04581285;0.9571813
24880;0.04577374;0.9571691
24888;0.04581618;0.9572852
24896;0.04587483;0.9573256
24904;0.04577482;0.9572518
24912;0.04575455;0.9573824
24920;0.0458163;0.9574241
24928;0.04573059;0.957131
24936;0.04570484;0.9571371
24944;0.04575396;0.9571657
24952;0.0457418;0.9572217
24960;0.04571366;0.9573488
24968;0.04569638;0.9574657
24976;0.04574668;0.9575183
24984;0.04573762;0.9571417
24992;0.04573417;0.9571674
25000;0.04572892;0.9572114
25008;0.04568172;0.9573157
25016;0.04565752;0.9574189
25024;0.04571211;0.9571548
25032;0.04571283;0.9572002
25040;0.04566574;0.9572909
25048;0.045632;0.9573753
25056;0.04564941;0.9572657
25064;0.04561687;0.9573438
25072;0.04560316;0.957307
25080;0.04570293;0.9571741
25088;0.04569459;0.9571926
25096;0.04563761;0.9572402
25104;0.04568434;0.9571692
25112;0.04567742;0.9571781
25120;0.0456686;0.9571865
25128;0.04562938;0.9572136
25136;0.04565978;0.9571808
25144;0.04559159;0.9572325
25152;0.04559886;0.9572141
25160;0.04559445;0.9572742
25168;0.04550505;0.9572686
25176;0.04559958;0.9571531
25184;0.04554892;0.9572382
25192;0.04548311;0.957144
25200;0.04546666;0.9572455
25208;0.04537463;0.9572537
25216;0.04534125;0.9571371
25224;0.0451951;0.9571943
25232;0.0451951;0.9571189
25240;0.04504883;0.9571714
25248;0.04504883;0.9570982
25256;0.04489553;0.9570823
25264;0.04490244;0.9571553
25272;0.04488862;0.9570252
25280;0.04476523;0.9570845
25288;0.04476988;0.9571486
25296;0.04475844;0.9570228
25304;0.04464412;0.9570937
25312;0.0446533;0.9571508
25320;0.04475617;0.9569771
25328;0.0446372;0.9570388
25336;0.04452753;0.957128
25344;0.0445298;0.9571828
25352;0.04462802;0.9569908
25360;0.04451835;0.9570685
25368;0.04440641;0.9571692
25376;0.04441786;0.9572194
25384;0.04450691;0.9570228
25392;0.04429889;0.957224
25400;0.04430807;0.9572721
25408;0.0443995;0.9571166
25416;0.04438579;0.9570754
25424;0.04420066;0.9572903
25432;0.04421425;0.9573407
25440;0.04429197;0.9571782
25448;0.04436386;0.9570236
25456;0.04412973;0.957352
25464;0.0441457;0.9573954
25472;0.04419363;0.9572446
25480;0.04427373;0.9571371
25488;0.0442456;0.9570891
25496;0.04407716;0.9574092
25504;0.04409313;0.9574389
25512;0.04411376;0.9573154
25520;0.04417312;0.9572057
25528;0.04419148;0.9570106
25536;0.04403722;0.9574537
25544;0.04406118;0.9574594
25552;0.04402912;0.9574686
25560;0.04405653;0.9574664
25568;0.04406571;0.9574664
25576;0.04404962;0.9573794
25584;0.04413795;0.9571593
25592;0.04408395;0.9572721
25600;0.04407501;0.9570887
25608;0.04400039;0.9574413
25616;0.04401314;0.9573429
25624;0.04404509;0.9572309
25632;0.0440172;0.9570296
25640;0.04397571;0.9571732
25648;0.04390907;0.9571245
25656;0.04396212;0.9573064
25664;0.04395032;0.9574249
25672;0.04382861;0.9572387
25680;0.04389393;0.9572706
25688;0.04375184;0.9573651
25696;0.04389;0.9574047
25704;0.04382479;0.9573856
25712;0.04398978;0.9574696
25720;0.04373586;0.9574829
25728;0.04394007;0.957473
25736;0.04387796;0.9574757
25744;0.04381323;0.957477
25752;0.04400182;0.9575006
25760;0.04377854;0.9575993
25768;0.04371917;0.9576203
25776;0.04383838;0.9575737
25784;0.04390168;0.9575458
25792;0.04395342;0.9575211
25800;0.04403603;0.9574847
25808;0.04408622;0.9574594
25816;0.04386759;0.9576995
25824;0.04381299;0.9577363
25832;0.04391694;0.9576628
25840;0.04396462;0.9576221
25848;0.04401219;0.9575738
25856;0.044052;0.9575234
25864;0.04407263;0.9574847
25872;0.04414332;0.9574183
25880;0.04397905;0.9577729
25888;0.04392874;0.9578291
25896;0.04402339;0.9577187
25904;0.04405916;0.9576563
25912;0.04411602;0.9575189
25920;0.04413378;0.9574624
25928;0.04421425;0.9573635
25936;0.04409599;0.9575779
25944;0.04410827;0.9578311
25952;0.04406512;0.9579055
25960;0.04414451;0.9577499
25968;0.04421198;0.9574137
25976;0.0443126;0.9572994
25984;0.0442028;0.9574847
25992;0.04419541;0.9575599
26000;0.04417205;0.957665
26008;0.04425526;0.9578651
26016;0.04422319;0.9579659
26024;0.0443126;0.9573612
26032;0.04445612;0.9572343
26040;0.04431236;0.957435
26048;0.04427636;0.9577703
26056;0.04430604;0.957528
26064;0.04429054;0.9576623
26072;0.04440629;0.957891
26080;0.04437721;0.9580026
26088;0.04454255;0.9580366
26096;0.04446328;0.9573737
26104;0.04443157;0.9577845
26112;0.04456067;0.9579139
26120;0.04471123;0.9580522
26128;0.04446077;0.9574789
26136;0.04445231;0.9576476
26144;0.04472053;0.9579281
26152;0.04489231;0.958053
26160;0.04459739;0.9574463
26168;0.04458797;0.9576317
26176;0.04457283;0.9577898
26184;0.04489183;0.9579276
26192;0.04504716;0.958031
26200;0.04473102;0.9577931
26208;0.04473746;0.9576195
26216;0.04473829;0.9574319
26224;0.04459429;0.9573352
26232;0.04504335;0.9579083
26240;0.04519725;0.9579844
26248;0.04488873;0.9577859
26256;0.04488516;0.9576132
26264;0.04488099;0.9574312
26272;0.04518533;0.9578759
26280;0.04531837;0.9579271
26288;0.04503918;0.9577764
26296;0.04530203;0.9578221
26304;0.045416;0.9578536
26312;0.04517603;0.9577526
26320;0.04502964;0.9576086
26328;0.04539466;0.957758
26336;0.0455066;0.9577698
26344;0.04502439;0.9574489
26352;0.04529274;0.9577153
26360;0.04516757;0.9576055
26368;0.04548526;0.9576884
26376;0.04559445;0.9576862
26384;0.04538262;0.9576687
26392;0.04528427;0.9575903
26400;0.04556525;0.9576143
26408;0.04567611;0.9576046
26416;0.04546714;0.9576138
26424;0.04563308;0.9575428
26432;0.04554117;0.9575499
26440;0.04560065;0.9574862
26448;0.04537416;0.9575677
26456;0.04516196;0.9574727
26464;0.0454495;0.9575385
26472;0.04557848;0.9574358
26480;0.04552054;0.9574876
26488;0.04527748;0.9574806
26496;0.04555905;0.9573925
26504;0.04536474;0.9574748
26512;0.04543471;0.9574584
26520;0.04550052;0.9574314
26528;0.04554343;0.9573533
26536;0.04548097;0.9573893
26544;0.04541731;0.9574026
26552;0.04534388;0.9574007
26560;0.04526138;0.9573964
26568;0.04552388;0.9573127
26576;0.04545426;0.9573337
26584;0.04542506;0.9572801
26592;0.04536808;0.9572735
26600;0.04539275;0.957337
26608;0.04528999;0.9572583
26616;0.04531646;0.9573263
26624;0.04523671;0.9573114
26632;0.04520643;0.9572389
26640;0.04512739;0.9572945
26648;0.04510379;0.9572201
26656;0.04514968;0.9573805
26664;0.04501641;0.9573505
26672;0.04499984;0.957263
26680;0.04498219;0.9571949
26688;0.0448705;0.9572427
26696;0.04486573;0.9571791
26704;0.04487753;0.9573258
26712;0.04473674;0.9573203
26720;0.04473758;0.9572377
26728;0.0447346;0.957176
26736;0.04459095;0.9572558
26744;0.04458809;0.9571958
26752;0.04446137;0.9572947
26760;0.5129521;0.6852555
26768;0.5352349;0.691162
26776;0.5273194;0.6776068
26784;0.5207007;0.7027585
26792;0.5012415;0.6909635
26800;0.5467449;0.7015744
26808;0.5058402;0.7147185
26816;0.4757161;0.7012627
26824;0.5319478;0.7185355
26832;0.560707;0.7098659
26840;0.4842125;0.730195
26848;0.4433526;0.7130452
26856;0.5155395;0.7361339
26864;0.5463355;0.7317507
26872;0.5762092;0.7187321
26880;0.4534487;0.7502146
26888;0.4054851;0.7282537
26896;0.4959071;0.7549313
26904;0.5653567;0.7429156
26912;0.5945002;0.727678
26920;0.531367;0.7530059
26928;0.4156702;0.7775127
26936;0.3617887;0.7479568
26944;0.4675895;0.7834486
26952;0.5148852;0.7740244
26960;0.5520878;0.7681381
26968;0.5875673;0.7526051
26976;0.3730472;0.8047395
26984;0.3185705;0.7634178
26992;0.3293408;0.8296071
27000;0.4310645;0.8201851
27008;0.388839;0.8586316
27016;0.3519307;0.8891489
27024;0.4887396;0.8090527
27032;0.6138439;0.7579657
27040;0.6191025;0.7344673
27048;0.4193148;0.8979328
27056;0.3847149;0.940049
27064;0.4581537;0.8489168
27072;0.5376788;0.791734
27080;0.5772147;0.7794882
27088;0.4602025;0.9235901
27096;0.4331984;0.9700617
27104;0.4872882;0.9838201
27112;0.5156141;0.829612
27120;0.4900495;0.8734468
27128;0.5071838;0.9387977
27136;0.5386191;0.9944095
27144;0.5651459;0.8054074
27152;0.548398;0.8451849
27160;0.5285183;0.8905829
27168;0.5522981;0.9485521
27176;0.5870398;0.9963297
27184;0.6046219;0.7880604
27192;0.5683858;0.9001063
27200;0.5958791;0.9514641
27208;0.6329588;0.9942247
27216;0.5949429;0.8145631
27224;0.5834017;0.8548434
27232;0.6073382;0.9038665
27240;0.6388498;0.9502879
27248;0.6788184;0.9899874
27256;0.625961;0.8194886
27264;0.6336355;0.7910731
27272;0.617771;0.8600976
27280;0.6468418;0.9039598
27288;0.6832266;0.945568
27296;0.7220359;0.9844519
27304;0.6539516;0.8615841
27312;0.6882116;0.9006727
27320;0.7271699;0.9377391
27328;0.7658058;0.9785883
27336;0.6583123;0.8211055
27344;0.6905121;0.8593485
27352;0.7640058;0.9287831
27360;0.8117164;0.9751152
27368;0.7276368;0.8942865
27376;0.6632118;0.7927973
27384;0.6913465;0.8201746
27392;0.7248093;0.8541436
27400;0.7611128;0.8855337
27408;0.8080387;0.9138493
27416;0.6407121;0.7618178
27424;0.6444534;0.7395629
27432;0.6679501;0.7638281
27440;0.6700432;0.7438529
27448;0.694185;0.7918487
27456;0.6966974;0.7637195
27464;0.6969678;0.7455932
27472;0.7220342;0.8159655
27480;0.7243253;0.7602252
27488;0.7235504;0.7437615
27496;0.7236572;0.7868737
27504;0.7547641;0.8458317
27512;0.7509891;0.7533256
27520;0.7509686;0.7374139
27528;0.7514364;0.8087992
27536;0.7511269;0.778702
27544;0.7968932;0.873422
27552;0.7745786;0.7446756
27560;0.7750592;0.7275628
27568;0.7845879;0.8342832
27576;0.7761086;0.7996971
27584;0.7745413;0.7683284
27592;0.7950566;0.7328261
27600;0.7945563;0.717032
27608;0.7948686;0.758463
27616;0.7975248;0.7898682
27624;0.8070486;0.8224284
27632;0.8274043;0.8572131
27640;0.8111497;0.7215518
27648;0.8087894;0.7046488
27656;0.813654;0.7454523
27664;0.8178965;0.7775266
27672;0.8291618;0.8073547
27680;0.8257765;0.7085205
27688;0.8216596;0.6913339
27696;0.8306978;0.7317325
27704;0.8371199;0.7605742
27712;0.8399704;0.6936343
27720;0.8346158;0.6762494
27728;0.8457603;0.7157387
27736;0.8508729;0.6772956
27744;0.8445362;0.6624454
27752;0.8499348;0.8367067
27760;0.8500686;0.7895959
27768;0.8541119;0.7417509
27776;0.8595805;0.6938784
27784;0.8613845;0.6598847
27792;0.853413;0.647531
27800;0.86837;0.8125062
27808;0.8697877;0.7688794
27816;0.8715535;0.7175831
27824;0.870838;0.6738806
27832;0.8691728;0.6423656
27840;0.8615873;0.6304371
27848;0.8850894;0.7869762
27856;0.8848938;0.7418984
27864;0.8856005;0.692554
27872;0.8787339;0.6559973
27880;0.8774501;0.6245808
27888;0.8677698;0.6132743
27896;0.8812162;0.608236
27904;0.8704699;0.5999404
27912;0.8901968;0.6161433
27920;0.8864641;0.635721
27928;0.9030083;0.6250215
27936;0.8995229;0.6496978
27944;0.9188032;0.6346156
27952;0.8940774;0.6704576
27960;0.9142907;0.6605114
27968;0.9345358;0.6436747
27976;0.9089473;0.682812
27984;0.9298055;0.6708682
27992;0.9494764;0.6513926
28000;0.9009532;0.7082667
28008;0.9449732;0.6807364
28016;0.9663008;0.6591679
28024;0.9618032;0.689119
28032;0.9249856;0.6944604
28040;0.9405999;0.7063504
28048;0.9572139;0.7174978
28056;0.9163821;0.7240718
28064;0.9328495;0.7378596
28072;0.9511269;0.746955
28080;0.9414728;0.7793149
28088;0.9205104;0.771418
28096;0.9307699;0.8096585
28104;0.9005852;0.75878
28112;0.9056803;0.8017285
28120;0.9184206;0.8384356
28128;0.8901624;0.8289226
28136;0.902042;0.867664
28144;0.8725997;0.855849
28152;0.8858747;0.8961166
28160;0.8517751;0.8820976
28168;0.8712235;0.932635
28176;0.8635084;0.9749792
28184;0.1303803;0.6188926
28192;0.1380955;0.6612366
28200;0.1898873;0.6613728
28208;0.1935651;0.6001068
28216;0.237598;0.6150405
28224;0.2357979;0.6648457
28232;0.1498287;0.5683551
28240;0.1157292;0.5823741
28248;0.2744339;0.6239967
28256;0.2795679;0.6707095
28264;0.1290042;0.5421067
28272;0.09956175;0.5539215
28280;0.3183772;0.6318257
28288;0.3227855;0.6762449
28296;0.1114415;0.5151802
28304;0.08318314;0.5246932
28312;0.362754;0.6365455
28320;0.368645;0.6804823
28328;0.09592351;0.487986
28336;0.07083368;0.495916
28344;0.4057247;0.6377217
28352;0.414564;0.6825871
28360;0.08109337;0.4576755
28368;0.0601311;0.4655722
28376;0.4493057;0.6348096
28384;0.4629848;0.680667
28392;0.06875435;0.4241171
28400;0.05047673;0.4332124
28408;0.04438996;0.4037551
28416;0.06100383;0.3926079
28424;0.03980064;0.3753765
28432;0.08522168;0.4103292
28440;0.1010187;0.4450373
28448;0.05663049;0.3669936
28456;0.03530297;0.3454254
28464;0.05212754;0.3376501
28472;0.07661808;0.3807178
28480;0.07179847;0.3571255
28488;0.06706786;0.3299321
28496;0.08731306;0.3467689
28504;0.08280057;0.3208731
28512;0.09265643;0.3690694
28520;0.1006506;0.3945241
28528;0.1020808;0.3359554
28536;0.09859544;0.3112789
28544;0.1075264;0.3567149
28552;0.1151396;0.3219784
28560;0.1114069;0.3024007
28568;0.11671;0.4281558
28576;0.1160033;0.3788115
28584;0.12287;0.3422547
28592;0.1241537;0.3108382
28600;0.1203877;0.2944933
28608;0.133834;0.2995317
28616;0.1311338;0.2861977
28624;0.1400165;0.3166945
28632;0.1324311;0.328623
28640;0.1481908;0.3337885
28648;0.1402192;0.3461421
28656;0.1570677;0.3487029
28664;0.1307658;0.3601379
28672;0.150731;0.363553
28680;0.166988;0.3625068
28688;0.1420235;0.3801358
28696;0.1616335;0.3798917
28704;0.1799441;0.3775914
28712;0.1300502;0.4038405
28720;0.1758273;0.3947779
28728;0.1928145;0.3909062
28736;0.1558436;0.401996
28744;0.1474919;0.4280083
28752;0.190454;0.4078091
28760;0.2070475;0.4032893
28768;0.170906;0.4179901
28776;0.1318161;0.4551367
28784;0.2065472;0.4190836
28792;0.2265445;0.4138201
28800;0.1879496;0.4317096
28808;0.164484;0.4468316
28816;0.1165144;0.4732337
28824;0.2270253;0.430933
28832;0.2506351;0.4236714
28840;0.2067351;0.4447204
28848;0.1837073;0.4637842
28856;0.1515352;0.4758534
28864;0.1332338;0.4987637
28872;0.2506146;0.4395829
28880;0.2780535;0.430019
28888;0.2270626;0.4545856
28896;0.204079;0.4761257
28904;0.172442;0.4936121
28912;0.151669;0.5229641
28920;0.2772786;0.4464826
28928;0.304636;0.4318507
28936;0.2504768;0.4649594
28944;0.1945553;0.5086858
28952;0.1741995;0.5434706
28960;0.2254952;0.4859545
28968;0.3049063;0.4499768
28976;0.3315606;0.4301104
28984;0.2047106;0.5596794
28992;0.2170158;0.5205408
29000;0.2501674;0.4950568
29008;0.2779466;0.4731311
29016;0.3336538;0.4500854
29024;0.3571504;0.4258204
29032;0.240491;0.5717911
29040;0.2468397;0.5320893
29048;0.3074188;0.4781061
29056;0.2795695;0.502223
29064;0.3608916;0.4480752
29072;0.3825014;0.4207248
29080;0.273967;0.5805442
29088;0.2767944;0.540401
29096;0.338392;0.4790547
29104;0.3102573;0.5064321
29112;0.3877599;0.444223
29120;0.4071035;0.4139355
29128;0.3133922;0.5869302
29136;0.3110917;0.545606
29144;0.3432916;0.5073631
29152;0.3679683;0.4773306
29160;0.3547619;0.5902174
29168;0.3476524;0.5478417
29176;0.3756427;0.5057462
29184;0.3942657;0.5901239
29192;0.3838329;0.5463554
29200;0.433218;0.5863637
29208;0.4182021;0.541101
29216;0.3969821;0.4743178
29224;0.4066609;0.5008206
29232;0.4532059;0.5314425
29240;0.4730855;0.5768403
29248;0.4364581;0.4916648
29256;0.4243891;0.4657457
29264;0.49442;0.6250552
29272;0.5143157;0.6700777
29280;0.5115546;0.5597042
29288;0.5414015;0.6098476
29296;0.5684056;0.6563193
29304;0.6168889;0.6263064
29312;0.5822891;0.5841902
29320;0.6496733;0.5754062
29328;0.4859898;0.5158694
29336;0.6127648;0.5448892
29344;0.6722631;0.5158644
29352;0.5434502;0.5351744
29360;0.4639251;0.4779916
29368;0.6285567;0.4909969
29376;0.6830335;0.4496752
29384;0.6398152;0.4342141
29392;0.5128642;0.4953102
29400;0.5705394;0.5064428
29408;0.5859338;0.4637701
29416;0.5961187;0.4145111
29424;0.5340143;0.4697059
29432;0.5481552;0.4364719
29440;0.5582513;0.3993025
29448;0.4867187;0.4602817
29456;0.5173912;0.4164524
29464;0.5258876;0.3875201
29472;0.5056967;0.4411887
29480;0.449516;0.4543953
29488;0.4957637;0.4009757
29496;0.5003624;0.377221
29504;0.4702369;0.4392633
29512;0.4860644;0.4223914
29520;0.4140365;0.4388625
29528;0.4362472;0.4291731
29536;0.4253947;0.4049895
29544;0.4552684;0.4180082
29552;0.4408967;0.3961231
29560;0.4696561;0.4047929
29568;0.4548591;0.3878319
29576;0.4809031;0.3890158
29584;0.4663691;0.3774193
29592;0.4886517;0.3715127
29600;0.4742844;0.3638641
29608;0.8712235;0.932635
29616;0.8635084;0.9749792
29624;0.9324558;0.9761925
29632;0.9355489;0.934069
29640;0.992487;0.9770274
29648;0.8858747;0.8961166
29656;0.992487;0.9348874
29664;0.939713;0.8982553
29672;0.902042;0.867664
29680;0.992487;0.898169
29688;0.9465129;0.8702041
29696;0.9184206;0.8384356
29704;0.992487;0.8710017
29712;0.9549222;0.8419478
29720;0.9307699;0.8096585
29728;0.992487;0.8425761
29736;0.9621565;0.8126068
29744;0.9414728;0.7793149
29752;0.992487;0.8128644
29760;0.967044;0.7829249
29768;0.9511269;0.746955
29776;0.992487;0.7850615
29784;0.971486;0.7527947
29792;0.992487;0.7567513
29800;0.9572139;0.7174978
29808;0.9748065;0.7241562
29816;0.992487;0.7294084
29824;0.992487;0.6992847
29832;0.9771297;0.6943169
29840;0.992487;0.6690395
29848;0.9618032;0.689119
29856;0.9791825;0.6636757
29864;0.9663008;0.6591679
29872;0.05111486;0.9575113
29880;0.05138516;0.9575542
29888;0.05144966;0.957125
29896;0.05112123;0.9570795
29904;0.05147451;0.9566873
29912;0.05102021;0.9565656
29920;0.05149466;0.9562516
29928;0.05085641;0.9574824
29936;0.05110252;0.9560671
29944;0.05085564;0.9571362
29952;0.05064481;0.9574803
29960;0.05064869;0.9572097
29968;0.05046791;0.9574869
29976;0.05068642;0.9562113
29984;0.05074131;0.9558363
29992;0.05078018;0.956769
30000;0.05047977;0.9572673
30008;0.05035245;0.9574877
30016;0.05035526;0.9559115
30024;0.05032289;0.9555597
30032;0.04995513;0.9555501
30040;0.05056924;0.9564713
30048;0.0505687;0.9569463
30056;0.05032521;0.95732
30064;0.05028236;0.9574893
30072;0.05022913;0.9574861
30080;0.0503161;0.9562203
30088;0.0500223;0.9559655
30096;0.05043721;0.9566913
30104;0.05040842;0.9570585
30112;0.05023605;0.9564822
30120;0.04972053;0.9559094
30128;0.049649;0.9556046
30136;0.0499903;0.9563358
30144;0.04945189;0.9559106
30152;0.04936475;0.9556595
30160;0.04973537;0.9562421
30168;0.04920155;0.9559438
30176;0.04910529;0.9557264
30184;0.04950672;0.9562113
30192;0.04896265;0.9559952
30200;0.04886234;0.9557956
30208;0.04928732;0.9562113
30216;0.0490678;0.9562386
30224;0.04873061;0.9560546
30232;0.04863715;0.9558725
30240;0.04932249;0.9563908
30248;0.04952335;0.9564323
30256;0.04884267;0.9562753
30264;0.04850543;0.9561209
30272;0.04841936;0.9559448
30280;0.04972386;0.9564888
30288;0.04861975;0.9563289
30296;0.04829395;0.9562043
30304;0.04821897;0.9560392
30312;0.04993683;0.9565665
30320;0.04839569;0.9563918
30328;0.04809397;0.9562981
30336;0.04802984;0.9561465
30344;0.04785013;0.956279
30352;0.05013514;0.9566945
30360;0.04818535;0.956465
30368;0.04790646;0.9564136
30376;0.04769397;0.9564695
30384;0.05029678;0.9568575
30392;0.0479899;0.9565633
30400;0.04774421;0.9565964
30408;0.04752004;0.9567576
30416;0.05025661;0.9571531
30424;0.04782981;0.9566994
30432;0.0502221;0.957344
30440;0.05003262;0.9568696
30448;0.05016065;0.957
30456;0.05015033;0.9572022
30464;0.04987282;0.9567447
30472;0.04968512;0.9566776
30480;0.04951131;0.9566182
30488;0.04933757;0.9565769
30496;0.04994917;0.9569634
30504;0.04980397;0.9568685
30512;0.04964513;0.9567931
30520;0.04948509;0.9567313
30528;0.04932272;0.9566913
30536;0.05006117;0.9570731
30544;0.04915243;0.9565701
30552;0.04915243;0.9566765
30560;0.04911989;0.9564007
30568;0.04891056;0.9564288
30576;0.04896039;0.9565884
30584;0.04869574;0.9564655
30592;0.04897183;0.9566891
30600;0.04876143;0.9566067
30608;0.04847533;0.9565111
30616;0.04878664;0.9567027
30624;0.04855347;0.9566387
30632;0.04825956;0.9565747
30640;0.04859346;0.9567268
30648;0.04834539;0.9566822
30656;0.0480687;0.9566691
30664;0.04840946;0.9567763
30672;0.04814649;0.956744
30680;0.0479213;0.9567828
30688;0.04822963;0.9568236
30696;0.04799336;0.9568353
30704;0.04807431;0.9568852
30712;0.04845172;0.9568421
30720;0.04828793;0.9568821
30728;0.04813635;0.9569266
30736;0.04862559;0.9568003
30744;0.04880613;0.9567828
30752;0.04897839;0.956772
30760;0.04914635;0.9567603
30768;0.04930568;0.9567755
30776;0.04946035;0.9568133
30784;0.04960823;0.9568738
30792;0.04975295;0.956944
30800;0.04865062;0.9568648
30808;0.04882038;0.9568448
30816;0.04898411;0.9568325
30824;0.04914284;0.9568285
30832;0.04929173;0.9568454
30840;0.04943538;0.9568834
30848;0.04957336;0.9569421
30856;0.04848421;0.956902
30864;0.04832536;0.9569301
30872;0.04818314;0.9569635
30880;0.04914069;0.9569116
30888;0.04927665;0.9569318
30896;0.04940689;0.9569654
30904;0.04899299;0.9569094
30912;0.04883665;0.9569238
30920;0.04867023;0.9569516
30928;0.04851562;0.9569746
30936;0.0483622;0.9569972
30944;0.04821962;0.9570135
30952;0.04884839;0.9569908
30960;0.04869747;0.9570113
30968;0.04854661;0.9570366
30976;0.04839569;0.9570503
30984;0.04870433;0.9570617
30992;0.04900151;0.9569748
31000;0.04825395;0.9570594
31008;0.04855806;0.9570845
31016;0.04885292;0.9570411
31024;0.04884839;0.9570982
31032;0.04870206;0.9571189
31040;0.04900843;0.9570252
31048;0.04914099;0.9569771
31056;0.04913872;0.9570228
31064;0.04900151;0.9570823
31072;0.04926902;0.9569908
31080;0.04925984;0.9570388
31088;0.0493902;0.9570228
31096;0.04884839;0.9571714
31104;0.04870206;0.9571943
31112;0.04899466;0.9571553
31120;0.04913187;0.9570845
31128;0.04912728;0.9571486
31136;0.04855573;0.9571371
31144;0.04852253;0.9572537
31152;0.04925299;0.9570937
31160;0.04924387;0.9571508
31168;0.04936963;0.957128
31176;0.04936731;0.9571828
31184;0.04841399;0.957144
31192;0.04843032;0.9572455
31200;0.04834807;0.9572382
31208;0.04841167;0.9570914
31216;0.04827458;0.9570937
31224;0.04829741;0.9571531
31232;0.04829824;0.9572141
31240;0.0481922;0.9571371
31248;0.04823726;0.9571808
31256;0.04821277;0.9571692
31264;0.04816937;0.9570914
31272;0.04815084;0.9570664
31280;0.04810911;0.9570348
31288;0.04814613;0.9571126
31296;0.04808497;0.9570096
31304;0.04816651;0.957131
31312;0.04810894;0.95709
31320;0.04802328;0.9569897
31328;0.04814082;0.9571344
31336;0.04815954;0.9571417
31344;0.04807359;0.9570736
31352;0.04818493;0.9571548
31360;0.04816294;0.9571674
31368;0.04819411;0.9571741
31376;0.04821962;0.9571781
31384;0.04820251;0.9571926
31392;0.04822856;0.9571865
31400;0.04826778;0.9572136
31408;0.04810935;0.9571269
31416;0.04814315;0.9571657
31424;0.0482595;0.9572402
31432;0.04830557;0.9572325
31440;0.04818434;0.9572002
31448;0.04830259;0.9572742
31456;0.04839206;0.9572686
31464;0.04824764;0.9572657
31472;0.04816818;0.9572114
31480;0.04812336;0.9571691
31488;0.04807383;0.9571245
31496;0.04803157;0.9570662
31504;0.04837316;0.9573127
31512;0.04829407;0.957307
31520;0.0482313;0.9572909
31528;0.04815537;0.9572217
31536;0.04808426;0.9571813
31544;0.04802203;0.9571286
31552;0.04797274;0.9570617
31560;0.0484429;0.9573337
31568;0.04847217;0.9572801
31576;0.04852897;0.9572735
31584;0.04797405;0.95697
31592;0.04787904;0.956952
31600;0.04789621;0.9570639
31608;0.04796082;0.9571357
31616;0.04779786;0.9569268
31624;0.04803741;0.9571987
31632;0.04787952;0.9571604
31640;0.0479756;0.9572228
31648;0.04782671;0.9570607
31656;0.04779953;0.9571905
31664;0.04774654;0.9570508
31672;0.04772019;0.9572133
31680;0.04770744;0.9568759
31688;0.04765344;0.9570335
31696;0.04763865;0.9572253
31704;0.04760921;0.956817
31712;0.04755396;0.9570208
31720;0.04753494;0.9572375
31728;0.04745692;0.9570312
31736;0.04736465;0.9568537
31744;0.04744262;0.9572464
31752;0.04733682;0.9570808
31760;0.04732811;0.9572762
31768;0.05443341;0.9548811
31776;0.05441737;0.9550858
31784;0.0545252;0.9554075
31792;0.05425787;0.9546193
31800;0.05428386;0.9548872
31808;0.05390465;0.9540921
31816;0.05404687;0.954471
31824;0.05382407;0.9544181
31832;0.05410093;0.9547123
31840;0.05366486;0.9542595
31848;0.05360425;0.9544944
31856;0.05370063;0.9544722
31864;0.05390185;0.9545956
31872;0.05359024;0.9547756
31880;0.05396008;0.9547752
31888;0.05377305;0.9546487
31896;0.05368912;0.95467
31904;0.05376852;0.9548349
31912;0.05350393;0.9549243
31920;0.05383927;0.9548153
31928;0.05368739;0.9549198
31936;0.05405539;0.9550141
31944;0.05394721;0.9550568
31952;0.05388266;0.9550668
31960;0.05379903;0.9551195
31968;0.05361539;0.9550258
31976;0.05345255;0.9550495
31984;0.05417669;0.9549296
31992;0.05331308;0.9551336
32000;0.05322921;0.9552629
32008;0.05341399;0.9551678
32016;0.0535602;0.9551203
32024;0.05372405;0.9551969
32032;0.05429661;0.9550955
32040;0.05317891;0.9553937
32048;0.053886;0.9553217
32056;0.05439413;0.9552656
32064;0.05310786;0.9555068
32072;0.05397218;0.9553044
32080;0.05402756;0.9552876
32088;0.05411792;0.9552311
32096;0.05422997;0.9551272
32104;0.05428308;0.955287
32112;0.05313015;0.9555644
32120;0.05317634;0.9554853
32128;0.05308998;0.9556369
32136;0.05310142;0.9557115
32144;0.05312973;0.9556217
32152;0.05317938;0.9555368
32160;0.05433911;0.9554431
32168;0.0541687;0.9554157
32176;0.0544759;0.955561
32184;0.05407637;0.9554718
32192;0.05457938;0.9557435
32200;0.05402011;0.9554775
32208;0.05468976;0.9561446
32216;0.05465662;0.9565322
32224;0.05459166;0.9561704
32232;0.05451453;0.9558503
32240;0.05393463;0.955479
32248;0.0545938;0.9568571
32256;0.05438936;0.9557047
32264;0.05420202;0.9555887
32272;0.054111;0.95564
32280;0.05405283;0.9556413
32288;0.05397588;0.9556339
32296;0.05452961;0.9567459
32304;0.05457836;0.9564896
32312;0.05451816;0.9562054
32320;0.0544976;0.9570122
32328;0.05449414;0.9564987
32336;0.05441201;0.9559639
32344;0.05447513;0.957194
32352;0.05440742;0.9562443
32360;0.05424422;0.9558095
32368;0.05434382;0.9574687
32376;0.05426759;0.9560268
32384;0.05413669;0.955843
32392;0.05415404;0.9560361
32400;0.05407596;0.9558348
32408;0.05409443;0.9560194
32416;0.0540055;0.9558156
32424;0.05403;0.9559898
32432;0.05427092;0.9562513
32440;0.0541597;0.9562272
32448;0.05410218;0.9561988
32456;0.05404711;0.9561529
32464;0.05438656;0.9564972
32472;0.0544495;0.9567082
32480;0.05447096;0.9569044
32488;0.05397648;0.9559647
32496;0.05398768;0.9561148
32504;0.05394822;0.9558051
32512;0.05389261;0.9556331
32520;0.05384827;0.9554895
32528;0.05379885;0.955348
32536;0.05441439;0.9569952
32544;0.05439031;0.9571151
32552;0.05440372;0.9568606
32560;0.05434585;0.9572756
32568;0.05435586;0.9569902
32576;0.05435151;0.9567004
32584;0.05430949;0.9571244
32592;0.05431283;0.9568555
32600;0.05425656;0.9564753
32608;0.05423236;0.9566664
32616;0.05415303;0.9564376
32624;0.05427265;0.9569789
32632;0.05419689;0.9568202
32640;0.05409557;0.9563987
32648;0.05413306;0.9566201
32656;0.05404735;0.9563657
32664;0.05408508;0.9565843
32672;0.05399513;0.9563379
32680;0.05403572;0.9565311
32688;0.05398613;0.956484
32696;0.05410457;0.9567683
32704;0.05405837;0.9567293
32712;0.05400902;0.9566671
32720;0.05395943;0.9566228
32728;0.05416155;0.9569451
32736;0.05391794;0.9562926
32744;0.05391139;0.9564231
32752;0.05388403;0.9565457
32760;0.05391145;0.9560902
32768;0.05390424;0.9559572
32776;0.05387789;0.9558101
32784;0.05383819;0.9556526
32792;0.05378067;0.9555119
32800;0.05373234;0.9553773
32808;0.05366242;0.9552467
32816;0.0535149;0.9552165
32824;0.05336505;0.9552711
32832;0.05330878;0.9553705
32840;0.05327559;0.955458
32848;0.05324841;0.9555421
32856;0.05319518;0.955615
32864;0.05317014;0.9556985
32872;0.05326492;0.9556376
32880;0.05329829;0.9555612
32888;0.05333871;0.9554704
32896;0.05341083;0.955382
32904;0.05317843;0.9557866
32912;0.05324185;0.9557068
32920;0.05320358;0.9558797
32928;0.05326581;0.9557539
32936;0.0533464;0.9556686
32944;0.05339015;0.9555765
32952;0.05345583;0.9557208
32960;0.05337185;0.9557617
32968;0.05343151;0.9554965
32976;0.05323774;0.9559607
32984;0.05329251;0.9558208
32992;0.0533188;0.9559283
33000;0.05321723;0.9561278
33008;0.05336726;0.9559159
33016;0.05328375;0.9560245
33024;0.05333012;0.9560589
33032;0.05341828;0.9559054
33040;0.0532068;0.9562875
33048;0.05326676;0.9561893
33056;0.05336428;0.9560835
33064;0.05324602;0.9563149
33072;0.05345005;0.9559556
33080;0.05320466;0.9564122
33088;0.05329901;0.9562221
33096;0.05318332;0.9565244
33104;0.05319178;0.9566914
33112;0.05322731;0.9569005
33120;0.05334228;0.9562347
33128;0.05329365;0.9563181
33136;0.05325085;0.9564123
33144;0.05322802;0.9565243
33152;0.05323976;0.9566742
33160;0.05339396;0.9561213
33168;0.05338758;0.9562466
33176;0.05334353;0.9563345
33184;0.05331349;0.9564117
33192;0.05327034;0.9568566
33200;0.05328918;0.9565147
33208;0.05348504;0.9559979
33216;0.05343711;0.9561434
33224;0.05348271;0.9561634
33232;0.05345219;0.9562734
33240;0.05351436;0.9560266
33248;0.05338645;0.9564258
33256;0.05335754;0.956501
33264;0.05342126;0.9563498
33272;0.05329549;0.9566141
33280;0.05335087;0.9565857
33288;0.05330497;0.9567192
33296;0.05336648;0.9566805
33304;0.05342048;0.9565619
33312;0.05341011;0.9564918
33320;0.0534429;0.9564259
33328;0.05332059;0.9568261
33336;0.05348033;0.9563649
33344;0.05347872;0.9564812
33352;0.0534423;0.9566207
33360;0.05329871;0.9569789
33368;0.05339074;0.9567564
33376;0.05327278;0.9570571
33384;0.05333185;0.957179
33392;0.05335408;0.957104
33400;0.05338877;0.9572629
33408;0.05334187;0.9569033
33416;0.05344981;0.95731
33424;0.05341554;0.956862
33432;0.05338079;0.9569759
33440;0.05342519;0.9571836
33448;0.05352449;0.9573459
33456;0.05348736;0.9572149
33464;0.05344927;0.9570404
33472;0.05350101;0.9569171
33480;0.05352473;0.9567863
33488;0.05353147;0.9570876
33496;0.05356979;0.9574701
33504;0.05356604;0.9572265
33512;0.05361396;0.9573507
33520;0.05365098;0.9576467
33528;0.05347341;0.9566817
33536;0.05364466;0.9572001
33544;0.05367851;0.9574574
33552;0.05379373;0.9578059
33560;0.05351377;0.9565387
33568;0.05369747;0.9573189
33576;0.05372846;0.9571496
33584;0.05362159;0.9570905
33592;0.05377656;0.9575801
33600;0.05396998;0.9577883
33608;0.05376774;0.9574101
33616;0.05388916;0.9576498
33624;0.05416018;0.9576848
33632;0.0536043;0.9569544
33640;0.05377668;0.9572587
33648;0.05385911;0.9574925
33656;0.05385137;0.957338
33664;0.05399406;0.9576741
33672;0.05363798;0.9568234
33680;0.05385309;0.9571837
33688;0.05391926;0.9575351
33696;0.05403262;0.9575397
33704;0.05412674;0.9575927
33712;0.05393237;0.9574061
33720;0.05425864;0.9574484
33728;0.05417567;0.9573991
33736;0.05425668;0.9572614
33744;0.05399597;0.9574659
33752;0.05391926;0.9572446
33760;0.05410492;0.957347
33768;0.05400795;0.9572992
33776;0.05422491;0.9571109
33784;0.05417693;0.957235
33792;0.05412132;0.9570698
33800;0.05407375;0.9571823
33808;0.0539825;0.9571344
33816;0.05407035;0.9569045
33824;0.05403054;0.9570181
33832;0.05402362;0.9568681
33840;0.05392152;0.9570888
33848;0.05397469;0.9567865
33856;0.05397654;0.9569799
33864;0.05380821;0.9570848
33872;0.05387384;0.9569983
33880;0.05377769;0.9569998
33888;0.05392569;0.9568959
33896;0.05392796;0.9567386
33904;0.0538395;0.956938
33912;0.0538882;0.9568408
33920;0.05370641;0.9570515
33928;0.0537051;0.9569604
33936;0.0537529;0.956857
33944;0.05380124;0.9567636
33952;0.05385256;0.956664
33960;0.05368978;0.9567068
33968;0.05373943;0.9566011
33976;0.05360264;0.9566505
33984;0.05378109;0.9564836
33992;0.05367118;0.9565374
34000;0.05355585;0.9565842
34008;0.05381036;0.9563677
34016;0.05371183;0.9564288
34024;0.05362672;0.9564921
34032;0.05357927;0.9564511
34040;0.05382425;0.9562529
34048;0.05373877;0.9563327
34056;0.05366975;0.9563964
34064;0.05383366;0.9560696
34072;0.05376172;0.9562274
34080;0.05370373;0.9562901
34088;0.05382979;0.9559394
34096;0.05377185;0.9560603
34104;0.05380505;0.9558045
34112;0.0536176;0.9563546
34120;0.0537228;0.9561911
34128;0.0537591;0.9559248
34136;0.05376816;0.9556682
34144;0.05364639;0.9562557
34152;0.05356574;0.9563278
34160;0.05371666;0.9560441
34168;0.0537377;0.9558057
34176;0.05365717;0.9561744
34184;0.05370146;0.9559252
34192;0.05372679;0.9555306
34200;0.05365926;0.9554094
34208;0.05367303;0.9555541
34216;0.05369592;0.9556856
34224;0.05359668;0.9553086
34232;0.05359578;0.955454
34240;0.05345827;0.9553037
34248;0.05353463;0.9553691
34256;0.0534845;0.9554303
34264;0.05361313;0.9555764
34272;0.0535444;0.9554935
34280;0.0535062;0.9555413
34288;0.05356824;0.9556147
34296;0.05363011;0.955702
34304;0.05347347;0.9556111
34312;0.05351055;0.9556943
34320;0.05355108;0.9557662
34328;0.05349123;0.9557931
34336;0.05352831;0.9558558
34344;0.05356526;0.9559019
34352;0.05360985;0.9558484
34360;0.05360299;0.9559469
34368;0.05367512;0.9558167
34376;0.05364513;0.9559367
34384;0.05354738;0.9560484
34392;0.05365932;0.9560421
34400;0.0535937;0.9560497
34408;0.05353427;0.956184
34416;0.05359602;0.956201
34424;0.05350983;0.9562925
34432;0.05353212;0.9564031
34440;0.04835373;0.9573533
34448;0.04828024;0.9573438
34456;0.04821539;0.9573157
34464;0.04812223;0.9572518
34472;0.04808092;0.9572852
34480;0.04802233;0.9573256
34488;0.0481835;0.9573488
34496;0.04814261;0.9573824
34504;0.04808086;0.9574241
34512;0.04826516;0.9573753
34520;0.04833806;0.9573925
34528;0.04820073;0.9574657
34536;0.04815048;0.9575183
34544;0.04823971;0.9574189
34552;0.04826409;0.9575428
34560;0.04822105;0.9576046
34568;0.04831862;0.9574358
34576;0.04829645;0.9574862
34584;0.04841614;0.9573893
34592;0.04833186;0.9576143
34600;0.04830265;0.9576862
34608;0.04835594;0.9575499
34616;0.04837662;0.9574876
34624;0.04839653;0.9574314
34632;0.04850435;0.957337
34640;0.04860711;0.9572583
34648;0.04841185;0.9576884
34656;0.04839045;0.9577698
34664;0.04842997;0.9576138
34672;0.04844773;0.9575385
34680;0.0484798;0.9574026
34688;0.04846251;0.9574584
34696;0.04858071;0.9573263
34704;0.04850245;0.957758
34712;0.04848105;0.9578536
34720;0.04851437;0.9576687
34728;0.04852301;0.9575677
34736;0.04855329;0.9574007
34744;0.04853237;0.9574748
34752;0.04866034;0.9573114
34760;0.04869062;0.9572389
34768;0.04863572;0.9573964
34776;0.04876983;0.9572945
34784;0.04879326;0.9572201
34792;0.04861951;0.9574806
34800;0.04861277;0.9575903
34808;0.04874742;0.9573805
34816;0.04889721;0.957263
34824;0.04891485;0.9571949
34832;0.04873514;0.9574727
34840;0.0488807;0.9573505
34848;0.04902667;0.9572427
34856;0.04903126;0.9571791
34864;0.04860431;0.9577153
34872;0.04872954;0.9576055
34880;0.04887277;0.9574489
34888;0.04859501;0.9578221
34896;0.0485788;0.9579271
34904;0.04872113;0.9577526
34912;0.04871184;0.9578759
34920;0.04869986;0.9579844
34928;0.04886746;0.9576086
34936;0.04885387;0.9579083
34944;0.04885006;0.958031
34952;0.04885793;0.9577764
34960;0.04900533;0.9579276
34968;0.04900473;0.958053
34976;0.04901189;0.9576132
34984;0.04900837;0.9577859
34992;0.04917657;0.9579281
35000;0.04918593;0.9580522
35008;0.04916596;0.9577931
35016;0.04933631;0.9579139
35024;0.04935455;0.9580366
35032;0.04932433;0.9577898
35040;0.04915965;0.9576195
35048;0.04901612;0.9574312
35056;0.04949081;0.957891
35064;0.04951978;0.9580026
35072;0.04967397;0.9579659
35080;0.04946554;0.9577845
35088;0.04964191;0.9578651
35096;0.04983199;0.9579055
35104;0.04930907;0.9576317
35112;0.04978883;0.9578311
35120;0.04996836;0.9578291
35128;0.04962075;0.9577703
35136;0.04991806;0.9577729
35144;0.05008417;0.9577363
35152;0.04915869;0.9574319
35160;0.04944479;0.9576476
35168;0.04975259;0.9577499
35176;0.05002964;0.9576995
35184;0.05017793;0.9576203
35192;0.04929972;0.9574463
35200;0.04960656;0.9576623
35208;0.04987371;0.9577187
35216;0.05011857;0.9575993
35224;0.04943639;0.9574789
35232;0.049725;0.957665
35240;0.04998016;0.9576628
35248;0.05016124;0.9574829
35256;0.04959095;0.957528
35264;0.04943377;0.9573737
35272;0.04983795;0.9576563
35280;0.05005872;0.9575737
35288;0.05014521;0.9573651
35296;0.04970163;0.9575599
35304;0.04993248;0.9576221
35312;0.05008382;0.957477
35320;0.05006844;0.9572387
35328;0.04958481;0.957435
35336;0.04980111;0.9575779
35344;0.04999536;0.9575458
35352;0.05007225;0.9573856
35360;0.04998791;0.9571245
35368;0.04969424;0.9574847
35376;0.04988486;0.9575738
35384;0.05001909;0.9574757
35392;0.05000311;0.9572706
35400;0.04987991;0.9570296
35408;0.04992139;0.9571732
35416;0.05000716;0.9574047
35424;0.04994375;0.9575211
35432;0.04978108;0.9575189
35440;0.04982209;0.9570887
35448;0.04993498;0.9573064
35456;0.04995704;0.957473
35464;0.04984516;0.9575234
35472;0.04970574;0.9570106
35480;0.04985207;0.9572309
35488;0.04994673;0.9574249
35496;0.04989529;0.9575006
35504;0.04975915;0.9571593
35512;0.04965156;0.9570891
35520;0.04988396;0.9573429
35528;0.04990727;0.9574696
35536;0.04986799;0.9574686
35544;0.04989678;0.9574413
35552;0.04986113;0.9574847
35560;0.04981309;0.9572721
35568;0.04984742;0.9573794
35576;0.04972392;0.9572057
35584;0.04982454;0.9574847
35592;0.04985982;0.9574537
35600;0.04978341;0.9573154
35608;0.04976326;0.9574624
35616;0.04982001;0.9574092
35624;0.04968512;0.9574137
35632;0.04958451;0.9573612
35640;0.04975373;0.9574183
35648;0.0496828;0.9573635
35656;0.04981083;0.9574594
35664;0.04958451;0.9572994
35672;0.04983145;0.9574664
35680;0.04984057;0.9574664
35688;0.04983598;0.9574594
35696;0.04980397;0.9574389
35704;0.04944098;0.9572343
35712;0.0497514;0.9573954
35720;0.04943568;0.9572947
35728;0.04930902;0.9571958
35736;0.04976737;0.957352
35744;0.0496828;0.9573407
35752;0.04930615;0.9572558
35760;0.04916245;0.957176
35768;0.04930282;0.9573352
35776;0.04915959;0.9572377
35784;0.0491603;0.9573203
35792;0.04901958;0.9573258
35800;0.04970336;0.9572446
35808;0.04962337;0.9571371
35816;0.04969656;0.9572903
35824;0.04958904;0.9572721
35832;0.04960507;0.9571782
35840;0.04959822;0.957224
35848;0.04947937;0.9572194
35856;0.04953337;0.9570236
35864;0.04951131;0.9570754
35872;0.0494976;0.9571166
35880;0.04949075;0.9571692
35888;0.04937875;0.9570685
35896;0.04789029;0.9546596
35904;0.04790354;0.9548398
35912;0.04785603;0.9546866
35920;0.0479179;0.9549997
35928;0.04785776;0.9552009
35936;0.04785019;0.9549981
35944;0.04780686;0.955148
35952;0.0478459;0.9548821
35960;0.04774529;0.9552408
35968;0.0477913;0.9550067
35976;0.04771745;0.9551201
35984;0.04762954;0.9552149
35992;0.04769135;0.9549688
36000;0.04776341;0.9548574
36008;0.04781574;0.9547626
36016;0.04751235;0.9553119
36024;0.04778266;0.9545718
36032;0.04775584;0.9546633
36040;0.04770315;0.9547447
36048;0.04760844;0.955063
36056;0.04740304;0.9553701
36064;0.04764658;0.9545451
36072;0.04765326;0.9544526
36080;0.04749769;0.9544148
36088;0.04766077;0.9543833
36096;0.04750645;0.9543347
36104;0.04753715;0.9541932
36112;0.04741651;0.953997
36120;0.04738319;0.9543013
36128;0.04739171;0.954173
36136;0.04724622;0.9541423
36144;0.04725504;0.95399
36152;0.04726171;0.9542725
36160;0.0470612;0.9541283
36168;0.04707694;0.9539895
36176;0.04694855;0.954126
36184;0.04694855;0.9539708
36192;0.04682016;0.9539895
36200;0.04714751;0.9542496
36208;0.04737377;0.9543937
36216;0.0468359;0.9541283
36224;0.04664207;0.95399
36232;0.04704916;0.9542314
36240;0.04725254;0.954348
36248;0.04735786;0.9544417
36256;0.0474447;0.9544944
36264;0.04665089;0.9541423
36272;0.04713142;0.9543366
36280;0.04751587;0.9545072
36288;0.04650545;0.954173
36296;0.04761732;0.9546543
36304;0.04674959;0.9542496
36312;0.04663539;0.9542725
36320;0.04651392;0.9543013
36328;0.04684794;0.9542314
36336;0.04639065;0.9543347
36344;0.04639935;0.9544148
36352;0.04623628;0.9543833
36360;0.04652333;0.9543937
36368;0.04664451;0.954348
36376;0.04653931;0.9544417
36384;0.04694855;0.9542223
36392;0.04676569;0.9543366
36400;0.04624379;0.9544526
36408;0.0464524;0.9544944
36416;0.04705149;0.9543091
36424;0.04684567;0.9543091
36432;0.04694855;0.9542977
36440;0.04625052;0.9545451
36448;0.04611444;0.9545718
36456;0.04638124;0.9545072
36464;0.04708338;0.9544624
36472;0.04702395;0.9544578
36480;0.04687315;0.9544578
36488;0.04694855;0.9544532
36496;0.04681373;0.9544624
36504;0.04714286;0.9544737
36512;0.04717958;0.954396
36520;0.04726869;0.9544006
36528;0.0472846;0.9544578
36536;0.04709023;0.9546109
36544;0.04715198;0.9545811
36552;0.04719782;0.9545013
36560;0.04722512;0.9544509
36568;0.04730064;0.9545447
36576;0.04733729;0.9544761
36584;0.04702395;0.954592
36592;0.04720694;0.9545651
36600;0.04736698;0.9545126
36608;0.0473761;0.9545516
36616;0.04740584;0.9545013
36624;0.04741436;0.9545573
36632;0.04745084;0.9545671
36640;0.04751748;0.9545927
36648;0.04749006;0.9546789
36656;0.04743069;0.95463
36664;0.04739445;0.9545962
36672;0.04756141;0.9547445
36680;0.04743397;0.9547383
36688;0.04763699;0.9548435
36696;0.04748744;0.9548137
36704;0.04736722;0.9545786
36712;0.04738885;0.9546817
36720;0.04736471;0.9546368
36728;0.04755861;0.9549301
36736;0.04734993;0.9546006
36744;0.04730976;0.9546201
36752;0.04731429;0.9546726
36760;0.04732579;0.9547229
36768;0.04735476;0.9547746
36776;0.04724574;0.9547344
36784;0.04725718;0.954675
36792;0.04726171;0.9546223
36800;0.04739887;0.9548613
36808;0.04719102;0.9546361
36816;0.0472275;0.954595
36824;0.04715425;0.9546841
36832;0.04706287;0.9546886
36840;0.04745084;0.954985
36848;0.04711092;0.9547504
36856;0.04748988;0.9551444
36864;0.04738879;0.9552057
36872;0.04729515;0.9554229
36880;0.04720694;0.9554751
36888;0.04728156;0.955259
36896;0.04736429;0.9550475
36904;0.04709482;0.955332
36912;0.04731327;0.9549203
36920;0.04719406;0.9553077
36928;0.04694867;0.9551896
36936;0.04708797;0.955178
36944;0.04694861;0.9550672
36952;0.04680902;0.955178
36960;0.04717731;0.9551525
36968;0.04726392;0.9551075
36976;0.04671979;0.9551525
36984;0.04706514;0.9550523
36992;0.04723233;0.9549801
37000;0.04714823;0.9550275
37008;0.0471077;0.9549066
37016;0.04718232;0.9548727
37024;0.04727507;0.9548122
37032;0.04714185;0.9547939
37040;0.04703861;0.9549294
37048;0.04705101;0.9547573
37056;0.04707253;0.9548168
37064;0.04701662;0.954829
37072;0.0470103;0.9546772
37080;0.04694855;0.9549401
37088;0.0470044;0.9547521
37096;0.04694855;0.9545876
37104;0.04694855;0.9548327
37112;0.04694855;0.9546794
37120;0.04687315;0.954592
37128;0.04694855;0.9547526
37136;0.0468868;0.9546772
37144;0.04689264;0.9547521
37152;0.04688048;0.954829
37160;0.04680681;0.9546109
37168;0.04684615;0.9547573
37176;0.04683423;0.9546886
37184;0.04685849;0.9549294
37192;0.04682457;0.9548168
37200;0.04683197;0.9550523
37208;0.04678941;0.9549066
37216;0.04675525;0.9547939
37224;0.04678619;0.9547504
37232;0.04665136;0.9547344
37240;0.04674286;0.9546841
37248;0.04674888;0.9550275
37256;0.04670608;0.9546361
37264;0.04663312;0.9551075
37272;0.04666483;0.9549801
37280;0.04671478;0.9548727
37288;0.04658389;0.9549203
37296;0.04662192;0.9548122
37304;0.0464983;0.9548613
37312;0.04654235;0.9547746
37320;0.0463385;0.9549301
37328;0.04640973;0.9548137
37336;0.04626018;0.9548435
37344;0.04620576;0.9549688
37352;0.04617977;0.9551201
37360;0.04615188;0.9552408
37368;0.04609025;0.955148
37376;0.04610586;0.9550067
37384;0.04603946;0.9552009
37392;0.04604697;0.9549981
37400;0.04597926;0.9549997
37408;0.04594231;0.9550422
37416;0.04595718;0.9548047
37424;0.04599357;0.9548398
37432;0.04605114;0.9548821
37440;0.0461337;0.9548574
37448;0.04597056;0.954631
37456;0.04600681;0.9546596
37464;0.04604113;0.9546866
37472;0.04608142;0.9547626
37480;0.04614127;0.9546633
37488;0.04619396;0.9547447
37496;0.04627979;0.9546543
37504;0.04633564;0.9547445
37512;0.04646313;0.9547383
37520;0.04640704;0.9546789
37528;0.04637963;0.9545927
37536;0.0464462;0.9545671
37544;0.04646635;0.95463
37552;0.04657125;0.9547229
37560;0.04648268;0.9545573
37568;0.04650831;0.9546817
37576;0.04663992;0.954675
37584;0.04649127;0.9545013
37592;0.04650271;0.9545962
37600;0.0465827;0.9546726
37608;0.04653007;0.9545126
37616;0.04653233;0.9546368
37624;0.04658735;0.9546201
37632;0.04652095;0.9545516
37640;0.04652995;0.9545786
37648;0.04659647;0.9545447
37656;0.04654711;0.9546006
37664;0.04663539;0.9546223
37672;0.04655993;0.9544761
37680;0.0466696;0.954595
37688;0.04669023;0.9545651
37696;0.04674512;0.9545811
37704;0.04669929;0.9545013
37712;0.04675424;0.9544737
37720;0.04671752;0.954396
37728;0.04667199;0.9544509
37736;0.04661244;0.9544578
37744;0.04662842;0.9544006
37752;0.03946364;0.9548811
37760;0.03947973;0.9550858
37768;0.03937197;0.9554075
37776;0.03963923;0.9546193
37784;0.03961325;0.9548872
37792;0.03999245;0.9540921
37800;0.03985023;0.954471
37808;0.04007304;0.9544181
37816;0.03979623;0.9547123
37824;0.0402323;0.9542595
37832;0.04029286;0.9544944
37840;0.04019642;0.9544722
37848;0.03999531;0.9545956
37856;0.04030681;0.9547756
37864;0.03993702;0.9547752
37872;0.04012406;0.9546487
37880;0.04020798;0.95467
37888;0.04012859;0.9548349
37896;0.04039311;0.9549243
37904;0.04005778;0.9548153
37912;0.04020977;0.9549198
37920;0.04044461;0.9550495
37928;0.04028177;0.9550258
37936;0.04009807;0.9551195
37944;0.04001439;0.9550668
37952;0.03994989;0.9550568
37960;0.04048312;0.9551678
37968;0.04033685;0.9551203
37976;0.04017317;0.9551969
37984;0.04001105;0.9553217
37992;0.03984165;0.9550141
38000;0.03992486;0.9553044
38008;0.03986955;0.9552876
38016;0.03972042;0.9549296
38024;0.03977919;0.9552311
38032;0.03960061;0.9550955
38040;0.03966713;0.9551272
38048;0.03950298;0.9552656
38056;0.03961396;0.955287
38064;0.03987694;0.9554775
38072;0.03982079;0.9554718
38080;0.03972828;0.9554157
38088;0.03955793;0.9554431
38096;0.0394212;0.955561
38104;0.03996241;0.955479
38112;0.03931773;0.9557435
38120;0.03920746;0.9561446
38128;0.03924048;0.9565322
38136;0.03930545;0.9561704
38144;0.03938258;0.9558503
38152;0.03950775;0.9557047
38160;0.0393033;0.9568571
38168;0.03969514;0.9555887
38176;0.03978598;0.95564
38184;0.03984416;0.9556413
38192;0.03992116;0.9556339
38200;0.0394851;0.9559639
38208;0.03965294;0.9558095
38216;0.03976035;0.955843
38224;0.03982115;0.9558348
38232;0.0398916;0.9558156
38240;0.03937888;0.9562054
38248;0.03931868;0.9564896
38256;0.03936756;0.9567459
38264;0.03940296;0.9564987
38272;0.03948963;0.9562443
38280;0.0393995;0.9570122
38288;0.03962946;0.9560268
38296;0.03942204;0.957194
38304;0.03974295;0.9560361
38312;0.03955328;0.9574687
38320;0.03980279;0.9560194
38328;0.03986704;0.9559898
38336;0.03962612;0.9562513
38344;0.03973734;0.9562272
38352;0.03979504;0.9561988
38360;0.03984988;0.9561529
38368;0.03951061;0.9564972
38376;0.03944755;0.9567082
38384;0.03942621;0.9569044
38392;0.0398016;0.9563987
38400;0.03974402;0.9564376
38408;0.03964055;0.9564753
38416;0.03954554;0.9567004
38424;0.03949344;0.9568606
38432;0.03948259;0.9569952
38440;0.03966475;0.9566664
38448;0.03950679;0.9571151
38456;0.03954124;0.9569902
38464;0.03958428;0.9568555
38472;0.03955126;0.9572756
38480;0.03958762;0.9571244
38488;0.03962445;0.9569789
38496;0.03970015;0.9568202
38504;0.03976405;0.9566201
38512;0.03981209;0.9565843
38520;0.0396384;0.9574484
38528;0.03964043;0.9572614
38536;0.03967214;0.9571109
38544;0.03973699;0.9576848
38552;0.03992712;0.9577883
38560;0.04010332;0.9578059
38568;0.04024613;0.9576467
38576;0.03977573;0.9570698
38584;0.0397203;0.957235
38592;0.03972149;0.9573991
38600;0.03977048;0.9575927
38608;0.03990304;0.9576741
38616;0.04000795;0.9576498
38624;0.03986454;0.9575397
38632;0.03979218;0.957347
38640;0.0401206;0.9575801
38648;0.03982329;0.9571823
38656;0.03990114;0.9574659
38664;0.03997791;0.9575351
38672;0.0398891;0.9572992
38680;0.04003799;0.9574925
38688;0.0399648;0.9574061
38696;0.04021859;0.9574574
38704;0.0401293;0.9574101
38712;0.04004574;0.957338
38720;0.03997791;0.9572446
38728;0.03991461;0.9571344
38736;0.04004407;0.9571837
38744;0.04012036;0.9572587
38752;0.04016864;0.9571496
38760;0.04019976;0.9573189
38768;0.04032719;0.9574701
38776;0.03986645;0.9570181
38784;0.03997564;0.9570888
38792;0.04028308;0.9573507
38800;0.0404315;0.957428
38808;0.04008901;0.9570848
38816;0.04025233;0.9572001
38824;0.04037261;0.9573459
38832;0.0405159;0.9573636
38840;0.04033101;0.9572265
38848;0.04044724;0.95731
38856;0.04059076;0.9572524
38864;0.04040968;0.9572149
38872;0.04036558;0.9570876
38880;0.04050839;0.9572629
38888;0.04047191;0.9571836
38896;0.04027545;0.9570905
38904;0.04044783;0.9570404
38912;0.04056513;0.957179
38920;0.04054308;0.957104
38928;0.04051626;0.9569759
38936;0.04039609;0.9569171
38944;0.04066253;0.9571021
38952;0.04029274;0.9569544
38960;0.04062438;0.9570571
38968;0.0401907;0.9570515
38976;0.04019201;0.9569604
38984;0.04011929;0.9569998
38992;0.04002333;0.9569983
39000;0.04005754;0.956938
39008;0.04014421;0.956857
39016;0.03992057;0.9569799
39024;0.03997135;0.9568959
39032;0.0400089;0.9568408
39040;0.04025912;0.9568234
39048;0.03992248;0.9567865
39056;0.03987348;0.9568681
39064;0.04009593;0.9567636
39072;0.03982675;0.9569045
39080;0.03973544;0.9569451
39088;0.03979254;0.9567683
39096;0.03983867;0.9567293
39104;0.03996921;0.9567386
39112;0.03988802;0.9566671
39120;0.03986132;0.9565311
39128;0.03993762;0.9566228
39136;0.04004455;0.956664
39144;0.03984964;0.9563657
39152;0.03991103;0.956484
39160;0.03990197;0.9563379
39168;0.04001307;0.9565457
39176;0.04020727;0.9567068
39184;0.03990948;0.9561148
39192;0.03998566;0.9564231
39200;0.04015768;0.9566011
39208;0.04037225;0.9567863
39216;0.03992069;0.9559647
39224;0.0399791;0.9562926
39232;0.04011595;0.9564836
39240;0.04029453;0.9566505
39248;0.04048157;0.956862
39256;0.03994882;0.9558051
39264;0.04008675;0.9563677
39272;0.04022598;0.9565374
39280;0.04055536;0.9569033
39288;0.04059839;0.9569789
39296;0.04057646;0.9568261
39304;0.0406698;0.9569005
39312;0.04018521;0.9564288
39320;0.04050636;0.9567564
39328;0.04042375;0.9566817
39336;0.04034126;0.9565842
39344;0.04062676;0.9568566
39352;0.04071867;0.9569002
39360;0.04027045;0.9564921
39368;0.04070532;0.9566914
39376;0.04079509;0.9568686
39384;0.0407567;0.9566723
39392;0.04081905;0.9566025
39400;0.04082227;0.956411
39408;0.04079652;0.956437
39416;0.04080462;0.9562817
39424;0.04077625;0.9563176
39432;0.04076004;0.9564888
39440;0.04071379;0.9565244
39448;0.0406574;0.9566742
39456;0.04059219;0.9567192
39464;0.04053056;0.9566805
39472;0.04060161;0.9566141
39480;0.04045475;0.9566207
39488;0.04038334;0.9565387
39496;0.04031777;0.9564511
39504;0.04022741;0.9563964
39512;0.04015839;0.9563327
39520;0.0400728;0.9562529
39528;0.03998566;0.9560902
39536;0.03999293;0.9559572
39544;0.04006338;0.9560696
39552;0.04013538;0.9562274
39560;0.04019344;0.9562901
39568;0.04027951;0.9563546
39576;0.04001915;0.9558101
39584;0.04006732;0.9559394
39592;0.04012513;0.9560603
39600;0.04017437;0.9561911
39608;0.04025078;0.9562557
39616;0.04033136;0.9563278
39624;0.04000449;0.9556331
39632;0.04004884;0.9554895
39640;0.04005897;0.9556526
39648;0.04009831;0.955348
39656;0.04011643;0.9555119
39664;0.04009199;0.9558045
39672;0.04016471;0.9553773
39680;0.04012895;0.9556682
39688;0.04013789;0.9559248
39696;0.04023468;0.9552467
39704;0.04017031;0.9555306
39712;0.04023778;0.9554094
39720;0.04038215;0.9552165
39728;0.04015946;0.9558057
39736;0.04018044;0.9560441
39744;0.04022408;0.9555541
39752;0.04030049;0.9553086
39760;0.04053199;0.9552711
39768;0.0401957;0.9559252
39776;0.04023993;0.9561744
39784;0.04030132;0.955454
39792;0.04043889;0.9553037
39800;0.04058826;0.9553705
39808;0.04023778;0.9560421
39816;0.04030108;0.956201
39824;0.04030335;0.9560497
39832;0.04025197;0.9559367
39840;0.04036248;0.9553691
39848;0.04022205;0.9558167
39856;0.04020119;0.9556856
39864;0.04028392;0.9555764
39872;0.0403527;0.9554935
39880;0.04041266;0.9554303
39888;0.04026711;0.955702
39896;0.04028726;0.9558484
39904;0.04032886;0.9556147
39912;0.04048622;0.955382
39920;0.04039085;0.9555413
39928;0.04034591;0.9557662
39936;0.04029417;0.9559469
39944;0.04046559;0.9554965
39952;0.04055834;0.9554704
39960;0.04038668;0.9556943
39968;0.04042363;0.9556111
39976;0.04044116;0.9557208
39984;0.04050696;0.9555765
39992;0.0406214;0.955458
40000;0.04059875;0.9555612
40008;0.0407207;0.9554853
40016;0.04040587;0.9557931
40024;0.04055071;0.9556686
40032;0.0406487;0.9555421
40040;0.04076695;0.9555644
40048;0.04063213;0.9556376
40056;0.04071772;0.9555368
40064;0.04070187;0.955615
40072;0.04076731;0.9556217
40080;0.04080713;0.9556369
40088;0.0407269;0.9556985
40096;0.04083371;0.9557372
40104;0.04079556;0.9557115
40112;0.04085922;0.9558054
40120;0.04087901;0.9558959
40128;0.04082525;0.9558513
40136;0.04087245;0.9560018
40144;0.04078901;0.9558297
40152;0.04071867;0.9557866
40160;0.0408659;0.9560945
40168;0.04080987;0.9560401
40176;0.04083061;0.9561308
40184;0.04076624;0.9559666
40192;0.04078245;0.9561456
40200;0.04076231;0.956184
40208;0.04072809;0.9560699
40216;0.04073751;0.9562219
40224;0.04069352;0.9558797
40232;0.04065931;0.9559607
40240;0.04067993;0.9561278
40248;0.04073608;0.9563853
40256;0.0406903;0.9562875
40264;0.04069245;0.9564122
40272;0.04065108;0.9563149
40280;0.04066908;0.9565243
40288;0.04063034;0.9561893
40296;0.0406462;0.9564123
40304;0.04060793;0.9565147
40312;0.04058349;0.9564117
40320;0.04054618;0.9565857
40328;0.0405395;0.956501
40336;0.04047668;0.9565619
40344;0.04041839;0.9564812
40352;0.04036498;0.9564031
40360;0.04038727;0.9562925
40368;0.04041684;0.9563649
40376;0.04045427;0.9564259
40384;0.04048693;0.9564918
40392;0.04051065;0.9564258
40400;0.04036283;0.956184
40408;0.04044497;0.9562734
40416;0.04047585;0.9563498
40424;0.04055357;0.9563345
40432;0.04034972;0.9560484
40440;0.04041433;0.9561634
40448;0.04050946;0.9562466
40456;0.04060352;0.9563181
40464;0.04038274;0.9560266
40472;0.04059815;0.9562221
40480;0.04055488;0.9562347
40488;0.04045987;0.9561434
40496;0.04033184;0.9559019
40504;0.04053283;0.9560835
40512;0.04050303;0.9561213
40520;0.04041207;0.9559979
40528;0.0403688;0.9558558
40536;0.040447;0.9559556
40544;0.04056692;0.9560589
40552;0.04047871;0.9559054
40560;0.04052532;0.9557617
40568;0.04061341;0.9560245
40576;0.04057825;0.9559283
40584;0.04052985;0.9559159
40592;0.04060459;0.9558208
40600;0.04063129;0.9557539
40608;0.04065526;0.9557068