Offset;Input Attributes: Layout 5 (Per vertex).TEXCOORD1[0];Input Attributes: Layout 5 (Per vertex).TEXCOORD1[1]
0;0.06096506;0.9889483
8;0.06101811;0.9887803
16;0.06070077;0.9887205
24;0.06064928;0.9888853
32;0.06038177;0.9886621
40;0.0609054;0.9891436
48;0.06033587;0.9888335
56;0.06056267;0.9890717
64;0.06002975;0.9887724
72;0.06008089;0.9885954
80;0.06051719;0.9892538
88;0.06012744;0.989152
96;0.06085932;0.9893256
104;0.0607807;0.9896456
112;0.06044531;0.9895681
120;0.06009525;0.9894994
128;0.05970377;0.9894365
136;0.06026679;0.9890088
144;0.05998278;0.9889417
152;0.05966395;0.9890257
160;0.05925828;0.9893768
168;0.05971146;0.9888645
176;0.05918419;0.9888909
184;0.05874419;0.9893022
192;0.05974931;0.9886997
200;0.05979443;0.9885365
208;0.0594539;0.9887946
216;0.05949128;0.9886237
224;0.05952847;0.988483
232;0.05921549;0.9887297
240;0.05925268;0.9885601
248;0.05927986;0.9884217
256;0.05899477;0.9886597
264;0.05902624;0.988501
272;0.0590511;0.9883682
280;0.05879635;0.9887794
288;0.0584172;0.9886862
296;0.05823684;0.9892575
304;0.05777258;0.9892938
312;0.05884081;0.9884486
320;0.05885589;0.9883291
328;0.05868119;0.9882953
336;0.05881381;0.9886001
344;0.05863243;0.9885427
352;0.0586639;0.9883984
360;0.05853105;0.9882635
368;0.05849862;0.9883514
376;0.05843055;0.9882418
384;0.05845338;0.9884852
392;0.05832094;0.9882772
400;0.05835766;0.9882225
408;0.05811012;0.9883674
416;0.05828744;0.9882249
424;0.0580954;0.9886621
432;0.05752563;0.9887823
440;0.05765921;0.9890869
448;0.05730557;0.9893532
456;0.05670989;0.989448
464;0.056517;0.9887813
472;0.05807382;0.9882307
480;0.05746347;0.9883389
488;0.05645066;0.9882104
496;0.05838656;0.9881731
504;0.05844694;0.9882016
512;0.05743712;0.9879977
520;0.05809557;0.9880519
528;0.05741811;0.9876751
536;0.05638063;0.9875916
544;0.0568946;0.9874789
552;0.05751091;0.9873137
560;0.05856562;0.9880907
568;0.05855405;0.9881569
576;0.05849832;0.9879127
584;0.05791765;0.9876811
592;0.05850405;0.987527
600;0.05799371;0.9871094
608;0.05868417;0.9880255
616;0.05868864;0.9881111
624;0.05866778;0.9878464
632;0.05884784;0.9879569
640;0.05885422;0.9880581
648;0.05894375;0.9873333
656;0.0584051;0.9868771
664;0.05885041;0.9877783
672;0.05905646;0.987888
680;0.05905837;0.9880033
688;0.05906206;0.9876856
696;0.05927742;0.9878087
704;0.05929303;0.9879399
712;0.05934089;0.9870922
720;0.05878037;0.9866133
728;0.05925673;0.9875842
736;0.05951822;0.9876907
744;0.05956221;0.9878469
752;0.05970472;0.9868345
760;0.05911952;0.9863386
768;0.05946225;0.9874663
776;0.05966991;0.987344
784;0.05977315;0.9875574
792;0.05984813;0.9877283
800;0.05989373;0.9871851
808;0.06002712;0.9873847
816;0.06013393;0.9875545
824;0.06004512;0.9865192
832;0.05943179;0.9860755
840;0.06012207;0.987002
848;0.06027162;0.9871861
856;0.06040782;0.987339
864;0.06023681;0.9862937
872;0.05971938;0.9858068
880;0.060314;0.9868039
888;0.06052238;0.9865569
896;0.06047666;0.9869646
904;0.06063259;0.9871099
912;0.06069797;0.9866992
920;0.06086195;0.9868204
928;0.05165647;0.9887205
936;0.0513391;0.9887803
944;0.05139212;0.9889483
952;0.05170797;0.9888853
960;0.05145182;0.9891436
968;0.05197544;0.9886621
976;0.0517946;0.9890717
984;0.05202132;0.9888335
992;0.05184005;0.9892538
1000;0.05222978;0.989152
1008;0.05149791;0.9893256
1016;0.05157651;0.9896456
1024;0.05191193;0.9895681
1032;0.05226196;0.9894994
1040;0.05265349;0.9894365
1048;0.05232753;0.9887724
1056;0.05227636;0.9885954
1064;0.0520905;0.9890088
1072;0.05237447;0.9889417
1080;0.05269328;0.9890257
1088;0.05309899;0.9893768
1096;0.05260791;0.9886997
1104;0.05256282;0.9885365
1112;0.05264576;0.9888645
1120;0.05317304;0.9888909
1128;0.05361302;0.9893022
1136;0.05290334;0.9887946
1144;0.05286597;0.9886237
1152;0.05282877;0.988483
1160;0.05314176;0.9887297
1168;0.05310453;0.9885601
1176;0.05307734;0.9884217
1184;0.05336249;0.9886597
1192;0.053331;0.988501
1200;0.05330618;0.9883682
1208;0.05356084;0.9887794
1216;0.05394004;0.9886862
1224;0.05412039;0.9892575
1232;0.05458468;0.9892938
1240;0.05351643;0.9884486
1248;0.05350131;0.9883291
1256;0.05367605;0.9882953
1264;0.05354343;0.9886001
1272;0.0537248;0.9885427
1280;0.05369331;0.9883984
1288;0.0538262;0.9882635
1296;0.05385864;0.9883514
1304;0.05392665;0.9882418
1312;0.05390389;0.9884852
1320;0.0540363;0.9882772
1328;0.05399962;0.9882225
1336;0.0542471;0.9883674
1344;0.0540698;0.9882249
1352;0.0542618;0.9886621
1360;0.05483162;0.9887823
1368;0.05469799;0.9890869
1376;0.05505167;0.9893532
1384;0.05564737;0.989448
1392;0.05584022;0.9887813
1400;0.0542834;0.9882307
1408;0.05489376;0.9883389
1416;0.05590659;0.9882104
1424;0.05397068;0.9881731
1432;0.05391029;0.9882016
1440;0.05492015;0.9879977
1448;0.0542617;0.9880519
1456;0.05493909;0.9876751
1464;0.0559766;0.9875916
1472;0.05546263;0.9874789
1480;0.05484633;0.9873137
1488;0.05379164;0.9880907
1496;0.05380318;0.9881569
1504;0.05385889;0.9879127
1512;0.05443957;0.9876811
1520;0.05385318;0.987527
1528;0.05436352;0.9871094
1536;0.05367304;0.9880255
1544;0.05366859;0.9881111
1552;0.05368949;0.9878464
1560;0.05350934;0.9879569
1568;0.05350299;0.9880581
1576;0.05341351;0.9873333
1584;0.05395216;0.9868771
1592;0.05350681;0.9877783
1600;0.05330078;0.987888
1608;0.05329888;0.9880033
1616;0.05329517;0.9876856
1624;0.05307983;0.9878087
1632;0.05306423;0.9879399
1640;0.05301638;0.9870922
1648;0.05357689;0.9866133
1656;0.05310051;0.9875842
1664;0.05283903;0.9876907
1672;0.05279499;0.9878469
1680;0.05265254;0.9868345
1688;0.05323769;0.9863386
1696;0.05289502;0.9874663
1704;0.05268735;0.987344
1712;0.05258405;0.9875574
1720;0.05250911;0.9877283
1728;0.05246349;0.9871851
1736;0.05233012;0.9873847
1744;0.05222328;0.9875545
1752;0.05231208;0.9865192
1760;0.05292545;0.9860755
1768;0.05223513;0.987002
1776;0.05208562;0.9871861
1784;0.0519494;0.987339
1792;0.05212045;0.9862937
1800;0.05263786;0.9858068
1808;0.05204323;0.9868039
1816;0.05183482;0.9865569
1824;0.05188055;0.9869646
1832;0.05172464;0.9871099
1840;0.05165928;0.9866992
1848;0.05149533;0.9868204
1856;0.980013;0.9860145
1864;0.9881746;0.9860145
1872;0.9881746;0.9786445
1880;0.9808741;0.9787423
1888;0.9727125;0.9851614
1896;0.981755;0.9717918
1904;0.9881746;0.9715402
1912;0.9747284;0.9782879
1920;0.963259;0.9813785
1928;0.9824496;0.9650931
1936;0.9881746;0.9651349
1944;0.9764898;0.97175
1952;0.9667967;0.9755958
1960;0.9558802;0.975302
1968;0.9832326;0.9578348
1976;0.9881746;0.9576111
1984;0.9881746;0.9529402
1992;0.9780654;0.9648903
2000;0.9696512;0.9702047
2008;0.9602626;0.971285
2016;0.9521812;0.9703655
2024;0.9806197;0.952115
2032;0.9881746;0.8889168
2040;0.9795627;0.9575832
2048;0.9720923;0.9639002
2056;0.9640027;0.9668272
2064;0.9565586;0.9676008
2072;0.9478164;0.965051
2080;0.9744838;0.9567789
2088;0.9760006;0.9363761
2096;0.9666589;0.9618554
2104;0.9695125;0.9554364
2112;0.960421;0.9637225
2120;0.953199;0.9626316
2128;0.9635916;0.9595831
2136;0.9819897;0.8629047
2144;0.9828705;0.7619567
2152;0.9881746;0.7955486
2160;0.9773412;0.8430941
2168;0.9716751;0.9199247
2176;0.9577984;0.959569
2184;0.96573;0.953052
2192;0.9833989;0.6516203
2200;0.9881746;0.6892605
2208;0.9614192;0.9568838
2216;0.9597751;0.953989
2224;0.9543536;0.9571915
2232;0.9835773;0.5590514
2240;0.9881746;0.5955133
2248;0.9483035;0.9595744
2256;0.9833989;0.4653145
2264;0.9881746;0.5033853
2272;0.9829292;0.3877949
2280;0.9881746;0.4141515
2288;0.9837024;0.2971829
2296;0.9881746;0.3195774
2304;0.9881746;0.206054
2312;0.9788777;0.3752194
2320;0.9791616;0.4473988
2328;0.9831641;0.1946845
2336;0.9881746;0.09464732
2344;0.9778796;0.2794394
2352;0.9829195;0.09542012
2360;0.9881746;0.07223859
2368;0.9791663;0.5397456
2376;0.9752178;0.3681565
2384;0.9771064;0.1816784
2392;0.9827433;0.07436358
2400;0.9881746;0.05091866
2408;0.9752568;0.4422309
2416;0.9789365;0.6289673
2424;0.9737498;0.2708261
2432;0.9766857;0.09494597
2440;0.9827726;0.05385148
2448;0.9881746;0.0300202
2456;0.9751032;0.5346689
2464;0.9722427;0.3619549
2472;0.9726537;0.1738403
2480;0.9764997;0.07490798
2488;0.9830174;0.03409454
2496;0.9881746;0.01417949
2504;0.9836339;0.01417949
2512;0.9766759;0.05495786
2520;0.9772532;0.03483212
2528;0.9783297;0.01417949
2536;0.9719883;0.09394491
2544;0.9706377;0.2637632
2552;0.9717142;0.07438117
2560;0.9725364;0.03479701
2568;0.9740433;0.01417949
2576;0.9719101;0.05474713
2584;0.9676334;0.1634182
2592;0.967105;0.0346038
2600;0.9681619;0.01417949
2608;0.9667723;0.0924522
2616;0.9664102;0.07346796
2624;0.9664982;0.05425539
2632;0.9600492;0.03412965
2640;0.9600296;0.01417949
2648;0.96001;0.05337732
2656;0.9603428;0.07199275
2664;0.9610669;0.0903272
2672;0.954608;0.03349739
2680;0.9552735;0.01417949
2688;0.9547255;0.05225333
2696;0.9554105;0.0703771
2704;0.9495388;0.03297057
2712;0.9504783;0.01417949
2720;0.949578;0.05102402
2728;0.9442739;0.0324437
2736;0.9458593;0.01417949
2744;0.9621238;0.1497231
2752;0.9565653;0.08825493
2760;0.9503608;0.06848042
2768;0.9443521;0.04990011
2776;0.9099934;0.03167095
2784;0.9230855;0.01417949
2792;0.9580723;0.1359418
2800;0.9516723;0.08565575
2808;0.9453894;0.06661885
2816;0.9130941;0.04895177
2824;0.8505614;0.0304768
2832;0.8655487;0.01417949
2840;0.9532966;0.1183707
2848;0.9469552;0.08288106
2856;0.9265308;0.06574079
2864;0.8584858;0.04793319
2872;0.7864786;0.03026607
2880;0.7399667;0.01417949
2888;0.949441;0.0957011
2896;0.9427472;0.08284592
2904;0.9463876;0.1116523
2912;0.8779518;0.06556519
2920;0.8056001;0.04751169
2928;0.9086152;0.08368888
2936;0.8317845;0.06595152
2944;0.9522006;0.202092
2952;0.9425123;0.119232
2960;0.8714058;0.08741194
2968;0.9592662;0.2220749
2976;0.9473076;0.2120834
2984;0.9044377;0.1329702
2992;0.9634743;0.2405073
3000;0.943667;0.2277596
3008;0.9671538;0.2534273
3016;0.9685436;0.3455896
3024;0.9649423;0.3285353
3032;0.9609298;0.3113087
3040;0.9555475;0.2961492
3048;0.9506741;0.2939098
3056;0.9472097;0.3013172
3064;0.9686219;0.4119121
3072;0.9652554;0.395719
3080;0.9621238;0.3931351
3088;0.9575192;0.3671418
3096;0.9531282;0.3578498
3104;0.949469;0.3583218
3112;0.9723015;0.4441258
3120;0.9630758;0.4837608
3128;0.95905;0.4566961
3136;0.9549648;0.4226132
3144;0.9660197;0.4852199
3152;0.9689153;0.4963224
3160;0.9716806;0.5449772
3168;0.9508756;0.4063565
3176;0.9746893;0.6199234
3184;0.9637209;0.5637251
3192;0.9659846;0.5560367
3200;0.968722;0.5514097
3208;0.9608201;0.5465311
3216;0.9575271;0.5046532
3224;0.9548542;0.472157
3232;0.9590436;0.5473356
3240;0.9679325;0.6258958
3248;0.9655132;0.6255599
3256;0.96337;0.6278718
3264;0.9612203;0.6100181
3272;0.9596973;0.5962678
3280;0.9712299;0.6223782
3288;0.9577804;0.552979
3296;0.9585183;0.5899301
3304;0.9562439;0.518624
3312;0.9569817;0.5592288
3320;0.9607623;0.666275
3328;0.9595872;0.6466573
3336;0.9587216;0.6286813
3344;0.9576697;0.5902573
3352;0.9626175;0.6875498
3360;0.9646197;0.6950727
3368;0.9668505;0.7050108
3376;0.9703149;0.7147559
3384;0.9742196;0.7225078
3392;0.9787114;0.7382702
3400;0.972869;0.8247477
3408;0.9690719;0.8069613
3416;0.9679956;0.8964966
3424;0.9655463;0.7817175
3432;0.9646224;0.8572837
3440;0.9620357;0.9081675
3448;0.9633034;0.7623771
3456;0.9624667;0.8292783
3464;0.9601584;0.8746825
3472;0.9580137;0.9357732
3480;0.9613104;0.7464287
3488;0.9603803;0.8031197
3496;0.9591287;0.723538
3504;0.9585792;0.8432629
3512;0.9579843;0.7838035
3520;0.9570571;0.812174
3528;0.9589275;0.682201
3536;0.9560196;0.7735365
3544;0.9538354;0.7863616
3552;0.9544575;0.8292404
3560;0.9556869;0.8710977
3568;0.9576689;0.7166284
3576;0.9584152;0.6647022
3584;0.9558709;0.7400928
3592;0.9574235;0.7012501
3600;0.9568066;0.9047515
3608;0.9515391;0.8384774
3616;0.9558173;0.7296758
3624;0.9536181;0.7496294
3632;0.9536452;0.9534314
3640;0.9524745;0.8828186
3648;0.953614;0.757433
3656;0.9513974;0.7653435
3664;0.9506305;0.7968441
3672;0.9486459;0.9551802
3680;0.952983;0.9226741
3688;0.9481416;0.8409167
3696;0.9487262;0.938383
3704;0.9488536;0.8917438
3712;0.9493666;0.7657794
3720;0.9514347;0.7570764
3728;0.9469013;0.7863961
3736;0.9441368;0.9518353
3744;0.9446457;0.8925344
3752;0.9443936;0.8392698
3760;0.9437647;0.7927373
3768;0.9436475;0.9559889
3776;0.9430995;0.9602123
3784;0.9447911;0.9648972
3792;0.9443912;0.9732323
3800;0.9129218;0.9708968
3808;0.9184344;0.9796934
3816;0.8734729;0.9759174
3824;0.8176587;0.9853781
3832;0.7823442;0.9805464
3840;0.6901819;0.9872032
3848;0.8235157;0.970673
3856;0.8697691;0.9653937
3864;0.8927667;0.95959
3872;0.9018967;0.9557232
3880;0.672783;0.9825602
3888;0.5826877;0.9872032
3896;0.8155002;0.9631659
3904;0.7357461;0.9743056
3912;0.5773475;0.9831336
3920;0.5;0.9872032
3928;0.9103379;0.9516535
3936;0.8432625;0.9582233
3944;0.7707834;0.9672034
3952;0.6430671;0.976344
3960;0.699541;0.9701089
3968;0.7303198;0.9645756
3976;0.919468;0.8913285
3984;0.8558657;0.9542975
3992;0.7696826;0.9611423
4000;0.923635;0.8357367
4008;0.7947473;0.9568838
4016;0.9226342;0.7906045
4024;0.8734729;0.881854
4032;0.8639518;0.9323452
4040;0.8848115;0.8326944
4048;0.8052866;0.9529046
4056;0.841993;0.8650321
4064;0.8917125;0.7858276
4072;0.8041358;0.8985638
4080;0.857099;0.8224222
4088;0.813967;0.8427547
4096;0.9206428;0.7457914
4104;0.8958727;0.7449782
4112;0.9426395;0.7445044
4120;0.8676658;0.7804186
4128;0.8327302;0.8092283
4136;0.8740689;0.7421048
4144;0.8463858;0.7728114
4152;0.8984343;0.7114759
4160;0.8780569;0.7081805
4168;0.9193025;0.7135035
4176;0.8540826;0.7374002
4184;0.8134192;0.7960293
4192;0.8271092;0.7646149
4200;0.7958068;0.8242275
4208;0.8343031;0.731886
4216;0.8581567;0.7038083
4224;0.8391661;0.6995447
4232;0.7841012;0.8634111
4240;0.7723716;0.8427375
4248;0.8822412;0.6763802
4256;0.8616141;0.6718736
4264;0.8410403;0.6665575
4272;0.7558324;0.8754181
4280;0.7477152;0.8519468
4288;0.7646007;0.9088136
4296;0.9013525;0.6796979
4304;0.8644238;0.6407503
4312;0.8425546;0.6337374
4320;0.8867943;0.6456152
4328;0.7282508;0.8803432
4336;0.7242301;0.8580279
4344;0.8694471;0.6105331
4352;0.731698;0.9099333
4360;0.70351;0.8803707
4368;0.7022025;0.8598435
4376;0.8472161;0.6002712
4384;0.8130075;0.6198372
4392;0.703877;0.9075217
4400;0.681472;0.8792596
4408;0.6815599;0.8595594
4416;0.8166251;0.5845227
4424;0.7857894;0.6024383
4432;0.679882;0.9048153
4440;0.6599457;0.8778074
4448;0.6609724;0.8579296
4456;0.7830333;0.5660903
4464;0.7542613;0.581601
4472;0.6577337;0.9018815
4480;0.639551;0.8760589
4488;0.6413185;0.8556626
4496;0.7456515;0.5473132
4504;0.7265523;0.5808706
4512;0.6371204;0.8994492
4520;0.6195509;0.8738918
4528;0.6216492;0.8526204
4536;0.6173752;0.8969221
4544;0.5990857;0.8722416
4552;0.5996456;0.8503241
4560;0.5759884;0.870977
4568;0.5757316;0.8494748
4576;0.5496626;0.8502069
4584;0.598264;0.8954389
4592;0.6152581;0.9232271
4600;0.6341833;0.9257146
4608;0.6544263;0.9288067
4616;0.6775219;0.9332789
4624;0.6511946;0.9528235
4632;0.7010501;0.9390084
4640;0.6322848;0.952661
4648;0.6732515;0.9532163
4656;0.6724212;0.955741
4664;0.7278977;0.9516953
4672;0.6961008;0.9537821
4680;0.6287466;0.9552297
4688;0.6135423;0.9524973
4696;0.7647471;0.9523321
4704;0.7182801;0.9544061
4712;0.7570211;0.9557652
4720;0.6994067;0.9573997
4728;0.7353155;0.9594851
4736;0.6703315;0.959888
4744;0.7008622;0.9625759
4752;0.6722662;0.9671
4760;0.645918;0.9575318
4768;0.6503022;0.9648693
4776;0.6185449;0.9719694
4784;0.6278059;0.9617373
4792;0.6085277;0.9587089
4800;0.6019815;0.9689249
4808;0.5672699;0.9770152
4816;0.5892339;0.9665055
4824;0.5596592;0.9725657
4832;0.5;0.9830077
4840;0.5924209;0.9557162
4848;0.5765603;0.9630808
4856;0.5516798;0.9695263
4864;0.5;0.977169
4872;0.4226525;0.9831336
4880;0.4173123;0.9872032
4888;0.5658919;0.9597299
4896;0.5454783;0.9671488
4904;0.5;0.9727822
4912;0.4327301;0.9770152
4920;0.327217;0.9825602
4928;0.3098181;0.9872032
4936;0.5392473;0.9635841
4944;0.5;0.969736
4952;0.4403408;0.9725657
4960;0.3569329;0.976344
4968;0.2176558;0.9805464
4976;0.1823413;0.9853781
4984;0.5;0.9675265
4992;0.4483202;0.9695263
5000;0.3814551;0.9719694
5008;0.2642539;0.9743056
5016;0.1265271;0.9759174
5024;0.08156562;0.9796934
5032;0.1764843;0.970673
5040;0.08707815;0.9708968
5048;0.05560881;0.9732323
5056;0.300459;0.9701089
5064;0.3980185;0.9689249
5072;0.05520892;0.9648972
5080;0.05218357;0.965051
5088;0.1302309;0.9653937
5096;0.2292166;0.9672034
5104;0.3277338;0.9671
5112;0.1844998;0.9631659
5120;0.2696802;0.9645756
5128;0.1072334;0.95959
5136;0.0569005;0.9602123
5144;0.3496978;0.9648693
5152;0.2991378;0.9625759
5160;0.2303174;0.9611423
5168;0.1567375;0.9582233
5176;0.09810328;0.9557232
5184;0.4107661;0.9665055
5192;0.4545217;0.9671488
5200;0.2646845;0.9594851
5208;0.2052527;0.9568838
5216;0.3296685;0.959888
5224;0.3721941;0.9617373
5232;0.4234397;0.9630808
5240;0.4607527;0.9635841
5248;0.1441343;0.9542975
5256;0.5;0.9637819
5264;0.5340226;0.9601495
5272;0.556331;0.9562826
5280;0.3914723;0.9587089
5288;0.4341081;0.9597299
5296;0.4659774;0.9601495
5304;0.5;0.9603592
5312;0.5289407;0.9564923
5320;0.354082;0.9575318
5328;0.3275788;0.955741
5336;0.3712534;0.9552297
5344;0.4075791;0.9557162
5352;0.443669;0.9562826
5360;0.4710593;0.9564923
5368;0.5;0.9565762
5376;0.3005933;0.9573997
5384;0.2429789;0.9557652
5392;0.2817199;0.9544061
5400;0.1947134;0.9529046
5408;0.2352529;0.9523321
5416;0.4478533;0.952325
5424;0.474763;0.9523143
5432;0.4234139;0.9523715
5440;0.1360482;0.9323452
5448;0.1958642;0.8985638
5456;0.08966213;0.9516535
5464;0.0563525;0.9559889
5472;0.05169654;0.9595744
5480;0.4242046;0.9205381
5488;0.4066318;0.9524274
5496;0.3864577;0.9524973
5504;0.4482461;0.9206637
5512;0.4027954;0.9215699
5520;0.3677152;0.952661
5528;0.3847419;0.9232271
5536;0.3488054;0.9528235
5544;0.3658167;0.9257146
5552;0.4240116;0.8948136
5560;0.4482633;0.8945895
5568;0.401736;0.8954389
5576;0.4753212;0.9204536
5584;0.4755157;0.8948204
5592;0.5;0.8948583
5600;0.5;0.9208068
5608;0.4761773;0.8699659
5616;0.4489059;0.8705533
5624;0.4240116;0.870977
5632;0.5;0.9523109
5640;0.525237;0.9523143
5648;0.5246788;0.9204536
5656;0.5521467;0.952325
5664;0.5517539;0.9206637
5672;0.5765861;0.9523715
5680;0.5757954;0.9205381
5688;0.5933682;0.9524274
5696;0.5972046;0.9215699
5704;0.5759884;0.8948136
5712;0.5244843;0.8948204
5720;0.5517367;0.8945895
5728;0.5510941;0.8705533
5736;0.5238227;0.8699659
5744;0.5235763;0.8502259
5752;0.5;0.8696885
5760;0.5;0.8499916
5768;0.5227116;0.8318743
5776;0.4764237;0.8502259
5784;0.4503374;0.8502069
5792;0.4242684;0.8494748
5800;0.4772884;0.8318743
5808;0.4003544;0.8503241
5816;0.5;0.831728
5824;0.5215487;0.8158157
5832;0.4784513;0.8158157
5840;0.4009143;0.8722416
5848;0.3783508;0.8526204
5856;0.5;0.8153455
5864;0.5200587;0.8038346
5872;0.4799413;0.8038346
5880;0.5;0.8033834
5888;0.5179967;0.7913074
5896;0.4820033;0.7913074
5904;0.5;0.7909164
5912;0.5156883;0.778179
5920;0.4843117;0.778179
5928;0.5;0.7778913
5936;0.5136487;0.7660584
5944;0.4863513;0.7660584
5952;0.5;0.7658172
5960;0.5118244;0.7539257
5968;0.4881756;0.7539257
5976;0.5;0.7537155
5984;0.5104704;0.7419963
5992;0.4895296;0.7419963
6000;0.5;0.74206
6008;0.509454;0.7284458
6016;0.490546;0.7284458
6024;0.5;0.7284665
6032;0.5;0.7148592
6040;0.5090784;0.7148988
6048;0.4909216;0.7148988
6056;0.5;0.701605
6064;0.5098106;0.7012639
6072;0.5184824;0.7134156
6080;0.4901894;0.7012639
6088;0.4815176;0.7134156
6096;0.5195971;0.6993397
6104;0.5286048;0.7109384
6112;0.5292594;0.69622
6120;0.5;0.689605
6128;0.4804029;0.6993397
6136;0.4713952;0.7109384
6144;0.4707406;0.69622
6152;0.5203274;0.6844371
6160;0.5313524;0.6790968
6168;0.5106806;0.6878823
6176;0.4893194;0.6878823
6184;0.4796726;0.6844371
6192;0.4686476;0.6790968
6200;0.5;0.6773741
6208;0.511025;0.6747901
6216;0.5208442;0.6696222
6224;0.488975;0.6747901
6232;0.4791558;0.6696222
6240;0.5;0.6641096
6248;0.5315247;0.6632483
6256;0.5430666;0.6718616
6264;0.5105083;0.6613534
6272;0.4894917;0.6613534
6280;0.4684753;0.6632483
6288;0.4569334;0.6718616
6296;0.5208442;0.6556686
6304;0.5420846;0.6519046
6312;0.5561692;0.6501509
6320;0.5;0.650156
6328;0.4791558;0.6556686
6336;0.4579154;0.6519046
6344;0.4438308;0.6501509
6352;0.5312113;0.6481061
6360;0.5531855;0.6379595
6368;0.5679348;0.6357977
6376;0.4893194;0.6477444
6384;0.4687887;0.6481061
6392;0.4468145;0.6379595
6400;0.4320652;0.6357977
6408;0.5406875;0.6376444
6416;0.5641416;0.6255307
6424;0.581475;0.6258149
6432;0.4789835;0.6420596
6440;0.4593125;0.6376444
6448;0.4358584;0.6255307
6456;0.418525;0.6258149
6464;0.5500433;0.6245332
6472;0.5761417;0.6138079
6480;0.5957265;0.6177304
6488;0.4697828;0.6343593
6496;0.4499567;0.6245332
6504;0.4238583;0.6138079
6512;0.4042735;0.6177304
6520;0.5602397;0.6141214
6528;0.4611212;0.6254169
6536;0.4397603;0.6141214
6544;0.4523287;0.6146176
6552;0.4107834;0.6052704
6560;0.4288541;0.6034719
6568;0.4435449;0.6036856
6576;0.3962958;0.5969258
6584;0.3891743;0.6106089
6592;0.381412;0.5902385
6600;0.372759;0.605167
6608;0.3656738;0.5831394
6616;0.355796;0.5993703
6624;0.3479596;0.5761229
6632;0.3374858;0.5941575
6640;0.3281388;0.5697904
6648;0.3179371;0.5891171
6656;0.3077821;0.5616475
6664;0.2965142;0.5849671
6672;0.2848465;0.5540884
6680;0.2734477;0.5808706
6688;0.2543485;0.5473132
6696;0.2457387;0.581601
6704;0.2169667;0.5660903
6712;0.2142106;0.6024383
6720;0.1833749;0.5845227
6728;0.1869925;0.6198372
6736;0.1527839;0.6002712
6744;0.1574454;0.6337374
6752;0.3408261;0.5543761
6760;0.3220492;0.5447292
6768;0.3030998;0.532326
6776;0.2864761;0.516009
6784;0.3592585;0.5626448
6792;0.3754515;0.5703969
6800;0.3908212;0.5773994
6808;0.405276;0.5852118
6816;0.4176258;0.5941747
6824;0.4345285;0.5948896
6832;0.3161921;0.4916713
6840;0.3282507;0.5095869
6848;0.3434101;0.5237128
6856;0.274123;0.4916833
6864;0.3509898;0.4909822
6872;0.3606143;0.5359074
6880;0.2440126;0.5121709
6888;0.3637375;0.5056248
6896;0.3757961;0.5450738
6904;0.210593;0.5311202
6912;0.3778495;0.5198971
6920;0.3897497;0.5552374
6928;0.3915826;0.5323209
6936;0.4025852;0.5653046
6944;0.4027816;0.5437507
6952;0.4138101;0.5748362
6960;0.4135327;0.5547206
6968;0.4243441;0.5844899
6976;0.4220634;0.5649498
6984;0.3918634;0.5073578
6992;0.4042459;0.5210289
7000;0.4150935;0.532097
7008;0.4205198;0.5468154
7016;0.4270832;0.5593942
7024;0.430501;0.575887
7032;0.4393331;0.5868104
7040;0.3785524;0.4916713
7048;0.446172;0.5945159
7056;0.3676997;0.4763396
7064;0.4540325;0.6032566
7072;0.3394479;0.4744446
7080;0.462639;0.6134582
7088;0.3063729;0.4706548
7096;0.4711747;0.6222214
7104;0.2667189;0.4644584
7112;0.4791558;0.628795
7120;0.2364138;0.4844137
7128;0.4893194;0.6341353
7136;0.5;0.636547
7144;0.5106806;0.6477444
7152;0.5210165;0.6420596
7160;0.5106806;0.6341353
7168;0.5;0.6231103
7176;0.489664;0.6208708
7184;0.5302172;0.6343593
7192;0.5208442;0.628795
7200;0.510336;0.6208708
7208;0.5388788;0.6254169
7216;0.5288253;0.6222214
7224;0.5476713;0.6146176
7232;0.4796726;0.6157029
7240;0.5;0.6089845
7248;0.5203274;0.6157029
7256;0.537361;0.6134582
7264;0.4716984;0.6100163
7272;0.4898362;0.6072618
7280;0.5101638;0.6072618
7288;0.5283016;0.6100163
7296;0.4634141;0.6022609
7304;0.4796726;0.6026106
7312;0.5;0.5936527
7320;0.5203274;0.6026106
7328;0.4717553;0.5970326
7336;0.4551005;0.594049
7344;0.4898362;0.5924469
7352;0.5101638;0.5924469
7360;0.4640085;0.5910532
7368;0.4492193;0.5880662
7376;0.4556949;0.5845227
7384;0.4428456;0.5813995
7392;0.4453295;0.5750239
7400;0.4346698;0.5707586
7408;0.465073;0.5799852
7416;0.4562289;0.5747724
7424;0.4372399;0.5650876
7432;0.4465097;0.5659403
7440;0.4727665;0.5838181
7448;0.4805338;0.5888293
7456;0.4575226;0.5629188
7464;0.4657535;0.5673133
7472;0.4486853;0.5556061
7480;0.4738827;0.5712875
7488;0.4893194;0.5781488
7496;0.4805338;0.5752203
7504;0.5;0.5783211
7512;0.459209;0.5502986
7520;0.4668335;0.5549118
7528;0.450277;0.5441642
7536;0.4749077;0.558936
7544;0.4621479;0.5382882
7552;0.4686751;0.5429997
7560;0.5;0.5647121
7568;0.5106806;0.5781488
7576;0.4889801;0.5644381
7584;0.4815038;0.5626053
7592;0.5194662;0.5888293
7600;0.5282447;0.5970326
7608;0.5365859;0.6022609
7616;0.5459675;0.6032566
7624;0.5564551;0.6036856
7632;0.5711459;0.6034719
7640;0.5892166;0.6052704
7648;0.6037042;0.5969258
7656;0.6108257;0.6106089
7664;0.618588;0.5902385
7672;0.627241;0.605167
7680;0.6343262;0.5831394
7688;0.644204;0.5993703
7696;0.6520404;0.5761229
7704;0.6625142;0.5941575
7712;0.6718612;0.5697904
7720;0.6820629;0.5891171
7728;0.6922179;0.5616475
7736;0.7034858;0.5849671
7744;0.7151535;0.5540884
7752;0.6091788;0.5773994
7760;0.6245485;0.5703969
7768;0.6407415;0.5626448
7776;0.6591739;0.5543761
7784;0.6779508;0.5447292
7792;0.6969002;0.532326
7800;0.7135239;0.516009
7808;0.594724;0.5852118
7816;0.5823742;0.5941747
7824;0.5654715;0.5948896
7832;0.553828;0.5945159
7840;0.5448995;0.594049
7848;0.5359915;0.5910532
7856;0.5974148;0.5653046
7864;0.5861899;0.5748362
7872;0.5756559;0.5844899
7880;0.5606669;0.5868104
7888;0.5507807;0.5880662
7896;0.5443051;0.5845227
7904;0.534927;0.5799852
7912;0.6102503;0.5552374
7920;0.5272335;0.5838181
7928;0.6242039;0.5450738
7936;0.6393857;0.5359074
7944;0.6565899;0.5237128
7952;0.6717493;0.5095869
7960;0.6838079;0.4916713
7968;0.6490102;0.4909822
7976;0.6362625;0.5056248
7984;0.6221505;0.5198971
7992;0.6084174;0.5323209
8000;0.725877;0.4916833
8008;0.5972184;0.5437507
8016;0.7559874;0.5121709
8024;0.5864673;0.5547206
8032;0.789407;0.5311202
8040;0.5779366;0.5649498
8048;0.569499;0.575887
8056;0.5729168;0.5593942
8064;0.5794802;0.5468154
8072;0.5849065;0.532097
8080;0.5571544;0.5813995
8088;0.5653302;0.5707586
8096;0.5546705;0.5750239
8104;0.5957541;0.5210289
8112;0.5627601;0.5650876
8120;0.5437711;0.5747724
8128;0.6081366;0.5073578
8136;0.5534903;0.5659403
8144;0.6214476;0.4916713
8152;0.6323003;0.4763396
8160;0.6605521;0.4744446
8168;0.6936271;0.4706548
8176;0.7332811;0.4644584
8184;0.7635862;0.4844137
8192;0.6080108;0.4790958
8200;0.6185191;0.4641087
8208;0.5958902;0.4952509
8216;0.5866619;0.5096145
8224;0.5845585;0.4806789
8232;0.5783535;0.5211787
8240;0.5781968;0.4984361
8248;0.5758204;0.5425946
8256;0.6024983;0.4476573
8264;0.5892339;0.4592852
8272;0.6127482;0.4353403
8280;0.5723518;0.4641948
8288;0.6273047;0.4486047
8296;0.6210169;0.4224203
8304;0.5680261;0.4877109
8312;0.5647411;0.5011872
8320;0.5572475;0.4640966
8328;0.5557418;0.4806497
8336;0.5462052;0.4637228
8344;0.6414304;0.4603188
8352;0.6695098;0.4556677
8360;0.650216;0.4432645
8368;0.7017236;0.4458812
8376;0.5736904;0.5116042
8384;0.5747;0.5247082
8392;0.6350567;0.4322394
8400;0.6779819;0.4328062
8408;0.6577785;0.4245391
8416;0.6421195;0.4174246
8424;0.6277354;0.4102755
8432;0.6632963;0.4075261
8440;0.6467708;0.4026097
8448;0.632645;0.3987337
8456;0.6498715;0.3893452
8464;0.6358318;0.3877087
8472;0.6830361;0.4135193
8480;0.6509051;0.3771143
8488;0.6367793;0.3770282
8496;0.6658923;0.3922737
8504;0.7079201;0.4228406
8512;0.6496992;0.365228
8520;0.6354873;0.3666061
8528;0.6665813;0.3779757
8536;0.6860474;0.3964081
8544;0.7378995;0.4355125
8552;0.6460817;0.3531694
8560;0.6317836;0.3560978
8568;0.6646864;0.3647112
8576;0.6862196;0.3791815
8584;0.7106815;0.4012316
8592;0.6398801;0.340594
8600;0.625582;0.3455896
8608;0.6598629;0.3511021
8616;0.6836357;0.363333
8624;0.7101646;0.3807319
8632;0.7416841;0.4099672
8640;0.6310945;0.3285353
8648;0.6169687;0.3355983
8656;0.6526277;0.3368041
8664;0.6774341;0.3481736
8672;0.7060302;0.3621272
8680;0.619036;0.3178548
8688;0.6060298;0.3264681
8696;0.6428086;0.3233673
8704;0.6679595;0.3323251
8712;0.6055991;0.3082079
8720;0.593885;0.3181993
8728;0.6293719;0.3113087
8736;0.7387608;0.38211
8744;0.6977615;0.3443837
8752;0.5916457;0.2995946
8760;0.5812235;0.3107919
8768;0.6559008;0.317338
8776;0.7320424;0.3602323
8784;0.7814001;0.373421
8792;0.7811486;0.4191455
8800;0.5775198;0.2921871
8808;0.5688204;0.3043318
8816;0.772487;0.4531405
8824;0.7986422;0.5027755
8832;0.8102513;0.4715161
8840;0.8233435;0.5500695
8848;0.8335072;0.5204397
8856;0.8517674;0.5659179
8864;0.8180945;0.4352972
8872;0.8426494;0.4908099
8880;0.8762843;0.5795218
8888;0.859347;0.5361159
8896;0.8836866;0.5501969
8904;0.8693385;0.5055146
8912;0.8503531;0.4555092
8920;0.8289421;0.3996812
8928;0.898393;0.5881351
8936;0.9063723;0.560185
8944;0.8913456;0.6167036
8952;0.905039;0.6492981
8960;0.9100003;0.6208777
8968;0.9194077;0.6830537
8976;0.9210028;0.6535928
8984;0.9419332;0.7120065
8992;0.9390873;0.6854224
9000;0.9445686;0.7328351
9008;0.9435099;0.7038083
9016;0.9469848;0.7549214
9024;0.9492024;0.7553797
9032;0.9243637;0.625031
9040;0.9384069;0.659393
9048;0.942979;0.6744422
9056;0.9164017;0.594154
9064;0.9243208;0.5685604
9072;0.9474819;0.7483546
9080;0.9463223;0.7389024
9088;0.9451159;0.7221168
9096;0.9477098;0.7368662
9104;0.9442087;0.700227
9112;0.9465221;0.7284252
9120;0.9456417;0.7161529
9128;0.9358143;0.5769327
9136;0.9292199;0.5999715
9144;0.9399366;0.6037286
9152;0.9401347;0.6330327
9160;0.9428228;0.6463972
9168;0.9437855;0.6775067
9176;0.944887;0.7001563
9184;0.9436642;0.6528624
9192;0.9467942;0.7175242
9200;0.9461526;0.7091433
9208;0.9475157;0.7223787
9216;0.9426773;0.6270242
9224;0.9431387;0.6381784
9232;0.9461726;0.6178872
9240;0.9430476;0.6235358
9248;0.9444039;0.6802233
9256;0.9441987;0.6601733
9264;0.9438102;0.6406263
9272;0.9434618;0.6307933
9280;0.94417;0.6457391
9288;0.9430029;0.6116495
9296;0.94245;0.6035392
9304;0.9433772;0.6196184
9312;0.945057;0.6826006
9320;0.9447317;0.6654361
9328;0.9443911;0.6476979
9336;0.9455374;0.6978255
9344;0.9426965;0.593105
9352;0.9430551;0.6015012
9360;0.9433078;0.6098595
9368;0.9462605;0.5835717
9376;0.9431664;0.5940352
9384;0.9433814;0.6006433
9392;0.9431924;0.5865709
9400;0.9435202;0.5936046
9408;0.9435564;0.6171826
9416;0.9435188;0.6083264
9424;0.9436356;0.6007485
9432;0.9437008;0.62669
9440;0.9440829;0.632516
9448;0.9443216;0.6359992
9456;0.9445643;0.6387089
9464;0.9447024;0.6515996
9472;0.943741;0.6149122
9480;0.9437977;0.6218958
9488;0.9440979;0.6246279
9496;0.9442773;0.6177993
9504;0.9436844;0.6069328
9512;0.9445112;0.6257477
9520;0.9441447;0.6035667
9528;0.9438536;0.6001179
9536;0.9446831;0.6286401
9544;0.9449763;0.6200439
9552;0.9448957;0.6314927
9560;0.9438121;0.5945175
9568;0.9446501;0.6122541
9576;0.9440732;0.5949689
9584;0.9437965;0.5841454
9592;0.9449083;0.6438115
9600;0.9444553;0.6019405
9608;0.9440842;0.5856045
9616;0.9433023;0.5783676
9624;0.9441946;0.5742005
9632;0.9429792;0.5682694
9640;0.9437576;0.566185
9648;0.9433958;0.5573701
9656;0.9434148;0.5562658
9664;0.9330667;0.5446138
9672;0.9157539;0.5323657
9680;0.8940415;0.5210116
9688;0.8858072;0.4685308
9696;0.8627753;0.4333592
9704;0.9440186;0.5533907
9712;0.9431772;0.5473735
9720;0.9428588;0.5311546
9728;0.9418643;0.5212339
9736;0.9261123;0.504555
9744;0.9073284;0.4864705
9752;0.9445896;0.5623985
9760;0.9439676;0.5409307
9768;0.9447482;0.5506138
9776;0.9434369;0.5067807
9784;0.9427779;0.4993302
9792;0.9439676;0.5246947
9800;0.9448091;0.5375802
9808;0.9374215;0.4802707
9816;0.9454851;0.5498111
9824;0.9438136;0.4908823
9832;0.9442522;0.5043948
9840;0.9449438;0.5213923
9848;0.9434845;0.4805911
9856;0.945649;0.537432
9864;0.9216229;0.4593696
9872;0.9424886;0.4596005
9880;0.944422;0.4674489
9888;0.9039933;0.4411852
9896;0.934133;0.4377503
9904;0.9445257;0.4850683
9912;0.9459389;0.4547994
9920;0.9437521;0.4433489
9928;0.9458334;0.4774179
9936;0.9487498;0.4632956
9944;0.9452372;0.5012596
9952;0.8792387;0.4103737
9960;0.9473658;0.4883603
9968;0.9459365;0.5227463
9976;0.849309;0.3748456
9984;0.9464392;0.5038453
9992;0.9476632;0.5095525
10000;0.946888;0.526419
10008;0.8173314;0.3444441
10016;0.9465074;0.538712
10024;0.8695228;0.3501805
10032;0.8385167;0.3203148
10040;0.8979639;0.3842995
10048;0.9194662;0.414751
10056;0.9426896;0.4160103
10064;0.9453892;0.4254212
10072;0.8880605;0.3175499
10080;0.9166582;0.3526146
10088;0.9355972;0.3844425
10096;0.8557984;0.2888469
10104;0.9444314;0.3918707
10112;0.9480451;0.4077053
10120;0.9467015;0.3702151
10128;0.9486451;0.4400569
10136;0.9003464;0.2786642
10144;0.9298401;0.3133501
10152;0.9430231;0.3550332
10160;0.9448805;0.3264681
10168;0.9418023;0.270771
10176;0.9056866;0.2311188
10184;0.9516175;0.4493403
10192;0.9086152;0.186588
10200;0.8666683;0.2045416
10208;0.9543158;0.4939641
10216;0.8648855;0.1628825
10224;0.8654505;0.2522352
10232;0.8247215;0.1836595
10240;0.8407199;0.1004705
10248;0.8250368;0.2253461
10256;0.8207595;0.1445551
10264;0.8111126;0.0827054
10272;0.8191712;0.262485
10280;0.7888902;0.1683278
10288;0.8001478;0.09714714
10296;0.7799324;0.06661885
10304;0.8058808;0.2937358
10312;0.7878256;0.2057492
10320;0.78355;0.127673
10328;0.7728695;0.08242442
10336;0.745307;0.05088356
10344;0.765462;0.09457713
10352;0.7480632;0.1137195
10360;0.7346265;0.06999072
10368;0.7470296;0.08400496
10376;0.7504749;0.151618
10384;0.7339374;0.09236437
10392;0.711715;0.09872168
10400;0.7182612;0.03574535
10408;0.6834635;0.05688965
10416;0.6774341;0.02418968
10424;0.6595184;0.04129481
10432;0.5944018;0.02067735
10440;0.6138679;0.01417949
10448;0.5;0.02032611
10456;0.5;0.0141795
10464;0.3861321;0.01417949
10472;0.4055982;0.02067735
10480;0.2600333;0.01417949
10488;0.5;0.0265781
10496;0.566667;0.02728057
10504;0.6236871;0.03139004
10512;0.3225659;0.02418968
10520;0.433333;0.02728057
10528;0.5;0.03216273
10536;0.5487513;0.03290033
10544;0.588717;0.03616678
10552;0.2135214;0.03026607
10560;0.1344513;0.01417949
10568;0.1494386;0.0304768
10576;0.07691449;0.01417949
10584;0.09000665;0.03167095
10592;0.05414075;0.01417949
10600;0.05572611;0.0324437
10608;0.04952168;0.01417949
10616;0.05046123;0.03297057
10624;0.04472649;0.01417949
10632;0.04539198;0.03349739
10640;0.0399704;0.01417949
10648;0.03995079;0.03412965
10656;0.03183812;0.01417949
10664;0.03289503;0.0346038
10672;0.02595669;0.01417949
10680;0.02746361;0.03479701
10688;0.02167028;0.01417949
10696;0.0227468;0.03483212
10704;0.01636612;0.01417949
10712;0.01698261;0.03409454
10720;0.01182538;0.01417949
10728;0.01182538;0.0300202
10736;0.01722735;0.05385148
10744;0.01182538;0.05091866
10752;0.02332407;0.05495786
10760;0.02808994;0.05474713
10768;0.0335018;0.05425539
10776;0.03999001;0.05337732
10784;0.01725668;0.07436358
10792;0.01182538;0.07223859
10800;0.02350026;0.07490798
10808;0.0282858;0.07438117
10816;0.03358978;0.07346796
10824;0.01708055;0.09542012
10832;0.01182538;0.09464732
10840;0.0233143;0.09494597
10848;0.02801174;0.09394491
10856;0.01683593;0.1946845
10864;0.01182538;0.206054
10872;0.02289361;0.1816784
10880;0.01629764;0.2971829
10888;0.01182538;0.3195774
10896;0.01182538;0.4141515
10904;0.03322774;0.0924522
10912;0.02734631;0.1738403
10920;0.02212042;0.2794394
10928;0.01707083;0.3877949
10936;0.01182538;0.5033853
10944;0.02112228;0.3752194
10952;0.01660109;0.4653145
10960;0.01182538;0.5955133
10968;0.02625018;0.2708261
10976;0.03236657;0.1634182
10984;0.02478224;0.3681565
10992;0.01642275;0.5590514
11000;0.01182538;0.6892605
11008;0.02083844;0.4473988
11016;0.02936226;0.2637632
11024;0.01660109;0.6516203
11032;0.01182538;0.7955486
11040;0.02775735;0.3619549
11048;0.02083367;0.5397456
11056;0.0247432;0.4422309
11064;0.01712948;0.7619567
11072;0.01182538;0.8889168
11080;0.02106351;0.6289673
11088;0.0248968;0.5346689
11096;0.02769846;0.4441258
11104;0.03145641;0.3455896
11112;0.03137815;0.4119121
11120;0.03284615;0.2534273
11128;0.02831936;0.5449772
11136;0.0253107;0.6199234
11144;0.03108466;0.4963224
11152;0.03474462;0.395719
11160;0.03505772;0.3285353
11168;0.03652567;0.2405073
11176;0.03398025;0.4852199
11184;0.03787619;0.1497231
11192;0.0389331;0.0903272
11200;0.03965724;0.07199275
11208;0.03907019;0.3113087
11216;0.03787619;0.3931351
11224;0.04073375;0.2220749
11232;0.0419277;0.1359418
11240;0.04343468;0.08825493
11248;0.04458952;0.0703771
11256;0.03692418;0.4837608
11264;0.0452745;0.05225333
11272;0.05042195;0.05102402
11280;0.04963917;0.06848042
11288;0.04832774;0.08565575
11296;0.05564791;0.04990011
11304;0.05461055;0.06661885
11312;0.0869059;0.04895177
11320;0.0467034;0.1183707
11328;0.0530448;0.08288106
11336;0.07346916;0.06574079
11344;0.1415142;0.04793319
11352;0.04779941;0.202092
11360;0.05055904;0.0957011
11368;0.05361241;0.1116523
11376;0.05725276;0.08284592
11384;0.1220482;0.06556519
11392;0.1943999;0.04751169
11400;0.09138477;0.08368888
11408;0.05748773;0.119232
11416;0.1682155;0.06595152
11424;0.1285942;0.08741194
11432;0.05269241;0.2120834
11440;0.09556228;0.1329702
11448;0.05633301;0.2277596
11456;0.254693;0.05088356
11464;0.2200676;0.06661885
11472;0.1888874;0.0827054
11480;0.1592801;0.1004705
11488;0.2817388;0.03574535
11496;0.2271305;0.08242442
11504;0.2653735;0.06999072
11512;0.3165365;0.05688965
11520;0.3404816;0.04129481
11528;0.1998522;0.09714714
11536;0.3763129;0.03139004
11544;0.4512487;0.03290033
11552;0.411283;0.03616678
11560;0.5;0.03750151
11568;0.3863044;0.04354277
11576;0.4312658;0.03918746
11584;0.4600343;0.03788784
11592;0.3747625;0.05422025
11600;0.5399657;0.03788784
11608;0.5;0.04382372
11616;0.4608955;0.04410472
11624;0.4240306;0.04463157
11632;0.5687342;0.03918746
11640;0.5391045;0.04410472
11648;0.4183459;0.05285048
11656;0.4593452;0.05193722
11664;0.5;0.05162114
11672;0.6136956;0.04354277
11680;0.5759694;0.04463157
11688;0.5406548;0.05193722
11696;0.5;0.06124493
11704;0.4588284;0.0613855
11712;0.4173123;0.06236895
11720;0.6252375;0.05422025
11728;0.5816541;0.05285048
11736;0.5411716;0.0613855
11744;0.5;0.07318696
11752;0.5826877;0.06236895
11760;0.6250652;0.06465196
11768;0.5415161;0.07304641
11776;0.4584839;0.07304641
11784;0.6693376;0.06848042
11792;0.5833768;0.07332744
11800;0.5;0.08245951
11808;0.7134377;0.07564556
11816;0.624893;0.07515382
11824;0.5432388;0.08267026
11832;0.6652032;0.07796373
11840;0.7041354;0.08168685
11848;0.5883725;0.08354833
11856;0.6324726;0.08544502
11864;0.7282525;0.08579633
11872;0.7027572;0.08937889
11880;0.6677872;0.08723634
11888;0.6751946;0.09605235
11896;0.6395355;0.09327757
11904;0.5950909;0.09022185
11912;0.5466842;0.08772808
11920;0.7082697;0.1366309
11928;0.668304;0.1256058
11936;0.632645;0.09875685
11944;0.7487988;0.1874339
11952;0.5;0.08713096
11960;0.5909565;0.09471762
11968;0.7075807;0.1721177
11976;0.783774;0.240683
11984;0.7460287;0.2216476
11992;0.7743992;0.27274
12000;0.4567612;0.08267026
12008;0.7877724;0.3180735
12016;0.7624474;0.3434242
12024;0.7601253;0.2983766
12032;0.7397273;0.2529845
12040;0.7086522;0.2064141
12048;0.7419753;0.3230073
12056;0.7306747;0.2778925
12064;0.7211897;0.3402494
12072;0.7187814;0.3021786
12080;0.7070329;0.2364349
12088;0.6631359;0.1576473
12096;0.7043076;0.320611
12104;0.7016013;0.2629519
12112;0.6750224;0.1965795
12120;0.6262711;0.1245722
12128;0.6855305;0.3268127
12136;0.6936271;0.2854688
12144;0.6772618;0.2262092
12152;0.6314391;0.1619539
12160;0.5852717;0.0994944
12168;0.6700267;0.3104473
12176;0.6753669;0.2504987
12184;0.6457371;0.191756
12192;0.6068049;0.1397317
12200;0.5463396;0.09243461
12208;0.650216;0.2179405
12216;0.6102503;0.170395
12224;0.5;0.0916619
12232;0.5;0.09661424
12240;0.5439278;0.09731674
12248;0.5747635;0.1256058
12256;0.4533158;0.08772808
12264;0.619725;0.1921005
12272;0.5897506;0.1543742
12280;0.5382431;0.1185429
12288;0.4536604;0.09243461
12296;0.5916457;0.1790083
12304;0.5630494;0.1440383
12312;0.5742467;0.1695337
12320;0.6250652;0.2136338
12328;0.5980195;0.1957181
12336;0.5773475;0.1862435
12344;0.6503883;0.239646
12352;0.670199;0.2703093
12360;0.6841524;0.3028676
12368;0.6633083;0.2871914
12376;0.6472875;0.2582507
12384;0.6262711;0.2329276
12392;0.6011202;0.2126002
12400;0.5771753;0.1986466
12408;0.6517665;0.2961492
12416;0.6426364;0.2739269
12424;0.6254097;0.2491206
12432;0.6037042;0.2284487
12440;0.6403969;0.3040735
12448;0.633334;0.2834015
12456;0.6224812;0.2622128
12464;0.6236871;0.2923594
12472;0.5783811;0.2120834
12480;0.6047379;0.2417132
12488;0.6150737;0.2723765
12496;0.6143847;0.3006281
12504;0.6071495;0.2820234
12512;0.5992253;0.2911535
12520;0.6030152;0.2523937
12528;0.5823432;0.2246588
12536;0.5975026;0.2630742
12544;0.5909565;0.2732378
12552;0.5840659;0.283057
12560;0.5847549;0.2356838
12568;0.5840659;0.2444694
12576;0.5801038;0.2554945
12584;0.5749358;0.2661749
12592;0.569251;0.2763386
12600;0.5637385;0.2861578
12608;0.5565895;0.2990777
12616;0.5501294;0.2818511
12624;0.5441864;0.2954602
12632;0.5546084;0.2716874
12640;0.5590874;0.2611792
12648;0.5628771;0.2504987
12656;0.5647721;0.24223
12664;0.5361759;0.2787504
12672;0.5310079;0.2932207
12680;0.5428943;0.2575617
12688;0.5399657;0.2680699
12696;0.5191216;0.2775445
12704;0.5159346;0.2928762
12712;0.5449615;0.2470534
12720;0.5232559;0.2554945
12728;0.5215333;0.2660027
12736;0.5;0.2549776
12744;0.5;0.2770277
12752;0.5;0.2928762
12760;0.4840654;0.2928762
12768;0.5;0.2649691
12776;0.4808784;0.2775445
12784;0.4689921;0.2932207
12792;0.5244617;0.2451585
12800;0.4784667;0.2660027
12808;0.4638241;0.2787504
12816;0.4558136;0.2954602
12824;0.4498706;0.2818511
12832;0.4434105;0.2990777
12840;0.4600343;0.2680699
12848;0.4362615;0.2861578
12856;0.4311796;0.3043318
12864;0.544617;0.2408518
12872;0.4767441;0.2554945
12880;0.4453916;0.2716874
12888;0.4224802;0.2921871
12896;0.4187765;0.3107919
12904;0.4571057;0.2575617
12912;0.430749;0.2763386
12920;0.4083543;0.2995946
12928;0.406115;0.3181993
12936;0.4409126;0.2611792
12944;0.4159341;0.283057
12952;0.3944009;0.3082079
12960;0.3939702;0.3264681
12968;0.4250642;0.2661749
12976;0.4371229;0.2504987
12984;0.4550385;0.2470534
12992;0.4007747;0.2911535
13000;0.4090435;0.2732378
13008;0.4198962;0.2554945
13016;0.380964;0.3178548
13024;0.3830313;0.3355983
13032;0.4755383;0.2451585
13040;0.4352279;0.24223
13048;0.3689055;0.3285353
13056;0.374418;0.3455896
13064;0.5;0.2451585
13072;0.455383;0.2408518
13080;0.3601199;0.340594
13088;0.3682164;0.3560978
13096;0.5237728;0.2398182
13104;0.4762272;0.2398182
13112;0.3539183;0.3531694
13120;0.3645127;0.3666061
13128;0.5;0.2399905
13136;0.5;0.2341335
13144;0.5227391;0.2336166
13152;0.4772609;0.2336166
13160;0.5434111;0.233789
13168;0.4565889;0.233789
13176;0.3503008;0.365228
13184;0.3632207;0.3770282
13192;0.5203274;0.2262092
13200;0.5642552;0.233789
13208;0.4796726;0.2262092
13216;0.5397936;0.2253479
13224;0.5609822;0.224142
13232;0.5575369;0.2132893
13240;0.5370372;0.2153564
13248;0.5585704;0.2000248
13256;0.5;0.2272428
13264;0.5186048;0.2170791
13272;0.5;0.2181127
13280;0.5389322;0.2014029
13288;0.5632216;0.1852099
13296;0.5194662;0.2024365
13304;0.5;0.2038146
13312;0.4813952;0.2170791
13320;0.5439278;0.1836595
13328;0.5525412;0.1636766
13336;0.5222223;0.1841763
13344;0.5;0.1852099
13352;0.5318692;0.1412821
13360;0.5267013;0.1619539
13368;0.5;0.1171648
13376;0.5;0.1626431
13384;0.5;0.1426602
13392;0.4805338;0.2024365
13400;0.4777777;0.1841763
13408;0.4732987;0.1619539
13416;0.4681308;0.1412821
13424;0.4617569;0.1185429
13432;0.4560722;0.09731674
13440;0.4629628;0.2153564
13448;0.4610678;0.2014029
13456;0.4560722;0.1836595
13464;0.4474588;0.1636766
13472;0.4369506;0.1440383
13480;0.4252365;0.1256058
13488;0.4147283;0.0994944
13496;0.4602064;0.2253479
13504;0.4357448;0.233789
13512;0.4390178;0.224142
13520;0.4159341;0.2444694
13528;0.4090435;0.09471762
13536;0.4424631;0.2132893
13544;0.4152451;0.2356838
13552;0.4024974;0.2630742
13560;0.4414296;0.2000248
13568;0.4176568;0.2246588
13576;0.3969848;0.2523937
13584;0.3928505;0.2820234
13592;0.4216189;0.2120834
13600;0.4367784;0.1852099
13608;0.3952621;0.2417132
13616;0.3849263;0.2723765
13624;0.3856153;0.3006281
13632;0.3763129;0.2923594
13640;0.3706281;0.3113087
13648;0.3775188;0.2622128
13656;0.3962958;0.2284487
13664;0.366666;0.2834015
13672;0.3745903;0.2491206
13680;0.3596031;0.3040735
13688;0.3571914;0.3233673
13696;0.3573636;0.2739269
13704;0.3482335;0.2961492
13712;0.3440992;0.317338
13720;0.3473723;0.3368041
13728;0.3320405;0.3323251
13736;0.3299733;0.3104473
13744;0.3366917;0.2871914
13752;0.3527125;0.2582507
13760;0.3401371;0.3511021
13768;0.3225659;0.3481736
13776;0.3353136;0.3647112
13784;0.3737289;0.2329276
13792;0.3163643;0.363333
13800;0.3988798;0.2126002
13808;0.4228247;0.1986466
13816;0.3334187;0.3779757
13824;0.3137804;0.3791815
13832;0.3490949;0.3771143
13840;0.3641682;0.3877087
13848;0.3501285;0.3893452
13856;0.367355;0.3987337
13864;0.3341077;0.3922737
13872;0.3532292;0.4026097
13880;0.3722646;0.4102755
13888;0.3367037;0.4075261
13896;0.3578805;0.4174246
13904;0.3789831;0.4224203
13912;0.3139526;0.3964081
13920;0.3169639;0.4135193
13928;0.3649433;0.4322394
13936;0.3422215;0.4245391
13944;0.3726953;0.4486047
13952;0.3872518;0.4353403
13960;0.3220181;0.4328062
13968;0.349784;0.4432645
13976;0.3814809;0.4641087
13984;0.3975017;0.4476573
13992;0.3919892;0.4790958
14000;0.4107661;0.4592852
14008;0.4154415;0.4806789
14016;0.4276482;0.4641948
14024;0.4319739;0.4877109
14032;0.4427525;0.4640966
14040;0.4442582;0.4806497
14048;0.4537948;0.4637228
14056;0.4556535;0.478629
14064;0.4647388;0.4638451
14072;0.3585696;0.4603188
14080;0.4041098;0.4952509
14088;0.3304902;0.4556677
14096;0.4133381;0.5096145
14104;0.2982764;0.4458812
14112;0.2920799;0.4228406
14120;0.4218032;0.4984361
14128;0.4352589;0.5011872
14136;0.4216465;0.5211787
14144;0.2621005;0.4355125
14152;0.2893185;0.4012316
14160;0.2898354;0.3807319
14168;0.2583159;0.4099672
14176;0.227513;0.4531405
14184;0.2939698;0.3621272
14192;0.2612392;0.38211
14200;0.3022385;0.3443837
14208;0.2013578;0.5027755
14216;0.2188514;0.4191455
14224;0.2185999;0.373421
14232;0.2679576;0.3602323
14240;0.1897487;0.4715161
14248;0.1766565;0.5500695
14256;0.1664928;0.5204397
14264;0.1482326;0.5659179
14272;0.1819055;0.4352972
14280;0.1573506;0.4908099
14288;0.140653;0.5361159
14296;0.1237157;0.5795218
14304;0.1163134;0.5501969
14312;0.1306615;0.5055146
14320;0.1496469;0.4555092
14328;0.1710579;0.3996812
14336;0.1305529;0.6105331
14344;0.1355762;0.6407503
14352;0.1589597;0.6665575
14360;0.1383859;0.6718736
14368;0.1608339;0.6995447
14376;0.1132057;0.6456152
14384;0.1418433;0.7038083
14392;0.1656969;0.731886
14400;0.1177588;0.6763802
14408;0.1459174;0.7374002
14416;0.1728908;0.7646149
14424;0.1219431;0.7081805
14432;0.1536142;0.7728114
14440;0.1865808;0.7960293
14448;0.1259311;0.7421048
14456;0.1672698;0.8092283
14464;0.2041932;0.8242275
14472;0.1323342;0.7804186
14480;0.1015657;0.7114759
14488;0.1041273;0.7449782
14496;0.1082875;0.7858276
14504;0.142901;0.8224222
14512;0.186033;0.8427547
14520;0.09864753;0.6796979
14528;0.2158988;0.8634111
14536;0.2276284;0.8427375
14544;0.2441676;0.8754181
14552;0.2522848;0.8519468
14560;0.2717492;0.8803432
14568;0.2757699;0.8580279
14576;0.29649;0.8803707
14584;0.2977975;0.8598435
14592;0.318528;0.8792596
14600;0.3184401;0.8595594
14608;0.3400543;0.8778074
14616;0.3390276;0.8579296
14624;0.360449;0.8760589
14632;0.3586815;0.8556626
14640;0.3804491;0.8738918
14648;0.3826248;0.8969221
14656;0.3628796;0.8994492
14664;0.3422663;0.9018815
14672;0.320118;0.9048153
14680;0.3455737;0.9288067
14688;0.296123;0.9075217
14696;0.3224781;0.9332789
14704;0.268302;0.9099333
14712;0.3267485;0.9532163
14720;0.2989499;0.9390084
14728;0.3038992;0.9537821
14736;0.2721023;0.9516953
14744;0.2353993;0.9088136
14752;0.158007;0.8650321
14760;0.1151885;0.8326944
14768;0.1265271;0.881854
14776;0.08053201;0.8913285
14784;0.07636499;0.8357367
14792;0.0558632;0.9518353
14800;0.07736582;0.7906045
14808;0.0553543;0.8925344
14816;0.05135411;0.9551802
14824;0.07935721;0.7457914
14832;0.05560642;0.8392698
14840;0.05127376;0.938383
14848;0.08069748;0.7135035
14856;0.05623525;0.7927373
14864;0.05114645;0.8917438
14872;0.05736053;0.7445044
14880;0.05185837;0.8409167
14888;0.05309874;0.7863961
14896;0.04635483;0.9534314
14904;0.04701704;0.9226741
14912;0.04752553;0.8828186
14920;0.04564637;0.9571915
14928;0.0431934;0.9047515
14936;0.04680103;0.9626316
14944;0.04198629;0.9357732
14952;0.04344136;0.9676008
14960;0.04781884;0.9703655
14968;0.0397374;0.971285
14976;0.04411978;0.975302
14984;0.0332033;0.9755958
14992;0.03674096;0.9813785
15000;0.03599733;0.9668272
15008;0.03957897;0.9637225
15016;0.04220158;0.959569
15024;0.02527159;0.9782879
15032;0.02728754;0.9851614
15040;0.03034884;0.9702047
15048;0.03334111;0.9618554
15056;0.01912588;0.9787423
15064;0.01998705;0.9860145
15072;0.02351016;0.97175
15080;0.01182538;0.9786445
15088;0.01182538;0.9860145
15096;0.01824504;0.9717918
15104;0.01182538;0.9715402
15112;0.02790767;0.9639002
15120;0.03640836;0.9595831
15128;0.01755041;0.9650931
15136;0.01182538;0.9651349
15144;0.02193457;0.9648903
15152;0.03048754;0.9554364
15160;0.01676744;0.9578348
15168;0.01182538;0.9576111
15176;0.01182538;0.9529402
15184;0.02551621;0.9567789
15192;0.0204373;0.9575832
15200;0.01938027;0.952115
15208;0.02399939;0.9363761
15216;0.01801026;0.8629047
15224;0.02265877;0.8430941
15232;0.0283249;0.9199247
15240;0.02128857;0.7382702
15248;0.02713102;0.8247477
15256;0.02578044;0.7225078
15264;0.03426999;0.953052
15272;0.03200442;0.8964966
15280;0.03092808;0.8069613
15288;0.02968508;0.7147559
15296;0.03858078;0.9568838
15304;0.04022491;0.953989
15312;0.03796428;0.9081675
15320;0.03537762;0.8572837
15328;0.03984159;0.8746825
15336;0.03445369;0.7817175
15344;0.04431313;0.8710977
15352;0.03753328;0.8292783
15360;0.0484609;0.8384774
15368;0.04142076;0.8432629
15376;0.04936951;0.7968441
15384;0.04616463;0.7863616
15392;0.04554248;0.8292404
15400;0.04294288;0.812174
15408;0.03961974;0.8031197
15416;0.03669661;0.7623771
15424;0.03314948;0.7050108
15432;0.02877015;0.6223782
15440;0.03206748;0.6258958
15448;0.0353803;0.6950727
15456;0.03868955;0.7464287
15464;0.04201573;0.7838035
15472;0.03127795;0.5514097
15480;0.03448683;0.6255599
15488;0.03401542;0.5560367
15496;0.04398036;0.7735365
15504;0.04087132;0.723538
15512;0.03738254;0.6875498
15520;0.03627914;0.5637251
15528;0.03662997;0.6278718
15536;0.03923768;0.666275
15544;0.03877968;0.6100181
15552;0.03917992;0.5465311
15560;0.04095;0.4566961
15568;0.04248083;0.3671418
15576;0.04445249;0.2961492
15584;0.04932594;0.2939098
15592;0.04687184;0.3578498
15600;0.05279034;0.3013172
15608;0.04503518;0.4226132
15616;0.05053103;0.3583218
15624;0.04912442;0.4063565
15632;0.0424729;0.5046532
15640;0.04514581;0.472157
15648;0.04095644;0.5473356
15656;0.04030269;0.5962678
15664;0.04041284;0.6466573
15672;0.04107255;0.682201
15680;0.0423311;0.7166284
15688;0.04412907;0.7400928
15696;0.04221958;0.552979
15704;0.04148167;0.5899301
15712;0.04127842;0.6286813
15720;0.04158479;0.6647022
15728;0.04257649;0.7012501
15736;0.04375613;0.518624
15744;0.04301828;0.5592288
15752;0.04233027;0.5902573
15760;0.04418272;0.7296758
15768;0.04638189;0.7496294
15776;0.046386;0.757433
15784;0.04860264;0.7653435
15792;0.05063337;0.7657794
15800;0.04856527;0.7570764
15808;0.05301517;0.7549214
15816;0.05079764;0.7553797
15824;0.05543143;0.7328351
15832;0.05806679;0.7120065
15840;0.08059227;0.6830537
15848;0.09496105;0.6492981
15856;0.1086544;0.6167036
15864;0.101607;0.5881351
15872;0.08999974;0.6208777
15880;0.07899719;0.6535928
15888;0.06091267;0.6854224
15896;0.05649012;0.7038083
15904;0.09362769;0.560185
15912;0.07563627;0.625031
15920;0.06159312;0.659393
15928;0.08359832;0.594154
15936;0.05702102;0.6744422
15944;0.07567924;0.5685604
15952;0.05488414;0.7221168
15960;0.05579132;0.700227
15968;0.05367774;0.7389024
15976;0.05251807;0.7483546
15984;0.0522902;0.7368662
15992;0.05347788;0.7284252
16000;0.0543583;0.7161529
16008;0.06693333;0.5446138
16016;0.0842461;0.5323657
16024;0.1059585;0.5210116
16032;0.1141928;0.4685308
16040;0.1372247;0.4333592
16048;0.07388771;0.504555
16056;0.05813569;0.5212339
16064;0.09267163;0.4864705
16072;0.05660421;0.5573701
16080;0.05714124;0.5311546
16088;0.06418574;0.5769327
16096;0.0707801;0.5999715
16104;0.06006342;0.6037286
16112;0.0598653;0.6330327
16120;0.05717725;0.6463972
16128;0.05722207;0.4993302
16136;0.05656308;0.5067807
16144;0.0625785;0.4802707
16152;0.05373949;0.5835717
16160;0.05702084;0.5682694
16168;0.0538274;0.6178872
16176;0.05732268;0.6270242
16184;0.05686134;0.6381784
16192;0.05695236;0.6235358
16200;0.05633581;0.6528624
16208;0.05621451;0.6775067
16216;0.05511302;0.7001563
16224;0.05755001;0.6035392
16232;0.05699712;0.6116495
16240;0.05730349;0.593105
16248;0.05694491;0.6015012
16256;0.05653816;0.6307933
16264;0.0566228;0.6196184
16272;0.05669224;0.6098595
16280;0.05618984;0.6406263
16288;0.05680758;0.5865709
16296;0.05683357;0.5940352
16304;0.05661863;0.6006433
16312;0.05669767;0.5783676
16320;0.05647975;0.5936046
16328;0.05620354;0.5841454
16336;0.05644363;0.6171826
16344;0.05648118;0.6083264
16352;0.05636436;0.6007485
16360;0.05618787;0.5945175
16368;0.05629921;0.62669
16376;0.05591714;0.632516
16384;0.05580544;0.5742005
16392;0.05591577;0.5856045
16400;0.05624241;0.566185
16408;0.05658519;0.5562658
16416;0.05682284;0.5473735
16424;0.0559814;0.5533907
16432;0.05603242;0.5409307
16440;0.05541039;0.5623985
16448;0.05603242;0.5246947
16456;0.05525178;0.5506138
16464;0.05519086;0.5375802
16472;0.05451488;0.5498111
16480;0.0549385;0.5690808
16488;0.05450791;0.5592306
16496;0.05554706;0.5776027
16504;0.05574781;0.5043948
16512;0.05505615;0.5213923
16520;0.05435103;0.537432
16528;0.05618638;0.4908823
16536;0.05651551;0.4805911
16544;0.05557799;0.4674489
16552;0.05751139;0.4596005
16560;0.05547434;0.4850683
16568;0.05406111;0.4547994
16576;0.05416662;0.4774179
16584;0.05125016;0.4632956
16592;0.05476278;0.5012596
16600;0.0540635;0.5227463
16608;0.05263424;0.4883603
16616;0.07837707;0.4593696
16624;0.05624795;0.4433489
16632;0.09600669;0.4411852
16640;0.06586701;0.4377503
16648;0.05356079;0.5038453
16656;0.05233675;0.5095525
16664;0.1207613;0.4103737
16672;0.05311197;0.526419
16680;0.150691;0.3748456
16688;0.05349261;0.538712
16696;0.1826686;0.3444441
16704;0.05378968;0.5494872
16712;0.1020361;0.3842995
16720;0.1304772;0.3501805
16728;0.1614833;0.3203148
16736;0.0805338;0.414751
16744;0.0573104;0.4160103
16752;0.05461079;0.4254212
16760;0.1119395;0.3175499
16768;0.08334178;0.3526146
16776;0.06440276;0.3844425
16784;0.1442016;0.2888469
16792;0.05556864;0.3918707
16800;0.05195493;0.4077053
16808;0.05329853;0.3702151
16816;0.05135489;0.4400569
16824;0.07015985;0.3133501
16832;0.0996536;0.2786642
16840;0.05697685;0.3550332
16848;0.05511945;0.3264681
16856;0.05819768;0.270771
16864;0.09431338;0.2311188
16872;0.04838246;0.4493403
16880;0.09138477;0.186588
16888;0.1333317;0.2045416
16896;0.1351145;0.1628825
16904;0.04568416;0.4939641
16912;0.1345495;0.2522352
16920;0.1792405;0.1445551
16928;0.1752785;0.1836595
16936;0.1749632;0.2253461
16944;0.2111098;0.1683278
16952;0.21645;0.127673
16960;0.1808288;0.262485
16968;0.234538;0.09457713
16976;0.2121744;0.2057492
16984;0.1941192;0.2937358
16992;0.2519368;0.1137195
17000;0.2529704;0.08400496
17008;0.2495251;0.151618
17016;0.216226;0.240683
17024;0.2122276;0.3180735
17032;0.2660626;0.09236437
17040;0.2512012;0.1874339
17048;0.2256008;0.27274
17056;0.2375526;0.3434242
17064;0.288285;0.09872168
17072;0.2398747;0.2983766
17080;0.2539713;0.2216476
17088;0.2580247;0.3230073
17096;0.2917303;0.1366309
17104;0.2602727;0.2529845
17112;0.2924193;0.1721177
17120;0.2788103;0.3402494
17128;0.2693253;0.2778925
17136;0.2913478;0.2064141
17144;0.2812186;0.3021786
17152;0.2956924;0.320611
17160;0.2929671;0.2364349
17168;0.2983987;0.2629519
17176;0.3144695;0.3268127
17184;0.3158476;0.3028676
17192;0.3063729;0.2854688
17200;0.329801;0.2703093
17208;0.3246331;0.2504987
17216;0.3496117;0.239646
17224;0.3227382;0.2262092
17232;0.3749348;0.2136338
17240;0.349784;0.2179405
17248;0.3249776;0.1965795
17256;0.4019805;0.1957181
17264;0.3542629;0.191756
17272;0.380275;0.1921005
17280;0.3368641;0.1576473
17288;0.4226525;0.1862435
17296;0.3685609;0.1619539
17304;0.3897497;0.170395
17312;0.4083543;0.1790083
17320;0.4257533;0.1695337
17328;0.4102494;0.1543742
17336;0.3931951;0.1397317
17344;0.3737289;0.1245722
17352;0.367355;0.09875685
17360;0.331696;0.1256058
17368;0.4049091;0.09022185
17376;0.3248054;0.09605235
17384;0.3604645;0.09327757
17392;0.4116275;0.08354833
17400;0.2972428;0.08937889
17408;0.3322128;0.08723634
17416;0.3675274;0.08544502
17424;0.4166232;0.07332744
17432;0.2717475;0.08579633
17440;0.2958646;0.08168685
17448;0.375107;0.07515382
17456;0.3749348;0.06465196
17464;0.3347968;0.07796373
17472;0.2865623;0.07564556
17480;0.3306624;0.06848042
17488;0.05815011;0.9862581
17496;0.05803311;0.986737
17504;0.0584259;0.9861152
17512;0.05822104;0.9859486
17520;0.0584504;0.9855162
17528;0.05867934;0.9855043
17536;0.05825961;0.9855126
17544;0.05888224;0.9849709
17552;0.05840862;0.9848812
17560;0.05880415;0.9845684
17568;0.058164;0.9847581
17576;0.05848563;0.9845047
17584;0.05884898;0.9842672
17592;0.05824673;0.9844496
17600;0.05800527;0.9846013
17608;0.05857813;0.984172
17616;0.05878562;0.9839003
17624;0.05803972;0.984395
17632;0.0578618;0.9844569
17640;0.05859244;0.9838384
17648;0.05871111;0.9834689
17656;0.05786735;0.9843504
17664;0.0578106;0.9843893
17672;0.05777287;0.984314
17680;0.05784971;0.9842544
17688;0.05805176;0.9841521
17696;0.05823642;0.9841303
17704;0.05834204;0.983736
17712;0.05846041;0.9832945
17720;0.05861008;0.9834247
17728;0.05859882;0.9824913
17736;0.5757316;0.8494748
17744;0.5729203;0.8310389
17752;0.5496626;0.8502069
17760;0.5473887;0.8319191
17768;0.5235763;0.8502259
17776;0.5657402;0.815249
17784;0.5227116;0.8318743
17792;0.5442827;0.8161637
17800;0.5582604;0.8027993
17808;0.5215487;0.8158157
17816;0.5404085;0.8039139
17824;0.5501363;0.7896623
17832;0.5200587;0.8038346
17840;0.5353405;0.7908251
17848;0.5436109;0.7769388
17856;0.5179967;0.7913074
17864;0.5307082;0.7780895
17872;0.5381398;0.7635416
17880;0.5156883;0.778179
17888;0.5265272;0.7653056
17896;0.5341087;0.7514485
17904;0.5136487;0.7660584
17912;0.5231336;0.7527491
17920;0.5118244;0.7539257
17928;0.53133;0.7386905
17936;0.5209527;0.7412348
17944;0.5104704;0.7419963
17952;0.509454;0.7284458
17960;0.5191749;0.7275053
17968;0.5090784;0.7148988
17976;0.5294248;0.7254432
17984;0.5184824;0.7134156
17992;0.5286048;0.7109384
18000;0.5856163;0.3876225
18008;0.5838935;0.3879671
18016;0.58286;0.3883116
18024;0.5816541;0.3881394
18032;0.5832046;0.3879671
18040;0.5816541;0.3877949
18048;0.5785533;0.3881394
18056;0.58286;0.3872781
18064;0.5782089;0.3877949
18072;0.5856163;0.3876225
18080;0.5801038;0.3891729
18088;0.5742467;0.3883116
18096;0.5801038;0.3867612
18104;0.574419;0.3879671
18112;0.5847549;0.3886562
18120;0.5761417;0.389862
18128;0.5687342;0.3888285
18136;0.5845827;0.3869335
18144;0.5856163;0.3876225
18152;0.5766584;0.3862444
18160;0.5695956;0.3883116
18168;0.5821709;0.3895175
18176;0.5709736;0.3908956
18184;0.5627049;0.3893452
18192;0.5818264;0.3857277
18200;0.5720073;0.3858999
18208;0.5642552;0.3886562
18216;0.5782089;0.3910679
18224;0.5647721;0.3919292
18232;0.5559865;0.3905511
18240;0.5783811;0.3848663
18248;0.5664948;0.3857277
18256;0.5580537;0.3895175
18264;0.5730408;0.3926183
18272;0.5577092;0.3933073
18280;0.5484068;0.3914124
18288;0.5739022;0.384005
18296;0.5602932;0.3858999
18304;0.5509908;0.3903788
18312;0.5683896;0.3831436
18320;0.5757971;0.38211
18328;0.5532303;0.3860722
18336;0.5423775;0.3915847
18344;0.562188;0.3827991
18352;0.5442724;0.3864167
18360;0.5320415;0.3926183
18368;0.5799315;0.3833159
18376;0.5702845;0.3807319
18384;0.5546084;0.3824545
18392;0.5337641;0.3869335
18400;0.5222223;0.3927906
18408;0.5835491;0.3848663
18416;0.5775198;0.3796983
18424;0.5637385;0.3796983
18432;0.545306;0.3822823
18440;0.5229114;0.3869335
18448;0.5117141;0.3919292
18456;0.5866499;0.3864167
18464;0.571835;0.3778034
18472;0.5558143;0.378837
18480;0.5346255;0.3822823
18488;0.5878558;0.3872781
18496;0.5871666;0.3888285
18504;0.5651166;0.3760807
18512;0.5906121;0.3872781
18520;0.5847549;0.3902065
18528;0.5900952;0.3890007
18536;0.5807928;0.3919292
18544;0.5882002;0.3907233
18552;0.591301;0.3915847
18560;0.5844104;0.3936519
18568;0.5754526;0.3941687
18576;0.5787256;0.3964081
18584;0.566667;0.394341
18592;0.5687342;0.3965804
18600;0.5590874;0.3960635
18608;0.5496127;0.3941687
18616;0.540138;0.392446
18624;0.5409994;0.3953745
18632;0.5308356;0.3934796
18640;0.5509908;0.3977862
18648;0.5609822;0.3988198
18656;0.5311802;0.3965804
18664;0.5203274;0.3931351
18672;0.5418606;0.3995089
18680;0.5204997;0.3967526
18688;0.5099915;0.3921015
18696;0.5713182;0.3991644
18704;0.5523689;0.4012316
18712;0.531697;0.4003702
18720;0.5632216;0.4020929
18728;0.5742467;0.4026097
18736;0.5425497;0.4032987
18744;0.5540916;0.4050214
18752;0.5819986;0.3991644
18760;0.5658057;0.4058827
18768;0.5876834;0.3955468
18776;0.5768307;0.4062273
18784;0.5847549;0.4020929
18792;0.5904397;0.3972694
18800;0.5323861;0.4043323
18808;0.5434111;0.4074331
18816;0.5556419;0.409328
18824;0.5680451;0.4101894
18832;0.5211888;0.4001979
18840;0.5099915;0.3962358
18848;0.5;0.3953745
18856;0.5;0.3905511
18864;0.4900085;0.3921015
18872;0.510336;0.4001979
18880;0.5218778;0.4046768
18888;0.5329028;0.4089835
18896;0.5439278;0.4124289
18904;0.5568478;0.4139793
18912;0.5106806;0.4041601
18920;0.5223947;0.4095003
18928;0.5334197;0.4146683
18936;0.5;0.3995089
18944;0.5449615;0.4179413
18952;0.5578814;0.4184582
18960;0.5461673;0.4231094
18968;0.5695956;0.4141515
18976;0.5788978;0.4098449
18984;0.5709736;0.4182859
18992;0.5869943;0.4050214
19000;0.5592595;0.422248
19008;0.5807928;0.4132902
19016;0.5725241;0.4220757
19024;0.5344532;0.4206977
19032;0.535659;0.4262101
19040;0.5475455;0.426727
19048;0.5609822;0.4265547
19056;0.5230837;0.4158742
19064;0.511025;0.4091558
19072;0.5;0.403471
19080;0.5237728;0.4224203
19088;0.5115418;0.4150129
19096;0.5246341;0.4284496
19104;0.5;0.4082945
19112;0.5370372;0.430689
19120;0.5253232;0.432584
19128;0.5489236;0.430689
19136;0.5377263;0.4344789
19144;0.4893194;0.4041601
19152;0.488975;0.4091558
19160;0.489664;0.4001979
19168;0.4900085;0.3962358
19176;0.4795003;0.3967526
19184;0.4796726;0.3931351
19192;0.4788112;0.4001979
19200;0.4781222;0.4046768
19208;0.4688198;0.3965804
19216;0.4691644;0.3934796
19224;0.468303;0.4003702
19232;0.4590006;0.3953745
19240;0.459862;0.392446
19248;0.4776053;0.4095003
19256;0.4676139;0.4043323
19264;0.4581394;0.3995089
19272;0.4503873;0.3941687
19280;0.4515932;0.3914124
19288;0.4670972;0.4089835
19296;0.4574503;0.4032987
19304;0.4490092;0.3977862
19312;0.4422908;0.3933073
19320;0.4440135;0.3905511
19328;0.4565889;0.4074331
19336;0.4476311;0.4012316
19344;0.4409126;0.3960635
19352;0.4352279;0.3919292
19360;0.4372951;0.3893452
19368;0.4459084;0.4050214
19376;0.4390178;0.3988198
19384;0.433333;0.394341
19392;0.4290264;0.3908956
19400;0.4312658;0.3888285
19408;0.4367784;0.4020929
19416;0.4312658;0.3965804
19424;0.4269592;0.3926183
19432;0.4238583;0.389862
19440;0.4257533;0.3883116
19448;0.4286818;0.3991644
19456;0.4245474;0.3941687
19464;0.4217911;0.3910679
19472;0.4198962;0.3891729
19480;0.4214467;0.3881394
19488;0.4212744;0.3964081
19496;0.4192072;0.3919292
19504;0.4257533;0.4026097
19512;0.4178291;0.3895175
19520;0.41714;0.3883116
19528;0.4183459;0.3881394
19536;0.4152451;0.3902065
19544;0.4152451;0.3886562
19552;0.4161065;0.3879671
19560;0.4167954;0.3879671
19568;0.4183459;0.3877949
19576;0.4143837;0.3876225
19584;0.41714;0.3872781
19592;0.4217911;0.3877949
19600;0.4128334;0.3888285
19608;0.4198962;0.3867612
19616;0.425581;0.3879671
19624;0.4121442;0.3872781
19632;0.4154173;0.3869335
19640;0.4233416;0.3862444
19648;0.4304044;0.3883116
19656;0.4133501;0.3864167
19664;0.4093879;0.3872781
19672;0.4099048;0.3890007
19680;0.4181736;0.3857277
19688;0.4279927;0.3858999
19696;0.4357448;0.3886562
19704;0.4164509;0.3848663
19712;0.4216189;0.3848663
19720;0.4335052;0.3857277
19728;0.4419463;0.3895175
19736;0.4117998;0.3907233
19744;0.408699;0.3915847
19752;0.4155896;0.3936519
19760;0.4180014;0.3991644
19768;0.4200685;0.3833159
19776;0.4397068;0.3858999
19784;0.4490092;0.3903788
19792;0.4123166;0.3955468
19800;0.4467697;0.3860722
19808;0.4576225;0.3915847
19816;0.4557276;0.3864167
19824;0.4679585;0.3926183
19832;0.4662359;0.3869335
19840;0.4777777;0.3927906
19848;0.4770886;0.3869335
19856;0.4882859;0.3919292
19864;0.4316104;0.3831436
19872;0.437812;0.3827991
19880;0.4453916;0.3824545
19888;0.454694;0.3822823
19896;0.4653745;0.3822823
19904;0.4260978;0.384005
19912;0.4242029;0.38211
19920;0.4297155;0.3807319
19928;0.4362615;0.3796983
19936;0.4224802;0.3796983
19944;0.4441857;0.378837
19952;0.428165;0.3778034
19960;0.4180014;0.3817655
19968;0.4348834;0.3760807
19976;0.4143837;0.3836604
19984;0.4111107;0.3855554
19992;0.4262701;0.3747026
20000;0.433333;0.3721186
20008;0.4204131;0.3771143
20016;0.4157619;0.3796983
20024;0.4117998;0.3822823
20032;0.4085267;0.384694
20040;0.4431522;0.3745303
20048;0.406804;0.3869335
20056;0.4069763;0.3893452
20064;0.4042201;0.389862
20072;0.4130057;0.3772866
20080;0.4088712;0.3803874
20088;0.4057704;0.3838327
20096;0.4040477;0.3867612
20104;0.4180014;0.3740135
20112;0.4242029;0.3709128
20120;0.4317826;0.3678119
20128;0.4419463;0.3700514
20136;0.4529713;0.37298
20144;0.4538327;0.3779757
20152;0.4648577;0.3771143
20160;0.4641687;0.3714296
20168;0.4634796;0.3655725
20176;0.4522822;0.3679842
20184;0.4409126;0.3650557
20192;0.4297155;0.3629885
20200;0.4758827;0.3703959
20208;0.4762272;0.3765975
20216;0.4515932;0.3622994
20224;0.4216189;0.3667783
20232;0.4150727;0.3705682
20240;0.4765718;0.38211
20248;0.4398791;0.3591986
20256;0.4183459;0.3622994
20264;0.4097325;0.3745303
20272;0.4875968;0.386589
20280;0.4269592;0.3578205
20288;0.411283;0.3667783
20296;0.4054259;0.3783202
20304;0.4024974;0.3826269
20312;0.4014637;0.376253
20320;0.4011192;0.3864167
20328;0.4055982;0.3716018
20336;0.3987076;0.381421
20344;0.4223493;0.3509522
20352;0.413071;0.3564132
20360;0.4056153;0.362153
20368;0.3998238;0.3679549
20376;0.3958737;0.3739429
20384;0.437812;0.3535139
20392;0.4510764;0.3554088
20400;0.4627905;0.3593709
20408;0.4079238;0.3515328
20416;0.3999996;0.3579928
20424;0.3939702;0.3647112
20432;0.4180014;0.3454174
20440;0.4334708;0.3456241
20448;0.449526;0.3490349
20456;0.462446;0.3524803
20464;0.43006;0.3395604
20472;0.4442719;0.3340478
20480;0.4748492;0.3564424
20488;0.4461737;0.3408678
20496;0.4593539;0.3384957
20504;0.4614124;0.3452451
20512;0.4753797;0.3634967
20520;0.4745046;0.3505853
20528;0.48708;0.3555811
20536;0.4872524;0.3629885
20544;0.4874245;0.3698792
20552;0.5;0.3688456
20560;0.4874245;0.3764252
20568;0.4875968;0.3819378
20576;0.5;0.3757362
20584;0.5;0.381421
20592;0.5;0.3622994
20600;0.5;0.3858999
20608;0.5;0.3900343
20616;0.5124032;0.386589
20624;0.5124032;0.3819378
20632;0.5234282;0.38211
20640;0.5125755;0.3764252
20648;0.5237728;0.3765975
20656;0.5125755;0.3698792
20664;0.5351423;0.3771143
20672;0.5127476;0.3629885
20680;0.5241173;0.3703959
20688;0.5461673;0.3779757
20696;0.5358313;0.3714296
20704;0.5365204;0.3655725
20712;0.5470287;0.37298
20720;0.5246203;0.3634967
20728;0.51292;0.3555811
20736;0.5568478;0.3745303
20744;0.566667;0.3721186
20752;0.5580537;0.3700514
20760;0.5737299;0.3747026
20768;0.5251508;0.3564424
20776;0.5;0.354892
20784;0.5477178;0.3679842
20792;0.5682174;0.3678119
20800;0.5590874;0.3650557
20808;0.5484068;0.3622994
20816;0.5372095;0.3593709
20824;0.4869078;0.3498963
20832;0.5757971;0.3709128
20840;0.5702845;0.3629885
20848;0.5601209;0.3591986
20856;0.5489236;0.3554088
20864;0.537554;0.3524803
20872;0.5795869;0.3771143
20880;0.5254954;0.3505853
20888;0.5819986;0.3817655
20896;0.5856163;0.3836604
20904;0.5842381;0.3796983
20912;0.5819986;0.3740135
20920;0.5888893;0.3855554
20928;0.5882002;0.3822823
20936;0.5914733;0.384694
20944;0.5869943;0.3772866
20952;0.5783811;0.3667783
20960;0.5849273;0.3705682
20968;0.5911288;0.3803874
20976;0.593196;0.3869335
20984;0.5816541;0.3622994
20992;0.5902675;0.3745303
21000;0.5942296;0.3838327
21008;0.5930237;0.3893452
21016;0.5957799;0.389862
21024;0.5730408;0.3578205
21032;0.562188;0.3535139
21040;0.5945741;0.3783202
21048;0.5959523;0.3867612
21056;0.5975026;0.3826269
21064;0.5940573;0.3929628
21072;0.5988808;0.3864167
21080;0.5985363;0.376253
21088;0.550474;0.3490349
21096;0.5928515;0.3989921
21104;0.5985363;0.3903788
21112;0.6012924;0.381421
21120;0.5385876;0.3452451
21128;0.5892339;0.40795
21136;0.5966413;0.3945132
21144;0.5954354;0.4014038
21152;0.5826877;0.4169078
21160;0.5993975;0.3960635
21168;0.5914733;0.4108784
21176;0.576207;0.4295951
21184;0.5980195;0.4036433
21192;0.5867687;0.4234125
21200;0.564555;0.4349302
21208;0.595575;0.4159448
21216;0.551163;0.4386994
21224;0.5810099;0.4398829
21232;0.5673388;0.4456228
21240;0.551542;0.4490147
21248;0.5380898;0.4413351
21256;0.5919901;0.4315504
21264;0.5253232;0.4360293
21272;0.5723518;0.4641948
21280;0.5572475;0.4640966
21288;0.5892339;0.4592852
21296;0.5462052;0.4637228
21304;0.6024983;0.4476573
21312;0.5368478;0.4513403
21320;0.5352612;0.4638451
21328;0.6015509;0.4231955
21336;0.6127482;0.4353403
21344;0.5247563;0.4428855
21352;0.5238485;0.4521275
21360;0.5230924;0.4633146
21368;0.5096779;0.4632852
21376;0.5107167;0.4523084
21384;0.5;0.4618744
21392;0.6093889;0.413807
21400;0.6210169;0.4224203
21408;0.6021538;0.4076054
21416;0.5120242;0.4421671
21424;0.5;0.451237
21432;0.6155905;0.4046768
21440;0.6277354;0.4102755
21448;0.632645;0.3987337
21456;0.6073218;0.4004563
21464;0.6029446;0.3981169
21472;0.6201556;0.3955468
21480;0.6358318;0.3877087
21488;0.6108533;0.3933073
21496;0.6227397;0.3865028
21504;0.6367793;0.3770282
21512;0.6058661;0.392117
21520;0.6230841;0.377545
21528;0.6354873;0.3666061
21536;0.612662;0.3860722
21544;0.6018093;0.3910679
21552;0.6212753;0.3687594
21560;0.6317836;0.3560978
21568;0.6124898;0.3787508
21576;0.6071926;0.3860722
21584;0.6023261;0.3860722
21592;0.6065863;0.380005
21600;0.6172271;0.3602323
21608;0.625582;0.3455896
21616;0.6101642;0.3716879
21624;0.6041263;0.3739429
21632;0.6110255;0.3517912
21640;0.6169687;0.3355983
21648;0.6060298;0.3647112
21656;0.6001762;0.3679549
21664;0.6026706;0.3437808
21672;0.6060298;0.3264681
21680;0.6000004;0.3579928
21688;0.5944018;0.3716018
21696;0.5924209;0.3362872
21704;0.593885;0.3181993
21712;0.5920762;0.3515328
21720;0.5943847;0.362153
21728;0.588717;0.3667783
21736;0.586929;0.3564132
21744;0.5807928;0.3293966
21752;0.5812235;0.3107919
21760;0.5819986;0.3454174
21768;0.5776507;0.3509522
21776;0.5685619;0.3231089
21784;0.5688204;0.3043318
21792;0.56994;0.3395604
21800;0.5557281;0.3340478
21808;0.5665292;0.3456241
21816;0.5580537;0.3172518
21824;0.5565895;0.2990777
21832;0.5538263;0.3408678
21840;0.5406461;0.3384957
21848;0.5478469;0.3136773
21856;0.5441864;0.2954602
21864;0.548579;0.3235396
21872;0.5380708;0.311524
21880;0.5310079;0.2932207
21888;0.5413439;0.3324974
21896;0.5382431;0.3242286
21904;0.5265721;0.310275
21912;0.5159346;0.2928762
21920;0.527218;0.3320667
21928;0.5261845;0.3242286
21936;0.513566;0.3101028
21944;0.5;0.2928762
21952;0.5268736;0.338699
21960;0.5132645;0.3245731
21968;0.5137814;0.3322391
21976;0.5;0.3325835
21984;0.5260122;0.3436947
21992;0.5139535;0.3390435
22000;0.5;0.3247454
22008;0.5;0.3101459
22016;0.486434;0.3101028
22024;0.4840654;0.2928762
22032;0.5132645;0.3435224
22040;0.4867355;0.3245731
22048;0.4734279;0.310275
22056;0.4689921;0.2932207
22064;0.4619292;0.311524
22072;0.4558136;0.2954602
22080;0.4738155;0.3242286
22088;0.4521531;0.3136773
22096;0.4434105;0.2990777
22104;0.5130922;0.3498963
22112;0.5;0.3498963
22120;0.5;0.3435224
22128;0.5;0.3392158
22136;0.4867355;0.3435224
22144;0.4860465;0.3390435
22152;0.4739878;0.3436947
22160;0.4731264;0.338699
22168;0.4862186;0.3322391
22176;0.472782;0.3320667
22184;0.4586561;0.3324974
22192;0.4617569;0.3242286
22200;0.451421;0.3235396
22208;0.4419463;0.3172518
22216;0.4311796;0.3043318
22224;0.4314381;0.3231089
22232;0.4187765;0.3107919
22240;0.4192072;0.3293966
22248;0.406115;0.3181993
22256;0.4075791;0.3362872
22264;0.3939702;0.3264681
22272;0.3973294;0.3437808
22280;0.3830313;0.3355983
22288;0.3889745;0.3517912
22296;0.374418;0.3455896
22304;0.3827729;0.3602323
22312;0.3682164;0.3560978
22320;0.3898358;0.3716879
22328;0.3787247;0.3687594
22336;0.3645127;0.3666061
22344;0.3934137;0.380005
22352;0.3769159;0.377545
22360;0.3632207;0.3770282
22368;0.3875102;0.3787508
22376;0.3976739;0.3860722
22384;0.3772603;0.3865028
22392;0.3641682;0.3877087
22400;0.3928074;0.3860722
22408;0.387338;0.3860722
22416;0.4014637;0.3903788
22424;0.3798444;0.3955468
22432;0.367355;0.3987337
22440;0.3891467;0.3933073
22448;0.3941339;0.392117
22456;0.3981907;0.3910679
22464;0.3844095;0.4046768
22472;0.3722646;0.4102755
22480;0.3789831;0.4224203
22488;0.3926782;0.4004563
22496;0.3906111;0.413807
22504;0.3872518;0.4353403
22512;0.4006025;0.3960635
22520;0.3970554;0.3981169
22528;0.3984491;0.4231955
22536;0.3975017;0.4476573
22544;0.3978462;0.4076054
22552;0.4080099;0.4315504
22560;0.4107661;0.4592852
22568;0.4019805;0.4036433
22576;0.404425;0.4159448
22584;0.4189901;0.4398829
22592;0.4276482;0.4641948
22600;0.4132313;0.4234125
22608;0.4085267;0.4108784
22616;0.4045646;0.4014038
22624;0.4326612;0.4456228
22632;0.4427525;0.4640966
22640;0.423793;0.4295951
22648;0.4173123;0.4169078
22656;0.448458;0.4490147
22664;0.4537948;0.4637228
22672;0.4033587;0.3945132
22680;0.4107661;0.40795
22688;0.4059427;0.3929628
22696;0.4071485;0.3989921
22704;0.4095603;0.3972694
22712;0.4130057;0.4050214
22720;0.4152451;0.4020929
22728;0.4192072;0.4132902
22736;0.4231693;0.4062273
22744;0.4211022;0.4098449
22752;0.4274759;0.4220757
22760;0.4290264;0.4182859
22768;0.4341943;0.4058827
22776;0.4304044;0.4141515
22784;0.4443581;0.409328
22792;0.4319549;0.4101894
22800;0.4421186;0.4184582
22808;0.4407405;0.422248
22816;0.4560722;0.4124289
22824;0.4431522;0.4139793
22832;0.4665803;0.4146683
22840;0.4538327;0.4231094
22848;0.4550385;0.4179413
22856;0.4390178;0.4265547
22864;0.4769163;0.4158742
22872;0.4524545;0.426727
22880;0.4655468;0.4206977
22888;0.464341;0.4262101
22896;0.435445;0.4349302
22904;0.4884582;0.4150129
22912;0.4510764;0.430689
22920;0.4762272;0.4224203
22928;0.5;0.413807
22936;0.448837;0.4386994
22944;0.4629628;0.430689
22952;0.4753659;0.4284496
22960;0.4877691;0.4217312
22968;0.5122309;0.4217312
22976;0.4622737;0.4344789
22984;0.4746768;0.432584
22992;0.4872524;0.4270715
23000;0.5;0.4208699
23008;0.5;0.4265547
23016;0.5127476;0.4270715
23024;0.4867355;0.4317226
23032;0.5;0.43
23040;0.5132645;0.4317226
23048;0.5;0.4334453
23056;0.5130922;0.435168
23064;0.5;0.4408355
23072;0.4869078;0.435168
23080;0.4879758;0.4421671
23088;0.4746768;0.4360293
23096;0.4892833;0.4523084
23104;0.4903221;0.4632852
23112;0.4752437;0.4428855
23120;0.4619102;0.4413351
23128;0.4761515;0.4521275
23136;0.4769076;0.4633146
23144;0.4647388;0.4638451
23152;0.4631522;0.4513403
23160;0.05420715;0.9862581
23168;0.0539313;0.9861152
23176;0.05432415;0.986737
23184;0.05413616;0.9859486
23192;0.05390684;0.9855162
23200;0.05367786;0.9855043
23208;0.05409764;0.9855126
23216;0.05347495;0.9849709
23224;0.05394861;0.9848812
23232;0.05355312;0.9845684
23240;0.05419321;0.9847581
23248;0.0538716;0.9845047
23256;0.05350824;0.9842672
23264;0.0541105;0.9844496
23272;0.05435199;0.9846013
23280;0.0537791;0.984172
23288;0.05357164;0.9839003
23296;0.05431752;0.984395
23304;0.05449539;0.9844569
23312;0.05376481;0.9838384
23320;0.05364616;0.9834689
23328;0.05448991;0.9843504
23336;0.05454664;0.9843893
23344;0.05458437;0.984314
23352;0.05450752;0.9842544
23360;0.05430548;0.9841521
23368;0.05412082;0.9841303
23376;0.05401519;0.983736
23384;0.0538968;0.9832945
23392;0.05374713;0.9834247
23400;0.05375846;0.9824913
23408;0.4627699;0.7086868
23416;0.4713952;0.7109384
23424;0.4707406;0.69622
23432;0.4616914;0.6924785
23440;0.4686476;0.6790968
23448;0.4558207;0.7080271
23456;0.4569334;0.6718616
23464;0.4543856;0.6916946
23472;0.4479962;0.7071055
23480;0.450215;0.6763405
23488;0.4468869;0.6926455
23496;0.4418584;0.7061976
23504;0.4400427;0.6597065
23512;0.4438308;0.6501509
23520;0.4398722;0.6939512
23528;0.4358774;0.7044784
23536;0.4428093;0.6807746
23544;0.4278205;0.6459355
23552;0.4320652;0.6357977
23560;0.433836;0.6946937
23568;0.429848;0.7022097
23576;0.4335914;0.6674688
23584;0.4360031;0.6846092
23592;0.4136946;0.6372361
23600;0.418525;0.6258149
23608;0.4042735;0.6177304
23616;0.4285956;0.6949453
23624;0.4237239;0.7003475
23632;0.4298877;0.6865042
23640;0.4215328;0.657219
23648;0.4267007;0.6737565
23656;0.3986214;0.6301731
23664;0.3891743;0.6106089
23672;0.406804;0.6498116
23680;0.4155948;0.6651949
23688;0.4212744;0.6777186
23696;0.4227231;0.6878617
23704;0.3826868;0.6238855
23712;0.372759;0.605167
23720;0.3909555;0.644299
23728;0.4012157;0.6580803
23736;0.4097325;0.670828
23744;0.3657185;0.6188897
23752;0.355796;0.5993703
23760;0.3740735;0.6395617
23768;0.3849537;0.6532861
23776;0.3482335;0.6144109
23784;0.3374858;0.5941575
23792;0.3572776;0.6355135
23800;0.3302317;0.6105348
23808;0.3179371;0.5891171
23816;0.415171;0.6814688
23824;0.3947454;0.6661768
23832;0.3683473;0.6498511
23840;0.3403093;0.6327572
23848;0.3113686;0.6080371
23856;0.2965142;0.5849671
23864;0.4034672;0.6768383
23872;0.3790691;0.6629037
23880;0.3521596;0.647088
23888;0.3237718;0.6306899
23896;0.2911274;0.6079509
23904;0.2734477;0.5808706
23912;0.3072342;0.6306899
23920;0.3211206;0.6442214
23928;0.3899219;0.6732759
23936;0.363393;0.660492
23944;0.3363903;0.6449674
23952;0.3484058;0.6591138
23960;0.3760545;0.6695361
23968;0.3339354;0.6577358
23976;0.3614981;0.6677272
23984;0.3475445;0.6666936
23992;0.305987;0.6473498
24000;0.3199819;0.6582525
24008;0.3339354;0.6657462
24016;0.2900075;0.6330156
24024;0.2683882;0.6121713
24032;0.2432994;0.6081042
24040;0.2457387;0.581601
24048;0.2142106;0.6024383
24056;0.2183449;0.6306899
24064;0.1869925;0.6198372
24072;0.1931941;0.6573913
24080;0.1574454;0.6337374
24088;0.1589597;0.6665575
24096;0.246252;0.631379
24104;0.2707999;0.6400785
24112;0.2908741;0.65161
24120;0.2271752;0.6502887
24128;0.2522813;0.6511035
24136;0.1855816;0.6961201
24144;0.1608339;0.6995447
24152;0.1860657;0.7286542
24160;0.1656969;0.731886
24168;0.2055386;0.7264768
24176;0.2055972;0.7003871
24184;0.2214818;0.7263132
24192;0.2112821;0.6727229
24200;0.2211908;0.7059272
24208;0.2348118;0.7268162
24216;0.2371219;0.6668659
24224;0.233916;0.7102666
24232;0.2435096;0.7268747
24240;0.2272166;0.6860735
24248;0.245563;0.714239
24256;0.2487929;0.7269902
24264;0.2528033;0.7267576
24272;0.2392942;0.6945387
24280;0.2598869;0.6671104
24288;0.2477095;0.6793895
24296;0.250731;0.7016637
24304;0.2533339;0.7160462
24312;0.2748276;0.6574653
24320;0.2579661;0.6901218
24328;0.2676131;0.6803026
24336;0.2796493;0.67089
24344;0.2937974;0.6658323
24352;0.2587413;0.7053674
24360;0.3068897;0.6613534
24368;0.3211017;0.6668659
24376;0.3088707;0.6698805
24384;0.2968121;0.6745318
24392;0.2848396;0.6802164
24400;0.2739007;0.6873656
24408;0.2654597;0.6956343
24416;0.3343919;0.6720682
24424;0.322385;0.6732104
24432;0.3107312;0.6760597
24440;0.2995908;0.6806162
24448;0.2886829;0.6859065
24456;0.3470518;0.6729435
24464;0.3600286;0.6737652
24472;0.3736359;0.6750778
24480;0.3867316;0.6782269
24488;0.3990744;0.6812449
24496;0.4104974;0.6845937
24504;0.4190159;0.68935
24512;0.4228247;0.694773
24520;0.3717478;0.6799358
24528;0.3842888;0.6827384
24536;0.3962527;0.6848556
24544;0.4069694;0.6873758
24552;0.4143682;0.6908487
24560;0.3589571;0.6784284
24568;0.3466177;0.6775033
24576;0.3346555;0.6772
24584;0.3234376;0.6784732
24592;0.3126159;0.6813363
24600;0.3022161;0.6857634
24608;0.3702681;0.6864818
24616;0.3577288;0.6843854
24624;0.3459494;0.6832948
24632;0.3348191;0.6834671
24640;0.3245727;0.6849831
24648;0.3147623;0.6875171
24656;0.3819202;0.6882131
24664;0.3934792;0.6899133
24672;0.4042234;0.6911451
24680;0.4125474;0.6927472
24688;0.379586;0.692878
24696;0.3909555;0.6939117
24704;0.4016361;0.6946007
24712;0.409407;0.6951313
24720;0.3682164;0.6909831
24728;0.3568469;0.6894327
24736;0.3676997;0.694773
24744;0.345305;0.6882268
24752;0.3787247;0.6964956
24760;0.3565024;0.6932225
24768;0.4097636;0.698611
24776;0.4080099;0.6970124
24784;0.4000856;0.6971847
24792;0.3897497;0.6970124
24800;0.4125594;0.6969091
24808;0.415226;0.6956705
24816;0.4183924;0.6951072
24824;0.419109;0.6998186
24832;0.4152089;0.6995103
24840;0.4125302;0.6996843
24848;0.4101598;0.7002545
24856;0.4179531;0.7051038
24864;0.4226095;0.7069195
24872;0.4144251;0.7037808
24880;0.4114742;0.7028677
24888;0.4146714;0.7116085
24896;0.41909;0.7146645
24904;0.4115603;0.7091004
24912;0.4100219;0.7189453
24920;0.4146783;0.7220823
24928;0.4082252;0.6999961
24936;0.4062872;0.7004578
24944;0.4099875;0.7026093
24952;0.4090641;0.7068316
24960;0.406947;0.7164079
24968;0.4056447;0.7252192
24976;0.4094345;0.7291746
24984;0.4087472;0.7008023
24992;0.4084957;0.7027403
25000;0.4080977;0.7060599
25008;0.4045421;0.713922
25016;0.4027092;0.7216861
25024;0.4068367;0.7017877
25032;0.4068832;0.7052088
25040;0.4033449;0.712041
25048;0.4007954;0.7184131
25056;0.4021114;0.7101426
25064;0.3996567;0.7160323
25072;0.3986163;0.7132589
25080;0.4061425;0.7032416
25088;0.4055086;0.7046404
25096;0.4012191;0.7082287
25104;0.4047368;0.7028695
25112;0.4042201;0.7035482
25120;0.4035516;0.7041804
25128;0.4005956;0.7062218
25136;0.4028935;0.7037497
25144;0.3977428;0.7076413
25152;0.3982958;0.706258
25160;0.3979719;0.7107851
25168;0.3912295;0.7103665
25176;0.398363;0.7016637
25184;0.3945438;0.7080754
25192;0.3895773;0.7009745
25200;0.3883457;0.7086232
25208;0.3813999;0.7092381
25216;0.378897;0.7004578
25224;0.3678719;0.7047644
25232;0.3678719;0.6990796
25240;0.3568469;0.7030417
25248;0.3568469;0.6975292
25256;0.345305;0.6963233
25264;0.3458218;0.7018358
25272;0.3447883;0.6920167
25280;0.3354859;0.6964956
25288;0.3358303;0.7013191
25296;0.3349691;0.6918445
25304;0.3263558;0.6971847
25312;0.3270448;0.7014914
25320;0.3347968;0.6883991
25328;0.3258389;0.6930504
25336;0.3175702;0.6997687
25344;0.3177425;0.703903
25352;0.32515;0.6894327
25360;0.3168811;0.6952897
25368;0.3084401;0.7028695
25376;0.3093014;0.7066594
25384;0.3160198;0.6918445
25392;0.3003436;0.7070038
25400;0.3010327;0.7106214
25408;0.3079233;0.6989073
25416;0.3068897;0.6958066
25424;0.2929361;0.7119996
25432;0.2939698;0.7157895
25440;0.2998268;0.7035586
25448;0.3052308;0.6919031
25456;0.2875959;0.7166508
25464;0.2888017;0.7199238
25472;0.2924193;0.7085543
25480;0.2984487;0.7004578
25488;0.2963246;0.6968418
25496;0.2836338;0.7209575
25504;0.2848396;0.7231969
25512;0.28639;0.7138945
25520;0.2908689;0.7056257
25528;0.2922437;0.6909194
25536;0.2806294;0.7243132
25544;0.282428;0.7247472
25552;0.2800162;0.7254363
25560;0.2820833;0.7252641
25568;0.2827724;0.7252641
25576;0.2815666;0.7187179
25584;0.2882196;0.7021253
25592;0.2841505;0.7106214
25600;0.2834735;0.6968057
25608;0.2778491;0.7233794
25616;0.2788103;0.7159618
25624;0.2812135;0.7075241
25632;0.279117;0.6923613
25640;0.2759885;0.7031727
25648;0.270979;0.6995052
25656;0.2749688;0.7132158
25664;0.2740816;0.7221408
25672;0.2649102;0.7081167
25680;0.2698318;0.7105129
25688;0.2591272;0.7176327
25696;0.2695286;0.7206233
25704;0.2646242;0.7191814
25712;0.2770549;0.7255139
25720;0.2579178;0.7265078
25728;0.2733046;0.7257705
25736;0.2686311;0.7259652
25744;0.2637543;0.726072
25752;0.2779594;0.7278464
25760;0.261134;0.7352864
25768;0.2566603;0.7368628
25776;0.2656457;0.7333519
25784;0.2704175;0.7312573
25792;0.2743106;0.7293916
25800;0.280533;0.7266421
25808;0.2843229;0.7247472
25816;0.267837;0.7428318
25824;0.2637284;0.745607
25832;0.2715631;0.74006
25840;0.27516;0.7370006
25848;0.2787431;0.7333554
25856;0.2817388;0.7295707
25864;0.2832893;0.7266421
25872;0.2886295;0.7216464
25880;0.2762435;0.7483667
25888;0.2724537;0.7525975
25896;0.2795855;0.7442736
25904;0.2822832;0.7395846
25912;0.2865623;0.7292262
25920;0.2879077;0.7249609
25928;0.2939698;0.7175121
25936;0.2850549;0.7336673
25944;0.2859818;0.7527491
25952;0.2827294;0.7583513
25960;0.2887104;0.7466337
25968;0.2937974;0.721302
25976;0.3013772;0.7126887
25984;0.2931083;0.7266421
25992;0.2925503;0.7323183
26000;0.2907915;0.7402288
26008;0.2970515;0.7553176
26016;0.2946364;0.762906
26024;0.3013772;0.7173398
26032;0.312192;0.7077824
26040;0.301353;0.7229023
26048;0.2986467;0.7481703
26056;0.3008914;0.7299135
26064;0.2997165;0.740029
26072;0.3084366;0.7572659
26080;0.3062524;0.7656777
26088;0.3187037;0.7682325
26096;0.3127329;0.7182873
26104;0.3103402;0.7492349
26112;0.3200783;0.7589868
26120;0.3314118;0.7694073
26128;0.31254;0.7262167
26136;0.3119044;0.7389248
26144;0.3321164;0.7600635
26152;0.3450673;0.769471
26160;0.3228398;0.7237602
26168;0.3221284;0.7377223
26176;0.3209811;0.7496379
26184;0.3450191;0.7600153
26192;0.3567194;0.7678138
26200;0.3329139;0.7498844
26208;0.3333911;0.7368007
26216;0.33346;0.7226646
26224;0.3226038;0.7153915
26232;0.3564335;0.7585683
26240;0.3680338;0.7642979
26248;0.3447916;0.7493486
26256;0.3445247;0.7363287
26264;0.3442025;0.722618
26272;0.3671328;0.756129
26280;0.3771571;0.7599843
26288;0.3561251;0.7486268
26296;0.3759357;0.7520738
26304;0.3845231;0.7544425
26312;0.3664369;0.7468386
26320;0.355405;0.7359859
26328;0.3829108;0.7472401
26336;0.3913518;0.7481324
26344;0.3550054;0.7239549
26352;0.3752329;0.7440256
26360;0.3658012;0.7357482
26368;0.3897377;0.7419997
26376;0.3979702;0.7418413
26384;0.3820115;0.7405131
26392;0.3745955;0.7346044
26400;0.3957635;0.7364131
26408;0.4041166;0.7356793
26416;0.3883699;0.73637
26424;0.4008729;0.7310247
26432;0.3939547;0.7315604
26440;0.3984336;0.7267646
26448;0.3813604;0.7329024
26456;0.3653809;0.7257532
26464;0.3870382;0.7307094
26472;0.3967592;0.7229608
26480;0.3923888;0.7268645
26488;0.374089;0.7263374
26496;0.3952984;0.719705
26504;0.3806557;0.7259032
26512;0.3859219;0.7246646
26520;0.3908901;0.7226301
26528;0.3941184;0.7167454
26536;0.3894154;0.7194587
26544;0.3846179;0.7204664
26552;0.3790795;0.7203218
26560;0.372871;0.7199996
26568;0.3926541;0.7136878
26576;0.3874;0.7152674
26584;0.3851967;0.7112365
26592;0.3809124;0.7107352
26600;0.3827695;0.7155122
26608;0.3750226;0.7095982
26616;0.3770106;0.7147127
26624;0.371014;0.7135862
26632;0.3687332;0.7081236
26640;0.3627676;0.7123097
26648;0.3609985;0.7067179
26656;0.3644524;0.7188024
26664;0.3544094;0.7165319
26672;0.3531638;0.7099444
26680;0.3518391;0.704816
26688;0.3434101;0.7084095
26696;0.3430656;0.7036257
26704;0.3439459;0.7146783
26712;0.3333411;0.7142684
26720;0.3333928;0.7080358
26728;0.333181;0.7033862
26736;0.3223522;0.7093983
26744;0.3221369;0.7048798
26752;0.3125917;0.7123269
26760;0.2487929;0.7269902
26768;0.2566603;0.7368628
26776;0.2528033;0.7267576
26784;0.2523141;0.7384372
26792;0.2435096;0.7268747
26800;0.2637284;0.745607
26808;0.2466431;0.7399636
26816;0.2348118;0.7268162
26824;0.2592238;0.7484407
26832;0.2724537;0.7525975
26840;0.2397835;0.7419171
26848;0.2214818;0.7263132
26856;0.2533615;0.7519962
26864;0.2677216;0.7570283
26872;0.2827294;0.7583513
26880;0.2268291;0.74565
26888;0.2055386;0.7264768
26896;0.2472512;0.7553538
26904;0.2787655;0.7642583
26912;0.2946364;0.762906
26920;0.2623124;0.7624046
26928;0.2111683;0.7509145
26936;0.1860657;0.7286542
26944;0.2356094;0.7633228
26952;0.2573993;0.767092
26960;0.2738404;0.7711007
26968;0.2916976;0.7693435
26976;0.1926515;0.7569851
26984;0.1656969;0.731886
26992;0.1728908;0.7646149
27000;0.2208204;0.7734503
27008;0.2028341;0.7850679
27016;0.1865808;0.7960293
27024;0.2474924;0.7784495
27032;0.3039457;0.772956
27040;0.3062524;0.7656777
27048;0.2196869;0.8075642
27056;0.2041932;0.8242275
27064;0.2356248;0.790906
27072;0.269532;0.7774263
27080;0.2869465;0.7774969
27088;0.2393252;0.8233334
27096;0.2276284;0.8427375
27104;0.2522848;0.8519468
27112;0.2609223;0.7909009
27120;0.2511341;0.8053523
27128;0.2600333;0.8329304
27136;0.2757699;0.8580279
27144;0.2831497;0.7853867
27152;0.276004;0.7999346
27160;0.2681919;0.8155659
27168;0.280533;0.8396488
27176;0.2977975;0.8598435
27184;0.3010309;0.7819602
27192;0.2862797;0.821964
27200;0.3003436;0.8425773
27208;0.3184401;0.8595594
27216;0.2977045;0.7906856
27224;0.2920868;0.8057279
27232;0.3041576;0.8250578
27240;0.3198096;0.8425773
27248;0.3390276;0.8579296
27256;0.3124833;0.7934952
27264;0.3150586;0.7843823
27272;0.3084126;0.8087441
27280;0.3221938;0.8254661
27288;0.3396202;0.8405101
27296;0.3586815;0.8556626
27304;0.3248898;0.8094144
27312;0.3407056;0.823702
27320;0.3592966;0.8369321
27328;0.3783508;0.8526204
27336;0.3276649;0.7945477
27344;0.3416788;0.8082033
27352;0.3764576;0.8324187
27360;0.4003544;0.8503241
27368;0.3582061;0.8203928
27376;0.3293153;0.7855554
27384;0.3430982;0.7939069
27392;0.3573257;0.8056365
27400;0.3743457;0.8157383
27408;0.3964888;0.825609
27416;0.317043;0.7757862
27424;0.3187037;0.7682325
27432;0.3306331;0.7768595
27440;0.3314118;0.7694073
27448;0.3441266;0.7849388
27456;0.344926;0.7765339
27464;0.3450673;0.769471
27472;0.3572878;0.7919431
27480;0.3571983;0.7748974
27488;0.3567194;0.7678138
27496;0.3572723;0.7829025
27504;0.3722475;0.8014884
27512;0.3689399;0.7709078
27520;0.3680338;0.7642979
27528;0.3711932;0.7885134
27536;0.3699149;0.7785753
27544;0.3912346;0.8092937
27552;0.37853;0.7663134
27560;0.3771571;0.7599843
27568;0.3867022;0.7958915
27576;0.3827195;0.7844616
27584;0.3801217;0.7738172
27592;0.3866627;0.7613469
27600;0.3845231;0.7544425
27608;0.3889073;0.7687078
27616;0.3925335;0.7797638
27624;0.3977049;0.7902962
27632;0.4059134;0.8009061
27640;0.3942044;0.755657
27648;0.3913518;0.7481324
27656;0.3975671;0.7634624
27664;0.4023165;0.7743014
27672;0.408599;0.7834865
27680;0.4012949;0.7487956
27688;0.3979702;0.7418413
27696;0.4060616;0.7560239
27704;0.4119359;0.7659999
27712;0.4082304;0.7411487
27720;0.4041166;0.7356793
27728;0.4137877;0.7477018
27736;0.4147041;0.7332331
27744;0.4094345;0.7291746
27752;0.4175655;0.7922204
27760;0.4183424;0.7742549
27768;0.4206922;0.7565649
27776;0.4211917;0.7382408
27784;0.4201443;0.725619
27792;0.4146783;0.7220823
27800;0.4267524;0.7814348
27808;0.4279204;0.7630557
27816;0.4286198;0.7452608
27824;0.4269093;0.7298911
27832;0.4246766;0.718196
27840;0.41909;0.7146645
27848;0.435638;0.7693521
27856;0.4358721;0.7519291
27864;0.4342977;0.7352625
27872;0.4311004;0.7218704
27880;0.4285681;0.7100943
27888;0.4226095;0.7069195
27896;0.429848;0.7022097
27904;0.4237239;0.7003475
27912;0.4358774;0.7044784
27920;0.4345492;0.7132399
27928;0.4418584;0.7061976
27936;0.4405286;0.7165974
27944;0.4479962;0.7071055
27952;0.4379135;0.7261772
27960;0.4465819;0.7196137
27968;0.4558207;0.7080271
27976;0.4442391;0.7299773
27984;0.4544373;0.7219117
27992;0.4627699;0.7086868
28000;0.440973;0.7399929
28008;0.4619792;0.7234157
28016;0.4713952;0.7109384
28024;0.4705752;0.7254432
28032;0.4519653;0.7330918
28040;0.4600498;0.7359877
28048;0.46867;0.7386905
28056;0.4484425;0.7444407
28064;0.4570144;0.7483391
28072;0.4658913;0.7514485
28080;0.4618602;0.7635416
28088;0.4521048;0.7604908
28096;0.4563891;0.7769388
28104;0.4434105;0.756887
28112;0.4448404;0.7740637
28120;0.4498637;0.7896623
28128;0.4366543;0.7866132
28136;0.4417396;0.8027993
28144;0.4276878;0.7987287
28152;0.4342598;0.815249
28160;0.4170538;0.8101912
28168;0.4270797;0.8310389
28176;0.4242684;0.8494748
28184;0.5729203;0.8310389
28192;0.5757316;0.8494748
28200;0.5996456;0.8503241
28208;0.6035112;0.825609
28216;0.6235424;0.8324187
28224;0.6216492;0.8526204
28232;0.5829462;0.8101912
28240;0.5657402;0.815249
28248;0.6407034;0.8369321
28256;0.6413185;0.8556626
28264;0.5723122;0.7987287
28272;0.5582604;0.8027993
28280;0.6603798;0.8405101
28288;0.6609724;0.8579296
28296;0.5633457;0.7866132
28304;0.5501363;0.7896623
28312;0.6801904;0.8425773
28320;0.6815599;0.8595594
28328;0.5551596;0.7740637
28336;0.5436109;0.7769388
28344;0.6996564;0.8425773
28352;0.7022025;0.8598435
28360;0.5478952;0.7604908
28368;0.5381398;0.7635416
28376;0.719467;0.8396488
28384;0.7242301;0.8580279
28392;0.5429856;0.7483391
28400;0.5341087;0.7514485
28408;0.53133;0.7386905
28416;0.5399502;0.7359877
28424;0.5294248;0.7254432
28432;0.5515575;0.7444407
28440;0.5565895;0.756887
28448;0.5380208;0.7234157
28456;0.5286048;0.7109384
28464;0.5372301;0.7086868
28472;0.5480347;0.7330918
28480;0.5455627;0.7219117
28488;0.5441793;0.7080271
28496;0.5534181;0.7196137
28504;0.5520038;0.7071055
28512;0.5557609;0.7299773
28520;0.559027;0.7399929
28528;0.5594714;0.7165974
28536;0.5581416;0.7061976
28544;0.5620865;0.7261772
28552;0.5654508;0.7132399
28560;0.5641226;0.7044784
28568;0.5641279;0.7519291
28576;0.5657023;0.7352625
28584;0.5688996;0.7218704
28592;0.5714319;0.7100943
28600;0.570152;0.7022097
28608;0.5773905;0.7069195
28616;0.5762761;0.7003475
28624;0.58091;0.7146645
28632;0.5753234;0.718196
28640;0.5853217;0.7220823
28648;0.5798557;0.725619
28656;0.5905655;0.7291746
28664;0.5730907;0.7298911
28672;0.5852959;0.7332331
28680;0.5958834;0.7356793
28688;0.5788083;0.7382408
28696;0.5917696;0.7411487
28704;0.6020298;0.7418413
28712;0.5713802;0.7452608
28720;0.5987051;0.7487956
28728;0.6086482;0.7481324
28736;0.5862123;0.7477018
28744;0.5793078;0.7565649
28752;0.6057956;0.755657
28760;0.6154769;0.7544425
28768;0.5939384;0.7560239
28776;0.5720796;0.7630557
28784;0.6133373;0.7613469
28792;0.6228429;0.7599843
28800;0.6024329;0.7634624
28808;0.5880641;0.7659999
28816;0.564362;0.7693521
28824;0.62147;0.7663134
28832;0.6319662;0.7642979
28840;0.6110927;0.7687078
28848;0.5976835;0.7743014
28856;0.5816576;0.7742549
28864;0.5732476;0.7814348
28872;0.6310601;0.7709078
28880;0.6432806;0.7678138
28888;0.6198783;0.7738172
28896;0.6074665;0.7797638
28904;0.591401;0.7834865
28912;0.5824345;0.7922204
28920;0.6428017;0.7748974
28928;0.6549327;0.769471
28936;0.6300851;0.7785753
28944;0.6022951;0.7902962
28952;0.5940866;0.8009061
28960;0.6172805;0.7844616
28968;0.655074;0.7765339
28976;0.6685882;0.7694073
28984;0.6087654;0.8092937
28992;0.6132978;0.7958915
29000;0.6288068;0.7885134
29008;0.6427277;0.7829025
29016;0.6693669;0.7768595
29024;0.6812963;0.7682325
29032;0.6256543;0.8157383
29040;0.6277525;0.8014884
29048;0.6558734;0.7849388
29056;0.6427122;0.7919431
29064;0.682957;0.7757862
29072;0.6937476;0.7656777
29080;0.6417939;0.8203928
29088;0.6426743;0.8056365
29096;0.6706847;0.7855554
29104;0.6569018;0.7939069
29112;0.6960543;0.772956
29120;0.7053636;0.762906
29128;0.6592944;0.823702
29136;0.6583212;0.8082033
29144;0.6723351;0.7945477
29152;0.6849414;0.7843823
29160;0.6778062;0.8254661
29168;0.6751102;0.8094144
29176;0.6875167;0.7934952
29184;0.6958424;0.8250578
29192;0.6915874;0.8087441
29200;0.7137203;0.821964
29208;0.7079132;0.8057279
29216;0.6989691;0.7819602
29224;0.7022955;0.7906856
29232;0.723996;0.7999346
29240;0.7318081;0.8155659
29248;0.7168503;0.7853867
29256;0.7130535;0.7774969
29264;0.7399667;0.8329304
29272;0.7477152;0.8519468
29280;0.7488659;0.8053523
29288;0.7606748;0.8233334
29296;0.7723716;0.8427375
29304;0.7958068;0.8242275
29312;0.7803131;0.8075642
29320;0.8134192;0.7960293
29328;0.7390777;0.7909009
29336;0.7971659;0.7850679
29344;0.8271092;0.7646149
29352;0.7643752;0.790906
29360;0.730468;0.7774263
29368;0.8073485;0.7569851
29376;0.8343031;0.731886
29384;0.8139343;0.7286542
29392;0.7525076;0.7784495
29400;0.7791796;0.7734503
29408;0.7888317;0.7509145
29416;0.7944614;0.7264768
29424;0.7643906;0.7633228
29432;0.7731709;0.74565
29440;0.7785182;0.7263132
29448;0.7426007;0.767092
29456;0.7602165;0.7419171
29464;0.7651882;0.7268162
29472;0.7527488;0.7553538
29480;0.7261596;0.7711007
29488;0.7533569;0.7399636
29496;0.7564904;0.7268747
29504;0.7376876;0.7624046
29512;0.7466385;0.7519962
29520;0.7083024;0.7693435
29528;0.7212345;0.7642583
29536;0.7172706;0.7583513
29544;0.7322784;0.7570283
29552;0.7275463;0.7525975
29560;0.7407762;0.7484407
29568;0.7362716;0.745607
29576;0.7476859;0.7384372
29584;0.7433397;0.7368628
29592;0.7512071;0.7269902
29600;0.7471967;0.7267576
29608;0.4270797;0.8310389
29616;0.4242684;0.8494748
29624;0.4503374;0.8502069
29632;0.4526113;0.8319191
29640;0.4764237;0.8502259
29648;0.4342598;0.815249
29656;0.4772884;0.8318743
29664;0.4557173;0.8161637
29672;0.4417396;0.8027993
29680;0.4784513;0.8158157
29688;0.4595915;0.8039139
29696;0.4498637;0.7896623
29704;0.4799413;0.8038346
29712;0.4646595;0.7908251
29720;0.4563891;0.7769388
29728;0.4820033;0.7913074
29736;0.4692918;0.7780895
29744;0.4618602;0.7635416
29752;0.4843117;0.778179
29760;0.4734728;0.7653056
29768;0.4658913;0.7514485
29776;0.4863513;0.7660584
29784;0.4768664;0.7527491
29792;0.4881756;0.7539257
29800;0.46867;0.7386905
29808;0.4790473;0.7412348
29816;0.4895296;0.7419963
29824;0.490546;0.7284458
29832;0.4808251;0.7275053
29840;0.4909216;0.7148988
29848;0.4705752;0.7254432
29856;0.4815176;0.7134156
29864;0.4713952;0.7109384
29872;0.8139343;0.7286542
29880;0.8343031;0.731886
29888;0.8391661;0.6995447
29896;0.8144184;0.6961201
29904;0.8410403;0.6665575
29912;0.8068059;0.6573913
29920;0.8425546;0.6337374
29928;0.7944614;0.7264768
29936;0.8130075;0.6198372
29944;0.7944028;0.7003871
29952;0.7785182;0.7263132
29960;0.7788092;0.7059272
29968;0.7651882;0.7268162
29976;0.7816551;0.6306899
29984;0.7857894;0.6024383
29992;0.7887179;0.6727229
30000;0.766084;0.7102666
30008;0.7564904;0.7268747
30016;0.7567006;0.6081042
30024;0.7542613;0.581601
30032;0.7265523;0.5808706
30040;0.7728248;0.6502887
30048;0.7727834;0.6860735
30056;0.754437;0.714239
30064;0.7512071;0.7269902
30072;0.7471967;0.7267576
30080;0.753748;0.631379
30088;0.7316118;0.6121713
30096;0.7628781;0.6668659
30104;0.7607058;0.6945387
30112;0.7477187;0.6511035
30120;0.7088726;0.6079509
30128;0.7034858;0.5849671
30136;0.7292001;0.6400785
30144;0.6886314;0.6080371
30152;0.6820629;0.5891171
30160;0.7099925;0.6330156
30168;0.6697683;0.6105348
30176;0.6625142;0.5941575
30184;0.6927658;0.6306899
30192;0.6517665;0.6144109
30200;0.644204;0.5993703
30208;0.6762282;0.6306899
30216;0.6596907;0.6327572
30224;0.6342815;0.6188897
30232;0.627241;0.605167
30240;0.6788794;0.6442214
30248;0.694013;0.6473498
30256;0.6427224;0.6355135
30264;0.6173132;0.6238855
30272;0.6108257;0.6106089
30280;0.7091259;0.65161
30288;0.6259265;0.6395617
30296;0.6013786;0.6301731
30304;0.5957265;0.6177304
30312;0.7251724;0.6574653
30320;0.6090445;0.644299
30328;0.5863054;0.6372361
30336;0.581475;0.6258149
30344;0.5679348;0.6357977
30352;0.7401131;0.6671104
30360;0.593196;0.6498116
30368;0.5721795;0.6459355
30376;0.5561692;0.6501509
30384;0.7522905;0.6793895
30392;0.5784672;0.657219
30400;0.5599573;0.6597065
30408;0.5430666;0.6718616
30416;0.749269;0.7016637
30424;0.5664086;0.6674688
30432;0.7466661;0.7160462
30440;0.7323869;0.6803026
30448;0.7420339;0.6901218
30456;0.7412587;0.7053674
30464;0.7203507;0.67089
30472;0.7062026;0.6658323
30480;0.6931103;0.6613534
30488;0.6800181;0.6582525
30496;0.7260993;0.6873656
30504;0.7151604;0.6802164
30512;0.7031879;0.6745318
30520;0.6911293;0.6698805
30528;0.6788983;0.6668659
30536;0.7345403;0.6956343
30544;0.6660646;0.6577358
30552;0.6660646;0.6657462
30560;0.6636097;0.6449674
30568;0.6478404;0.647088
30576;0.6515942;0.6591138
30584;0.6316527;0.6498511
30592;0.6524555;0.6666936
30600;0.636607;0.660492
30608;0.6150463;0.6532861
30616;0.6385019;0.6677272
30624;0.6209309;0.6629037
30632;0.5987843;0.6580803
30640;0.6239455;0.6695361
30648;0.6052546;0.6661768
30656;0.5844052;0.6651949
30664;0.6100781;0.6732759
30672;0.5902675;0.670828
30680;0.5732993;0.6737565
30688;0.5965328;0.6768383
30696;0.5787256;0.6777186
30704;0.584829;0.6814688
30712;0.6132684;0.6782269
30720;0.6009256;0.6812449
30728;0.5895026;0.6845937
30736;0.6263641;0.6750778
30744;0.6399714;0.6737652
30752;0.6529482;0.6729435
30760;0.6656081;0.6720682
30768;0.677615;0.6732104
30776;0.6892688;0.6760597
30784;0.7004092;0.6806162
30792;0.7113171;0.6859065
30800;0.6282522;0.6799358
30808;0.6410429;0.6784284
30816;0.6533823;0.6775033
30824;0.6653445;0.6772
30832;0.6765624;0.6784732
30840;0.6873841;0.6813363
30848;0.6977839;0.6857634
30856;0.6157112;0.6827384
30864;0.6037473;0.6848556
30872;0.5930306;0.6873758
30880;0.6651809;0.6834671
30888;0.6754273;0.6849831
30896;0.6852377;0.6875171
30904;0.6540506;0.6832948
30912;0.6422712;0.6843854
30920;0.6297319;0.6864818
30928;0.6180798;0.6882131
30936;0.6065208;0.6899133
30944;0.5957766;0.6911451
30952;0.6431531;0.6894327
30960;0.6317836;0.6909831
30968;0.620414;0.692878
30976;0.6090445;0.6939117
30984;0.6323003;0.694773
30992;0.654695;0.6882268
31000;0.5983639;0.6946007
31008;0.6212753;0.6964956
31016;0.6434976;0.6932225
31024;0.6431531;0.6975292
31032;0.6321281;0.6990796
31040;0.6552117;0.6920167
31048;0.6652032;0.6883991
31056;0.6650309;0.6918445
31064;0.654695;0.6963233
31072;0.67485;0.6894327
31080;0.6741611;0.6930504
31088;0.6839802;0.6918445
31096;0.6431531;0.7030417
31104;0.6321281;0.7047644
31112;0.6541782;0.7018358
31120;0.6645141;0.6964956
31128;0.6641697;0.7013191
31136;0.621103;0.7004578
31144;0.6186001;0.7092381
31152;0.6736442;0.6971847
31160;0.6729552;0.7014914
31168;0.6824298;0.6997687
31176;0.6822575;0.703903
31184;0.6104227;0.7009745
31192;0.6116543;0.7086232
31200;0.6054562;0.7080754
31208;0.6102503;0.6970124
31216;0.5999144;0.6971847
31224;0.601637;0.7016637
31232;0.6017042;0.706258
31240;0.5937128;0.7004578
31248;0.5971065;0.7037497
31256;0.5952632;0.7028695
31264;0.5919901;0.6970124
31272;0.590593;0.6951313
31280;0.5874526;0.6927472
31288;0.5902364;0.698611
31296;0.5856318;0.6908487
31304;0.5917748;0.6999961
31312;0.5874406;0.6969091
31320;0.5809841;0.68935
31328;0.5898402;0.7002545
31336;0.5912528;0.7008023
31344;0.584774;0.6956705
31352;0.5931633;0.7017877
31360;0.5915043;0.7027403
31368;0.5938575;0.7032416
31376;0.5957799;0.7035482
31384;0.5944914;0.7046404
31392;0.5964484;0.7041804
31400;0.5994044;0.7062218
31408;0.5874698;0.6996843
31416;0.5900125;0.7026093
31424;0.5987809;0.7082287
31432;0.6022572;0.7076413
31440;0.5931168;0.7052088
31448;0.6020281;0.7107851
31456;0.6087705;0.7103665
31464;0.5978886;0.7101426
31472;0.5919023;0.7060599
31480;0.5885258;0.7028677
31488;0.5847911;0.6995103
31496;0.5816076;0.6951072
31504;0.6073459;0.7136878
31512;0.6013837;0.7132589
31520;0.5966551;0.712041
31528;0.5909359;0.7068316
31536;0.5855749;0.7037808
31544;0.580891;0.6998186
31552;0.5771753;0.694773
31560;0.6126;0.7152674
31568;0.6148033;0.7112365
31576;0.6190876;0.7107352
31584;0.5772769;0.6878617
31592;0.5701123;0.6865042
31600;0.5714044;0.6949453
31608;0.5762761;0.7003475
31616;0.5639969;0.6846092
31624;0.5820469;0.7051038
31632;0.570152;0.7022097
31640;0.5773905;0.7069195
31648;0.566164;0.6946937
31656;0.5641226;0.7044784
31664;0.5601278;0.6939512
31672;0.5581416;0.7061976
31680;0.5571907;0.6807746
31688;0.5531131;0.6926455
31696;0.5520038;0.7071055
31704;0.549785;0.6763405
31712;0.5456144;0.6916946
31720;0.5441793;0.7080271
31728;0.5383086;0.6924785
31736;0.5313524;0.6790968
31744;0.5372301;0.7086868
31752;0.5292594;0.69622
31760;0.5286048;0.7109384
31768;0.9558015;0.5304638
31776;0.9556642;0.5458834
31784;0.956587;0.5701298
31792;0.9542986;0.5107308
31800;0.954521;0.5309169
31808;0.9512747;0.4710096
31816;0.9524924;0.4995559
31824;0.9505848;0.4955748
31832;0.9529552;0.5177402
31840;0.9492217;0.483623
31848;0.9487033;0.5013112
31856;0.9495283;0.4996524
31864;0.9512506;0.5089427
31872;0.9485833;0.5225103
31880;0.9517495;0.5224759
31888;0.9501479;0.5129496
31896;0.9494292;0.5145464
31904;0.9501089;0.5269755
31912;0.947844;0.5337197
31920;0.950715;0.5255009
31928;0.9494142;0.5333785
31936;0.9525657;0.5404829
31944;0.9516389;0.5436974
31952;0.9510861;0.5444519
31960;0.9503708;0.5484278
31968;0.9487981;0.5413648
31976;0.9474044;0.5431461
31984;0.9536036;0.5341176
31992;0.9462103;0.5494872
32000;0.9454921;0.5592306
32008;0.9470741;0.5520608
32016;0.9483259;0.5484829
32024;0.9497282;0.5542521
32032;0.9546301;0.5466241
32040;0.9450615;0.5690808
32048;0.9511153;0.5636544
32056;0.9554649;0.5594321
32064;0.9444529;0.5776027
32072;0.9518533;0.5623538
32080;0.9523269;0.5610876
32088;0.9531001;0.5568292
32096;0.9540596;0.5490014
32104;0.9545149;0.5610462
32112;0.944644;0.5819456
32120;0.9450396;0.575992
32128;0.9443;0.5874168
32136;0.9443986;0.5930412
32144;0.9446408;0.5862609
32152;0.9450654;0.5798715
32160;0.9549945;0.5728086
32168;0.9535355;0.5707466
32176;0.9561654;0.5816889
32184;0.952745;0.5749585
32192;0.9570511;0.5954409
32200;0.9522631;0.5753891
32208;0.957996;0.6256684
32216;0.9577128;0.6548831
32224;0.9571564;0.6276081
32232;0.9564962;0.603496
32240;0.9515313;0.5755149
32248;0.9571749;0.6793585
32256;0.9554241;0.5925227
32264;0.9538203;0.5837785
32272;0.9530415;0.5876493
32280;0.9525432;0.5877457
32288;0.9518846;0.5871894
32296;0.9566252;0.6709728
32304;0.9570425;0.6516582
32312;0.9565271;0.6302542
32320;0.9563512;0.6910487
32328;0.9563214;0.6523542
32336;0.955618;0.612056
32344;0.9561586;0.7047471
32352;0.9555795;0.6331878
32360;0.9541817;0.6004194
32368;0.9550347;0.7254415
32376;0.9543815;0.6167916
32384;0.9532612;0.6029431
32392;0.95341;0.6174979
32400;0.9527408;0.6023229
32408;0.9528996;0.6162334
32416;0.952138;0.6008725
32424;0.9523479;0.614006
32432;0.9544107;0.6337098
32440;0.9534583;0.6318942
32448;0.9529658;0.6297581
32456;0.9524942;0.6262955
32464;0.9554003;0.6522353
32472;0.9559396;0.6681406
32480;0.9561229;0.6829193
32488;0.9518895;0.6121179
32496;0.9519855;0.6234255
32504;0.9516479;0.6000922
32512;0.9511718;0.5871239
32520;0.9507918;0.5763056
32528;0.9503686;0.5656371
32536;0.9556385;0.6897617
32544;0.9554327;0.6988005
32552;0.9555478;0.6796204
32560;0.9550521;0.7108919
32568;0.9551372;0.6893828
32576;0.9551003;0.6675567
32584;0.9547406;0.6994966
32592;0.9547689;0.6792329
32600;0.9542875;0.6505902
32608;0.9540797;0.6649846
32616;0.9534013;0.6477564
32624;0.9544254;0.6885335
32632;0.9537767;0.6765765
32640;0.9529088;0.6448175
32648;0.9532298;0.661498
32656;0.9524963;0.6423267
32664;0.9528193;0.658809
32672;0.9520492;0.6402352
32680;0.9523967;0.6547934
32688;0.9519721;0.6512379
32696;0.9529862;0.6726678
32704;0.9525912;0.669729
32712;0.9521682;0.6650364
32720;0.9517438;0.6617031
32728;0.9534742;0.6859891
32736;0.9513886;0.636821
32744;0.9513327;0.6466522
32752;0.9510981;0.6558908
32760;0.9513332;0.6215702
32768;0.9512714;0.6115495
32776;0.9510457;0.6004642
32784;0.9507061;0.5885985
32792;0.950213;0.5779973
32800;0.9497992;0.567849
32808;0.9492012;0.5580023
32816;0.947938;0.5557318
32824;0.9466547;0.559849
32832;0.9461736;0.5673357
32840;0.9458895;0.5739283
32848;0.9456562;0.5802625
32856;0.9452007;0.585763
32864;0.9449863;0.5920576
32872;0.9457979;0.5874598
32880;0.9460838;0.5817096
32888;0.9464297;0.5748706
32896;0.9470469;0.5682022
32904;0.9450573;0.598695
32912;0.9456002;0.5926863
32920;0.9452729;0.6057097
32928;0.9458051;0.5962316
32936;0.9464955;0.5898008
32944;0.94687;0.5828654
32952;0.9474323;0.5937406
32960;0.9467132;0.596819
32968;0.947224;0.5768362
32976;0.945565;0.6118148
32984;0.9460335;0.6012686
32992;0.9462593;0.6093704
33000;0.9453897;0.6243988
33008;0.9466738;0.6084315
33016;0.9459589;0.6166159
33024;0.946356;0.619212
33032;0.9471107;0.6076494
33040;0.9453002;0.6364402
33048;0.9458135;0.6290379
33056;0.9466482;0.6210637
33064;0.9456361;0.6385074
33072;0.947383;0.6114324
33080;0.9452822;0.6458322
33088;0.9460896;0.6315168
33096;0.9450989;0.6542888
33104;0.9451715;0.666871
33112;0.9454756;0.6826282
33120;0.9464605;0.6324574
33128;0.9460438;0.6387451
33136;0.9456771;0.6458426
33144;0.9454821;0.6542802
33152;0.9455826;0.6655688
33160;0.9469026;0.6239113
33168;0.9468479;0.6333568
33176;0.9464707;0.639982
33184;0.9462137;0.6457909
33192;0.9458441;0.6793224
33200;0.9460056;0.6535497
33208;0.947682;0.6146158
33216;0.9472721;0.6255719
33224;0.9476625;0.6270878
33232;0.9474009;0.6353756
33240;0.9479336;0.6167794
33248;0.9468381;0.6468554
33256;0.9465908;0.6525195
33264;0.9471363;0.6411328
33272;0.9460599;0.6610484
33280;0.9465335;0.6589107
33288;0.9461408;0.6689658
33296;0.9466677;0.6660528
33304;0.9471297;0.657107
33312;0.9470411;0.651827
33320;0.9473215;0.6468657
33328;0.9462745;0.6770193
33336;0.9476421;0.6422715
33344;0.9476286;0.6510312
33352;0.9473166;0.6615394
33360;0.9460869;0.6885353
33368;0.9468752;0.6717668
33376;0.9458647;0.694425
33384;0.9463709;0.7036154
33392;0.946561;0.6979616
33400;0.9468582;0.7099324
33408;0.9464566;0.6828418
33416;0.9473808;0.7134863
33424;0.9470873;0.6797273
33432;0.9467898;0.6883096
33440;0.9471697;0.7039617
33448;0.94802;0.7161873
33456;0.9477026;0.7063147
33464;0.9473759;0.6931709
33472;0.9478189;0.6838789
33480;0.9480222;0.6740234
33488;0.9480796;0.6967282
33496;0.9484081;0.7255483
33504;0.9483758;0.7071881
33512;0.9487861;0.7165526
33520;0.9491032;0.7388593
33528;0.9475827;0.6661407
33536;0.9490492;0.7052019
33544;0.9493386;0.7245888
33552;0.950325;0.7508456
33560;0.9479282;0.6553653
33568;0.949501;0.7141564
33576;0.9497662;0.7013966
33584;0.9488515;0.696947
33592;0.9501781;0.733836
33600;0.9518339;0.7495278
33608;0.9501027;0.7210315
33616;0.9511423;0.7390885
33624;0.9534618;0.7417275
33632;0.9487035;0.6866903
33640;0.9501792;0.7096207
33648;0.9508849;0.7272382
33656;0.9508188;0.7155948
33664;0.9520404;0.7409282
33672;0.9489918;0.6768177
33680;0.9508331;0.7039737
33688;0.9513996;0.7304475
33696;0.9523703;0.7307869
33704;0.9531758;0.7347869
33712;0.9515119;0.7207283
33720;0.9543055;0.7239187
33728;0.9535953;0.7202047
33736;0.9542884;0.7098221
33744;0.9520564;0.7252331
33752;0.9513996;0.708556
33760;0.952989;0.7162752
33768;0.9521592;0.712668
33776;0.9540167;0.6984785
33784;0.9536058;0.7078393
33792;0.9531297;0.695381
33800;0.9527223;0.7038617
33808;0.9519415;0.700258
33816;0.9526932;0.6829332
33824;0.9523523;0.6914879
33832;0.9522929;0.6801872
33840;0.9514188;0.6968161
33848;0.9518741;0.6740407
33856;0.9518901;0.6886076
33864;0.9504487;0.6965129
33872;0.9510104;0.6900047
33880;0.9501879;0.6901097
33888;0.9514548;0.6822802
33896;0.951474;0.6704265
33904;0.9507168;0.6854534
33912;0.9511341;0.6781252
33920;0.9495775;0.6940064
33928;0.9495662;0.6871381
33936;0.9499754;0.67935
33944;0.9503894;0.672313
33952;0.9508289;0.664809
33960;0.9494351;0.6680287
33968;0.9498602;0.6600751
33976;0.9486892;0.6637926
33984;0.9502172;0.6512156
33992;0.9492757;0.6552706
34000;0.9482885;0.6587918
34008;0.9504678;0.6424868
34016;0.9496243;0.647088
34024;0.9488951;0.6518598
34032;0.9484894;0.6487677
34040;0.9505867;0.6338372
34048;0.9498544;0.6398442
34056;0.9492639;0.6446436
34064;0.9506673;0.6200164
34072;0.9500512;0.6319113
34080;0.9495545;0.636628
34088;0.9506336;0.6102093
34096;0.9501382;0.6193222
34104;0.9504221;0.600037
34112;0.9488172;0.641498
34120;0.9497176;0.6291741
34128;0.9500285;0.6091084
34136;0.9501062;0.5897698
34144;0.9490632;0.6340372
34152;0.9483729;0.6394737
34160;0.9496652;0.6181042
34168;0.9498451;0.6001317
34176;0.9491558;0.6279113
34184;0.949535;0.6091394
34192;0.949752;0.5794047
34200;0.9491736;0.5702642
34208;0.9492919;0.5811773
34216;0.9494875;0.5910757
34224;0.9486377;0.562669
34232;0.9486305;0.5736303
34240;0.9474531;0.5622935
34248;0.9481068;0.5672323
34256;0.947678;0.5718336
34264;0.9487787;0.5828499
34272;0.9481904;0.5765967
34280;0.9478634;0.5802091
34288;0.9483944;0.5857372
34296;0.9489244;0.5923194
34304;0.9475835;0.585465
34312;0.9479002;0.5917354
34320;0.9482477;0.5971584
34328;0.9477354;0.5991893
34336;0.9480525;0.6039026
34344;0.948369;0.6073772
34352;0.9487508;0.6033514
34360;0.9486919;0.6107761
34368;0.9493096;0.6009655
34376;0.949053;0.6100008
34384;0.9482163;0.6184263
34392;0.9491743;0.6179405
34400;0.9486123;0.6185263
34408;0.948104;0.6286435
34416;0.9486325;0.6299199
34424;0.9478945;0.6368157
34432;0.948085;0.6451483
34440;0.6058816;0.7167454
34448;0.6003433;0.7160323
34456;0.5954579;0.713922
34464;0.5884397;0.7091004
34472;0.5853286;0.7116085
34480;0.58091;0.7146645
34488;0.593053;0.7164079
34496;0.5899781;0.7189453
34504;0.5853217;0.7220823
34512;0.5992046;0.7184131
34520;0.6047016;0.719705
34528;0.5943553;0.7252192
34536;0.5905655;0.7291746
34544;0.5972908;0.7216861
34552;0.5991271;0.7310247
34560;0.5958834;0.7356793
34568;0.6032408;0.7229608
34576;0.6015664;0.7267646
34584;0.6105846;0.7194587
34592;0.6042365;0.7364131
34600;0.6020298;0.7418413
34608;0.6060453;0.7315604
34616;0.6076112;0.7268645
34624;0.6091099;0.7226301
34632;0.6172305;0.7155122
34640;0.6249774;0.7095982
34648;0.6102623;0.7419997
34656;0.6086482;0.7481324
34664;0.6116301;0.73637
34672;0.6129618;0.7307094
34680;0.6153821;0.7204664
34688;0.6140781;0.7246646
34696;0.6229894;0.7147127
34704;0.6170892;0.7472401
34712;0.6154769;0.7544425
34720;0.6179885;0.7405131
34728;0.6186396;0.7329024
34736;0.6209205;0.7203218
34744;0.6193443;0.7259032
34752;0.628986;0.7135862
34760;0.6312668;0.7081236
34768;0.627129;0.7199996
34776;0.6372324;0.7123097
34784;0.6390015;0.7067179
34792;0.625911;0.7263374
34800;0.6254045;0.7346044
34808;0.6355476;0.7188024
34816;0.6468362;0.7099444
34824;0.6481609;0.704816
34832;0.6346191;0.7257532
34840;0.6455906;0.7165319
34848;0.6565899;0.7084095
34856;0.6569344;0.7036257
34864;0.6247671;0.7440256
34872;0.6341988;0.7357482
34880;0.6449946;0.7239549
34888;0.6240643;0.7520738
34896;0.6228429;0.7599843
34904;0.6335631;0.7468386
34912;0.6328672;0.756129
34920;0.6319662;0.7642979
34928;0.644595;0.7359859
34936;0.6435665;0.7585683
34944;0.6432806;0.7678138
34952;0.6438749;0.7486268
34960;0.6549809;0.7600153
34968;0.6549327;0.769471
34976;0.6554753;0.7363287
34984;0.6552084;0.7493486
34992;0.6678836;0.7600635
35000;0.6685882;0.7694073
35008;0.6670861;0.7498844
35016;0.6799217;0.7589868
35024;0.6812963;0.7682325
35032;0.6790189;0.7496379
35040;0.6666089;0.7368007
35048;0.6557975;0.722618
35056;0.6915634;0.7572659
35064;0.6937476;0.7656777
35072;0.7053636;0.762906
35080;0.6896598;0.7492349
35088;0.7029485;0.7553176
35096;0.7172706;0.7583513
35104;0.6778716;0.7377223
35112;0.7140182;0.7527491
35120;0.7275463;0.7525975
35128;0.7013533;0.7481703
35136;0.7237565;0.7483667
35144;0.7362716;0.745607
35152;0.66654;0.7226646
35160;0.6880956;0.7389248
35168;0.7112896;0.7466337
35176;0.732163;0.7428318
35184;0.7433397;0.7368628
35192;0.6771602;0.7237602
35200;0.7002835;0.740029
35208;0.7204145;0.7442736
35216;0.738866;0.7352864
35224;0.68746;0.7262167
35232;0.7092085;0.7402288
35240;0.7284369;0.74006
35248;0.7420822;0.7265078
35256;0.6991086;0.7299135
35264;0.6872671;0.7182873
35272;0.7177168;0.7395846
35280;0.7343543;0.7333519
35288;0.7408728;0.7176327
35296;0.7074497;0.7323183
35304;0.72484;0.7370006
35312;0.7362457;0.726072
35320;0.7350898;0.7081167
35328;0.698647;0.7229023
35336;0.7149451;0.7336673
35344;0.7295825;0.7312573
35352;0.7353758;0.7191814
35360;0.729021;0.6995052
35368;0.7068917;0.7266421
35376;0.7212569;0.7333554
35384;0.7313689;0.7259652
35392;0.7301682;0.7105129
35400;0.720883;0.6923613
35408;0.7240115;0.7031727
35416;0.7304714;0.7206233
35424;0.7256894;0.7293916
35432;0.7134377;0.7292262
35440;0.7165265;0.6968057
35448;0.7250312;0.7132158
35456;0.7266954;0.7257705
35464;0.7182612;0.7295707
35472;0.7077563;0.6909194
35480;0.7187865;0.7075241
35488;0.7259184;0.7221408
35496;0.7220406;0.7278464
35504;0.7117804;0.7021253
35512;0.7036754;0.6968418
35520;0.7211897;0.7159618
35528;0.7229451;0.7255139
35536;0.7199838;0.7254363
35544;0.7221509;0.7233794
35552;0.719467;0.7266421
35560;0.7158495;0.7106214
35568;0.7184334;0.7187179
35576;0.7091311;0.7056257
35584;0.7167107;0.7266421
35592;0.7193706;0.7243132
35600;0.71361;0.7138945
35608;0.7120923;0.7249609
35616;0.7163662;0.7209575
35624;0.7062026;0.721302
35632;0.6986228;0.7173398
35640;0.7113705;0.7216464
35648;0.7060302;0.7175121
35656;0.7156771;0.7247472
35664;0.6986228;0.7126887
35672;0.7172276;0.7252641
35680;0.7179167;0.7252641
35688;0.717572;0.7247472
35696;0.7151604;0.7231969
35704;0.687808;0.7077824
35712;0.7111983;0.7199238
35720;0.6874083;0.7123269
35728;0.6778631;0.7048798
35736;0.7124041;0.7166508
35744;0.7060302;0.7157895
35752;0.6776478;0.7093983
35760;0.666819;0.7033862
35768;0.6773962;0.7153915
35776;0.6666072;0.7080358
35784;0.6666589;0.7142684
35792;0.6560541;0.7146783
35800;0.7075807;0.7085543
35808;0.7015513;0.7004578
35816;0.7070639;0.7119996
35824;0.6989673;0.7106214
35832;0.7001732;0.7035586
35840;0.6996564;0.7070038
35848;0.6906986;0.7066594
35856;0.6947692;0.6919031
35864;0.6931103;0.6958066
35872;0.6920767;0.6989073
35880;0.6915599;0.7028695
35888;0.6831189;0.6952897
35896;0.570961;0.5137662
35904;0.571959;0.5273561
35912;0.5683776;0.5158126
35920;0.5730408;0.539389
35928;0.5685085;0.5545553
35936;0.5679401;0.5392787
35944;0.5646704;0.5505725
35952;0.5676196;0.5305362
35960;0.5600348;0.5575682
35968;0.5634955;0.5399212
35976;0.5579365;0.5484656
35984;0.5513147;0.5556061
35992;0.5559693;0.5370771
36000;0.5613974;0.5286792
36008;0.565344;0.5215301
36016;0.5424774;0.5629188
36024;0.5628513;0.5071615
36032;0.5608289;0.5140452
36040;0.5568616;0.520183
36048;0.549723;0.5441642
36056;0.5342465;0.5673133
36064;0.5526032;0.5051425
36072;0.5531027;0.4981795
36080;0.5413801;0.4953302
36088;0.5536695;0.492946
36096;0.542033;0.4892957
36104;0.5443465;0.478629
36112;0.5352612;0.4638451
36120;0.5327495;0.486772
36128;0.5333973;0.4771096
36136;0.5224308;0.4747892
36144;0.5230924;0.4633146
36152;0.5236005;0.4846084
36160;0.5084893;0.4737315
36168;0.5096779;0.4632852
36176;0.5;0.4735644
36184;0.5;0.4618744
36192;0.4903221;0.4632852
36200;0.5149872;0.4828857
36208;0.5320415;0.4937385
36216;0.4915107;0.4737315
36224;0.4769076;0.4633146
36232;0.5075797;0.4815075
36240;0.5229114;0.4902931
36248;0.5308356;0.4973561
36256;0.5373818;0.5013182
36264;0.4775692;0.4747892
36272;0.5137814;0.4894318
36280;0.5427513;0.5022914
36288;0.4666027;0.4771096
36296;0.5503879;0.5133785
36304;0.4850128;0.4828857
36312;0.4763995;0.4846084
36320;0.4672505;0.486772
36328;0.4924203;0.4815075
36336;0.457967;0.4892957
36344;0.4586199;0.4953302
36352;0.4463305;0.492946
36360;0.4679585;0.4937385
36368;0.4770886;0.4902931
36376;0.4691644;0.4973561
36384;0.5;0.4808151
36392;0.4862186;0.4894318
36400;0.4468973;0.4981795
36408;0.4626182;0.5013182
36416;0.5077519;0.4873646
36424;0.4922481;0.4873646
36432;0.5;0.4865033
36440;0.4473968;0.5051425
36448;0.4371487;0.5071615
36456;0.4572487;0.5022914
36464;0.5101638;0.4989065
36472;0.5056848;0.4985619
36480;0.4943152;0.4985619
36488;0.5;0.4982174
36496;0.4898362;0.4989065
36504;0.5146427;0.4997678
36512;0.5173989;0.4939107
36520;0.5241173;0.4942552
36528;0.5253232;0.4985619
36536;0.5106806;0.5101038
36544;0.5153317;0.5078642
36552;0.5187771;0.5018349
36560;0.5208442;0.4980451
36568;0.526529;0.505108
36576;0.5292853;0.49994
36584;0.5056848;0.5086843
36592;0.5194662;0.5066584
36600;0.5315247;0.5026963
36608;0.5322138;0.5056248
36616;0.5344532;0.5018349
36624;0.5351026;0.5060606
36632;0.5378521;0.5067997
36640;0.5428684;0.5087273
36648;0.540803;0.5152252
36656;0.536324;0.5115404
36664;0.5335953;0.5089945
36672;0.5461845;0.520164
36680;0.5365773;0.5196904
36688;0.5518676;0.5276249
36696;0.5406067;0.5253872
36704;0.5315471;0.5076661
36712;0.5331698;0.5154353
36720;0.5313559;0.5120521
36728;0.545971;0.5341589
36736;0.5302482;0.5093321
36744;0.527218;0.5107928
36752;0.5275626;0.5147549
36760;0.5284239;0.5185447
36768;0.5306065;0.5224363
36776;0.5223947;0.5194062
36784;0.5232559;0.5149271
36792;0.5236005;0.510965
36800;0.5339295;0.5289738
36808;0.5182602;0.5119987
36816;0.5210165;0.5088978
36824;0.515504;0.5156162
36832;0.5086133;0.5159608
36840;0.5378521;0.5382882
36848;0.5122309;0.520612
36856;0.540791;0.5502986
36864;0.5331665;0.5549118
36872;0.5261173;0.5712875
36880;0.5194662;0.5752203
36888;0.5250923;0.558936
36896;0.5313249;0.5429997
36904;0.5110199;0.5644381
36912;0.5274782;0.53342
36920;0.5184962;0.5626053
36928;0.5;0.5537043
36936;0.5105083;0.5528257
36944;0.5;0.5444811
36952;0.4894917;0.5528257
36960;0.5172404;0.5509101
36968;0.5237693;0.5475182
36976;0.4827596;0.5509101
36984;0.5087856;0.5433512
36992;0.5213835;0.537923
37000;0.5150543;0.5414888
37008;0.511995;0.5323708
37016;0.517616;0.5298195
37024;0.5246099;0.5252752
37032;0.5145599;0.5238936
37040;0.506789;0.5341021
37048;0.5077209;0.5211356
37056;0.5093351;0.525618
37064;0.5051198;0.5265414
37072;0.5046512;0.5150994
37080;0.5;0.53491
37088;0.5042085;0.5207394
37096;0.5;0.5083517
37104;0.5;0.5268136
37112;0.5;0.5152717
37120;0.4943152;0.5086843
37128;0.5;0.5207843
37136;0.4953488;0.5150994
37144;0.4957915;0.5207394
37152;0.4948802;0.5265414
37160;0.4893194;0.5101038
37168;0.4922791;0.5211356
37176;0.4913867;0.5159608
37184;0.493211;0.5341021
37192;0.4906649;0.525618
37200;0.4912144;0.5433512
37208;0.488005;0.5323708
37216;0.4854401;0.5238936
37224;0.4877691;0.520612
37232;0.4776053;0.5194062
37240;0.484496;0.5156162
37248;0.4849457;0.5414888
37256;0.4817398;0.5119987
37264;0.4762307;0.5475182
37272;0.4786165;0.537923
37280;0.482384;0.5298195
37288;0.4725218;0.53342
37296;0.4753901;0.5252752
37304;0.4660705;0.5289738
37312;0.4693935;0.5224363
37320;0.454029;0.5341589
37328;0.4593933;0.5253872
37336;0.4481324;0.5276249
37344;0.4440307;0.5370771
37352;0.4420635;0.5484656
37360;0.4399652;0.5575682
37368;0.4353296;0.5505725
37376;0.4365045;0.5399212
37384;0.4314915;0.5545553
37392;0.4320599;0.5392787
37400;0.4269592;0.539389
37408;0.4241796;0.5425946
37416;0.4253;0.5247082
37424;0.428041;0.5273561
37432;0.4323804;0.5305362
37440;0.4386026;0.5286792
37448;0.4263096;0.5116042
37456;0.429039;0.5137662
37464;0.4316224;0.5158126
37472;0.434656;0.5215301
37480;0.4391711;0.5140452
37488;0.4431384;0.520183
37496;0.4496121;0.5133785
37504;0.4538155;0.520164
37512;0.4634227;0.5196904
37520;0.459197;0.5152252
37528;0.4571316;0.5087273
37536;0.4621479;0.5067997
37544;0.463676;0.5115404
37552;0.4715761;0.5185447
37560;0.4648974;0.5060606
37568;0.4668302;0.5154353
37576;0.4767441;0.5149271
37584;0.4655468;0.5018349
37592;0.4664047;0.5089945
37600;0.4724374;0.5147549
37608;0.4684753;0.5026963
37616;0.4686441;0.5120521
37624;0.472782;0.5107928
37632;0.4677862;0.5056248
37640;0.4684529;0.5076661
37648;0.473471;0.505108
37656;0.4697518;0.5093321
37664;0.4763995;0.510965
37672;0.4707147;0.49994
37680;0.4789835;0.5088978
37688;0.4805338;0.5066584
37696;0.4846683;0.5078642
37704;0.4812229;0.5018349
37712;0.4853573;0.4997678
37720;0.4826011;0.4939107
37728;0.4791558;0.4980451
37736;0.4746768;0.4985619
37744;0.4758827;0.4942552
37752;0.04419845;0.5304638
37760;0.04433578;0.5458834
37768;0.04341298;0.5701298
37776;0.04570144;0.5107308
37784;0.045479;0.5309169
37792;0.04872531;0.4710096
37800;0.04750764;0.4995559
37808;0.04941517;0.4955748
37816;0.04704481;0.5177402
37824;0.05077827;0.483623
37832;0.05129665;0.5013112
37840;0.05047172;0.4996524
37848;0.04874945;0.5089427
37856;0.0514167;0.5225103
37864;0.0482505;0.5224759
37872;0.04985207;0.5129496
37880;0.05057079;0.5145464
37888;0.04989111;0.5269755
37896;0.05215603;0.5337197
37904;0.04928499;0.5255009
37912;0.05058581;0.5333785
37920;0.05259556;0.5431461
37928;0.05120194;0.5413648
37936;0.04962915;0.5484278
37944;0.0489139;0.5444519
37952;0.04836112;0.5436974
37960;0.05292588;0.5520608
37968;0.05167407;0.5484829
37976;0.05027181;0.5542521
37984;0.04888475;0.5636544
37992;0.04743433;0.5404829
38000;0.04814667;0.5623538
38008;0.04767311;0.5610876
38016;0.04639637;0.5341176
38024;0.04689986;0.5568292
38032;0.04536986;0.5466241
38040;0.0459404;0.5490014
38048;0.0445351;0.5594321
38056;0.04548508;0.5610462
38064;0.04773694;0.5753891
38072;0.04725504;0.5749585
38080;0.0464645;0.5707466
38088;0.0450055;0.5728086
38096;0.04383457;0.5816889
38104;0.04846871;0.5755149
38112;0.0429489;0.5954409
38120;0.04200399;0.6256684
38128;0.04228717;0.6548831
38136;0.04284364;0.6276081
38144;0.04350376;0.603496
38152;0.04457587;0.5925227
38160;0.0428251;0.6793585
38168;0.04617965;0.5837785
38176;0.04695851;0.5876493
38184;0.0474568;0.5877457
38192;0.04811543;0.5871894
38200;0.04438204;0.612056
38208;0.04581827;0.6004194
38216;0.0467388;0.6029431
38224;0.04725915;0.6023229
38232;0.04786199;0.6008725
38240;0.04347289;0.6302542
38248;0.04295754;0.6516582
38256;0.04337484;0.6709728
38264;0.04367864;0.6523542
38272;0.04442054;0.6331878
38280;0.04364878;0.6910487
38288;0.04561847;0.6167916
38296;0.04384136;0.7047471
38304;0.04659003;0.6174979
38312;0.04496533;0.7254415
38320;0.04710042;0.6162334
38328;0.04765207;0.614006
38336;0.04558927;0.6337098
38344;0.04654169;0.6318942
38352;0.0470342;0.6297581
38360;0.0475058;0.6262955
38368;0.04459965;0.6522353
38376;0.04406041;0.6681406
38384;0.04387712;0.6829193
38392;0.04709119;0.6448175
38400;0.04659873;0.6477564
38408;0.04571253;0.6505902
38416;0.0448997;0.6675567
38424;0.04445219;0.6796204
38432;0.04436153;0.6897617
38440;0.04592025;0.6649846
38448;0.04456729;0.6988005
38456;0.04486281;0.6893828
38464;0.0452311;0.6792329
38472;0.04494792;0.7108919
38480;0.04525942;0.6994966
38488;0.04557461;0.6885335
38496;0.04622334;0.6765765
38504;0.04677016;0.661498
38512;0.04718071;0.658809
38520;0.04569453;0.7239187
38528;0.04571158;0.7098221
38536;0.04598325;0.6984785
38544;0.04653817;0.7417275
38552;0.0481661;0.7495278
38560;0.04967499;0.7508456
38568;0.05089682;0.7388593
38576;0.04687029;0.695381
38584;0.04639423;0.7078393
38592;0.04640472;0.7202047
38600;0.04682416;0.7347869
38608;0.04795963;0.7409282
38616;0.04885775;0.7390885
38624;0.04762965;0.7307869
38632;0.04701102;0.7162752
38640;0.04982191;0.733836
38648;0.04727775;0.7038617
38656;0.04794359;0.7252331
38664;0.04860038;0.7304475
38672;0.04784077;0.712668
38680;0.04911512;0.7272382
38688;0.04848808;0.7207283
38696;0.05066144;0.7245888
38704;0.04989725;0.7210315
38712;0.04918116;0.7155948
38720;0.04860038;0.708556
38728;0.04805851;0.700258
38736;0.04916692;0.7039737
38744;0.04982084;0.7096207
38752;0.05023378;0.7013966
38760;0.05049902;0.7141564
38768;0.05159187;0.7255483
38776;0.04764771;0.6914879
38784;0.04858124;0.6968161
38792;0.05121392;0.7165526
38800;0.05248433;0.7223787
38808;0.04955131;0.6965129
38816;0.05095083;0.7052019
38824;0.05197996;0.7161873
38832;0.05320579;0.7175242
38840;0.05162418;0.7071881
38848;0.05261922;0.7134863
38856;0.05384743;0.7091433
38864;0.05229741;0.7063147
38872;0.05192035;0.6967282
38880;0.05314177;0.7099324
38888;0.05283028;0.7039617
38896;0.05114847;0.696947
38904;0.05262411;0.6931709
38912;0.0536291;0.7036154
38920;0.05343902;0.6979616
38928;0.0532102;0.6883096
38936;0.05218107;0.6838789
38944;0.05446261;0.6978255
38952;0.05129653;0.6866903
38960;0.05413526;0.694425
38968;0.05042249;0.6940064
38976;0.05043381;0.6871381
38984;0.04981214;0.6901097
38992;0.04898959;0.6900047
39000;0.04928321;0.6854534
39008;0.05002457;0.67935
39016;0.04810995;0.6886076
39024;0.04854524;0.6822802
39032;0.04886585;0.6781252
39040;0.05100822;0.6768177
39048;0.04812592;0.6740407
39056;0.04770714;0.6801872
39064;0.04961061;0.672313
39072;0.04730678;0.6829332
39080;0.04652578;0.6859891
39088;0.04701382;0.6726678
39096;0.04740882;0.669729
39104;0.04852599;0.6704265
39112;0.04783177;0.6650364
39120;0.04760331;0.6547934
39128;0.04825622;0.6617031
39136;0.04917115;0.664809
39144;0.04750365;0.6423267
39152;0.04802793;0.6512379
39160;0.0479508;0.6402352
39168;0.04890192;0.6558908
39176;0.05056494;0.6680287
39184;0.04801446;0.6234255
39192;0.04866731;0.6466522
39200;0.05013984;0.6600751
39208;0.05197781;0.6740234
39216;0.04811054;0.6121179
39224;0.0486114;0.636821
39232;0.04978281;0.6512156
39240;0.05131078;0.6637926
39248;0.05291265;0.6797273
39256;0.04835206;0.6000922
39264;0.04953223;0.6424868
39272;0.05072427;0.6552706
39280;0.05354339;0.6828418
39288;0.05391306;0.6885353
39296;0.05372548;0.6770193
39304;0.05452436;0.6826282
39312;0.0503757;0.647088
39320;0.05312485;0.6717668
39328;0.05241734;0.6661407
39336;0.0517115;0.6587918
39344;0.05415589;0.6793224
39352;0.05494297;0.6826006
39360;0.0511049;0.6518598
39368;0.05482852;0.666871
39376;0.05559605;0.6802233
39384;0.05526835;0.6654361
39392;0.05580133;0.6601733
39400;0.05583;0.6457391
39408;0.05560887;0.6476979
39416;0.05567843;0.6359992
39424;0.05543566;0.6387089
39432;0.05529755;0.6515996
39440;0.05490106;0.6542888
39448;0.05441743;0.6655688
39456;0.05385917;0.6689658
39464;0.05333233;0.6660528
39472;0.05394012;0.6610484
39480;0.05268341;0.6615394
39488;0.05207175;0.6553653
39496;0.05151063;0.6487677
39504;0.05073613;0.6446436
39512;0.05014557;0.6398442
39520;0.04941326;0.6338372
39528;0.04866678;0.6215702
39536;0.04872859;0.6115495
39544;0.04933268;0.6200164
39552;0.04994875;0.6319113
39560;0.0504455;0.636628
39568;0.05118281;0.641498
39576;0.04895431;0.6004642
39584;0.04936635;0.6102093
39592;0.04986185;0.6193222
39600;0.05028242;0.6291741
39608;0.05093682;0.6340372
39616;0.0516271;0.6394737
39624;0.04882818;0.5871239
39632;0.04920816;0.5763056
39640;0.04929394;0.5885985
39648;0.04963136;0.5656371
39656;0.04978698;0.5779973
39664;0.04957789;0.600037
39672;0.05020076;0.567849
39680;0.0498938;0.5897698
39688;0.04997152;0.6091084
39696;0.05079877;0.5580023
39704;0.05024803;0.5794047
39712;0.05082643;0.5702642
39720;0.05206198;0.5557318
39728;0.05015486;0.6001317
39736;0.05033481;0.6181042
39744;0.05070812;0.5811773
39752;0.05136234;0.562669
39760;0.05334526;0.559849
39768;0.05046499;0.6091394
39776;0.05084419;0.6279113
39784;0.05136949;0.5736303
39792;0.05254686;0.5622935
39800;0.05382639;0.5673357
39808;0.05082566;0.6179405
39816;0.05136752;0.6299199
39824;0.05138767;0.6185263
39832;0.05094695;0.6100008
39840;0.05189317;0.5672323
39848;0.05069035;0.6009655
39856;0.05051249;0.5910757
39864;0.05122125;0.5828499
39872;0.05180961;0.5765967
39880;0.05232197;0.5718336
39888;0.05107564;0.5923194
39896;0.05124921;0.6033514
39904;0.05160564;0.5857372
39912;0.05295306;0.5682022
39920;0.0521366;0.5802091
39928;0.05175233;0.5971584
39936;0.0513081;0.6107761
39944;0.05277604;0.5768362
39952;0.05357033;0.5748706
39960;0.05209976;0.5917354
39968;0.0524165;0.585465
39976;0.05256766;0.5937406
39984;0.05312997;0.5828654
39992;0.05411047;0.5739283
40000;0.05391622;0.5817096
40008;0.05496043;0.575992
40016;0.05226463;0.5991893
40024;0.05350453;0.5898008
40032;0.05434376;0.5802625
40040;0.05535603;0.5819456
40048;0.05420208;0.5874598
40056;0.05493456;0.5798715
40064;0.05479926;0.585763
40072;0.05535918;0.5862609
40080;0.0557;0.5874168
40088;0.05501372;0.5920576
40096;0.0559268;0.5949689
40104;0.05560136;0.5930412
40112;0.05614638;0.6001179
40120;0.0563156;0.6069328
40128;0.05585533;0.6035667
40136;0.05625904;0.6149122
40144;0.05554473;0.6019405
40152;0.05494267;0.598695
40160;0.05620229;0.6218958
40168;0.05572265;0.6177993
40176;0.05590212;0.6246279
40184;0.05534989;0.6122541
40192;0.05548882;0.6257477
40200;0.05531687;0.6286401
40208;0.05502373;0.6200439
40216;0.05510432;0.6314927
40224;0.05472714;0.6057097
40232;0.05443496;0.6118148
40240;0.05461031;0.6243988
40248;0.05509168;0.6438115
40256;0.05469984;0.6364402
40264;0.05471784;0.6458322
40272;0.05436391;0.6385074
40280;0.05451792;0.6542802
40288;0.05418646;0.6290379
40296;0.0543229;0.6458426
40304;0.05399436;0.6535497
40312;0.05378634;0.6457909
40320;0.0534665;0.6589107
40328;0.05340922;0.6525195
40336;0.05287033;0.657107
40344;0.05237144;0.6510312
40352;0.05191505;0.6451483
40360;0.05210549;0.6368157
40368;0.05235785;0.6422715
40376;0.05267853;0.6468657
40384;0.05295891;0.651827
40392;0.05316186;0.6468554
40400;0.05189604;0.6286435
40408;0.05259913;0.6353756
40416;0.05286366;0.6411328
40424;0.05352932;0.639982
40432;0.05178374;0.6184263
40440;0.05233747;0.6270878
40448;0.05315214;0.6333568
40456;0.05395621;0.6387451
40464;0.05206639;0.6167794
40472;0.05391043;0.6315168
40480;0.05353945;0.6324574
40488;0.05272788;0.6255719
40496;0.05163103;0.6073772
40504;0.05335182;0.6210637
40512;0.05309737;0.6239113
40520;0.05231804;0.6146158
40528;0.05194753;0.6039026
40536;0.05261701;0.6114324
40544;0.053644;0.619212
40552;0.05288935;0.6076494
40560;0.05328679;0.596819
40568;0.05404115;0.6166159
40576;0.05374074;0.6093704
40584;0.05332619;0.6084315
40592;0.05396646;0.6012686
40600;0.05419487;0.5962316
40608;0.05439979;0.5926863