Offset;Input Attributes: Layout 4 (Per vertex).TEXCOORD0[0];Input Attributes: Layout 4 (Per vertex).TEXCOORD0[1]
0;0.8803241;0.9863986
8;0.8814548;0.9838461
16;0.874687;0.9829392
24;0.873589;0.9854403
32;0.8678852;0.98205
40;0.8790511;0.9893644
48;0.8669068;0.9846548
56;0.8717414;0.9882735
64;0.8603771;0.9837263
72;0.8614683;0.9810379
80;0.8707721;0.9910383
88;0.8624614;0.9894915
96;0.8780681;0.99213
104;0.8763922;0.9969908
112;0.8692394;0.9958146
120;0.8617753;0.9947702
128;0.8534263;0.9938151
136;0.8654329;0.9873183
144;0.859376;0.9862973
152;0.8525776;0.9875748
160;0.8439261;0.9929067
168;0.853591;0.9851252
176;0.8423474;0.9855263
184;0.8329646;0.9917739
192;0.8543979;0.9826224
200;0.8553595;0.9801431
208;0.8480984;0.9840631
216;0.8488952;0.981468
224;0.8496885;0.9793302
232;0.8430143;0.9830783
240;0.8438077;0.9805008
248;0.8443878;0.9783993
256;0.8383071;0.9820147
264;0.8389786;0.9796028
272;0.8395079;0.9775864
280;0.8340774;0.9838332
288;0.8259913;0.9824166
296;0.8221452;0.9910946
304;0.8122445;0.9916469
312;0.8350242;0.9788077
320;0.8353469;0.9769915
328;0.8316205;0.9764777
336;0.8344486;0.9811094
344;0.8305811;0.9802371
352;0.8312526;0.9780455
360;0.8284189;0.9759954
368;0.827727;0.9773316
376;0.8262768;0.9756657
384;0.8267621;0.9793624
392;0.8239384;0.9762036
400;0.8247206;0.9753731
408;0.8194435;0.9775743
416;0.8232241;0.9754086
424;0.8191296;0.9820508
432;0.8069786;0.9838774
440;0.8098283;0.9885042
448;0.8022861;0.9925505
456;0.7895832;0.9939896
464;0.7854707;0.9838613
472;0.8186693;0.9754978
480;0.8056526;0.9771426
488;0.7840555;0.9751883
496;0.8253379;0.9746215
504;0.8266255;0.9750556
512;0.8050905;0.9719571
520;0.819132;0.9727804
528;0.8046866;0.967057
536;0.7825625;0.9657891
544;0.793523;0.9640768
552;0.8066648;0.9615667
560;0.8291557;0.9733705
568;0.8289097;0.9743763
576;0.8277214;0.9706652
584;0.8153389;0.9671486
592;0.8278432;0.9648067
600;0.8169607;0.9584635
608;0.8316848;0.97238
616;0.8317796;0.9736808
624;0.8313338;0.9696586
632;0.8351754;0.971338
640;0.8353108;0.972876
648;0.8372191;0.9618642
656;0.8257328;0.9549357
664;0.8352296;0.9686247
672;0.8396231;0.9702913
680;0.8396636;0.9720423
688;0.8397426;0.967217
696;0.8443347;0.969087
704;0.8446676;0.97108
712;0.8456879;0.9582022
720;0.8337353;0.950928
728;0.8438935;0.9656766
736;0.8494696;0.9672933
744;0.8504086;0.9696667
752;0.8534466;0.9542877
760;0.8409683;0.946753
768;0.8482757;0.9638854
776;0.852704;0.9620267
784;0.8549069;0.9652681
792;0.8565049;0.9678658
800;0.8574778;0.9596139
808;0.8603218;0.9626456
816;0.8626002;0.9652248
824;0.8607066;0.9494985
832;0.8476267;0.9427565
840;0.8623464;0.9568322
848;0.8655356;0.9596284
856;0.8684405;0.9619519
864;0.8647929;0.9460721
872;0.8537592;0.9386757
880;0.8664396;0.9538222
888;0.8708838;0.9500701
896;0.8699087;0.9562638
904;0.8732334;0.9584715
912;0.8746272;0.9522328
920;0.8781245;0.9540731
928;0.125313;0.9829392
936;0.1185451;0.9838461
944;0.1196759;0.9863986
952;0.1264111;0.9854403
960;0.1209489;0.9893644
968;0.1321147;0.98205
976;0.1282585;0.9882735
984;0.1330932;0.9846548
992;0.1292279;0.9910383
1000;0.1375386;0.9894915
1008;0.1219319;0.99213
1016;0.1236078;0.9969908
1024;0.1307605;0.9958146
1032;0.1382247;0.9947702
1040;0.1465737;0.9938151
1048;0.139623;0.9837263
1056;0.1385317;0.9810379
1064;0.1345682;0.9873183
1072;0.140624;0.9862973
1080;0.1474224;0.9875748
1088;0.1560739;0.9929067
1096;0.145602;0.9826224
1104;0.1446405;0.9801431
1112;0.1464089;0.9851252
1120;0.1576527;0.9855263
1128;0.1670355;0.9917739
1136;0.1519016;0.9840631
1144;0.1511048;0.981468
1152;0.1503114;0.9793302
1160;0.1569857;0.9830783
1168;0.1561923;0.9805008
1176;0.1556123;0.9783993
1184;0.1616929;0.9820147
1192;0.1610214;0.9796028
1200;0.1604921;0.9775864
1208;0.1659227;0.9838332
1216;0.1740087;0.9824166
1224;0.1778548;0.9910946
1232;0.1877556;0.9916469
1240;0.1649758;0.9788077
1248;0.1646531;0.9769915
1256;0.1683795;0.9764777
1264;0.1655514;0.9811094
1272;0.1694189;0.9802371
1280;0.1687474;0.9780455
1288;0.1715812;0.9759954
1296;0.172273;0.9773316
1304;0.1737232;0.9756657
1312;0.1732379;0.9793624
1320;0.1760616;0.9762036
1328;0.1752794;0.9753731
1336;0.1805565;0.9775743
1344;0.1767759;0.9754086
1352;0.1808703;0.9820508
1360;0.1930214;0.9838774
1368;0.1901718;0.9885042
1376;0.1977139;0.9925505
1384;0.2104168;0.9939896
1392;0.2145292;0.9838613
1400;0.1813308;0.9754978
1408;0.1943462;0.9771426
1416;0.2159445;0.9751883
1424;0.1746621;0.9746215
1432;0.1733745;0.9750556
1440;0.1949094;0.9719571
1448;0.180868;0.9727804
1456;0.1953135;0.967057
1464;0.2174375;0.9657891
1472;0.2064771;0.9640768
1480;0.1933351;0.9615667
1488;0.1708443;0.9733705
1496;0.1710903;0.9743763
1504;0.1722787;0.9706652
1512;0.1846611;0.9671486
1520;0.1721568;0.9648067
1528;0.1830394;0.9584635
1536;0.1683152;0.97238
1544;0.1682204;0.9736808
1552;0.1686662;0.9696586
1560;0.1648246;0.971338
1568;0.1646892;0.972876
1576;0.1627808;0.9618642
1584;0.1742672;0.9549357
1592;0.1647704;0.9686247
1600;0.160377;0.9702913
1608;0.1603363;0.9720423
1616;0.1602574;0.967217
1624;0.1556653;0.969087
1632;0.1553324;0.97108
1640;0.1543122;0.9582022
1648;0.1662646;0.950928
1656;0.1561066;0.9656766
1664;0.1505304;0.9672933
1672;0.1495914;0.9696667
1680;0.1465534;0.9542877
1688;0.1590318;0.946753
1696;0.1517244;0.9638854
1704;0.147296;0.9620267
1712;0.1450931;0.9652681
1720;0.1434951;0.9678658
1728;0.1425222;0.9596139
1736;0.1396783;0.9626456
1744;0.1373998;0.9652248
1752;0.1392934;0.9494985
1760;0.1523733;0.9427565
1768;0.1376525;0.9568322
1776;0.1344644;0.9596284
1784;0.1315595;0.9619519
1792;0.135207;0.9460721
1800;0.1462408;0.9386757
1808;0.1335604;0.9538222
1816;0.1291162;0.9500701
1824;0.1300913;0.9562638
1832;0.1267666;0.9584715
1840;0.1253728;0.9522328
1848;0.1218766;0.9540731
1856;0.9600385;0.9825728
1864;0.9928;0.9843
1872;0.9928;0.9316
1880;0.965323;0.9337004
1888;0.9296248;0.9747451
1896;0.9683912;0.8856728
1904;0.9928;0.8808
1912;0.9404804;0.928785
1920;0.8947325;0.9525095
1928;0.9717937;0.8382192
1936;0.9928;0.835
1944;0.9460227;0.8848049
1952;0.90759;0.9135198
1960;0.8646953;0.9195322
1968;0.9758168;0.7905552
1976;0.9928;0.7812
1984;0.9928;0.7478
1992;0.952474;0.8393201
2000;0.9174808;0.8753389
2008;0.8798369;0.8898657
2016;0.8446411;0.8920897
2024;0.9702256;0.74951
2032;0.9928;0.7065
2040;0.9598011;0.7930494
2048;0.9283441;0.8345025
2056;0.8954253;0.8595471
2064;0.8630643;0.8701282
2072;0.8266935;0.8685241
2080;0.9404886;0.7923195
2088;0.9531436;0.748872
2096;0.9095062;0.8227119
2104;0.9232997;0.7857477
2112;0.8819758;0.8431479
2120;0.8517984;0.8484749
2128;0.896663;0.8118016
2136;0.9758348;0.7045476
2144;0.9795842;0.6480954
2152;0.9928;0.6523
2160;0.9627926;0.7015885
2168;0.9375498;0.7474571
2176;0.8716421;0.8266581
2184;0.9093305;0.7765365
2192;0.9822512;0.5811461
2200;0.9928;0.5906
2208;0.8901216;0.8014393
2216;0.8847973;0.7904293
2224;0.8570867;0.8187979
2232;0.9836291;0.5213351
2240;0.9928;0.53618
2248;0.8256505;0.8422883
2256;0.9844633;0.4581385
2264;0.9928;0.4827
2272;0.9849343;0.3986535
2280;0.9928;0.4309
2288;0.9841175;0.3456564
2296;0.9928;0.376
2304;0.9928;0.3101
2312;0.972607;0.3835641
2320;0.9745177;0.445492
2328;0.9815453;0.2892969
2336;0.9928;0.2372
2344;0.9687384;0.3287252
2352;0.9786091;0.230509
2360;0.9928;0.1734
2368;0.97492;0.5153471
2376;0.9614302;0.3806213
2384;0.9637382;0.2746725
2392;0.9763216;0.1728469
2400;0.9928;0.1127
2408;0.9660239;0.4435799
2416;0.9735093;0.5766009
2424;0.9549845;0.3228795
2432;0.9591283;0.2208629
2440;0.9739228;0.1214519
2448;0.9928;0.0532
2456;0.9676503;0.5186977
2464;0.9542817;0.3759098
2472;0.947215;0.2666129
2480;0.9543393;0.1679492
2488;0.9711708;0.07392241
2496;0.9928;0.0081
2504;0.9696;0.0081
2512;0.9498482;0.1194813
2520;0.9462908;0.07432607
2528;0.9425;0.0081
2536;0.9399374;0.2121505
2544;0.9455271;0.316798
2552;0.9325849;0.160073
2560;0.9224448;0.07010939
2568;0.9206;0.0081
2576;0.9262815;0.1129229
2584;0.9301081;0.2534935
2592;0.894213;0.0638767
2600;0.89055;0.0081
2608;0.9211824;0.1990788
2616;0.9095428;0.1503194
2624;0.9004459;0.1050703
2632;0.86309;0.05727989
2640;0.849;0.0081
2648;0.8730396;0.09724714
2656;0.8852859;0.1407123
2664;0.8986391;0.1881861
2672;0.833917;0.05301682
2680;0.8247;0.0081
2688;0.8447476;0.09022306
2696;0.8584824;0.1311781
2704;0.8068504;0.04911809
2712;0.8002;0.0081
2720;0.8169278;0.08354895
2728;0.7788602;0.04552462
2736;0.7766;0.0081
2744;0.9092267;0.2405956
2752;0.8757041;0.176132
2760;0.8315482;0.1217186
2768;0.7903762;0.07873601
2776;0.7488219;0.04076336
2784;0.7456;0.0081
2792;0.8887458;0.2280693
2800;0.8502634;0.1660797
2808;0.8068695;0.1153177
2816;0.7613565;0.07380605
2824;0.7138306;0.03712396
2832;0.7122;0.0081
2840;0.8753524;0.2096362
2848;0.8281609;0.1565278
2856;0.7829226;0.1111597
2864;0.7332177;0.0689641
2872;0.6811242;0.03710181
2880;0.6393;0.0081
2888;0.8437012;0.1952929
2896;0.8097104;0.1522095
2904;0.8380688;0.2037402
2912;0.7580729;0.106485
2920;0.7030187;0.06576992
2928;0.7908915;0.1495165
2936;0.7315609;0.1001363
2944;0.876471;0.2577841
2952;0.8256944;0.204942
2960;0.772006;0.1490677
2968;0.902508;0.2807862
2976;0.8623447;0.2588966
2984;0.8074329;0.2026491
2992;0.9203741;0.296036
3000;0.853991;0.2622776
3008;0.9336411;0.3079574
3016;0.9435145;0.3625807
3024;0.9313577;0.347328
3032;0.9165313;0.3331598
3040;0.9010522;0.3205361
3048;0.8908422;0.316687
3056;0.8719923;0.3194169
3064;0.952071;0.4179322
3072;0.9410236;0.3939264
3080;0.9295123;0.379427
3088;0.9160286;0.3672331
3096;0.9036602;0.3652967
3104;0.882605;0.3640165
3112;0.9610167;0.4470918
3120;0.9440184;0.447046
3128;0.9347017;0.4323857
3136;0.9155996;0.4131787
3144;0.9516996;0.4618015
3152;0.9588732;0.4822222
3160;0.9640361;0.529778
3168;0.8905644;0.4003416
3176;0.966592;0.5822993
3184;0.9524539;0.5151762
3192;0.9570668;0.5230418
3200;0.9606686;0.532586
3208;0.948495;0.5082316
3216;0.9361882;0.4774651
3224;0.9184715;0.4511676
3232;0.942418;0.5085918
3240;0.9593515;0.5868465
3248;0.9576979;0.5759267
3256;0.9542007;0.5621335
3264;0.9521106;0.552183
3272;0.9468109;0.5464059
3280;0.9629937;0.5877751
3288;0.9378684;0.5165727
3296;0.9427594;0.5464753
3304;0.9276828;0.488771
3312;0.9325725;0.5216303
3320;0.9508574;0.5966964
3328;0.9467294;0.5843505
3336;0.944106;0.5778346
3344;0.937134;0.5467402
3352;0.950138;0.6085064
3360;0.951196;0.6273105
3368;0.9536351;0.6375207
3376;0.957202;0.641203
3384;0.9619485;0.6415377
3392;0.9696095;0.6441642
3400;0.9513782;0.7010638
3408;0.9439553;0.6980894
3416;0.9261972;0.7406737
3424;0.9405423;0.6865157
3432;0.9222508;0.7277746
3440;0.9025098;0.7597436
3448;0.9402802;0.6701646
3456;0.9248157;0.7089108
3464;0.9031017;0.7393548
3472;0.8813789;0.7788195
3480;0.9400487;0.6532835
3488;0.9258816;0.6924086
3496;0.940165;0.6426682
3504;0.9102322;0.7182654
3512;0.9267135;0.6843842
3520;0.9177467;0.6993827
3528;0.942963;0.6183912
3536;0.9191943;0.6832276
3544;0.9053643;0.6940953
3552;0.8994538;0.7153224
3560;0.8884734;0.7361563
3568;0.9357811;0.6456171
3576;0.9420757;0.6069844
3584;0.92521;0.667994
3592;0.935502;0.6365607
3600;0.8816678;0.758506
3608;0.8787277;0.722744
3616;0.9248545;0.6595641
3624;0.9102773;0.6757116
3632;0.8565125;0.7974728
3640;0.8686309;0.7482349
3648;0.9102501;0.6820265
3656;0.8955575;0.688428
3664;0.8827473;0.7016408
3672;0.8303304;0.8160104
3680;0.8599248;0.7754098
3688;0.8585028;0.7277355
3696;0.836439;0.7881728
3704;0.8466586;0.7583578
3712;0.8820961;0.6887808
3720;0.8958052;0.681738
3728;0.8614619;0.6964641
3736;0.8129034;0.8001822
3744;0.8242469;0.7661674
3752;0.8363214;0.7310792
3760;0.8410899;0.7017093
3768;0.8038678;0.8268428
3776;0.7937338;0.8563219
3784;0.7806457;0.884608
3792;0.8036923;0.913896
3800;0.7575089;0.9116278
3808;0.7741244;0.951039
3816;0.7257431;0.9365181
3824;0.7081043;0.9837198
3832;0.6704177;0.9607632
3840;0.6245917;0.9942115
3848;0.6929984;0.9230806
3856;0.732071;0.8956289
3864;0.7593818;0.8585795
3872;0.7733961;0.8320435
3880;0.6047978;0.9722536
3888;0.5541703;0.9942115
3896;0.7014309;0.8875303
3904;0.6444049;0.9424978
3912;0.5532361;0.97461
3920;0.5;0.9942115
3928;0.7860219;0.806681
3936;0.7291706;0.8574673
3944;0.6665863;0.9110054
3952;0.5886824;0.952692
3960;0.6246694;0.9264927
3968;0.6475509;0.9044181
3976;0.8017138;0.7741441
3984;0.7475679;0.8313071
3992;0.6793543;0.8843657
4000;0.8149629;0.7357203
4008;0.7055089;0.8567005
4016;0.8224857;0.7054552
4024;0.7878578;0.7771409
4032;0.7630794;0.8077338
4040;0.8033463;0.7397575
4048;0.724275;0.8302778
4056;0.7786967;0.7696484
4064;0.8108178;0.704671
4072;0.7447441;0.7964962
4080;0.7907349;0.7360035
4088;0.7606242;0.7575316
4096;0.8282318;0.6741654
4104;0.8159074;0.674776
4112;0.8407596;0.6715641
4120;0.7981611;0.7022238
4128;0.7761998;0.729701
4136;0.804772;0.6736014
4144;0.7875354;0.6994708
4152;0.8158661;0.646942
4160;0.8059944;0.6452202
4168;0.8257103;0.6476331
4176;0.7928027;0.6700757
4184;0.7601695;0.7187443
4192;0.7715337;0.6926668
4200;0.7455492;0.742152
4208;0.7775054;0.6654983
4216;0.795172;0.6421906
4224;0.7815423;0.6386515
4232;0.7358323;0.7746788
4240;0.7260954;0.7575173
4248;0.8079342;0.6187393
4256;0.7971326;0.6156814
4264;0.7830981;0.6112684
4272;0.7123661;0.7846459
4280;0.7056279;0.7651621
4288;0.7150116;0.8099675
4296;0.8170044;0.6207011
4304;0.7979136;0.5898455
4312;0.784245;0.584024
4320;0.8095956;0.5932493
4328;0.6893574;0.7887546
4336;0.6861327;0.77021
4344;0.7996908;0.5647464
4352;0.6832072;0.813751
4360;0.6667228;0.7892033
4368;0.6678473;0.7717173
4376;0.785914;0.5562434
4384;0.7598277;0.5724853
4392;0.6614061;0.812101
4400;0.6499855;0.7879866
4408;0.6507116;0.7714813
4416;0.7628307;0.5431703
4424;0.7372338;0.5580423
4432;0.6451606;0.8097627
4440;0.6327693;0.7866293
4448;0.6336216;0.7701285
4456;0.7349457;0.5278693
4464;0.7110619;0.5407451
4472;0.6302531;0.8070942
4480;0.6158396;0.7851778
4488;0.6173068;0.7682467
4496;0.7039148;0.5122823
4504;0.6880603;0.5401387
4512;0.613242;0.805133
4520;0.5992373;0.7833788
4528;0.600979;0.7657212
4536;0.5970109;0.8030816
4544;0.5822489;0.782009
4552;0.5827137;0.763815
4560;0.5630755;0.7809593
4568;0.5628624;0.76311
4576;0.5412222;0.7637178
4584;0.5812219;0.8018839
4592;0.5899923;0.8242112
4600;0.6047512;0.8261053
4608;0.6204484;0.8284552
4616;0.6364286;0.8311271
4624;0.6064777;0.8436182
4632;0.6542891;0.8336617
4640;0.5930063;0.8416878
4648;0.6221038;0.8472661
4656;0.6219138;0.8624704
4664;0.670427;0.8342338
4672;0.6395723;0.8503067
4680;0.5905346;0.8564294
4688;0.5797229;0.8398555
4696;0.6958717;0.8344255
4704;0.6552902;0.853127
4712;0.680512;0.8576063
4720;0.6364299;0.8724954
4728;0.6582996;0.8820548
4736;0.6145886;0.8827095
4744;0.632257;0.8951036
4752;0.6127056;0.9139506
4760;0.6003122;0.8681957
4768;0.6015952;0.9028069
4776;0.5761169;0.9345075
4784;0.5880966;0.8897063
4792;0.5753917;0.8722745
4800;0.5692309;0.9195209
4808;0.5459578;0.9556026
4816;0.5626251;0.9064031
4824;0.5396853;0.936629
4832;0.5;0.9755402
4840;0.5663716;0.8571212
4848;0.554644;0.890597
4856;0.5359353;0.9208208
4864;0.5;0.956404
4872;0.4463918;0.9745519
4880;0.4458297;0.9942115
4888;0.5461094;0.875716
4896;0.5324982;0.9064018
4904;0.5;0.9369977
4912;0.4533674;0.9554604
4920;0.3948166;0.9721783
4928;0.3754083;0.9942115
4936;0.5284535;0.8913801
4944;0.5;0.9207703
4952;0.4596831;0.9365112
4960;0.4105493;0.9524493
4968;0.3290809;0.9608067
4976;0.2918957;0.9837198
4984;0.5;0.9061606
4992;0.4640012;0.9208032
5000;0.4229468;0.934161
5008;0.3544656;0.9424801
5016;0.2735304;0.9366571
5024;0.2258757;0.951039
5032;0.3053191;0.9233407
5040;0.2417892;0.9116752
5048;0.1963077;0.913896
5056;0.3732041;0.926272
5064;0.4308711;0.9194932
5072;0.2187378;0.8845483
5080;0.1733065;0.8685241
5088;0.266431;0.8956165
5096;0.3300536;0.9113497
5104;0.3842047;0.9139203
5112;0.2960488;0.8874772
5120;0.3462958;0.9043957
5128;0.2398216;0.8582974
5136;0.2057316;0.8562207
5144;0.3951784;0.9027698
5152;0.3615759;0.8950773
5160;0.3169619;0.8843508
5168;0.269857;0.8570681
5176;0.2262134;0.8317316
5184;0.4374361;0.9063732
5192;0.4674404;0.9063839
5200;0.3369485;0.8820372
5208;0.2938201;0.8566889
5216;0.3818271;0.8826777
5224;0.4100835;0.889664
5232;0.4453782;0.890574
5240;0.4715005;0.8913675
5248;0.2524395;0.8309496
5256;0.5;0.8913016
5264;0.5240747;0.8767414
5272;0.5402559;0.8567868
5280;0.4238451;0.8722517
5288;0.4538849;0.8756996
5296;0.4759275;0.8767326
5304;0.5;0.8767277
5312;0.5204486;0.8572323
5320;0.3984072;0.8681751
5328;0.3768169;0.8624586
5336;0.4094675;0.856418
5344;0.4336321;0.8571102
5352;0.4597477;0.8567799
5360;0.4795551;0.8572286
5368;0.5;0.8573274
5376;0.3603666;0.8724835
5384;0.3176571;0.8575977
5392;0.3431436;0.8531212
5400;0.2775522;0.8302684
5408;0.3027057;0.83442
5416;0.4634008;0.8382246
5424;0.4822915;0.8380497
5432;0.4462848;0.8384178
5440;0.2368351;0.8075749
5448;0.2551969;0.7964929
5456;0.2134808;0.8067003
5464;0.1954635;0.8268871
5472;0.174041;0.8422639
5480;0.4407318;0.822162
5488;0.4345019;0.8389598
5496;0.420275;0.8398555
5504;0.4595766;0.8222587
5512;0.4239526;0.8229492
5520;0.4069915;0.8416878
5528;0.4100036;0.8242112
5536;0.3935199;0.8436182
5544;0.3952447;0.8261053
5552;0.437224;0.801393
5560;0.457379;0.8012737
5568;0.4187725;0.8018839
5576;0.4807228;0.8220985
5584;0.4798393;0.801471
5592;0.5;0.8014938
5600;0.5;0.8223681
5608;0.4802213;0.78012
5616;0.457583;0.7806076
5624;0.436918;0.7809593
5632;0.5;0.8380393
5640;0.5177063;0.8380497
5648;0.519273;0.8220985
5656;0.5365971;0.8382246
5664;0.5404193;0.8222587
5672;0.5537131;0.8384178
5680;0.559264;0.822162
5688;0.565496;0.8389598
5696;0.5760432;0.8229492
5704;0.5626819;0.8014232
5712;0.520155;0.801471
5720;0.5426154;0.8012737
5728;0.5424105;0.7806076
5736;0.5197722;0.78012
5744;0.5195677;0.7637335
5752;0.5;0.7798897
5760;0.5;0.7635391
5768;0.5188499;0.7484998
5776;0.4804258;0.7637335
5784;0.4587713;0.7637178
5792;0.4371311;0.76311
5800;0.4811437;0.7484998
5808;0.4172798;0.763815
5816;0.5;0.7483782
5824;0.5178846;0.7351693
5832;0.4821089;0.7351693
5840;0.4177445;0.782009
5848;0.3990144;0.7657212
5856;0.5;0.7347789
5864;0.5166477;0.7252236
5872;0.4833458;0.7252236
5880;0.5;0.724849
5888;0.514936;0.7148246
5896;0.4850575;0.7148246
5904;0.5;0.7145001
5912;0.5130197;0.7039266
5920;0.4869738;0.7039266
5928;0.5;0.7036879
5936;0.5113267;0.6938652
5944;0.4886668;0.6938652
5952;0.5;0.693665
5960;0.5098122;0.6837937
5968;0.4901812;0.6837937
5976;0.5;0.6836193
5984;0.5086883;0.6738909
5992;0.4913052;0.6738909
6000;0.5;0.6739438
6008;0.5078446;0.6626425
6016;0.4921489;0.6626425
6024;0.5;0.6626596
6032;0.5;0.6513641
6040;0.5075328;0.651397
6048;0.4924606;0.651397
6056;0.5;0.6403617
6064;0.5081406;0.6400785
6072;0.5153393;0.6501658
6080;0.4918529;0.6400785
6088;0.4846542;0.6501658
6096;0.5162644;0.6384812
6104;0.5237418;0.6481094
6112;0.5242853;0.6358916
6120;0.5;0.6304003
6128;0.4837291;0.6384812
6136;0.4762515;0.6481094
6144;0.4757082;0.6358916
6152;0.5168707;0.6261104
6160;0.5260228;0.6216773
6168;0.5088627;0.6289703
6176;0.4911307;0.6289703
6184;0.4831228;0.6261104
6192;0.4739708;0.6216773
6200;0.5;0.6202474
6208;0.5091487;0.6181023
6216;0.5172998;0.6138124
6224;0.4908448;0.6181023
6232;0.4826938;0.6138124
6240;0.5;0.6092363
6248;0.5261657;0.6085213
6256;0.5357468;0.6156714
6264;0.5087197;0.6069483
6272;0.4912738;0.6069483
6280;0.4738277;0.6085213
6288;0.4642467;0.6156714
6296;0.5172998;0.6022294
6304;0.5349317;0.5991048
6312;0.5466233;0.5976491
6320;0.5;0.5976534
6328;0.4826938;0.6022294
6336;0.4650619;0.5991048
6344;0.4533702;0.5976491
6352;0.5259055;0.5959516
6360;0.5441466;0.5875289
6368;0.5563903;0.5857344
6376;0.4911307;0.5956513
6384;0.474088;0.5959516
6392;0.4558469;0.5875289
6400;0.4436033;0.5857344
6408;0.5337719;0.5872673
6416;0.5532414;0.5772116
6424;0.56763;0.5774474
6432;0.4825507;0.5909324
6440;0.4662216;0.5872673
6448;0.4467521;0.5772116
6456;0.4323635;0.5774474
6464;0.5415382;0.5763836
6472;0.5632027;0.5674804
6480;0.5794604;0.5707365
6488;0.4749131;0.5845402
6496;0.4584553;0.5763836
6504;0.4367907;0.5674804
6512;0.4205331;0.5707365
6520;0.5500024;0.5677406
6528;0.4677231;0.5771171
6536;0.4499911;0.5677406
6544;0.4604243;0.5681525
6552;0.425937;0.5603933
6560;0.4409378;0.5589003
6568;0.4531327;0.5590777
6576;0.4139108;0.5534663
6584;0.4079992;0.5648248
6592;0.4015555;0.5479151
6600;0.3943726;0.5603075
6608;0.3884911;0.5420221
6616;0.3802915;0.5554955
6624;0.3737864;0.5361977
6632;0.3650919;0.5511683
6640;0.3573328;0.530941
6648;0.3488643;0.5469842
6656;0.3404345;0.5241814
6664;0.3310808;0.5435393
6672;0.3213955;0.5179065
6680;0.3119332;0.5401387
6688;0.2960787;0.5122823
6696;0.2889316;0.5407451
6704;0.2650477;0.5278693
6712;0.2627597;0.5580423
6720;0.2371627;0.5431703
6728;0.2401657;0.5724853
6736;0.2135035;0.5562434
6744;0.2156384;0.584024
6752;0.3678647;0.5181454
6760;0.3522778;0.5101373
6768;0.3365477;0.4998414
6776;0.3227482;0.4862964
6784;0.3831657;0.5250093
6792;0.3966077;0.5314443
6800;0.4093663;0.5372573
6808;0.4213653;0.5437424
6816;0.431617;0.5511826
6824;0.4456481;0.5517761
6832;0.3474157;0.4660934
6840;0.3574258;0.4809653
6848;0.3700097;0.4926913
6856;0.3124938;0.4661033
6864;0.3763018;0.4655213
6872;0.3842912;0.5028143
6880;0.2874988;0.4831104
6888;0.3868837;0.4776764
6896;0.3968937;0.5104234
6904;0.2597567;0.4988404
6912;0.3985983;0.4895239
6920;0.4084768;0.5188603
6928;0.4099983;0.4998371
6936;0.4191316;0.5272172
6944;0.4192948;0.5093251
6952;0.4284496;0.5351295
6960;0.4279248;0.5184314
6968;0.437194;0.5431432
6976;0.4353007;0.5269226
6984;0.4102314;0.4791149
6992;0.4205102;0.4904634
7000;0.4271875;0.4996512
7008;0.4332074;0.5118691
7016;0.4394677;0.522311
7024;0.4423048;0.5360017
7032;0.4496365;0.5450693
7040;0.3991817;0.4660934
7048;0.4553136;0.5514658
7056;0.3901728;0.4533663
7064;0.4618387;0.5587216
7072;0.3667207;0.4517933
7080;0.4689829;0.5671901
7088;0.3392648;0.4486473
7096;0.4760686;0.5744645
7104;0.3063475;0.4435036
7112;0.4826938;0.5799214
7120;0.281191;0.4600687
7128;0.4911307;0.5843543
7136;0.5;0.5863563
7144;0.5088627;0.5956513
7152;0.5174427;0.5909324
7160;0.5088627;0.5843543
7168;0.5;0.5752023
7176;0.4914168;0.5733433
7184;0.5250803;0.5845402
7192;0.5172998;0.5799214
7200;0.5085768;0.5733433
7208;0.5322704;0.5771171
7216;0.5239249;0.5744645
7224;0.5395691;0.5681525
7232;0.4831228;0.5690534
7240;0.5;0.5634764
7248;0.5168707;0.5690534
7256;0.5310106;0.5671901
7264;0.4765033;0.5643329
7272;0.4915597;0.5620463
7280;0.5084337;0.5620463
7288;0.5234902;0.5643329
7296;0.4696264;0.5578951
7304;0.4831228;0.5581854
7312;0.5;0.5507493
7320;0.5168707;0.5581854
7328;0.4765505;0.553555
7336;0.4627253;0.5510783
7344;0.4915597;0.5497484
7352;0.5084337;0.5497484
7360;0.4701198;0.5485914
7368;0.4578432;0.5461119
7376;0.4632186;0.5431703
7384;0.4525523;0.5405778
7392;0.4546142;0.5352853
7400;0.4457654;0.5317446
7408;0.4710035;0.5394037
7416;0.4636618;0.5350766
7424;0.447899;0.527037
7432;0.4555938;0.5277449
7440;0.4773899;0.5425855
7448;0.4838377;0.5467453
7456;0.4647357;0.5252367
7464;0.4715683;0.5288846
7472;0.4573999;0.5191664
7480;0.4783165;0.5321837
7488;0.4911307;0.5378793
7496;0.4838377;0.5354483
7504;0.5;0.5380223
7512;0.4661358;0.5147605
7520;0.4724649;0.51859
7528;0.4587212;0.5096682
7536;0.4791673;0.5219306
7544;0.4685753;0.5047905
7552;0.4739936;0.5087016
7560;0.5;0.5267254
7568;0.5088627;0.5378793
7576;0.490849;0.526498
7584;0.4846429;0.5249765
7592;0.5161557;0.5467453
7600;0.523443;0.553555
7608;0.5303671;0.5578951
7616;0.5381548;0.5587216
7624;0.5468607;0.5590777
7632;0.5590557;0.5589003
7640;0.5740564;0.5603933
7648;0.5860828;0.5534663
7656;0.5919944;0.5648248
7664;0.5984379;0.5479151
7672;0.6056209;0.5603075
7680;0.6115024;0.5420221
7688;0.619702;0.5554955
7696;0.6262071;0.5361977
7704;0.6349015;0.5511683
7712;0.6426607;0.530941
7720;0.6511291;0.5469842
7728;0.659559;0.5241814
7736;0.6689126;0.5435393
7744;0.678598;0.5179065
7752;0.5906273;0.5372573
7760;0.6033857;0.5314443
7768;0.6168277;0.5250093
7776;0.6321288;0.5181454
7784;0.6477157;0.5101373
7792;0.6634458;0.4998414
7800;0.6772453;0.4862964
7808;0.5786282;0.5437424
7816;0.5683765;0.5511826
7824;0.5543454;0.5517761
7832;0.54468;0.5514658
7840;0.5372683;0.5510783
7848;0.5298737;0.5485914
7856;0.5808618;0.5272172
7864;0.5715439;0.5351295
7872;0.5627995;0.5431432
7880;0.550357;0.5450693
7888;0.5421503;0.5461119
7896;0.5367749;0.5431703
7904;0.52899;0.5394037
7912;0.5915167;0.5188603
7920;0.5226036;0.5425855
7928;0.6030998;0.5104234
7936;0.6157023;0.5028143
7944;0.6299837;0.4926913
7952;0.6425678;0.4809653
7960;0.6525778;0.4660934
7968;0.6236917;0.4655213
7976;0.6131098;0.4776764
7984;0.6013952;0.4895239
7992;0.5899952;0.4998371
8000;0.6874998;0.4661033
8008;0.5806988;0.5093251
8016;0.7124948;0.4831104
8024;0.5720686;0.5184314
8032;0.7402368;0.4988404
8040;0.5646929;0.5269226
8048;0.5576887;0.5360017
8056;0.5605258;0.522311
8064;0.5667861;0.5118691
8072;0.5728061;0.4996512
8080;0.5474413;0.5405778
8088;0.5542281;0.5317446
8096;0.5453792;0.5352853
8104;0.5794833;0.4904634
8112;0.5520945;0.527037
8120;0.5363317;0.5350766
8128;0.5897622;0.4791149
8136;0.5443997;0.5277449
8144;0.6008117;0.4660934
8152;0.6098207;0.4533663
8160;0.6332728;0.4517933
8168;0.6607287;0.4486473
8176;0.693646;0.4435036
8184;0.7188025;0.4600687
8192;0.5896578;0.4556544
8200;0.5983807;0.4432133
8208;0.5795963;0.4690649
8216;0.5719358;0.4809882
8224;0.5701897;0.4569685
8232;0.5658394;0.4905878
8240;0.5649087;0.471709
8248;0.5632865;0.5083653
8256;0.5850818;0.4295568
8264;0.5740708;0.4392094
8272;0.5935903;0.4193323
8280;0.5600567;0.4432849
8288;0.6056738;0.4303433
8296;0.6004542;0.4086073
8304;0.556466;0.4628058
8312;0.553739;0.4739927
8320;0.5475185;0.4432033
8328;0.5462687;0.4569442
8336;0.5383522;0.442893
8344;0.6173997;0.4400674
8352;0.6407087;0.4362063
8360;0.6246927;0.4259104
8368;0.6674497;0.4280825
8376;0.5611678;0.4826399
8384;0.5622058;0.4935177
8392;0.6121087;0.4167583
8400;0.6477415;0.4172288
8408;0.6309704;0.4103663
8416;0.6179718;0.4044603
8424;0.6060312;0.3985258
8432;0.6355507;0.3962436
8440;0.6218327;0.3921623
8448;0.6101067;0.3889449
8456;0.6244068;0.3811514
8464;0.6127523;0.3797928
8472;0.6519371;0.4012185
8480;0.6252647;0.3709983
8488;0.6135387;0.3709269
8496;0.6377058;0.3835823
8504;0.6725934;0.4089563
8512;0.6242638;0.3611314
8520;0.6124662;0.3622753
8528;0.6382778;0.3717134
8536;0.6544367;0.3870144
8544;0.6974797;0.4194753
8552;0.6212608;0.3511214
8560;0.6093917;0.3535523
8568;0.6367047;0.3607024
8576;0.6545798;0.3727143
8584;0.6748857;0.3910184
8592;0.6161128;0.3406824
8600;0.6042438;0.3448293
8608;0.6327007;0.3494053
8616;0.6524347;0.3595583
8624;0.6744567;0.3740014
8632;0.7006215;0.3982699
8640;0.6088197;0.3306723
8648;0.5970938;0.3365354
8656;0.6266948;0.3375364
8664;0.6472867;0.3469743
8672;0.6710247;0.3585573
8680;0.5988097;0.3218064
8688;0.5880133;0.3289563
8696;0.6185437;0.3263823
8704;0.6394218;0.3338183
8712;0.5876558;0.3137983
8720;0.5779318;0.3220924
8728;0.6073897;0.3163723
8736;0.6981947;0.3751453
8744;0.6641608;0.3438283
8752;0.5760728;0.3066484
8760;0.5674212;0.3159434
8768;0.6294118;0.3213773
8776;0.6926177;0.3569844
8784;0.7335901;0.3679324
8792;0.7333813;0.4058889
8800;0.5643467;0.3004994
8808;0.5571253;0.3105808
8816;0.7261913;0.4341085
8824;0.747903;0.4753111
8832;0.7575397;0.4493623
8840;0.7684078;0.5145704
8848;0.7753977;0.4899743
8856;0.7878393;0.5277264
8864;0.7640505;0.4192966
8872;0.7812622;0.4653783
8880;0.8021282;0.5389096
8888;0.791793;0.5029873
8896;0.8051259;0.5145915
8904;0.7978013;0.4776014
8912;0.7863271;0.4360748
8920;0.7725055;0.3897314
8928;0.8139637;0.5457472
8936;0.8173501;0.522701
8944;0.8111318;0.5693781
8952;0.8184824;0.5956747
8960;0.8201399;0.5723705
8968;0.8252039;0.6227233
8976;0.8261847;0.5986751
8984;0.8354475;0.6452652
8992;0.8333352;0.6237521
9000;0.8502924;0.6621208
9008;0.843275;0.6386309
9016;0.8663085;0.679994
9024;0.8810075;0.6803648
9032;0.8265649;0.5754105
9040;0.8328345;0.6026879
9048;0.8397552;0.6148664
9056;0.82286;0.5503859
9064;0.8263789;0.5294394
9072;0.8696038;0.6746799
9080;0.8619168;0.6670307
9088;0.8539199;0.653447
9096;0.8711138;0.6653829
9104;0.8479066;0.6357327
9112;0.8632414;0.6585521
9120;0.8574059;0.6486207
9128;0.8321223;0.5361351
9136;0.827858;0.5548621
9144;0.8333045;0.5576417
9152;0.8342419;0.581356
9160;0.8400878;0.5921711
9168;0.8451017;0.6173464
9176;0.8524033;0.6356755
9184;0.8442973;0.597403
9192;0.8650448;0.6497304
9200;0.860792;0.6429483
9208;0.8698269;0.6536589
9216;0.8384416;0.5764936
9224;0.840814;0.5855201
9232;0.8371221;0.5690994
9240;0.8402106;0.5736706
9248;0.8492013;0.6195447
9256;0.8478405;0.6033194
9264;0.8452652;0.587501
9272;0.8429559;0.5795437
9280;0.8476511;0.5916386
9288;0.8399135;0.5640516
9296;0.8371948;0.5574883
9304;0.8423954;0.5705004
9312;0.8535308;0.6214687
9320;0.8513732;0.6075783
9328;0.8491157;0.5932236
9336;0.8567144;0.6337894
9344;0.8386205;0.5490445
9352;0.84026;0.5558391
9360;0.8419349;0.5626031
9368;0.8360825;0.5413298
9376;0.8409982;0.5497972
9384;0.8424227;0.555145
9392;0.8411707;0.5437568
9400;0.8433437;0.5494488
9408;0.8435825;0.5685292
9416;0.8433334;0.5613625
9424;0.844108;0.55523
9432;0.84454;0.5762231
9440;0.8470724;0.5809377
9448;0.8486552;0.5837566
9456;0.850264;0.5859494
9464;0.8511798;0.5963812
9472;0.8448059;0.5666919
9480;0.8451822;0.5723435
9488;0.8471723;0.5745543
9496;0.848362;0.5690284
9504;0.8444322;0.5602346
9512;0.849911;0.5754606
9520;0.8474823;0.5575106
9528;0.8455532;0.5547197
9536;0.8510514;0.5778012
9544;0.8529949;0.5708448
9552;0.8524604;0.5801098
9560;0.8452782;0.5501876
9568;0.8508321;0.5645409
9576;0.8470089;0.5505528
9584;0.8451744;0.5417941
9592;0.8525447;0.5900785
9600;0.8495413;0.5561945
9608;0.8470814;0.5429748
9616;0.8418986;0.5371183
9624;0.8478132;0.5337461
9632;0.8397565;0.5289463
9640;0.8449161;0.5272596
9648;0.8367188;0.5201955
9656;0.8426445;0.5192325
9664;0.8305445;0.5098557
9672;0.8223157;0.4998842
9680;0.8103793;0.4905363
9688;0.8081304;0.4470723
9696;0.7949513;0.4176879
9704;0.8466469;0.5169058
9712;0.8410696;0.5120364
9720;0.8389587;0.4989114
9728;0.8360006;0.4908433
9736;0.8277273;0.4771742
9744;0.8186421;0.462187
9752;0.8504313;0.5241954
9760;0.8463082;0.5068226
9768;0.8514835;0.5146586
9776;0.8427911;0.4791868
9784;0.8405669;0.4730825
9792;0.8463082;0.4936836
9800;0.8518869;0.5041112
9808;0.8351412;0.4573854
9816;0.8563681;0.514009
9824;0.8452873;0.466321
9832;0.8481946;0.477256
9840;0.8527795;0.4910113
9848;0.8436791;0.4579219
9856;0.8574538;0.5039913
9864;0.8285383;0.4399925
9872;0.8422208;0.4405319
9880;0.8499106;0.4472678
9888;0.8191372;0.4248113
9896;0.8362035;0.4225169
9904;0.8500084;0.4616161
9912;0.8593752;0.4371211
9920;0.8500757;0.4274834
9928;0.858676;0.4554251
9936;0.8780081;0.4439966
9944;0.8547243;0.4747189
9952;0.8053694;0.3990732
9960;0.8688331;0.4642802
9968;0.8593597;0.492107
9976;0.7875035;0.369115
9984;0.8626914;0.4768113
9992;0.870805;0.4814298
10000;0.8656675;0.4950791
10008;0.7633033;0.3438784
10016;0.8631442;0.5050271
10024;0.8011451;0.349385
10032;0.77971;0.3240411
10040;0.8172332;0.3782087
10048;0.8294654;0.4035032
10056;0.846545;0.4051076
10064;0.8596814;0.4133468
10072;0.8139555;0.3234068
10080;0.8298309;0.3530844
10088;0.8396705;0.3793375
10096;0.7913764;0.2993916
10104;0.8569695;0.3861961
10112;0.8731778;0.4007849
10120;0.8684222;0.3710135
10128;0.8773139;0.4251907
10136;0.8224941;0.2929141
10144;0.8410823;0.3213316
10152;0.8505517;0.3563856
10160;0.8597143;0.3362746
10168;0.8443102;0.2921683
10176;0.8195328;0.2607906
10184;0.897017;0.4327033
10192;0.8184358;0.2295201
10200;0.7922005;0.2378156
10208;0.9149024;0.468815
10216;0.787746;0.2084674
10224;0.7972124;0.270795
10232;0.7617563;0.2187645
10240;0.7657419;0.1696438
10248;0.7675049;0.2472003
10256;0.7547471;0.1918361
10264;0.7366629;0.1258045
10272;0.7639503;0.2766863
10280;0.7344731;0.2043859
10288;0.7356596;0.1546386
10296;0.7010254;0.09472223
10304;0.7539119;0.3017849
10312;0.7383549;0.2293937
10320;0.7265416;0.1765031
10328;0.7101603;0.1171554
10336;0.6689801;0.06628018
10344;0.7096676;0.1426238
10352;0.6990703;0.1638628
10360;0.6740781;0.09422812
10368;0.6903849;0.1160997
10376;0.7044275;0.1890968
10384;0.6851913;0.1332125
10392;0.6697026;0.1536203
10400;0.6433666;0.04126166
10408;0.6302441;0.07027709
10416;0.6084387;0.02457841
10424;0.6055062;0.04530067
10432;0.559134;0.01789511
10440;0.5661;0.0081
10448;0.5;0.01669116
10456;0.5;0.0081
10464;0.4339;0.0081
10472;0.4408597;0.01789507
10480;0.3607;0.0081
10488;0.5;0.02356226
10496;0.5443013;0.02524281
10504;0.5797597;0.03147363
10512;0.3915505;0.02457883
10520;0.4556881;0.02524241
10528;0.5;0.02893613
10536;0.5333453;0.02993766
10544;0.5595726;0.03508439
10552;0.3188531;0.03710543
10560;0.2878;0.0081
10568;0.2861415;0.03712976
10576;0.2544;0.0081
10584;0.2511356;0.04077243
10592;0.2234;0.0081
10600;0.2210765;0.04553485
10608;0.1998;0.0081
10616;0.1930652;0.04912183
10624;0.1753;0.0081
10632;0.1659793;0.05300644
10640;0.151;0.0081
10648;0.1367946;0.05725266
10656;0.10945;0.0081
10664;0.1056688;0.06383824
10672;0.0794;0.0081
10680;0.07745147;0.07006823
10688;0.0575;0.0081
10696;0.0536322;0.07429063
10704;0.03039998;0.0081
10712;0.02879101;0.0739024
10720;0.007200003;0.0081
10728;0.007200003;0.0532
10736;0.02602112;0.1214235
10744;0.007200003;0.1127
10752;0.05003572;0.119429
10760;0.07355154;0.1128576
10768;0.09934884;0.1050031
10776;0.1267386;0.09719043
10784;0.02361137;0.1728145
10792;0.007200003;0.1734
10800;0.04551679;0.1678848
10808;0.06719494;0.1599883
10816;0.09016621;0.150225
10824;0.02131873;0.230473
10832;0.007200003;0.2372
10840;0.04071587;0.2207895
10848;0.05981731;0.212054
10856;0.01838475;0.2892585
10864;0.007200003;0.3101
10872;0.03611141;0.2745888
10880;0.01582265;0.3456159
10888;0.007200003;0.376
10896;0.007200003;0.4309
10904;0.07846534;0.1989671
10912;0.05255359;0.266504
10920;0.03113735;0.3286278
10928;0.01501751;0.3986057
10936;0.007200003;0.4827
10944;0.02730632;0.383446
10952;0.01551032;0.4580809
10960;0.007200003;0.53618
10968;0.04483795;0.3227438
10976;0.06954688;0.2533813
10984;0.03847051;0.3804348
10992;0.01637971;0.5212686
11000;0.007200003;0.5906
11008;0.02544159;0.4453436
11016;0.05424482;0.3166647
11024;0.01779097;0.5810595
11032;0.007200003;0.6523
11040;0.04560989;0.3756968
11048;0.02510887;0.5151747
11056;0.03396183;0.4433247
11064;0.02045661;0.6479874
11072;0.007200003;0.7065
11080;0.02660066;0.5764111
11088;0.03242952;0.5183466
11096;0.03902268;0.4467648
11104;0.05634391;0.3624078
11112;0.04795146;0.4176327
11120;0.06605786;0.3078394
11128;0.03614002;0.5292636
11136;0.03360218;0.5819448
11144;0.04125398;0.4818584
11152;0.05893946;0.3937443
11160;0.06841469;0.3472153
11168;0.07919502;0.2959357
11176;0.04839694;0.4615179
11184;0.09026659;0.2404672
11192;0.1009079;0.1880633
11200;0.1143738;0.1406229
11208;0.08306742;0.3331065
11216;0.07038116;0.3793369
11224;0.09680194;0.2806792
11232;0.1105978;0.2278938
11240;0.1237706;0.176033
11248;0.1411549;0.1311061
11256;0.05604261;0.4468569
11264;0.1550411;0.09019077
11272;0.1828943;0.08354437
11280;0.1681297;0.1216881
11288;0.1491432;0.165979
11296;0.2094826;0.07874817
11304;0.1928662;0.1153222
11312;0.238541;0.07382143
11320;0.1242468;0.2093896
11328;0.1713464;0.1564945
11336;0.2168735;0.111181
11344;0.2667101;0.06897394
11352;0.122196;0.2576393
11360;0.1555367;0.1952124
11368;0.1610938;0.2037106
11376;0.1898804;0.1522243
11384;0.2417846;0.1065022
11392;0.29693;0.06577504
11400;0.2088127;0.1495527
11408;0.1734798;0.2049699
11416;0.2683495;0.1001353
11424;0.2278289;0.1490928
11432;0.1358048;0.2587632
11440;0.1919868;0.2027188
11448;0.1434878;0.2622776
11456;0.3309818;0.06628136
11464;0.298917;0.09471879
11472;0.2632757;0.1257728
11480;0.2342526;0.1696438
11488;0.356612;0.04126325
11496;0.2898003;0.1171389
11504;0.3258815;0.09422339
11512;0.3697267;0.07027458
11520;0.3944737;0.04530004
11528;0.2643349;0.1546386
11536;0.4202263;0.03147312
11544;0.4666413;0.02993679
11552;0.4404117;0.03508292
11560;0.5;0.03367631
11568;0.4240091;0.04639734
11576;0.4544688;0.03521818
11584;0.4723081;0.03350807
11592;0.4126635;0.06276365
11600;0.5276761;0.03350939
11608;0.5;0.04469567
11616;0.4721478;0.04438551
11624;0.4480606;0.04386074
11632;0.5455146;0.03522053
11640;0.5278347;0.04438704
11648;0.4414914;0.05690781
11656;0.4693202;0.05603697
11664;0.5;0.05579568
11672;0.5759718;0.04639938
11680;0.5519211;0.04386359
11688;0.530661;0.05603901
11696;0.5;0.06980734
11704;0.467656;0.07023455
11712;0.4375571;0.07199734
11720;0.5873141;0.06276717
11728;0.5584888;0.05691163
11736;0.5323246;0.07023723
11744;0.5;0.08932674
11752;0.5624223;0.0720024
11760;0.59188;0.07862158
11768;0.5339175;0.08972341
11776;0.4660641;0.0897195
11784;0.6260123;0.08684262
11792;0.5663198;0.09176674
11800;0.5;0.107184
11808;0.6609508;0.09974433
11816;0.5971879;0.09596417
11824;0.5363717;0.1081254
11832;0.6280314;0.1012392
11840;0.6566699;0.1087452
11848;0.5711849;0.1113644
11856;0.6038627;0.116592
11864;0.6774265;0.1171861
11872;0.6616869;0.1280292
11880;0.63418;0.1222388
11888;0.6401241;0.1438973
11896;0.6112673;0.1341109
11904;0.5756178;0.1259278
11912;0.5392022;0.1212564
11920;0.6697437;0.1773136
11928;0.6368561;0.1690843
11936;0.6073107;0.1505521
11944;0.7065274;0.2135425
11952;0.5;0.119324
11960;0.5735067;0.1349048
11968;0.6723118;0.2008284
11976;0.7355607;0.2577452
11984;0.7042279;0.2419437
11992;0.7277786;0.2843561
12000;0.4636127;0.1081198
12008;0.7388797;0.3219879
12016;0.7178572;0.3430318
12024;0.7159296;0.3056374
12032;0.698997;0.2679569
12040;0.6732012;0.2292982
12048;0.7008631;0.3260835
12056;0.6914823;0.2886332
12064;0.6836088;0.3403964
12072;0.6816096;0.3087934
12080;0.671857;0.2542188
12088;0.6354178;0.1888164
12096;0.6695948;0.3240944
12104;0.6673482;0.2762308
12112;0.6452848;0.2211344
12120;0.6032318;0.1664566
12128;0.6540077;0.3292423
12136;0.6607287;0.2949224
12144;0.6471437;0.2457303
12152;0.6091057;0.1923913
12160;0.5697861;0.1494677
12168;0.6411377;0.3156574
12176;0.6455708;0.2658934
12184;0.6209747;0.2171304
12192;0.5886568;0.1739444
12200;0.5389491;0.1313816
12208;0.6246927;0.2388664
12216;0.5915167;0.1993983
12224;0.5;0.1290267
12232;0.5;0.1377416
12240;0.5359644;0.1405725
12248;0.5620587;0.1622183
12256;0.4607848;0.1212505
12264;0.5993817;0.2174163
12272;0.5744997;0.1860993
12280;0.5317427;0.1563554
12288;0.461042;0.1313793
12296;0.5760728;0.2065484
12304;0.5523348;0.1775194
12312;0.5616298;0.1986833
12320;0.6038148;0.2352914
12328;0.5813637;0.2204193
12336;0.5642037;0.2125543
12344;0.6248357;0.2568844
12352;0.6412808;0.2823384
12360;0.6528637;0.3093653
12368;0.6355608;0.2963524
12376;0.6222618;0.2723284
12384;0.6048157;0.2513074
12392;0.5839378;0.2344333
12400;0.5640608;0.2228504
12408;0.6259797;0.3037883
12416;0.6184008;0.2853414
12424;0.6041008;0.2647493
12432;0.5860828;0.2475894
12440;0.6165417;0.3103664
12448;0.6106787;0.2932064
12456;0.6016697;0.2756173
12464;0.6026707;0.3006423
12472;0.5650617;0.2340043
12480;0.5869408;0.2586004
12488;0.5955207;0.2840543
12496;0.5949488;0.3075064
12504;0.5889428;0.2920624
12512;0.5823647;0.2996413
12520;0.5855107;0.2674664
12528;0.5683507;0.2444434
12536;0.5809348;0.2763323
12544;0.5755007;0.2847694
12552;0.5697807;0.2929204
12560;0.5703527;0.2535954
12568;0.5697807;0.2608883
12576;0.5664917;0.2700404
12584;0.5622017;0.2789063
12592;0.5574827;0.2873433
12600;0.5529068;0.2954943
12608;0.5469723;0.3062193
12616;0.5416098;0.2919193
12624;0.5366762;0.3032163
12632;0.5453278;0.2834823
12640;0.5490457;0.2747594
12648;0.5521917;0.2658934
12656;0.5537648;0.2590293
12664;0.5300267;0.2893453
12672;0.5257367;0.3013573
12680;0.5356037;0.2717564
12688;0.5331727;0.2804793
12696;0.5158697;0.2883443
12704;0.5132242;0.3010713
12712;0.5373198;0.2630334
12720;0.5193018;0.2700404
12728;0.5178717;0.2787634
12736;0.5;0.2696114
12744;0.5;0.2879153
12752;0.5;0.3010713
12760;0.4867693;0.3010713
12768;0.5;0.2779053
12776;0.4841238;0.2883443
12784;0.4742568;0.3013573
12792;0.5203028;0.2614604
12800;0.4821217;0.2787634
12808;0.4699667;0.2893453
12816;0.4633172;0.3032163
12824;0.4583837;0.2919193
12832;0.4530212;0.3062193
12840;0.4668208;0.2804793
12848;0.4470868;0.2954943
12856;0.4428682;0.3105808
12864;0.5370338;0.2578853
12872;0.4806917;0.2700404
12880;0.4546658;0.2834823
12888;0.4356468;0.3004994
12896;0.4325722;0.3159434
12904;0.4643897;0.2717564
12912;0.4425108;0.2873433
12920;0.4239208;0.3066484
12928;0.4220618;0.3220924
12936;0.4509477;0.2747594
12944;0.4302128;0.2929204
12952;0.4123378;0.3137983
12960;0.4119803;0.3289563
12968;0.4377917;0.2789063
12976;0.4478018;0.2658934
12984;0.4626738;0.2630334
12992;0.4176288;0.2996413
13000;0.4244928;0.2847694
13008;0.4335017;0.2700404
13016;0.4011837;0.3218064
13024;0.4028997;0.3365354
13032;0.4796908;0.2614604
13040;0.4462287;0.2590293
13048;0.3911737;0.3306723
13056;0.3957497;0.3448293
13064;0.5;0.2614604
13072;0.4629598;0.2578853
13080;0.3838807;0.3406824
13088;0.3906018;0.3535523
13096;0.5197307;0.2570273
13104;0.4802627;0.2570273
13112;0.3787327;0.3511214
13120;0.3875273;0.3622753
13128;0.5;0.2571704
13136;0.5;0.2523084
13144;0.5188727;0.2518793
13152;0.4811208;0.2518793
13160;0.5360328;0.2520224
13168;0.4639607;0.2520224
13176;0.3757297;0.3611314
13184;0.3864548;0.3709269
13192;0.5168707;0.2457303
13200;0.5533357;0.2520224
13208;0.4831228;0.2457303
13216;0.5330297;0.2450153
13224;0.5506188;0.2440144
13232;0.5477587;0.2350053
13240;0.5307417;0.2367214
13248;0.5486168;0.2239943
13256;0.5;0.2465883
13264;0.5154407;0.2381514
13272;0.5;0.2390093
13280;0.5323148;0.2251383
13288;0.5524777;0.2116964
13296;0.5161557;0.2259963
13304;0.5;0.2271404
13312;0.4845527;0.2381514
13320;0.5364617;0.2104093
13328;0.5436118;0.1938213
13336;0.5184438;0.2108383
13344;0.5;0.2116964
13352;0.5264517;0.1752313
13360;0.5221617;0.1923913
13368;0.5;0.1552114
13376;0.5;0.1929634
13384;0.5;0.1763753
13392;0.4838377;0.2259963
13400;0.4815497;0.2108383
13408;0.4778317;0.1923913
13416;0.4735418;0.1752313
13424;0.4682508;0.1563554
13432;0.4640294;0.1405725
13440;0.4692518;0.2367214
13448;0.4676788;0.2251383
13456;0.4635317;0.2104093
13464;0.4563818;0.1938213
13472;0.4476587;0.1775194
13480;0.4379348;0.1622183
13488;0.4302077;0.1494677
13496;0.4669637;0.2450153
13504;0.4466578;0.2520224
13512;0.4493748;0.2440144
13520;0.4302128;0.2608883
13528;0.4264874;0.1349048
13536;0.4522347;0.2350053
13544;0.4296407;0.2535954
13552;0.4190588;0.2763323
13560;0.4513768;0.2239943
13568;0.4316428;0.2444434
13576;0.4144827;0.2674664
13584;0.4110507;0.2920624
13592;0.4349318;0.2340043
13600;0.4475157;0.2116964
13608;0.4130527;0.2586004
13616;0.4044728;0.2840543
13624;0.4050448;0.3075064
13632;0.3973228;0.3006423
13640;0.3926037;0.3163723
13648;0.3983238;0.2756173
13656;0.4139108;0.2475894
13664;0.3893147;0.2932064
13672;0.3958928;0.2647493
13680;0.3834518;0.3103664
13688;0.3814498;0.3263823
13696;0.3815928;0.2853414
13704;0.3740137;0.3037883
13712;0.3705817;0.3213773
13720;0.3732988;0.3375364
13728;0.3605717;0.3338183
13736;0.3588558;0.3156574
13744;0.3644328;0.2963524
13752;0.3777317;0.2723284
13760;0.3672927;0.3494053
13768;0.3527068;0.3469743
13776;0.3632888;0.3607024
13784;0.3951777;0.2513074
13792;0.3475588;0.3595583
13800;0.4160557;0.2344333
13808;0.4359328;0.2228504
13816;0.3617157;0.3717134
13824;0.3454137;0.3727143
13832;0.3747288;0.3709983
13840;0.3872412;0.3797928
13848;0.3755867;0.3811514
13856;0.3898867;0.3889449
13864;0.3622877;0.3835823
13872;0.3781607;0.3921623
13880;0.3939622;0.3985258
13888;0.3644427;0.3962436
13896;0.3820218;0.4044603
13904;0.3995392;0.4086073
13912;0.3455568;0.3870144
13920;0.3480564;0.4012185
13928;0.3878847;0.4167583
13936;0.3690231;0.4103663
13944;0.3943198;0.4303433
13952;0.4064032;0.4193323
13960;0.3522521;0.4172288
13968;0.3753008;0.4259104
13976;0.4016128;0.4432133
13984;0.4149118;0.4295568
13992;0.4103358;0.4556544
14000;0.4259228;0.4392094
14008;0.4298038;0.4569685
14016;0.4399368;0.4432849
14024;0.4435276;0.4628058
14032;0.452475;0.4432033
14040;0.4537248;0.4569442
14048;0.4616414;0.442893
14056;0.4631842;0.4552669
14064;0.4707261;0.4429945
14072;0.3825938;0.4400674
14080;0.4203972;0.4690649
14088;0.3592848;0.4362063
14096;0.4280578;0.4809882
14104;0.3325437;0.4280825
14112;0.3274;0.4089563
14120;0.4350848;0.471709
14128;0.4462546;0.4739927
14136;0.4341541;0.4905878
14144;0.3025137;0.4194753
14152;0.3251077;0.3910184
14160;0.3255368;0.3740014
14168;0.299372;0.3982699
14176;0.2738022;0.4341085
14184;0.3289687;0.3585573
14192;0.3017988;0.3751453
14200;0.3358328;0.3438283
14208;0.2520906;0.4753111
14216;0.2666122;0.4058889
14224;0.2664033;0.3679324
14232;0.3073758;0.3569844
14240;0.2424537;0.4493623
14248;0.2315857;0.5145704
14256;0.2241177;0.4899743
14264;0.2117718;0.5277264
14272;0.235943;0.4192966
14280;0.2176601;0.4653783
14288;0.2074565;0.5029873
14296;0.1973792;0.5389096
14304;0.1945375;0.5145915
14312;0.201093;0.4776014
14320;0.2121005;0.4360748
14328;0.2269382;0.3897314
14336;0.1994123;0.5647464
14344;0.2012234;0.5898455
14352;0.2168953;0.6112684
14360;0.2026915;0.6156814
14368;0.2184513;0.6386515
14376;0.1896262;0.5932493
14384;0.2045611;0.6421906
14392;0.222488;0.6654983
14400;0.1921014;0.6187393
14408;0.2070948;0.6700757
14416;0.2284598;0.6926668
14424;0.1936213;0.6452202
14432;0.2124581;0.6994708
14440;0.2398239;0.7187443
14448;0.1942693;0.6736014
14456;0.2237937;0.729701
14464;0.2544442;0.742152
14472;0.2014542;0.7022238
14480;0.1836053;0.646942
14488;0.1829144;0.674776
14496;0.1887331;0.7046834
14504;0.209259;0.7360035
14512;0.2393693;0.7575316
14520;0.1829891;0.6207011
14528;0.2641612;0.7746788
14536;0.2738981;0.7575173
14544;0.2876275;0.7846459
14552;0.2943656;0.7651621
14560;0.3106363;0.7887546
14568;0.3138608;0.77021
14576;0.3332437;0.7891977
14584;0.3321462;0.7717173
14592;0.3493549;0.7878348
14600;0.3492818;0.7714813
14608;0.3672241;0.7866293
14616;0.3663719;0.7701285
14624;0.384154;0.7851778
14632;0.3826867;0.7682467
14640;0.4007562;0.7833788
14648;0.4029954;0.803084
14656;0.3867586;0.8051341
14664;0.3697411;0.8070942
14672;0.3548343;0.8097627
14680;0.3795475;0.8284552
14688;0.3385893;0.812101
14696;0.3635675;0.8311268
14704;0.3167876;0.813751
14712;0.377894;0.8472661
14720;0.3457066;0.8336599
14728;0.3604244;0.8503029
14736;0.3293962;0.8342308
14744;0.2862205;0.8099657
14752;0.2196231;0.7696484
14760;0.1963741;0.7396952
14768;0.2112209;0.7773078
14776;0.1976586;0.7741641
14784;0.1847549;0.7357106
14792;0.1866906;0.8001274
14800;0.1770869;0.7056361
14808;0.1753;0.7660635
14816;0.1692735;0.8159425
14824;0.1704299;0.6741654
14832;0.1633447;0.7309483
14840;0.1632249;0.7881488
14848;0.1735628;0.6476331
14856;0.1582491;0.7015438
14864;0.1530344;0.7582892
14872;0.1576097;0.6715641
14880;0.141239;0.7277075
14888;0.1380455;0.6964878
14896;0.1431278;0.7974642
14904;0.1398703;0.7754092
14912;0.131159;0.7482207
14920;0.1427701;0.8188857
14928;0.118198;0.758472
14936;0.1480722;0.8485503
14944;0.1184292;0.7788293
14952;0.1367902;0.8701952
14960;0.1553466;0.8921069
14968;0.1200021;0.8898798
14976;0.135269;0.9195718
14984;0.0924589;0.9135842
14992;0.1051684;0.9526544
15000;0.1042933;0.859703
15008;0.1179421;0.8433378
15016;0.1282426;0.8267663
15024;0.05943573;0.9289331
15032;0.06985909;0.9747021
15040;0.08192557;0.8752379
15048;0.09059298;0.8227146
15056;0.03446192;0.9336528
15064;0.03949881;0.9828355
15072;0.05385411;0.8850352
15080;0.007200003;0.9316
15088;0.007200003;0.9843
15096;0.03160173;0.8857837
15104;0.007200003;0.8808
15112;0.07176363;0.8344229
15120;0.1033332;0.8118446
15128;0.02819836;0.8381882
15136;0.007200003;0.835
15144;0.04748416;0.839156
15152;0.07670736;0.7856987
15160;0.02419484;0.7904977
15168;0.007200003;0.7812
15176;0.007200003;0.7478
15184;0.05954665;0.79224
15192;0.04021084;0.7929431
15200;0.02978837;0.7494195
15208;0.04687566;0.7487504
15216;0.02418393;0.7044521
15224;0.0372355;0.7014316
15232;0.06245345;0.7473528
15240;0.03047234;0.6439734
15248;0.04865038;0.7008833
15256;0.03816456;0.6412539
15264;0.09063011;0.7765165
15272;0.07378978;0.7405924
15280;0.05605018;0.6979334
15288;0.04289871;0.6408533
15296;0.1098124;0.8014807
15304;0.1150799;0.7904641
15312;0.09739703;0.7597088
15320;0.07773298;0.7276794
15328;0.09681946;0.7393078
15336;0.05946493;0.6863518
15344;0.1113978;0.7361365
15352;0.07518041;0.708799
15360;0.1210957;0.7227391
15368;0.08973187;0.7182188
15376;0.1170397;0.7016523
15384;0.09455901;0.694087
15392;0.1004616;0.7153114
15400;0.08223808;0.6993539
15408;0.07411033;0.6923065
15416;0.05973297;0.6699882
15424;0.04643089;0.6372024
15432;0.03729278;0.5871894
15440;0.0409289;0.5862901
15448;0.0488956;0.6270087
15456;0.05998385;0.65312
15464;0.07328469;0.6843178
15472;0.03953993;0.5321285
15480;0.04259241;0.5754963
15488;0.04312032;0.5226843
15496;0.0807721;0.683209
15504;0.05986273;0.6425768
15512;0.0500136;0.6082394
15520;0.0477016;0.5149102
15528;0.04601109;0.5618563
15536;0.04929805;0.5964854
15544;0.04806346;0.5519587
15552;0.05162722;0.5080461
15560;0.06532198;0.4322796
15568;0.08383936;0.3672255
15576;0.09808952;0.3204906
15584;0.1073563;0.316687
15592;0.09633434;0.3652967
15600;0.1248052;0.3194169
15608;0.08438057;0.413151
15616;0.1163211;0.3640165
15624;0.1094296;0.4003416
15632;0.06380534;0.4774651
15640;0.08152205;0.4511676
15648;0.05763388;0.5085192
15656;0.05325419;0.5463312
15664;0.05334544;0.5843065
15672;0.05704367;0.6183649
15680;0.06421113;0.6455997
15688;0.07478356;0.667994
15696;0.06212515;0.5165727
15704;0.05723417;0.5464753
15712;0.0558874;0.5778346
15720;0.05791783;0.6069844
15728;0.06449151;0.6365607
15736;0.07231075;0.488771
15744;0.06742096;0.5216303
15752;0.06285954;0.5467402
15760;0.07513893;0.6595641
15768;0.08971608;0.6757116
15776;0.08974338;0.6820265
15784;0.104436;0.688428
15792;0.1178974;0.6887808
15800;0.1041883;0.681738
15808;0.1336851;0.679994
15816;0.1189859;0.6803648
15824;0.1497011;0.6621208
15832;0.163239;0.6452652
15840;0.1747897;0.6227233
15848;0.180999;0.5956747
15856;0.1878313;0.5693781
15864;0.1852261;0.5457472
15872;0.1785157;0.5723705
15880;0.1738088;0.5986751
15888;0.1666583;0.6237521
15896;0.1567184;0.6386309
15904;0.1823617;0.522701
15912;0.1718636;0.5754105
15920;0.167159;0.6026879
15928;0.1766891;0.5503859
15936;0.1602383;0.6148664
15944;0.1725328;0.5294394
15952;0.1460736;0.653447
15960;0.1520869;0.6357327
15968;0.1380767;0.6670307
15976;0.1303898;0.6746799
15984;0.1288796;0.6653829
15992;0.1367521;0.6585521
16000;0.1425875;0.6486207
16008;0.1694491;0.5098557
16016;0.1773765;0.4998842
16024;0.1885813;0.4905363
16032;0.1903632;0.4470723
16040;0.2029961;0.4176879
16048;0.1708502;0.4771742
16056;0.1639929;0.4908433
16064;0.1801028;0.462187
16072;0.1632748;0.5201955
16080;0.1610347;0.4989114
16088;0.1678712;0.5361351
16096;0.1710837;0.5548621
16104;0.166689;0.5576417
16112;0.1657516;0.581356
16120;0.1599058;0.5921711
16128;0.1594266;0.4730825
16136;0.1572024;0.4791868
16144;0.1634372;0.4573854
16152;0.163911;0.5413298
16160;0.1602369;0.5289463
16168;0.1628715;0.5690994
16176;0.1615518;0.5764936
16184;0.1591794;0.5855201
16192;0.1597829;0.5736706
16200;0.1556962;0.597403
16208;0.1548917;0.6173464
16216;0.1475902;0.6356755
16224;0.1627988;0.5574883
16232;0.16008;0.5640516
16240;0.161373;0.5490445
16248;0.1597335;0.5558391
16256;0.1570376;0.5795437
16264;0.157598;0.5705004
16272;0.1580586;0.5626031
16280;0.1547283;0.587501
16288;0.1588228;0.5437568
16296;0.1589954;0.5497972
16304;0.1575708;0.555145
16312;0.1580949;0.5371183
16320;0.1566498;0.5494488
16328;0.1548191;0.5417941
16336;0.1564111;0.5685292
16344;0.1566601;0.5613625
16352;0.1558855;0.55523
16360;0.1547153;0.5501876
16368;0.1554536;0.5762231
16376;0.1529211;0.5809377
16384;0.1521803;0.5337461
16392;0.152912;0.5429748
16400;0.1550775;0.5272596
16408;0.157349;0.5192325
16416;0.1589239;0.5120364
16424;0.1533467;0.5169058
16432;0.1536852;0.5068226
16440;0.1495622;0.5241954
16448;0.1536852;0.4936836
16456;0.1485101;0.5146586
16464;0.1481066;0.5041112
16472;0.1436255;0.514009
16480;0.1464343;0.5296029
16488;0.1435801;0.5216317
16496;0.1504677;0.5364994
16504;0.1517988;0.477256
16512;0.1472139;0.4910113
16520;0.1425397;0.5039913
16528;0.1547063;0.466321
16536;0.1563144;0.4579219
16544;0.1500828;0.4472678
16552;0.1562595;0.4405319
16560;0.1499851;0.4616161
16568;0.1406182;0.4371211
16576;0.1413176;0.4554251
16584;0.1219854;0.4439966
16592;0.1452693;0.4747189
16600;0.1406338;0.492107
16608;0.1311604;0.4642802
16616;0.1698172;0.4399925
16624;0.1482042;0.4274834
16632;0.1785038;0.4248113
16640;0.1608543;0.4225169
16648;0.137302;0.4768113
16656;0.1291884;0.4814298
16664;0.1920961;0.3990732
16672;0.134326;0.4950791
16680;0.2107835;0.369115
16688;0.1368494;0.5050271
16696;0.2365764;0.3438784
16704;0.1388187;0.5137469
16712;0.1791948;0.3782087
16720;0.1961578;0.349385
16728;0.2192968;0.3240411
16736;0.1676704;0.4035032
16744;0.1501821;0.4051076
16752;0.1383381;0.4133468
16760;0.1826685;0.3234068
16768;0.1656096;0.3530844
16776;0.1555928;0.3793375
16784;0.207069;0.2993916
16792;0.1391934;0.3861961
16800;0.126367;0.4007849
16808;0.1290334;0.3710135
16816;0.1226796;0.4251907
16824;0.1537839;0.3213316
16832;0.1740874;0.2929141
16840;0.144091;0.3563856
16848;0.1360196;0.3362746
16856;0.1515179;0.2921683
16864;0.1780363;0.2607906
16872;0.1029766;0.4327033
16880;0.180545;0.2295201
16888;0.2069027;0.2378156
16896;0.2122483;0.2084674
16904;0.08509111;0.468815
16912;0.2011331;0.270795
16920;0.2452471;0.1918361
16928;0.2382376;0.2187645
16936;0.2324886;0.2472003
16944;0.2655208;0.2043859
16952;0.2734526;0.1765031
16960;0.2360431;0.2766863
16968;0.290327;0.1426238
16976;0.2616386;0.2293937
16984;0.2460816;0.3017849
16992;0.3009239;0.1638628
17000;0.3095889;0.1160893
17008;0.2955664;0.1890968
17016;0.2644328;0.2577452
17024;0.2611138;0.3219879
17032;0.3148033;0.1332125
17040;0.2934661;0.2135425
17048;0.2722149;0.2843561
17056;0.2821362;0.3430318
17064;0.3302916;0.1536203
17072;0.2840639;0.3056374
17080;0.2957656;0.2419437
17088;0.2991304;0.3260835
17096;0.3302503;0.1773135
17104;0.3009965;0.2679569
17112;0.3276817;0.2008284
17120;0.3163847;0.3403964
17128;0.3085111;0.2886332
17136;0.3267923;0.2292982
17144;0.3183839;0.3087934
17152;0.3303987;0.3240944
17160;0.3281366;0.2542188
17168;0.3326453;0.2762308
17176;0.3459858;0.3292423
17184;0.3471298;0.3093653
17192;0.3392648;0.2949224
17200;0.3587127;0.2823384
17208;0.3544227;0.2658934
17216;0.3751578;0.2568844
17224;0.3528497;0.2457303
17232;0.3961787;0.2352914
17240;0.3753008;0.2388664
17248;0.3547088;0.2211344
17256;0.4186297;0.2204193
17264;0.3790188;0.2171304
17272;0.4006117;0.2174163
17280;0.3645758;0.1888164
17288;0.4357898;0.2125543
17296;0.3908877;0.1923913
17304;0.4084768;0.1993983
17312;0.4239208;0.2065484
17320;0.4383638;0.1986833
17328;0.4254937;0.1860993
17336;0.4113368;0.1739444
17344;0.396762;0.1664566
17352;0.3926833;0.1505521
17360;0.3631379;0.1690843
17368;0.424368;0.1259121
17376;0.3598703;0.1438973
17384;0.3887132;0.1340653
17392;0.4287985;0.1113527
17400;0.3383005;0.1280241
17408;0.3658044;0.1222282
17416;0.3961195;0.1165739
17424;0.4336606;0.09175944
17432;0.3225554;0.1171808
17440;0.3433085;0.1087379
17448;0.4027912;0.09595449
17456;0.4080972;0.07861564
17464;0.3719472;0.1012297
17472;0.3390184;0.09973781
17480;0.373961;0.08683634
17488;0.8202955;0.9455326
17496;0.8178003;0.9528061
17504;0.8261775;0.9433603
17512;0.8218089;0.9408295
17520;0.8266988;0.9342603
17528;0.8315821;0.9340794
17536;0.8226304;0.9342064
17544;0.8359089;0.9259779
17552;0.8258084;0.9246136
17560;0.8342432;0.9198622
17568;0.8205923;0.9227452
17576;0.8274505;0.9188951
17584;0.8351991;0.9152877
17592;0.8223562;0.9180597
17600;0.8172066;0.9203631
17608;0.8294231;0.9138414
17616;0.833847;0.9097123
17624;0.8179413;0.9172276
17632;0.8141483;0.9181691
17640;0.8297279;0.908774
17648;0.8322581;0.90316
17656;0.8142657;0.9165523
17664;0.8130559;0.9171425
17672;0.8122512;0.9159984
17680;0.8138899;0.9150939
17688;0.8181987;0.9135391
17696;0.8221362;0.9132071
17704;0.8243887;0.9072184
17712;0.8269134;0.9005101
17720;0.8301048;0.9024886
17728;0.8298633;0.8883076
17736;0.5628624;0.76311
17744;0.5605286;0.7478062
17752;0.5412222;0.7637178
17760;0.5393347;0.7485369
17768;0.5195677;0.7637335
17776;0.5545684;0.7346988
17784;0.5188499;0.7484998
17792;0.5367563;0.7354582
17800;0.5483593;0.7243642
17808;0.5178846;0.7351693
17816;0.5335402;0.7252894
17824;0.5416155;0.713459
17832;0.5166477;0.7252236
17840;0.5293332;0.7144243
17848;0.5361986;0.7028971
17856;0.514936;0.7148246
17864;0.5254879;0.7038523
17872;0.5316569;0.6917759
17880;0.5130197;0.7039266
17888;0.5220173;0.6932403
17896;0.5283108;0.6817373
17904;0.5113267;0.6938652
17912;0.5192002;0.682817
17920;0.5098122;0.6837937
17928;0.5260041;0.6711468
17936;0.5173899;0.6732588
17944;0.5086883;0.6738909
17952;0.5078446;0.6626425
17960;0.5159141;0.6618618
17968;0.5075328;0.651397
17976;0.5244225;0.6601501
17984;0.5153393;0.6501658
17992;0.5237418;0.6481094
18000;0.5710678;0.3797213
18008;0.5696378;0.3800074
18016;0.5687797;0.3802933
18024;0.5677787;0.3801503
18032;0.5690657;0.3800074
18040;0.5677787;0.3798643
18048;0.5652047;0.3801503
18056;0.5687797;0.3794354
18064;0.5649188;0.3798643
18072;0.5710678;0.3797213
18080;0.5664917;0.3810083
18088;0.5616298;0.3802933
18096;0.5664917;0.3790063
18104;0.5617727;0.3800074
18112;0.5703527;0.3805794
18120;0.5632027;0.3815803
18128;0.5570537;0.3807224
18136;0.5702097;0.3791494
18144;0.5710678;0.3797213
18152;0.5636318;0.3785774
18160;0.5577688;0.3802933
18168;0.5682077;0.3812943
18176;0.5589128;0.3824383
18184;0.5520487;0.3811514
18192;0.5679218;0.3781484
18200;0.5597707;0.3782913
18208;0.5533357;0.3805794
18216;0.5649188;0.3825814
18224;0.5537648;0.3832964
18232;0.5464717;0.3821523
18240;0.5650617;0.3774333
18248;0.5551947;0.3781484
18256;0.5481877;0.3812943
18264;0.5606288;0.3838683
18272;0.5479017;0.3844403
18280;0.5401797;0.3828673
18288;0.5613437;0.3767183
18296;0.5500467;0.3782913
18304;0.5423247;0.3820094
18312;0.5567677;0.3760034
18320;0.5629168;0.3751453
18328;0.5441837;0.3784344
18336;0.5351747;0.3830104
18344;0.5516198;0.3757173
18352;0.5367478;0.3787203
18360;0.5265948;0.3838683
18368;0.5663488;0.3761463
18376;0.5583407;0.3740014
18384;0.5453278;0.3754313
18392;0.5280247;0.3791494
18400;0.5184438;0.3840113
18408;0.5693517;0.3774333
18416;0.5643467;0.3731433
18424;0.5529068;0.3731433
18432;0.5376058;0.3752884
18440;0.5190157;0.3791494
18448;0.5097207;0.3832964
18456;0.5719258;0.3787203
18464;0.5596278;0.3715703
18472;0.5463288;0.3724284
18480;0.5287398;0.3752884
18488;0.5729268;0.3794354
18496;0.5723547;0.3807224
18504;0.5540507;0.3701404
18512;0.5752147;0.3794354
18520;0.5703527;0.3818663
18528;0.5747858;0.3808653
18536;0.5670637;0.3832964
18544;0.5732127;0.3822953
18552;0.5757867;0.3830104
18560;0.5700668;0.3847263
18568;0.5626308;0.3851553
18576;0.5653478;0.3870144
18584;0.5553378;0.3852984
18592;0.5570537;0.3871574
18600;0.5490457;0.3867283
18608;0.5411807;0.3851553
18616;0.5333157;0.3837253
18624;0.5340307;0.3861564
18632;0.5255938;0.3845834
18640;0.5423247;0.3881584
18648;0.5506188;0.3890163
18656;0.5258797;0.3871574
18664;0.5168707;0.3842974
18672;0.5347458;0.3895884
18680;0.5170137;0.3873004
18688;0.5082908;0.3834394
18696;0.5591987;0.3893023
18704;0.5434688;0.3910184
18712;0.5263088;0.3903033
18720;0.5524777;0.3917333
18728;0.5616298;0.3921623
18736;0.5353177;0.3927343
18744;0.5448987;0.3941643
18752;0.5680647;0.3893023
18760;0.5546228;0.3948793
18768;0.5727838;0.3862994
18776;0.5637748;0.3951654
18784;0.5703527;0.3917333
18792;0.5750718;0.3877293
18800;0.5268807;0.3935923
18808;0.5360328;0.3961663
18816;0.5461857;0.3977394
18824;0.5564817;0.3984544
18832;0.5175858;0.3901604
18840;0.5082908;0.3868714
18848;0.5;0.3861564
18856;0.5;0.3821523
18864;0.4917027;0.3834394
18872;0.5085768;0.3901604
18880;0.5181577;0.3938783
18888;0.5273098;0.3974533
18896;0.5364617;0.4003133
18904;0.5471867;0.4016003
18912;0.5088627;0.3934493
18920;0.5185868;0.3978824
18928;0.5277387;0.4021724
18936;0.5;0.3895884
18944;0.5373198;0.4048893
18952;0.5480448;0.4053184
18960;0.5383208;0.4091794
18968;0.5577688;0.4017434
18976;0.5654907;0.3981684
18984;0.5589128;0.4051753
18992;0.5722117;0.3941643
19000;0.5491887;0.4084644
19008;0.5670637;0.4010284
19016;0.5601997;0.4083214
19024;0.5285968;0.4071774
19032;0.5295978;0.4117534
19040;0.5394647;0.4121823
19048;0.5506188;0.4120394
19056;0.5191587;0.4031733
19064;0.5091487;0.3975964
19072;0.5;0.3928773
19080;0.5197307;0.4086073
19088;0.5095778;0.4024584
19096;0.5204457;0.4136124
19104;0.5;0.3968813
19112;0.5307417;0.4154713
19120;0.5210177;0.4170444
19128;0.5406088;0.4154713
19136;0.5313138;0.4186173
19144;0.4911307;0.3934493
19152;0.4908448;0.3975964
19160;0.4914168;0.3901604
19168;0.4917027;0.3868714
19176;0.4829797;0.3873004
19184;0.4831228;0.3842974
19192;0.4824077;0.3901604
19200;0.4818357;0.3938783
19208;0.4741138;0.3871574
19216;0.4743997;0.3845834
19224;0.4736847;0.3903033
19232;0.4659628;0.3861564
19240;0.4666777;0.3837253
19248;0.4814067;0.3978824
19256;0.4731127;0.3935923
19264;0.4652478;0.3895884
19272;0.4588127;0.3851553
19280;0.4598137;0.3828673
19288;0.4726838;0.3974533
19296;0.4646758;0.3927343
19304;0.4576687;0.3881584
19312;0.4520918;0.3844403
19320;0.4535217;0.3821523
19328;0.4639607;0.3961663
19336;0.4565248;0.3910184
19344;0.4509477;0.3867283
19352;0.4462287;0.3832964
19360;0.4479448;0.3811514
19368;0.4550948;0.3941643
19376;0.4493748;0.3890163
19384;0.4446558;0.3852984
19392;0.4410808;0.3824383
19400;0.4429398;0.3807224
19408;0.4475157;0.3917333
19416;0.4429398;0.3871574
19424;0.4393647;0.3838683
19432;0.4367907;0.3815803
19440;0.4383638;0.3802933
19448;0.4407947;0.3893023
19456;0.4373627;0.3851553
19464;0.4350747;0.3825814
19472;0.4335017;0.3810083
19480;0.4347888;0.3801503
19488;0.4346457;0.3870144
19496;0.4329298;0.3832964
19504;0.4383638;0.3921623
19512;0.4317858;0.3812943
19520;0.4312137;0.3802933
19528;0.4322147;0.3801503
19536;0.4296407;0.3818663
19544;0.4296407;0.3805794
19552;0.4303558;0.3800074
19560;0.4309277;0.3800074
19568;0.4322147;0.3798643
19576;0.4289258;0.3797213
19584;0.4312137;0.3794354
19592;0.4350747;0.3798643
19600;0.4276388;0.3807224
19608;0.4335017;0.3790063
19616;0.4382207;0.3800074
19624;0.4270668;0.3794354
19632;0.4297838;0.3791494
19640;0.4363617;0.3785774
19648;0.4422247;0.3802933
19656;0.4280677;0.3787203
19664;0.4247788;0.3794354
19672;0.4252078;0.3808653
19680;0.4320717;0.3781484
19688;0.4402227;0.3782913
19696;0.4466578;0.3805794
19704;0.4306417;0.3774333
19712;0.4349318;0.3774333
19720;0.4447987;0.3781484
19728;0.4518057;0.3812943
19736;0.4267808;0.3822953
19744;0.4242067;0.3830104
19752;0.4299268;0.3847263
19760;0.4319288;0.3893023
19768;0.4336447;0.3761463
19776;0.4499467;0.3782913
19784;0.4576687;0.3820094
19792;0.4272098;0.3862994
19800;0.4558097;0.3784344
19808;0.4648187;0.3830104
19816;0.4632458;0.3787203
19824;0.4733987;0.3838683
19832;0.4719688;0.3791494
19840;0.4815497;0.3840113
19848;0.4809778;0.3791494
19856;0.4902728;0.3832964
19864;0.4432258;0.3760034
19872;0.4483738;0.3757173
19880;0.4546658;0.3754313
19888;0.4623877;0.3752884
19896;0.4712538;0.3752884
19904;0.4386497;0.3767183
19912;0.4370767;0.3751453
19920;0.4416528;0.3740014
19928;0.4470868;0.3731433
19936;0.4356468;0.3731433
19944;0.4536647;0.3724284
19952;0.4403657;0.3715703
19960;0.4319288;0.3748593
19968;0.4459427;0.3701404
19976;0.4289258;0.3764324
19984;0.4262088;0.3780054
19992;0.4387928;0.3689964
20000;0.4446558;0.3668514
20008;0.4339308;0.3709983
20016;0.4300697;0.3731433
20024;0.4267808;0.3752884
20032;0.4240637;0.3772903
20040;0.4528068;0.3688533
20048;0.4226338;0.3791494
20056;0.4227767;0.3811514
20064;0.4204888;0.3815803
20072;0.4277818;0.3711413
20080;0.4243497;0.3737154
20088;0.4217758;0.3765754
20096;0.4203458;0.3790063
20104;0.4319288;0.3684243
20112;0.4370767;0.3658504
20120;0.4433687;0.3632764
20128;0.4518057;0.3651353
20136;0.4609578;0.3675664
20144;0.4616728;0.3717134
20152;0.4708248;0.3709983
20160;0.4702528;0.3662794
20168;0.4696807;0.3614174
20176;0.4603857;0.3634194
20184;0.4509477;0.3609883
20192;0.4416528;0.3592724
20200;0.4799768;0.3654214
20208;0.4802627;0.3705693
20216;0.4598137;0.3587003
20224;0.4349318;0.3624184
20232;0.4294977;0.3655644
20240;0.4805487;0.3751453
20248;0.4500898;0.3561263
20256;0.4322147;0.3587003
20264;0.4250647;0.3688533
20272;0.4897007;0.3788634
20280;0.4393647;0.3549824
20288;0.4263517;0.3624184
20296;0.4214897;0.3719994
20304;0.4190588;0.3755744
20312;0.4182007;0.3702833
20320;0.4179147;0.3787203
20328;0.4216328;0.3664223
20336;0.4159127;0.3745734
20344;0.4355381;0.3492809
20352;0.4278361;0.353814
20360;0.421647;0.3585788
20368;0.4168394;0.363395
20376;0.4135604;0.3683657
20384;0.4483738;0.3514073
20392;0.4593847;0.3529804
20400;0.4691088;0.3562694
20408;0.4235633;0.3497628
20416;0.4169853;0.3551253
20424;0.4119803;0.3607024
20432;0.4319288;0.3446864
20440;0.4447702;0.3448579
20448;0.4580978;0.3476893
20456;0.4688228;0.3505493
20464;0.4419388;0.3398244
20472;0.4537362;0.3352484
20480;0.4791188;0.3538384
20488;0.455315;0.3409097
20496;0.466256;0.3389406
20504;0.4679647;0.3445433
20512;0.4795592;0.3596942
20520;0.4788327;0.3489763
20528;0.4892718;0.3531234
20536;0.4894148;0.3592724
20544;0.4895577;0.3649924
20552;0.5;0.3641343
20560;0.4895577;0.3704264
20568;0.4897007;0.3750024
20576;0.5;0.3698544
20584;0.5;0.3745734
20592;0.5;0.3587003
20600;0.5;0.3782913
20608;0.5;0.3817233
20616;0.5102928;0.3788634
20624;0.5102928;0.3750024
20632;0.5194447;0.3751453
20640;0.5104357;0.3704264
20648;0.5197307;0.3705693
20656;0.5104357;0.3649924
20664;0.5291687;0.3709983
20672;0.5105788;0.3592724
20680;0.5200168;0.3654214
20688;0.5383208;0.3717134
20696;0.5297408;0.3662794
20704;0.5303128;0.3614174
20712;0.5390357;0.3675664
20720;0.5204343;0.3596942
20728;0.5107217;0.3531234
20736;0.5471867;0.3688533
20744;0.5553378;0.3668514
20752;0.5481877;0.3651353
20760;0.5612007;0.3689964
20768;0.5208747;0.3538384
20776;0.5;0.3525513
20784;0.5396078;0.3634194
20792;0.5566248;0.3632764
20800;0.5490457;0.3609883
20808;0.5401797;0.3587003
20816;0.5308847;0.3562694
20824;0.4891287;0.3484043
20832;0.5629168;0.3658504
20840;0.5583407;0.3592724
20848;0.5499038;0.3561263
20856;0.5406088;0.3529804
20864;0.5311707;0.3505493
20872;0.5660627;0.3709983
20880;0.5211608;0.3489763
20888;0.5680647;0.3748593
20896;0.5710678;0.3764324
20904;0.5699238;0.3731433
20912;0.5680647;0.3684243
20920;0.5737848;0.3780054
20928;0.5732127;0.3752884
20936;0.5759298;0.3772903
20944;0.5722117;0.3711413
20952;0.5650617;0.3624184
20960;0.5704957;0.3655644
20968;0.5756438;0.3737154
20976;0.5773598;0.3791494
20984;0.5677787;0.3587003
20992;0.5749288;0.3688533
21000;0.5782177;0.3765754
21008;0.5772167;0.3811514
21016;0.5795047;0.3815803
21024;0.5606288;0.3549824
21032;0.5516198;0.3514073
21040;0.5785037;0.3719994
21048;0.5796477;0.3790063
21056;0.5809348;0.3755744
21064;0.5780748;0.3841543
21072;0.5820787;0.3787203
21080;0.5817928;0.3702833
21088;0.5418957;0.3476893
21096;0.5770738;0.3891594
21104;0.5817928;0.3820094
21112;0.5840808;0.3745734
21120;0.5320287;0.3445433
21128;0.5740708;0.3965954
21136;0.5802197;0.3854413
21144;0.5792187;0.3911614
21152;0.5686368;0.4040314
21160;0.5825077;0.3867283
21168;0.5759298;0.3990263
21176;0.5632571;0.4145633
21184;0.5813637;0.3930204
21192;0.5720244;0.409431
21200;0.5535846;0.418992
21208;0.5793346;0.403232
21216;0.5424678;0.4221208
21224;0.5672439;0.4231032
21232;0.5558954;0.427868
21240;0.5427824;0.4306837
21248;0.5316155;0.4243088
21256;0.5763588;0.4161864
21264;0.5210177;0.4199044
21272;0.5600567;0.4432849
21280;0.5475185;0.4432033
21288;0.5740708;0.4392094
21296;0.5383522;0.442893
21304;0.5850818;0.4295568
21312;0.5305845;0.4326142
21320;0.5292674;0.4429945
21328;0.5842953;0.4092509
21336;0.5935903;0.4193323
21344;0.5205473;0.4255958
21352;0.5197936;0.4332677
21360;0.5191659;0.4425541
21368;0.5080305;0.4425298
21376;0.5088928;0.4334178
21384;0.5;0.4413586
21392;0.5908017;0.4014574
21400;0.6004542;0.4086073
21408;0.5847957;0.3963094
21416;0.5099782;0.4249994
21424;0.5;0.4325284
21432;0.5959497;0.3938783
21440;0.6060312;0.3985258
21448;0.6101067;0.3889449
21456;0.5890857;0.3903748
21464;0.5854521;0.3884329
21472;0.5997393;0.3862994
21480;0.6127523;0.3797928
21488;0.5920172;0.3844403
21496;0.6018842;0.3787918
21504;0.6135387;0.3709269
21512;0.5878774;0.3834522
21520;0.6021702;0.3713558
21528;0.6124662;0.3622753
21536;0.5935187;0.3784344
21544;0.5845097;0.3825814
21552;0.6006688;0.3640628
21560;0.6093917;0.3535523
21568;0.5933757;0.3723569
21576;0.5889785;0.3784344
21584;0.5849388;0.3784344
21592;0.5884751;0.3733979
21600;0.5973082;0.3569844
21608;0.6042438;0.3448293
21616;0.5914453;0.3664939
21624;0.5864331;0.3683657
21632;0.5921602;0.3499773
21640;0.5970938;0.3365354
21648;0.5880133;0.3607024
21656;0.5831541;0.363395
21664;0.5852247;0.3433278
21672;0.5880133;0.3289563
21680;0.5830083;0.3551253
21688;0.5783608;0.3664223
21696;0.5767162;0.3371073
21704;0.5779318;0.3220924
21712;0.5764302;0.3497628
21720;0.5783464;0.3585788
21728;0.5736418;0.3624184
21736;0.5721574;0.353814
21744;0.5670637;0.3313873
21752;0.5674212;0.3159434
21760;0.5680647;0.3446864
21768;0.5644554;0.3492809
21776;0.5569108;0.3261678
21784;0.5571253;0.3105808
21792;0.5580547;0.3398244
21800;0.5462573;0.3352484
21808;0.5552233;0.3448579
21816;0.5481877;0.3213059
21824;0.5469723;0.3062193
21832;0.5446785;0.3409097
21840;0.5337376;0.3389406
21848;0.5397149;0.3183386
21856;0.5366762;0.3032163
21864;0.5403228;0.3265254
21872;0.5315998;0.3165511
21880;0.5257367;0.3013573
21888;0.5343168;0.3339614
21896;0.5317427;0.3270974
21904;0.5220545;0.3155143
21912;0.5132242;0.3010713
21920;0.5225908;0.3336039
21928;0.5217327;0.3270974
21936;0.511258;0.3153714
21944;0.5;0.3010713
21952;0.5223048;0.3391094
21960;0.5110078;0.3273833
21968;0.5114367;0.3337469
21976;0.5;0.3340328
21984;0.5215898;0.3432564
21992;0.5115798;0.3393954
22000;0.5;0.3275263
22008;0.5;0.3154071
22016;0.4887355;0.3153714
22024;0.4867693;0.3010713
22032;0.5110078;0.3431133
22040;0.4889857;0.3273833
22048;0.477939;0.3155143
22056;0.4742568;0.3013573
22064;0.4683938;0.3165511
22072;0.4633172;0.3032163
22080;0.4782608;0.3270974
22088;0.4602785;0.3183386
22096;0.4530212;0.3062193
22104;0.5108647;0.3484043
22112;0.5;0.3484043
22120;0.5;0.3431133
22128;0.5;0.3395383
22136;0.4889857;0.3431133
22144;0.4884138;0.3393954
22152;0.4784037;0.3432564
22160;0.4776887;0.3391094
22168;0.4885567;0.3337469
22176;0.4774027;0.3336039
22184;0.4656768;0.3339614
22192;0.4682508;0.3270974
22200;0.4596708;0.3265254
22208;0.4518057;0.3213059
22216;0.4428682;0.3105808
22224;0.4430827;0.3261678
22232;0.4325722;0.3159434
22240;0.4329298;0.3313873
22248;0.4220618;0.3220924
22256;0.4232773;0.3371073
22264;0.4119803;0.3289563
22272;0.4147688;0.3433278
22280;0.4028997;0.3365354
22288;0.4078332;0.3499773
22296;0.3957497;0.3448293
22304;0.4026852;0.3569844
22312;0.3906018;0.3535523
22320;0.4085482;0.3664939
22328;0.3993247;0.3640628
22336;0.3875273;0.3622753
22344;0.4115183;0.3733979
22352;0.3978232;0.3713558
22360;0.3864548;0.3709269
22368;0.4066178;0.3723569
22376;0.4150547;0.3784344
22384;0.3981092;0.3787918
22392;0.3872412;0.3797928
22400;0.411015;0.3784344
22408;0.4064747;0.3784344
22416;0.4182007;0.3820094
22424;0.4002542;0.3862994
22432;0.3898867;0.3889449
22440;0.4079763;0.3844403
22448;0.4121161;0.3834522
22456;0.4154838;0.3825814
22464;0.4040438;0.3938783
22472;0.3939622;0.3985258
22480;0.3995392;0.4086073
22488;0.4109077;0.3903748
22496;0.4091917;0.4014574
22504;0.4064032;0.4193323
22512;0.4174858;0.3867283
22520;0.4145414;0.3884329
22528;0.4156982;0.4092509
22536;0.4149118;0.4295568
22544;0.4151977;0.3963094
22552;0.4236348;0.4161864
22560;0.4259228;0.4392094
22568;0.4186297;0.3930204
22576;0.4206589;0.403232
22584;0.4327496;0.4231032
22592;0.4399368;0.4432849
22600;0.427969;0.409431
22608;0.4240637;0.3990263
22616;0.4207748;0.3911614
22624;0.4440981;0.427868
22632;0.452475;0.4432033
22640;0.4367365;0.4145633
22648;0.4313568;0.4040314
22656;0.4572112;0.4306837
22664;0.4616414;0.442893
22672;0.4197738;0.3854413
22680;0.4259228;0.3965954
22688;0.4219187;0.3841543
22696;0.4229197;0.3891594
22704;0.4249218;0.3877293
22712;0.4277818;0.3941643
22720;0.4296407;0.3917333
22728;0.4329298;0.4010284
22736;0.4362187;0.3951654
22744;0.4345028;0.3981684
22752;0.4397938;0.4083214
22760;0.4410808;0.4051753
22768;0.4453707;0.3948793
22776;0.4422247;0.4017434
22784;0.4538078;0.3977394
22792;0.4435117;0.3984544
22800;0.4519488;0.4053184
22808;0.4508048;0.4084644
22816;0.4635317;0.4003133
22824;0.4528068;0.4016003
22832;0.4722548;0.4021724
22840;0.4616728;0.4091794
22848;0.4626738;0.4048893
22856;0.4493748;0.4120394
22864;0.4808347;0.4031733
22872;0.4605288;0.4121823
22880;0.4713968;0.4071774
22888;0.4703958;0.4117534
22896;0.4464089;0.418992
22904;0.4904158;0.4024584
22912;0.4593847;0.4154713
22920;0.4802627;0.4086073
22928;0.5;0.4014574
22936;0.4575258;0.4221208
22944;0.4692518;0.4154713
22952;0.4795478;0.4136124
22960;0.4898438;0.4080353
22968;0.5101497;0.4080353
22976;0.4686798;0.4186173
22984;0.4789758;0.4170444
22992;0.4894148;0.4124683
23000;0.5;0.4073203
23008;0.5;0.4120394
23016;0.5105788;0.4124683
23024;0.4889857;0.4163293
23032;0.5;0.4148993
23040;0.5110078;0.4163293
23048;0.5;0.4177594
23056;0.5108647;0.4191894
23064;0.5;0.423894
23072;0.4891287;0.4191894
23080;0.4900154;0.4249994
23088;0.4789758;0.4199044
23096;0.4911007;0.4334178
23104;0.491963;0.4425298
23112;0.4794463;0.4255958
23120;0.4683781;0.4243088
23128;0.4801998;0.4332677
23136;0.4808276;0.4425541
23144;0.4707261;0.4429945
23152;0.469409;0.4326142
23160;0.1797045;0.9455326
23168;0.1738225;0.9433603
23176;0.1821997;0.9528061
23184;0.1781911;0.9408295
23192;0.1733011;0.9342603
23200;0.1684179;0.9340794
23208;0.1773696;0.9342064
23216;0.1640911;0.9259779
23224;0.1741916;0.9246136
23232;0.1657579;0.9198622
23240;0.1794077;0.9227452
23248;0.1725495;0.9188951
23256;0.1648009;0.9152877
23264;0.1776438;0.9180597
23272;0.1827933;0.9203631
23280;0.1705768;0.9138414
23288;0.1661529;0.9097123
23296;0.1820587;0.9172276
23304;0.1858517;0.9181691
23312;0.1702721;0.908774
23320;0.1677419;0.90316
23328;0.1857344;0.9165523
23336;0.1869441;0.9171425
23344;0.1877488;0.9159984
23352;0.1861101;0.9150939
23360;0.1818013;0.9135391
23368;0.1778638;0.9132071
23376;0.1756113;0.9072184
23384;0.1730867;0.9005101
23392;0.1698952;0.9024886
23400;0.1701367;0.8883076
23408;0.4690916;0.6462405
23416;0.4762515;0.6481094
23424;0.4757082;0.6358916
23432;0.4681963;0.6327856
23440;0.4739708;0.6216773
23448;0.4633231;0.6456928
23456;0.4642467;0.6156714
23464;0.4621318;0.6321349
23472;0.4568279;0.6449277
23480;0.4586697;0.6193894
23488;0.455907;0.6329243
23496;0.4517328;0.6441741
23504;0.4502256;0.6055813
23512;0.4533702;0.5976491
23520;0.450084;0.6340082
23528;0.4467679;0.642747
23536;0.4525222;0.6230701
23544;0.4400798;0.5941499
23552;0.4436033;0.5857344
23560;0.4450733;0.6346245
23568;0.4417628;0.6408637
23576;0.4448702;0.6120248
23584;0.4468722;0.6262533
23592;0.4283537;0.5869284
23600;0.4323635;0.5774474
23608;0.4205331;0.5707365
23616;0.4407232;0.6348333
23624;0.4366791;0.6393178
23632;0.4417957;0.6278263
23640;0.4348602;0.6035164
23648;0.4391502;0.6172444
23656;0.4158412;0.5810653
23664;0.4079992;0.5648248
23672;0.4226338;0.5973673
23680;0.429931;0.6101372
23688;0.4346457;0.6205333
23696;0.4358484;0.6289532
23704;0.4026138;0.5758458
23712;0.3943726;0.5603075
23720;0.4094778;0.5927913
23728;0.4179948;0.6042313
23736;0.4250647;0.6148134
23744;0.3885282;0.5716988
23752;0.3802915;0.5554955
23760;0.3954638;0.5888588
23768;0.4044956;0.6002516
23776;0.3740137;0.5679809
23784;0.3650919;0.5511683
23792;0.3815212;0.5854984
23800;0.3590702;0.5647634
23808;0.3488643;0.5469842
23816;0.4295793;0.6236464
23824;0.4126238;0.6109523
23832;0.3907105;0.5974002
23840;0.3674358;0.5832103
23848;0.3434118;0.5626898
23856;0.3310808;0.5435393
23864;0.4198639;0.6198026
23872;0.3996108;0.6082353
23880;0.3772727;0.5951065
23888;0.3537077;0.5814943
23896;0.3266093;0.5626183
23904;0.3119332;0.5401387
23912;0.3399798;0.5814943
23920;0.3515069;0.592727
23928;0.4086198;0.6168454
23936;0.3865978;0.6062334
23944;0.3641825;0.5933462
23952;0.3741568;0.6050893
23960;0.3971083;0.6137409
23968;0.3621447;0.6039454
23976;0.3850248;0.6122394
23984;0.3734417;0.6113813
23992;0.3389444;0.5953239
24000;0.3505618;0.6043743
24008;0.3621447;0.6105949
24016;0.3256797;0.5834249
24024;0.3077332;0.5661218
24032;0.2869067;0.5627456
24040;0.2889316;0.5407451
24048;0.2627597;0.5580423
24056;0.2661917;0.5814943
24064;0.2401657;0.5724853
24072;0.2453138;0.6036593
24080;0.2156384;0.584024
24088;0.2168953;0.6112684
24096;0.2893578;0.5820663
24104;0.3097352;0.5892878
24112;0.326399;0.5988603
24120;0.2735219;0.5977634
24128;0.2943627;0.5984398
24136;0.2389946;0.6358086
24144;0.2184513;0.6386515
24152;0.2393965;0.6628156
24160;0.222488;0.6654983
24168;0.2555611;0.6610081
24176;0.2556098;0.6393508
24184;0.2687957;0.6608722
24192;0.2603288;0.6163863
24200;0.2685542;0.6439496
24208;0.2798612;0.6612898
24216;0.2817788;0.6115244
24224;0.2791175;0.6475518
24232;0.2870812;0.6613384
24240;0.2735562;0.6274688
24248;0.2887857;0.6508493
24256;0.291467;0.6614342
24264;0.294796;0.6612411
24272;0.283582;0.6344959
24280;0.3006762;0.6117274
24288;0.2905675;0.6219203
24296;0.2930757;0.6404104
24304;0.2952365;0.6523494
24312;0.3130786;0.6037209
24320;0.2990818;0.6308293
24328;0.3070897;0.6226783
24336;0.3170812;0.6148648
24344;0.3288257;0.6106664
24352;0.2997252;0.6434849
24360;0.3396937;0.6069483
24368;0.3514912;0.6115244
24376;0.3413382;0.6140268
24384;0.3313282;0.6178879
24392;0.3213898;0.6226068
24400;0.3123092;0.6285414
24408;0.3053023;0.6354053
24416;0.3625237;0.6158429
24424;0.3525565;0.616791
24432;0.3428826;0.6191563
24440;0.3336349;0.6229386
24448;0.3245801;0.6273302
24456;0.3730328;0.6165693
24464;0.3838049;0.6172515
24472;0.3951005;0.6183412
24480;0.4059713;0.6209552
24488;0.4162173;0.6234605
24496;0.4256997;0.6262405
24504;0.432771;0.6301887
24512;0.4359328;0.6346904
24520;0.3935332;0.6223738
24528;0.4039436;0.6247003
24536;0.413875;0.6264578
24544;0.422771;0.6285499
24552;0.4289128;0.6314328
24560;0.3829155;0.6211225
24568;0.3726724;0.6203545
24576;0.3627425;0.6201029
24584;0.3534303;0.6211597
24592;0.3444471;0.6235363
24600;0.3358141;0.6272115
24608;0.3923049;0.6278077
24616;0.3818959;0.6260675
24624;0.3721176;0.6251622
24632;0.3628783;0.6253052
24640;0.3543727;0.6265637
24648;0.3462288;0.6286672
24656;0.4019774;0.6292449
24664;0.4115727;0.6306562
24672;0.4204916;0.6316788
24680;0.4274014;0.6330087
24688;0.4000398;0.6331173
24696;0.4094778;0.6339753
24704;0.4183437;0.6345473
24712;0.4247945;0.6349878
24720;0.3906018;0.6315444
24728;0.3811637;0.6302573
24736;0.3901728;0.6346904
24744;0.3715827;0.6292564
24752;0.3993247;0.6361203
24760;0.3808778;0.6334033
24768;0.4250905;0.6378763
24776;0.4236348;0.6365494
24784;0.4170567;0.6366923
24792;0.4084768;0.6365494
24800;0.4274113;0.6364636
24808;0.429625;0.6354354
24816;0.4322534;0.6349678
24824;0.4328482;0.6388788
24832;0.4296108;0.6386228
24840;0.4273871;0.6387674
24848;0.4254194;0.6392406
24856;0.4318888;0.6432661
24864;0.435754;0.6447732
24872;0.4289601;0.6421678
24880;0.4265105;0.6414099
24888;0.4291645;0.6486658
24896;0.4328325;0.6512026
24904;0.426582;0.6465836
24912;0.4253049;0.6547561
24920;0.4291703;0.6573602
24928;0.4238135;0.639026
24936;0.4222047;0.6394094
24944;0.4252764;0.6411954
24952;0.4245099;0.6447003
24960;0.4227524;0.6526497
24968;0.4216714;0.6599641
24976;0.4248173;0.6632475
24984;0.4242467;0.6396953
24992;0.424038;0.641304
25000;0.4237077;0.6440597
25008;0.4207561;0.6505862
25016;0.4192346;0.6570312
25024;0.4226609;0.6405133
25032;0.4226995;0.6433532
25040;0.4197623;0.6490247
25048;0.4176459;0.6543143
25056;0.4187384;0.6474488
25064;0.4167007;0.6523379
25072;0.415837;0.6500356
25080;0.4220846;0.6417203
25088;0.4215584;0.6428814
25096;0.4179977;0.6458601
25104;0.4209177;0.6414114
25112;0.4204888;0.6419748
25120;0.4199339;0.6424996
25128;0.4174801;0.6441941
25136;0.4193876;0.6421421
25144;0.4151119;0.6453725
25152;0.415571;0.6442242
25160;0.4153022;0.6479822
25168;0.4097052;0.6476347
25176;0.4156267;0.6404104
25184;0.4124565;0.6457329
25192;0.4083337;0.6398383
25200;0.4073113;0.6461876
25208;0.4015455;0.646698
25216;0.3994678;0.6394094
25224;0.3903158;0.6429844
25232;0.3903158;0.6382654
25240;0.3811637;0.6415543
25248;0.3811637;0.6369783
25256;0.3715827;0.6359773
25264;0.3720118;0.6405534
25272;0.3711538;0.6324024
25280;0.3634318;0.6361203
25288;0.3637177;0.6401243
25296;0.3630028;0.6322594
25304;0.3558528;0.6366923
25312;0.3564247;0.6402674
25320;0.3628598;0.6293993
25328;0.3554237;0.6332604
25336;0.3485597;0.6388373
25344;0.3487028;0.6422693
25352;0.3548518;0.6302573
25360;0.3479878;0.6351194
25368;0.3409808;0.6414114
25376;0.3416958;0.6445574
25384;0.3472728;0.6322594
25392;0.3342598;0.6448433
25400;0.3348318;0.6478463
25408;0.3405517;0.6381223
25416;0.3396937;0.6355484
25424;0.3281108;0.6489904
25432;0.3289687;0.6521363
25440;0.3338308;0.6419834
25448;0.3383167;0.632308
25456;0.3236777;0.6528513
25464;0.3246787;0.6555684
25472;0.3276817;0.6461304
25480;0.3326868;0.6394094
25488;0.3309236;0.6364078
25496;0.3203888;0.6564264
25504;0.3213898;0.6582854
25512;0.3226767;0.6505634
25520;0.3263947;0.6436993
25528;0.3275359;0.6314914
25536;0.3178948;0.659212
25544;0.3193878;0.6595724
25552;0.3173858;0.6601443
25560;0.3191018;0.6600014
25568;0.3196738;0.6600014
25576;0.3186728;0.6545674
25584;0.3241954;0.6407936
25592;0.3208178;0.6478463
25600;0.3202558;0.6363778
25608;0.3155868;0.6584369
25616;0.3163847;0.6522794
25624;0.3183796;0.6452752
25632;0.3166393;0.6326883
25640;0.3140423;0.6416631
25648;0.309884;0.6386186
25656;0.3131958;0.65
25664;0.3124594;0.6574087
25672;0.304846;0.6457671
25680;0.3089316;0.6477562
25688;0.3000456;0.6536665
25696;0.3086799;0.6561489
25704;0.3046086;0.6549519
25712;0.3149276;0.6602087
25720;0.2990416;0.6610339
25728;0.3118144;0.6604218
25736;0.3079349;0.6605834
25744;0.3038866;0.6606719
25752;0.3156784;0.662145
25760;0.3017114;0.6683211
25768;0.2979978;0.6696296
25776;0.3054566;0.6667153
25784;0.3094178;0.6649764
25792;0.3126495;0.6634276
25800;0.3178148;0.6611453
25808;0.3209608;0.6595724
25816;0.3072757;0.6745845
25824;0.3038651;0.6768882
25832;0.3103688;0.6722835
25840;0.3133546;0.669744
25848;0.3163289;0.666718
25856;0.3188158;0.6635764
25864;0.3201028;0.6611453
25872;0.3245358;0.6569983
25880;0.314254;0.6791791
25888;0.3111081;0.6826912
25896;0.3170283;0.6757814
25904;0.3192676;0.671889
25912;0.3228198;0.6632903
25920;0.3239366;0.6597497
25928;0.3289687;0.6535663
25936;0.3215685;0.6669769
25944;0.3223379;0.682817
25952;0.319638;0.6874674
25960;0.324603;0.6777405
25968;0.3288257;0.6567124
25976;0.3351178;0.6495624
25984;0.3282537;0.6611453
25992;0.3277905;0.6658571
26000;0.3263304;0.6724237
26008;0.331527;0.6849492
26016;0.3295222;0.6912483
26024;0.3351178;0.6534233
26032;0.3440952;0.6454897
26040;0.3350977;0.6580408
26048;0.3328512;0.6790161
26056;0.3347145;0.6638609
26064;0.3337392;0.6722579
26072;0.3409779;0.6865665
26080;0.3391647;0.6935492
26088;0.3495007;0.6956699
26096;0.3445443;0.6542099
26104;0.3425581;0.6798999
26112;0.3506418;0.687995
26120;0.3600498;0.6966451
26128;0.3443841;0.6607921
26136;0.3438565;0.6713413
26144;0.3606347;0.6888888
26152;0.3713854;0.6966981
26160;0.3529341;0.658753
26168;0.3523434;0.6703431
26176;0.3513912;0.6802344
26184;0.3713453;0.6888487
26192;0.381058;0.6953224
26200;0.3612967;0.6804389
26208;0.3616929;0.6695781
26216;0.3617501;0.6578435
26224;0.3527383;0.651806
26232;0.3808206;0.6876476
26240;0.3904502;0.6924038
26248;0.3711566;0.6799942
26256;0.370935;0.6691862
26264;0.3706676;0.6578049
26272;0.3897023;0.6856227
26280;0.3980235;0.688823
26288;0.3805646;0.679395
26296;0.3970096;0.6822564
26304;0.4041381;0.6842227
26312;0.3891246;0.6779106
26320;0.3799669;0.6689017
26328;0.4027997;0.6782439
26336;0.4098066;0.6789846
26344;0.3796352;0.6589146
26352;0.3964261;0.6755755
26360;0.3885968;0.6687044
26368;0.4084668;0.6738938
26376;0.4153007;0.6737623
26384;0.4020532;0.6726598
26392;0.395897;0.6677549
26400;0.4134688;0.6692563
26408;0.4204029;0.6686472
26416;0.4073313;0.6692205
26424;0.4177103;0.6647833
26432;0.4119673;0.665228
26440;0.4156854;0.6612469
26448;0.4015126;0.666342
26456;0.388248;0.6604074
26464;0.4062259;0.6645216
26472;0.4142954;0.6580894
26480;0.4106675;0.6613299
26488;0.3954766;0.6608922
26496;0.4130828;0.6553868
26504;0.4009277;0.6605319
26512;0.4052993;0.6595037
26520;0.4094234;0.6578149
26528;0.4121032;0.65293
26536;0.4081993;0.6551822
26544;0.4042168;0.6560189
26552;0.3996193;0.6558987
26560;0.3944656;0.6556312
26568;0.4108877;0.6503918
26576;0.4065262;0.651703
26584;0.4046973;0.6483569
26592;0.4011408;0.6479408
26600;0.4026824;0.6519061
26608;0.3962517;0.646997
26616;0.3979019;0.6512426
26624;0.3929241;0.6503074
26632;0.3910307;0.6457728
26640;0.3860787;0.6492478
26648;0.38461;0.644606
26656;0.3874773;0.6546373
26664;0.3791403;0.6527527
26672;0.3781064;0.6472844
26680;0.3770068;0.6430272
26688;0.3700097;0.6460102
26696;0.3697238;0.6420391
26704;0.3704545;0.651214
26712;0.3616514;0.6508737
26720;0.3616943;0.6456999
26728;0.3615184;0.6418403
26736;0.3525294;0.646831
26744;0.3523507;0.6430802
26752;0.344427;0.6492621
26760;0.291467;0.6614342
26768;0.2979978;0.6696296
26776;0.294796;0.6612411
26784;0.29439;0.6709366
26792;0.2870812;0.6613384
26800;0.3038651;0.6768882
26808;0.2896824;0.6722035
26816;0.2798612;0.6612898
26824;0.3001257;0.6792406
26832;0.3111081;0.6826912
26840;0.2839882;0.6738251
26848;0.2687957;0.6608722
26856;0.2952594;0.682192
26864;0.3071799;0.6863692
26872;0.319638;0.6874674
26880;0.2732345;0.6769239
26888;0.2555611;0.6610081
26896;0.2901871;0.6849791
26904;0.3163475;0.6923709
26912;0.3295222;0.6912483
26920;0.3026896;0.6908321
26928;0.2602343;0.6812941
26936;0.2393965;0.6628156
26944;0.2805232;0.6915944
26952;0.2986113;0.6947231
26960;0.3122592;0.6980508
26968;0.3270826;0.6965922
26976;0.2448633;0.6863334
26984;0.222488;0.6654983
26992;0.2284598;0.6926668
27000;0.2682467;0.7000014
27008;0.253316;0.7096452
27016;0.2398239;0.7187443
27024;0.2903874;0.7041511
27032;0.3372499;0.6995909
27040;0.3391647;0.6935492
27048;0.2673058;0.7283196
27056;0.2544442;0.742152
27064;0.2805361;0.7144915
27072;0.3086827;0.7033018
27080;0.3231386;0.7033604
27088;0.2836077;0.7414098
27096;0.2738981;0.7575173
27104;0.2943656;0.7651621
27112;0.3015356;0.7144872
27120;0.2934104;0.7264835
27128;0.3007978;0.7493764
27136;0.3138608;0.77021
27144;0.3199869;0.7099097
27152;0.3140553;0.7219861
27160;0.3075702;0.7349619
27168;0.3178148;0.7549534
27176;0.3321462;0.7717173
27184;0.3348303;0.7070655
27192;0.3225852;0.740273
27200;0.3342598;0.7573843
27208;0.3492818;0.7714813
27216;0.332069;0.7143084
27224;0.3274057;0.7267953
27232;0.3374257;0.7428412
27240;0.3504187;0.7573843
27248;0.3663719;0.7701285
27256;0.344337;0.7166408
27264;0.3464749;0.7090761
27272;0.3409578;0.7292991
27280;0.3523979;0.7431802
27288;0.3668637;0.7556683
27296;0.3826867;0.7682467
27304;0.3546358;0.7298554
27312;0.3677647;0.7417158
27320;0.3831972;0.7526982
27328;0.3990144;0.7657212
27336;0.3569395;0.7175145
27344;0.3685726;0.7288501
27352;0.3974428;0.7489517
27360;0.4172798;0.763815
27368;0.382292;0.7389688
27376;0.3583095;0.7100499
27384;0.3697509;0.7169825
27392;0.3815612;0.7267194
27400;0.3956897;0.7351049
27408;0.4140709;0.7432988
27416;0.3481222;0.7019404
27424;0.3495007;0.6956699
27432;0.3594034;0.7028313
27440;0.3600498;0.6966451
27448;0.3706046;0.7095379
27456;0.3712682;0.702561
27464;0.3713854;0.6966981
27472;0.3815297;0.7153524
27480;0.3814555;0.7012025
27488;0.381058;0.6953224
27496;0.3815169;0.7078477
27504;0.393948;0.723276
27512;0.3912023;0.6978906
27520;0.3904502;0.6924038
27528;0.3930728;0.7125053
27536;0.3920116;0.7042555
27544;0.4097094;0.7297553
27552;0.3991631;0.6940768
27560;0.3980235;0.688823
27568;0.4059471;0.71863
27576;0.4026409;0.7091419
27584;0.4004844;0.7003058
27592;0.4059142;0.6899542
27600;0.4041381;0.6842227
27608;0.4077774;0.6960645
27616;0.4107876;0.7052422
27624;0.4150805;0.7139853
27632;0.4218945;0.7227926
27640;0.4121747;0.6852309
27648;0.4098066;0.6789846
27656;0.4149661;0.6917102
27664;0.4189086;0.7007077
27672;0.4241238;0.7083325
27680;0.4180606;0.6795352
27688;0.4153007;0.6737623
27696;0.4220175;0.6855354
27704;0.4268938;0.6938165
27712;0.4238178;0.6731873
27720;0.4204029;0.6686472
27728;0.4284309;0.6786271
27736;0.4291917;0.6666165
27744;0.4248173;0.6632475
27752;0.431567;0.7155825
27760;0.4322119;0.7006691
27768;0.4341624;0.6859844
27776;0.4345771;0.6707735
27784;0.4337077;0.660296
27792;0.4291703;0.6573602
27800;0.4391932;0.7066293
27808;0.4401627;0.6913726
27816;0.4407433;0.6766008
27824;0.4393233;0.6638423
27832;0.43747;0.6541341
27840;0.4328325;0.6512026
27848;0.4465691;0.6965993
27856;0.4467635;0.6821363
27864;0.4454566;0.6683011
27872;0.4428024;0.6571842
27880;0.4407004;0.6474087
27888;0.435754;0.6447732
27896;0.4417628;0.6408637
27904;0.4366791;0.6393178
27912;0.4467679;0.642747
27920;0.4456653;0.65002
27928;0.4517328;0.6441741
27936;0.4506288;0.652807
27944;0.4568279;0.6449277
27952;0.4484581;0.6607593
27960;0.4556539;0.6553109
27968;0.4633231;0.6456928
27976;0.453709;0.6639138
27984;0.4621747;0.6572186
27992;0.4690916;0.6462405
28000;0.4509978;0.6722279
28008;0.4684352;0.6584669
28016;0.4762515;0.6481094
28024;0.4755709;0.6601501
28032;0.4601226;0.6664993
28040;0.4668337;0.6689031
28048;0.4739894;0.6711468
28056;0.4571983;0.6759201
28064;0.4643139;0.6791562
28072;0.4716827;0.6817373
28080;0.4683365;0.6917759
28088;0.4602385;0.6892434
28096;0.4637948;0.7028971
28104;0.4530212;0.6862518
28112;0.4542082;0.7005104
28120;0.4583781;0.713459
28128;0.4474127;0.710928
28136;0.4516342;0.7243642
28144;0.4399697;0.7209851
28152;0.4454251;0.7346988
28160;0.4311422;0.7305003
28168;0.4394648;0.7478062
28176;0.4371311;0.76311
28184;0.5605286;0.7478062
28192;0.5628624;0.76311
28200;0.5827137;0.763815
28208;0.5859226;0.7432988
28216;0.6025506;0.7489517
28224;0.600979;0.7657212
28232;0.5688512;0.7305003
28240;0.5545684;0.7346988
28248;0.6167963;0.7526982
28256;0.6173068;0.7682467
28264;0.5600238;0.7209851
28272;0.5483593;0.7243642
28280;0.6331297;0.7556683
28288;0.6336216;0.7701285
28296;0.5525807;0.710928
28304;0.5416155;0.713459
28312;0.6495748;0.7573843
28320;0.6507116;0.7714813
28328;0.5457854;0.7005104
28336;0.5361986;0.7028971
28344;0.6657338;0.7573843
28352;0.6678473;0.7717173
28360;0.539755;0.6892434
28368;0.5316569;0.6917759
28376;0.6821788;0.7549534
28384;0.6861327;0.77021
28392;0.5356796;0.6791562
28400;0.5283108;0.6817373
28408;0.5260041;0.6711468
28416;0.5331599;0.6689031
28424;0.5244225;0.6601501
28432;0.5427952;0.6759201
28440;0.5469723;0.6862518
28448;0.5315583;0.6584669
28456;0.5237418;0.6481094
28464;0.5309019;0.6462405
28472;0.5398709;0.6664993
28480;0.5378188;0.6572186
28488;0.5366706;0.6456928
28496;0.5443396;0.6553109
28504;0.5431656;0.6449277
28512;0.5462844;0.6639138
28520;0.5489957;0.6722279
28528;0.5493647;0.652807
28536;0.5482607;0.6441741
28544;0.5515354;0.6607593
28552;0.5543281;0.65002
28560;0.5532256;0.642747
28568;0.5532299;0.6821363
28576;0.5545369;0.6683011
28584;0.557191;0.6571842
28592;0.5592932;0.6474087
28600;0.5582306;0.6408637
28608;0.5642395;0.6447732
28616;0.5633143;0.6393178
28624;0.567161;0.6512026
28632;0.5625235;0.6541341
28640;0.5708232;0.6573602
28648;0.5662858;0.660296
28656;0.5751761;0.6632475
28664;0.5606702;0.6638423
28672;0.5708017;0.6666165
28680;0.5795906;0.6686472
28688;0.5654163;0.6707735
28696;0.5761757;0.6731873
28704;0.5846928;0.6737623
28712;0.5592502;0.6766008
28720;0.5819329;0.6795352
28728;0.5901868;0.6789846
28736;0.5715625;0.6786271
28744;0.5658311;0.6859844
28752;0.5878188;0.6852309
28760;0.5958554;0.6842227
28768;0.5779761;0.6855354
28776;0.5598308;0.6913726
28784;0.5940793;0.6899542
28792;0.6019701;0.688823
28800;0.5850275;0.6917102
28808;0.5730998;0.6938165
28816;0.5534244;0.6965993
28824;0.6008303;0.6940768
28832;0.6095433;0.6924038
28840;0.592216;0.6960645
28848;0.5810848;0.7007077
28856;0.5677816;0.7006691
28864;0.5608003;0.7066293
28872;0.6087911;0.6978906
28880;0.6189356;0.6953224
28888;0.599509;0.7003058
28896;0.5892059;0.7052422
28904;0.5758697;0.7083325
28912;0.5684265;0.7155825
28920;0.618538;0.7012025
28928;0.6286081;0.6966981
28936;0.6079818;0.7042555
28944;0.584913;0.7139853
28952;0.578099;0.7227926
28960;0.5973525;0.7091419
28968;0.6287253;0.702561
28976;0.6399437;0.6966451
28984;0.5902841;0.7297553
28992;0.5940464;0.71863
29000;0.6069207;0.7125053
29008;0.6184765;0.7078477
29016;0.6405901;0.7028313
29024;0.6504928;0.6956699
29032;0.6043038;0.7351049
29040;0.6060455;0.723276
29048;0.6293888;0.7095379
29056;0.6184636;0.7153524
29064;0.6518713;0.7019404
29072;0.6608288;0.6935492
29080;0.6177015;0.7389688
29088;0.6184322;0.7267194
29096;0.641684;0.7100499
29104;0.6302426;0.7169825
29112;0.6627436;0.6995909
29120;0.6704713;0.6912483
29128;0.6322289;0.7417158
29136;0.6314209;0.7288501
29144;0.6430539;0.7175145
29152;0.6535187;0.7090761
29160;0.6475956;0.7431802
29168;0.6453577;0.7298554
29176;0.6556566;0.7166408
29184;0.6625677;0.7428412
29192;0.6590356;0.7292991
29200;0.6774083;0.740273
29208;0.6725878;0.7267953
29216;0.6651632;0.7070655
29224;0.6679245;0.7143084
29232;0.6859382;0.7219861
29240;0.6924233;0.7349619
29248;0.6800066;0.7099097
29256;0.6768548;0.7033604
29264;0.6991957;0.7493764
29272;0.7056279;0.7651621
29280;0.7065831;0.7264835
29288;0.7163858;0.7414098
29296;0.7260954;0.7575173
29304;0.7455492;0.742152
29312;0.7326878;0.7283196
29320;0.7601695;0.7187443
29328;0.6984578;0.7144872
29336;0.7466775;0.7096452
29344;0.7715337;0.6926668
29352;0.7194574;0.7144915
29360;0.6913107;0.7033018
29368;0.7551302;0.6863334
29376;0.7775054;0.6654983
29384;0.7605971;0.6628156
29392;0.7096062;0.7041511
29400;0.7317469;0.7000014
29408;0.7397591;0.6812941
29416;0.7444323;0.6610081
29424;0.7194703;0.6915944
29432;0.726759;0.6769239
29440;0.7311977;0.6608722
29448;0.7013822;0.6947231
29456;0.7160054;0.6738251
29464;0.7201324;0.6612898
29472;0.7098063;0.6849791
29480;0.6877343;0.6980508
29488;0.7103111;0.6722035
29496;0.7129123;0.6613384
29504;0.6973039;0.6908321
29512;0.7047341;0.682192
29520;0.6729109;0.6965922
29528;0.6836459;0.6923709
29536;0.6803555;0.6874674
29544;0.6928136;0.6863692
29552;0.6888855;0.6826912
29560;0.6998678;0.6792406
29568;0.6961284;0.6768882
29576;0.7056036;0.6709366
29584;0.7019957;0.6696296
29592;0.7085265;0.6614342
29600;0.7051975;0.6612411
29608;0.4394648;0.7478062
29616;0.4371311;0.76311
29624;0.4587713;0.7637178
29632;0.4606589;0.7485369
29640;0.4804258;0.7637335
29648;0.4454251;0.7346988
29656;0.4811437;0.7484998
29664;0.4632372;0.7354582
29672;0.4516342;0.7243642
29680;0.4821089;0.7351693
29688;0.4664533;0.7252894
29696;0.4583781;0.713459
29704;0.4833458;0.7252236
29712;0.4706603;0.7144243
29720;0.4637948;0.7028971
29728;0.4850575;0.7148246
29736;0.4745055;0.7038523
29744;0.4683365;0.6917759
29752;0.4869738;0.7039266
29760;0.4779762;0.6932403
29768;0.4716827;0.6817373
29776;0.4886668;0.6938652
29784;0.4807933;0.682817
29792;0.4901812;0.6837937
29800;0.4739894;0.6711468
29808;0.4826037;0.6732588
29816;0.4913052;0.6738909
29824;0.4921489;0.6626425
29832;0.4840794;0.6618618
29840;0.4924606;0.651397
29848;0.4755709;0.6601501
29856;0.4846542;0.6501658
29864;0.4762515;0.6481094
29872;0.7605971;0.6628156
29880;0.7775054;0.6654983
29888;0.7815423;0.6386515
29896;0.7609989;0.6358086
29904;0.7830981;0.6112684
29912;0.7546797;0.6036593
29920;0.784245;0.584024
29928;0.7444323;0.6610081
29936;0.7598277;0.5724853
29944;0.7443838;0.6393508
29952;0.7311977;0.6608722
29960;0.7314394;0.6439496
29968;0.7201324;0.6612898
29976;0.7338017;0.5814943
29984;0.7372338;0.5580423
29992;0.7396648;0.6163863
30000;0.720876;0.6475518
30008;0.7129123;0.6613384
30016;0.7130868;0.5627456
30024;0.7110619;0.5407451
30032;0.6880603;0.5401387
30040;0.7264715;0.5977634
30048;0.7264372;0.6274688
30056;0.7112077;0.6508493
30064;0.7085265;0.6614342
30072;0.7051975;0.6612411
30080;0.7106358;0.5820663
30088;0.6922602;0.5661218
30096;0.7182148;0.6115244
30104;0.7164115;0.6344959
30112;0.7056307;0.5984398
30120;0.6733842;0.5626183
30128;0.6689126;0.5435393
30136;0.6902583;0.5892878
30144;0.6565818;0.5626898
30152;0.6511291;0.5469842
30160;0.6743137;0.5834249
30168;0.6409233;0.5647634
30176;0.6349015;0.5511683
30184;0.6600137;0.5814943
30192;0.6259797;0.5679809
30200;0.619702;0.5554955
30208;0.6462857;0.5814943
30216;0.6325577;0.5832103
30224;0.6114652;0.5716988
30232;0.6056209;0.5603075
30240;0.6484865;0.592727
30248;0.6610491;0.5953239
30256;0.6184722;0.5854984
30264;0.5973797;0.5758458
30272;0.5919944;0.5648248
30280;0.6735945;0.5988603
30288;0.6045297;0.5888588
30296;0.5841522;0.5810653
30304;0.5794604;0.5707365
30312;0.6869149;0.6037209
30320;0.5905157;0.5927913
30328;0.5716398;0.5869284
30336;0.56763;0.5774474
30344;0.5563903;0.5857344
30352;0.6993173;0.6117274
30360;0.5773598;0.5973673
30368;0.5599138;0.5941499
30376;0.5466233;0.5976491
30384;0.709426;0.6219203
30392;0.5651332;0.6035164
30400;0.5497679;0.6055813
30408;0.5357468;0.6156714
30416;0.7069178;0.6404104
30424;0.5551232;0.6120248
30432;0.704757;0.6523494
30440;0.6929038;0.6226783
30448;0.7009118;0.6308293
30456;0.7002682;0.6434849
30464;0.6829123;0.6148648
30472;0.6711678;0.6106664
30480;0.6602998;0.6069483
30488;0.6494317;0.6043743
30496;0.6876842;0.6285414
30504;0.6786038;0.6226068
30512;0.6686652;0.6178879
30520;0.6586552;0.6140268
30528;0.6485022;0.6115244
30536;0.6946912;0.6354053
30544;0.6378487;0.6039454
30552;0.6378487;0.6105949
30560;0.635811;0.5933462
30568;0.6227208;0.5951065
30576;0.6258367;0.6050893
30584;0.6092831;0.5974002
30592;0.6265517;0.6113813
30600;0.6133958;0.6062334
30608;0.5954978;0.6002516
30616;0.6149688;0.6122394
30624;0.6003827;0.6082353
30632;0.5819986;0.6042313
30640;0.6028852;0.6137409
30648;0.5873698;0.6109523
30656;0.5700625;0.6101372
30664;0.5913737;0.6168454
30672;0.5749288;0.6148134
30680;0.5608432;0.6172444
30688;0.5801297;0.6198026
30696;0.5653478;0.6205333
30704;0.5704142;0.6236464
30712;0.5940221;0.6209552
30720;0.5837762;0.6234605
30728;0.5742939;0.6262405
30736;0.604893;0.6183412
30744;0.6161885;0.6172515
30752;0.6269608;0.6165693
30760;0.6374698;0.6158429
30768;0.6474369;0.616791
30776;0.6571108;0.6191563
30784;0.6663586;0.6229386
30792;0.6754134;0.6273302
30800;0.6064602;0.6223738
30808;0.617078;0.6211225
30816;0.6273211;0.6203545
30824;0.637251;0.6201029
30832;0.6465632;0.6211597
30840;0.6555464;0.6235363
30848;0.6641793;0.6272115
30856;0.5960498;0.6247003
30864;0.5861185;0.6264578
30872;0.5772225;0.6285499
30880;0.6371152;0.6253052
30888;0.6456208;0.6265637
30896;0.6537646;0.6286672
30904;0.6278759;0.6251622
30912;0.6180975;0.6260675
30920;0.6076886;0.6278077
30928;0.5980161;0.6292449
30936;0.5884207;0.6306562
30944;0.5795019;0.6316788
30952;0.6188297;0.6302573
30960;0.6093917;0.6315444
30968;0.5999538;0.6331173
30976;0.5905157;0.6339753
30984;0.6098207;0.6346904
30992;0.6284108;0.6292564
31000;0.5816497;0.6345473
31008;0.6006688;0.6361203
31016;0.6191157;0.6334033
31024;0.6188297;0.6369783
31032;0.6096777;0.6382654
31040;0.6288397;0.6324024
31048;0.6371337;0.6293993
31056;0.6369908;0.6322594
31064;0.6284108;0.6359773
31072;0.6451418;0.6302573
31080;0.6445697;0.6332604
31088;0.6527207;0.6322594
31096;0.6188297;0.6415543
31104;0.6096777;0.6429844
31112;0.6279817;0.6405534
31120;0.6365618;0.6361203
31128;0.6362757;0.6401243
31136;0.6005257;0.6394094
31144;0.5984479;0.646698
31152;0.6441407;0.6366923
31160;0.6435688;0.6402674
31168;0.6514337;0.6388373
31176;0.6512907;0.6422693
31184;0.5916597;0.6398383
31192;0.5926822;0.6461876
31200;0.5875371;0.6457329
31208;0.5915167;0.6365494
31216;0.5829368;0.6366923
31224;0.5843667;0.6404104
31232;0.5844225;0.6442242
31240;0.5777887;0.6394094
31248;0.5806059;0.6421421
31256;0.5790758;0.6414114
31264;0.5763588;0.6365494
31272;0.575199;0.6349878
31280;0.5725921;0.6330087
31288;0.574903;0.6378763
31296;0.5710806;0.6314328
31304;0.57618;0.639026
31312;0.5725821;0.6364636
31320;0.5672225;0.6301887
31328;0.5745741;0.6392406
31336;0.5757467;0.6396953
31344;0.5703685;0.6354354
31352;0.5773326;0.6405133
31360;0.5759555;0.641304
31368;0.5779089;0.6417203
31376;0.5795047;0.6419748
31384;0.5784351;0.6428814
31392;0.5800596;0.6424996
31400;0.5825135;0.6441941
31408;0.5726064;0.6387674
31416;0.5747171;0.6411954
31424;0.5819958;0.6458601
31432;0.5848815;0.6453725
31440;0.5772939;0.6433532
31448;0.5846913;0.6479822
31456;0.5902884;0.6476347
31464;0.5812551;0.6474488
31472;0.5762858;0.6440597
31480;0.573483;0.6414099
31488;0.5703828;0.6386228
31496;0.5677401;0.6349678
31504;0.5891057;0.6503918
31512;0.5841565;0.6500356
31520;0.5802312;0.6490247
31528;0.5754836;0.6447003
31536;0.5710334;0.6421678
31544;0.5671452;0.6388788
31552;0.5640608;0.6346904
31560;0.5934673;0.651703
31568;0.5952963;0.6483569
31576;0.5988526;0.6479408
31584;0.5641451;0.6289532
31592;0.5581977;0.6278263
31600;0.5592703;0.6348333
31608;0.5633143;0.6393178
31616;0.5531212;0.6262533
31624;0.5681047;0.6432661
31632;0.5582306;0.6408637
31640;0.5642395;0.6447732
31648;0.5549202;0.6346245
31656;0.5532256;0.642747
31664;0.5499095;0.6340082
31672;0.5482607;0.6441741
31680;0.5474713;0.6230701
31688;0.5440865;0.6329243
31696;0.5431656;0.6449277
31704;0.5413238;0.6193894
31712;0.5378617;0.6321349
31720;0.5366706;0.6456928
31728;0.5317971;0.6327856
31736;0.5260228;0.6216773
31744;0.5309019;0.6462405
31752;0.5242853;0.6358916
31760;0.5237418;0.6481094
31768;0.9247507;0.4983523
31776;0.9238399;0.5108305
31784;0.929957;0.5304519
31792;0.9147882;0.4823834
31800;0.9162621;0.498719
31808;0.894744;0.4502392
31816;0.9028149;0.4733402
31824;0.8901708;0.4701185
31832;0.9058831;0.4880558
31840;0.8811359;0.4604465
31848;0.8776993;0.4747607
31856;0.8831677;0.4734182
31864;0.8945844;0.4809364
31872;0.8769039;0.491916
31880;0.8978914;0.4918881
31888;0.8872751;0.484179
31896;0.8825111;0.4854712
31904;0.887017;0.4955294
31912;0.8720039;0.5009871
31920;0.8910335;0.4943361
31928;0.8824126;0.5007111
31936;0.9033014;0.5064602
31944;0.8971584;0.5090615
31952;0.8934946;0.5096721
31960;0.8887527;0.5128896
31968;0.8783271;0.5071739
31976;0.86909;0.5086154
31984;0.9101813;0.5013092
31992;0.8611747;0.5137469
32000;0.8564134;0.5216317
32008;0.8669;0.5158296
32016;0.8751979;0.5129342
32024;0.8844935;0.5176029
32032;0.916986;0.51143
32040;0.8535592;0.5296029
32048;0.8936867;0.5252117
32056;0.9225192;0.5217949
32064;0.8495257;0.5364994
32072;0.898579;0.5241592
32080;0.9017186;0.5231345
32088;0.9068445;0.5196884
32096;0.9132042;0.5133539
32104;0.9162219;0.523101
32112;0.8507919;0.5400138
32120;0.8534139;0.5351959
32128;0.8485125;0.5444413
32136;0.8491651;0.5489929
32144;0.8507712;0.5435059
32152;0.8535864;0.5383354
32160;0.9194016;0.5326197
32168;0.9097298;0.530951
32176;0.9271625;0.5398061
32184;0.9044898;0.5343595
32192;0.9330331;0.5509349
32200;0.9012957;0.534708
32208;0.9392967;0.5753964
32216;0.9374194;0.5990383
32224;0.9337311;0.5769661
32232;0.929355;0.5574534
32240;0.8964449;0.5348098
32248;0.9338543;0.618845
32256;0.9222494;0.5485733
32264;0.9116188;0.5414971
32272;0.9064553;0.5446296
32280;0.9031522;0.5447075
32288;0.8987865;0.5442573
32296;0.93021;0.6120588
32304;0.932976;0.5964286
32312;0.92956;0.5791074
32320;0.9283937;0.6283052
32328;0.9281964;0.5969918
32336;0.9235338;0.5643805
32344;0.9271184;0.6393907
32352;0.9232782;0.5814815
32360;0.9140137;0.5549636
32368;0.9196676;0.6561375
32376;0.9153383;0.5682129
32384;0.9079123;0.557006
32392;0.9088982;0.5687844
32400;0.9044626;0.5565041
32408;0.9055147;0.5677612
32416;0.9004667;0.5553303
32424;0.9018574;0.5659586
32432;0.9155316;0.5819039
32440;0.9092187;0.5804345
32448;0.9059532;0.5787059
32456;0.9028279;0.5759039
32464;0.9220911;0.5968956
32472;0.9256654;0.6097669
32480;0.926881;0.6217266
32488;0.898819;0.5644307
32496;0.899456;0.5735813
32504;0.8972181;0.5546988
32512;0.8940616;0.5442044
32520;0.8915434;0.5354496
32528;0.8887385;0.5268162
32536;0.9236699;0.6272637
32544;0.9223052;0.6345783
32552;0.923068;0.6190569
32560;0.9197831;0.6443633
32568;0.9203475;0.6269571
32576;0.9201022;0.6092944
32584;0.9177177;0.6351416
32592;0.9179057;0.6187434
32600;0.9147143;0.5955642
32608;0.9133378;0.607213
32616;0.9088398;0.593271
32624;0.9156289;0.6262698
32632;0.9113282;0.6165936
32640;0.9055756;0.5908927
32648;0.9077033;0.6043914
32656;0.9028422;0.588877
32664;0.9049828;0.6022153
32672;0.8998777;0.5871845
32680;0.9021817;0.5989657
32688;0.8993665;0.5960885
32696;0.9060882;0.6134306
32704;0.90347;0.6110523
32712;0.9006665;0.6072549
32720;0.8978538;0.6045574
32728;0.9093238;0.6242108
32736;0.8954991;0.5844216
32744;0.895128;0.5923774
32752;0.8935738;0.5998538
32760;0.8951319;0.57208
32768;0.894722;0.5639707
32776;0.8932261;0.5549999
32784;0.8909752;0.5453976
32792;0.8877071;0.5368186
32800;0.8849632;0.5286062
32808;0.8809997;0.5206378
32816;0.8726265;0.5188004
32824;0.8641211;0.5221322
32832;0.8609308;0.5281908
32840;0.8590484;0.5335258
32848;0.8575019;0.5386518
32856;0.854483;0.543103
32864;0.853061;0.5481969
32872;0.8584412;0.5444762
32880;0.8603354;0.5398228
32888;0.8626291;0.5342883
32896;0.8667197;0.528892
32904;0.853532;0.5535682
32912;0.8571309;0.5487057
32920;0.8549604;0.5592449
32928;0.8584893;0.5515748
32936;0.863065;0.5463707
32944;0.8655481;0.5407582
32952;0.8692755;0.5495589
32960;0.8645077;0.5520501
32968;0.8678938;0.535879
32976;0.8568974;0.5641854
32984;0.8600032;0.5556509
32992;0.8614991;0.5622073
33000;0.8557349;0.574369
33008;0.864247;0.5614474
33016;0.8595076;0.5680707
33024;0.8621399;0.5701715
33032;0.8671426;0.5608145
33040;0.855142;0.5841135
33048;0.858545;0.5781232
33056;0.864077;0.5716701
33064;0.8573683;0.5857863
33072;0.8689473;0.5638759
33080;0.8550227;0.5917138
33088;0.8603743;0.5801292
33096;0.8538083;0.5985573
33104;0.8542883;0.6087394
33112;0.8563044;0.621491
33120;0.8628328;0.5808904
33128;0.8600707;0.5859787
33136;0.8576407;0.5917222
33144;0.8563473;0.5985504
33152;0.8570129;0.6076857
33160;0.8657635;0.5739744
33168;0.8654003;0.5816181
33176;0.8629003;0.5869797
33184;0.8611968;0.5916805
33192;0.8587474;0.6188157
33200;0.8598177;0.5979592
33208;0.8709296;0.5664521
33216;0.8682129;0.5753183
33224;0.8707999;0.5765451
33232;0.8690666;0.5832519
33240;0.8725981;0.568203
33248;0.8653367;0.5925419
33256;0.8636968;0.5971255
33264;0.8673126;0.5879108
33272;0.860177;0.6040276
33280;0.8633167;0.6022976
33288;0.8607141;0.6104347
33296;0.8642067;0.6080773
33304;0.8672684;0.600838
33312;0.8666807;0.5965652
33320;0.8685399;0.5925502
33328;0.8616002;0.6169519
33336;0.870665;0.5888324
33344;0.8705754;0.5959212
33352;0.8685074;0.604425
33360;0.8603575;0.6262712
33368;0.8655819;0.6127014
33376;0.8588836;0.6310375
33384;0.8622398;0.6384748
33392;0.8634996;0.6338995
33400;0.865469;0.6435868
33408;0.8628068;0.6216638
33416;0.868933;0.6464628
33424;0.8669882;0.6191434
33432;0.8650162;0.6260886
33440;0.8675344;0.638755
33448;0.8731701;0.6486486
33456;0.8710659;0.6406593
33464;0.8689005;0.6300226
33472;0.8718377;0.622503
33480;0.8731844;0.6145276
33488;0.8735659;0.6329013
33496;0.8757428;0.6562239
33504;0.8755288;0.6413661
33512;0.878248;0.6489441
33520;0.8803498;0.6669958
33528;0.8702718;0.6081485
33536;0.8799917;0.6397588
33544;0.8819105;0.6554475
33552;0.8884492;0.6766957
33560;0.8725617;0.5994285
33568;0.8829873;0.6470051
33576;0.8847452;0.6366792
33584;0.8786814;0.6330785
33592;0.8874749;0.6629308
33600;0.8984506;0.6756293
33608;0.8869754;0.6525687
33616;0.8938657;0.6671813
33624;0.909242;0.6693169
33632;0.8777006;0.6247781
33640;0.8874827;0.6433345
33648;0.8921609;0.6575915
33656;0.8917224;0.6481691
33664;0.8998193;0.6686702
33672;0.8796116;0.6167888
33680;0.8918171;0.6387648
33688;0.8955717;0.6601886
33696;0.9020066;0.6604632
33704;0.9073466;0.6637003
33712;0.8963164;0.6523233
33720;0.9148337;0.6549052
33728;0.9101255;0.6518996
33736;0.9147208;0.6434976
33744;0.8999257;0.6559689
33752;0.8955717;0.642473
33760;0.9061075;0.6487197
33768;0.9006068;0.6458006
33776;0.9129201;0.6343177
33784;0.9101956;0.641893
33792;0.9070404;0.6318111
33800;0.9043393;0.638674
33808;0.8991641;0.6357578
33816;0.9041473;0.6217377
33824;0.9018873;0.6286607
33832;0.9014929;0.6195156
33840;0.8956989;0.6329724
33848;0.8987178;0.6145416
33856;0.8988229;0.6263297
33864;0.8892691;0.6327271
33872;0.8929926;0.6274604
33880;0.8875397;0.6275454
33888;0.8959376;0.6212093
33896;0.8960661;0.6116168
33904;0.8910466;0.6237772
33912;0.8938125;0.6178469
33920;0.8834946;0.6306987
33928;0.8834193;0.6251406
33936;0.8861321;0.618838
33944;0.8888761;0.6131433
33952;0.8917886;0.6070708
33960;0.8825501;0.6096764
33968;0.8853679;0.60324
33976;0.8776059;0.6062483
33984;0.8877344;0.5960703
33992;0.881494;0.5993519
34000;0.8749502;0.6022013
34008;0.8893949;0.5890067
34016;0.8838046;0.5927302
34024;0.8789706;0.5965917
34032;0.8762813;0.5940894
34040;0.8901838;0.582007
34048;0.8853303;0.5868681
34056;0.8814149;0.590752
34064;0.8907183;0.5708225
34072;0.8866342;0.5804484
34080;0.8833415;0.5842654
34088;0.8904951;0.5628861
34096;0.8872102;0.5702607
34104;0.8890927;0.5546542
34112;0.8784543;0.5882064
34120;0.8844222;0.5782333
34128;0.8864837;0.5619953
34136;0.8869988;0.5463456
34144;0.8800851;0.5821688
34152;0.8755093;0.5865684
34160;0.8840758;0.5692751
34168;0.8852681;0.5547308
34176;0.8806988;0.5772116
34184;0.883213;0.5620204
34192;0.8846505;0.5379575
34200;0.8808168;0.5305607
34208;0.8816004;0.5393921
34216;0.8828977;0.5474024
34224;0.8772646;0.5244142
34232;0.8772166;0.5332847
34240;0.869413;0.5241104
34248;0.8737462;0.528107
34256;0.8709037;0.5318307
34264;0.8782001;0.5407457
34272;0.8743001;0.5356853
34280;0.8721323;0.5386086
34288;0.875652;0.5430821
34296;0.8791653;0.5484089
34304;0.870277;0.5428618
34312;0.8723762;0.5479362
34320;0.874679;0.5523248
34328;0.8712838;0.5539683
34336;0.8733855;0.5577825
34344;0.8754833;0.5605943
34352;0.8780144;0.5573364
34360;0.877624;0.5633448
34368;0.8817185;0.5554056
34376;0.8800176;0.5627174
34384;0.8744714;0.5695357
34392;0.8808221;0.5691426
34400;0.8770959;0.5696167
34408;0.8737267;0.577804
34416;0.8772296;0.5788369
34424;0.8723385;0.5844173
34432;0.8736009;0.5911604
34440;0.5878903;0.65293
34448;0.5832928;0.6523379
34456;0.5792373;0.6505862
34464;0.5734115;0.6465836
34472;0.570829;0.6486658
34480;0.567161;0.6512026
34488;0.5772411;0.6526497
34496;0.5746886;0.6547561
34504;0.5708232;0.6573602
34512;0.5823476;0.6543143
34520;0.5869107;0.6553868
34528;0.5783222;0.6599641
34536;0.5751761;0.6632475
34544;0.5807589;0.6570312
34552;0.5822833;0.6647833
34560;0.5795906;0.6686472
34568;0.5856981;0.6580894
34576;0.5843081;0.6612469
34584;0.5917941;0.6551822
34592;0.5865246;0.6692563
34600;0.5846928;0.6737623
34608;0.5880261;0.665228
34616;0.589326;0.6613299
34624;0.5905701;0.6578149
34632;0.5973111;0.6519061
34640;0.6037418;0.646997
34648;0.5915267;0.6738938
34656;0.5901868;0.6789846
34664;0.5926622;0.6692205
34672;0.5937675;0.6645216
34680;0.5957767;0.6560189
34688;0.5946942;0.6595037
34696;0.6020916;0.6512426
34704;0.5971938;0.6782439
34712;0.5958554;0.6842227
34720;0.5979403;0.6726598
34728;0.5984808;0.666342
34736;0.6003742;0.6558987
34744;0.5990657;0.6605319
34752;0.6070694;0.6503074
34760;0.6089628;0.6457728
34768;0.6055279;0.6556312
34776;0.6139148;0.6492478
34784;0.6153834;0.644606
34792;0.6045169;0.6608922
34800;0.6040964;0.6677549
34808;0.6125163;0.6546373
34816;0.6218871;0.6472844
34824;0.6229868;0.6430272
34832;0.6117455;0.6604074
34840;0.6208532;0.6527527
34848;0.6299837;0.6460102
34856;0.6302698;0.6420391
34864;0.6035674;0.6755755
34872;0.6113966;0.6687044
34880;0.6203584;0.6589146
34888;0.602984;0.6822564
34896;0.6019701;0.688823
34904;0.6108689;0.6779106
34912;0.6102912;0.6856227
34920;0.6095433;0.6924038
34928;0.6200266;0.6689017
34936;0.6191729;0.6876476
34944;0.6189356;0.6953224
34952;0.6194289;0.679395
34960;0.6286481;0.6888487
34968;0.6286081;0.6966981
34976;0.6290585;0.6691862
34984;0.6288369;0.6799942
34992;0.6393588;0.6888888
35000;0.6399437;0.6966451
35008;0.6386967;0.6804389
35016;0.6493517;0.687995
35024;0.6504928;0.6956699
35032;0.6486024;0.6802344
35040;0.6383006;0.6695781
35048;0.629326;0.6578049
35056;0.6590156;0.6865665
35064;0.6608288;0.6935492
35072;0.6704713;0.6912483
35080;0.6574354;0.6798999
35088;0.6684664;0.6849492
35096;0.6803555;0.6874674
35104;0.6476499;0.6703431
35112;0.6776556;0.682817
35120;0.6888855;0.6826912
35128;0.6671423;0.6790161
35136;0.6857394;0.6791791
35144;0.6961284;0.6768882
35152;0.6382434;0.6578435
35160;0.656137;0.6713413
35168;0.6753905;0.6777405
35176;0.6927179;0.6745845
35184;0.7019957;0.6696296
35192;0.6470593;0.658753
35200;0.6662543;0.6722579
35208;0.6829653;0.6757814
35216;0.6982819;0.6683211
35224;0.6556093;0.6607921
35232;0.6736631;0.6724237
35240;0.6896247;0.6722835
35248;0.7009518;0.6610339
35256;0.665279;0.6638609
35264;0.6554492;0.6542099
35272;0.6807259;0.671889
35280;0.6945368;0.6667153
35288;0.6999479;0.6536665
35296;0.6722031;0.6658571
35304;0.6866389;0.669744
35312;0.696107;0.6606719
35320;0.6951474;0.6457671
35328;0.6648958;0.6580408
35336;0.678425;0.6669769
35344;0.6905757;0.6649764
35352;0.6953848;0.6549519
35360;0.6901096;0.6386186
35368;0.6717397;0.6611453
35376;0.6836645;0.666718
35384;0.6920586;0.6605834
35392;0.6910619;0.6477562
35400;0.6833541;0.6326883
35408;0.6859511;0.6416631
35416;0.6913136;0.6561489
35424;0.6873438;0.6634276
35432;0.6771737;0.6632903
35440;0.6797377;0.6363778
35448;0.6867976;0.65
35456;0.688179;0.6604218
35464;0.6811777;0.6635764
35472;0.6724576;0.6314914
35480;0.6816139;0.6452752
35488;0.6875341;0.6574087
35496;0.6843151;0.662145
35504;0.6757981;0.6407936
35512;0.6690699;0.6364078
35520;0.6836088;0.6522794
35528;0.6850659;0.6602087
35536;0.6826078;0.6601443
35544;0.6844067;0.6584369
35552;0.6821788;0.6611453
35560;0.6791757;0.6478463
35568;0.6813207;0.6545674
35576;0.6735988;0.6436993
35584;0.6798908;0.6611453
35592;0.6820986;0.659212
35600;0.6773168;0.6505634
35608;0.6760569;0.6597497
35616;0.6796048;0.6564264
35624;0.6711678;0.6567124
35632;0.6648757;0.6534233
35640;0.6754578;0.6569983
35648;0.6710247;0.6535663
35656;0.6790328;0.6595724
35664;0.6648757;0.6495624
35672;0.6803197;0.6600014
35680;0.6808918;0.6600014
35688;0.6806058;0.6595724
35696;0.6786038;0.6582854
35704;0.6558982;0.6454897
35712;0.6753147;0.6555684
35720;0.6555665;0.6492621
35728;0.6476429;0.6430802
35736;0.6763157;0.6528513
35744;0.6710247;0.6521363
35752;0.647464;0.646831
35760;0.6384751;0.6418403
35768;0.6472552;0.651806
35776;0.6382992;0.6456999
35784;0.6383421;0.6508737
35792;0.629539;0.651214
35800;0.6723118;0.6461304
35808;0.6673068;0.6394094
35816;0.6718827;0.6489904
35824;0.6651617;0.6478463
35832;0.6661627;0.6419834
35840;0.6657338;0.6448433
35848;0.6582977;0.6445574
35856;0.6616768;0.632308
35864;0.6602998;0.6355484
35872;0.6594417;0.6381223
35880;0.6590127;0.6414114
35888;0.6520057;0.6351194
35896;0.5591415;0.4844346
35904;0.5594796;0.4957158
35912;0.5572234;0.4861334
35920;0.5606288;0.5057043
35928;0.5568664;0.5182941
35936;0.5563945;0.5056128
35944;0.5536804;0.5149879
35952;0.5561286;0.4983556
35960;0.5498322;0.5207951
35968;0.5527052;0.5061463
35976;0.5480905;0.513239
35984;0.5425936;0.5191664
35992;0.5464574;0.5037853
36000;0.5509634;0.496814
36008;0.5542395;0.4908795
36016;0.5352577;0.5252367
36024;0.5521703;0.4789519
36032;0.5504915;0.4846662
36040;0.5471982;0.4897613
36048;0.5412723;0.5096682
36056;0.5284252;0.5288846
36064;0.5436632;0.4772759
36072;0.5440779;0.4714959
36080;0.5343468;0.4691307
36088;0.5445484;0.4671515
36096;0.5348887;0.4641214
36104;0.5368093;0.4552669
36112;0.5292674;0.4429945
36120;0.5271825;0.4620264
36128;0.5277202;0.4540056
36136;0.5186168;0.4520794
36144;0.5191659;0.4425541
36152;0.5195878;0.4602303
36160;0.5070438;0.4512013
36168;0.5080305;0.4425298
36176;0.5;0.4510626
36184;0.5;0.4413586
36192;0.491963;0.4425298
36200;0.5124378;0.4588003
36208;0.5265948;0.4678093
36216;0.4929497;0.4512013
36224;0.4808276;0.4425541
36232;0.5062888;0.4576564
36240;0.5190157;0.4649494
36248;0.5255938;0.4708124
36256;0.5310277;0.4741014
36264;0.4813767;0.4520794
36272;0.5114367;0.4642343
36280;0.535485;0.4749093
36288;0.4722733;0.4540056
36296;0.5418242;0.4841128
36304;0.4875557;0.4588003
36312;0.4804057;0.4602303
36320;0.472811;0.4620264
36328;0.4937047;0.4576564
36336;0.4651048;0.4641214
36344;0.4656467;0.4691307
36352;0.4554451;0.4671515
36360;0.4733987;0.4678093
36368;0.4809778;0.4649494
36376;0.4743997;0.4708124
36384;0.5;0.4570815
36392;0.4885567;0.4642343
36400;0.4559156;0.4714959
36408;0.4689657;0.4741014
36416;0.5064318;0.4625184
36424;0.4935618;0.4625184
36432;0.5;0.4618034
36440;0.4563302;0.4772759
36448;0.4478232;0.4789519
36456;0.4645085;0.4749093
36464;0.5084337;0.4720994
36472;0.5047158;0.4718134
36480;0.4952778;0.4718134
36488;0.5;0.4715274
36496;0.4915597;0.4720994
36504;0.5121518;0.4728144
36512;0.5144398;0.4679524
36520;0.5200168;0.4682384
36528;0.5210177;0.4718134
36536;0.5088627;0.4813944
36544;0.5127237;0.4795353
36552;0.5155838;0.4745303
36560;0.5172998;0.4713844
36568;0.5220187;0.4772474
36576;0.5243067;0.4729573
36584;0.5047158;0.4802161
36592;0.5161557;0.4785344
36600;0.5261657;0.4752454
36608;0.5267377;0.4776764
36616;0.5285968;0.4745303
36624;0.5291359;0.4780381
36632;0.5314182;0.4786516
36640;0.5355823;0.4802518
36648;0.5338677;0.4856457
36656;0.5301498;0.482587
36664;0.5278846;0.4804735
36672;0.538335;0.4897455
36680;0.5303599;0.4893523
36688;0.5430526;0.4959389
36696;0.5337047;0.4940813
36704;0.5261843;0.4793709
36712;0.5275314;0.4858202
36720;0.5260256;0.4830117
36728;0.5381577;0.5013629
36736;0.5251061;0.4807537
36744;0.5225908;0.4819663
36752;0.5228767;0.4852554
36760;0.5235918;0.4884013
36768;0.5254036;0.4916317
36776;0.5185868;0.4891163
36784;0.5193018;0.4853984
36792;0.5195878;0.4821093
36800;0.528162;0.4970586
36808;0.5151547;0.4829673
36816;0.5174427;0.4803934
36824;0.5128667;0.4859704
36832;0.5071467;0.4862564
36840;0.5314182;0.5047905
36848;0.5101497;0.4901174
36856;0.5338577;0.5147605
36864;0.5275285;0.51859
36872;0.521677;0.5321837
36880;0.5161557;0.5354483
36888;0.5208261;0.5219306
36896;0.5259999;0.5087016
36904;0.5091444;0.526498
36912;0.5228066;0.5007493
36920;0.5153506;0.5249765
36928;0.5;0.5175877
36936;0.5087197;0.5168583
36944;0.5;0.5099314
36952;0.4912738;0.5168583
36960;0.5143082;0.5152681
36968;0.5197279;0.5124525
36976;0.4856853;0.5152681
36984;0.5072898;0.5089934
36992;0.5177473;0.5044875
37000;0.5124935;0.5074475
37008;0.5099539;0.4998785
37016;0.5146199;0.4977607
37024;0.5204257;0.4939883
37032;0.5120831;0.4928415
37040;0.5056324;0.5013157
37048;0.506406;0.4905521
37056;0.5077459;0.4942729
37064;0.5042467;0.4950394
37072;0.5038577;0.4855413
37080;0.5;0.5019863
37088;0.5034902;0.4902232
37096;0.5;0.4799401
37104;0.5;0.4952654
37112;0.5;0.4856843
37120;0.4952778;0.4802161
37128;0.5;0.4902603
37136;0.4961358;0.4855413
37144;0.4965032;0.4902232
37152;0.4957467;0.4950394
37160;0.4911307;0.4813944
37168;0.4935875;0.4905521
37176;0.4928467;0.4862564
37184;0.4943611;0.5013157
37192;0.4922475;0.4942729
37200;0.4927037;0.5089934
37208;0.4900396;0.4998785
37216;0.4879104;0.4928415
37224;0.4898438;0.4901174
37232;0.4814067;0.4891163
37240;0.4871267;0.4859704
37248;0.4875;0.5074475
37256;0.4848388;0.4829673
37264;0.4802656;0.5124525
37272;0.4822461;0.5044875
37280;0.4853736;0.4977607
37288;0.4771869;0.5007493
37296;0.4795678;0.4939883
37304;0.4718315;0.4970586
37312;0.4745899;0.4916317
37320;0.4618357;0.5013629
37328;0.4662887;0.4940813
37336;0.4569409;0.4959389
37344;0.453536;0.5037853
37352;0.451903;0.513239
37360;0.4501612;0.5207951
37368;0.4463131;0.5149879
37376;0.4472885;0.5061463
37384;0.4431271;0.5182941
37392;0.4435989;0.5056128
37400;0.4393647;0.5057043
37408;0.4367069;0.5083653
37416;0.4377878;0.4935177
37424;0.4405138;0.4957158
37432;0.4438649;0.4983556
37440;0.4490301;0.496814
37448;0.4388256;0.4826399
37456;0.440852;0.4844346
37464;0.44277;0.4861334
37472;0.445754;0.4908795
37480;0.4495021;0.4846662
37488;0.4527953;0.4897613
37496;0.4581692;0.4841128
37504;0.4616585;0.4897455
37512;0.4696335;0.4893523
37520;0.4661258;0.4856457
37528;0.4644112;0.4802518
37536;0.4685753;0.4786516
37544;0.4698438;0.482587
37552;0.4764017;0.4884013
37560;0.4708576;0.4780381
37568;0.4724622;0.4858202
37576;0.4806917;0.4853984
37584;0.4713968;0.4745303
37592;0.4721089;0.4804735
37600;0.4771168;0.4852554
37608;0.4738277;0.4752454
37616;0.4739679;0.4830117
37624;0.4774027;0.4819663
37632;0.4732558;0.4776764
37640;0.4738092;0.4793709
37648;0.4779747;0.4772474
37656;0.4748874;0.4807537
37664;0.4804057;0.4821093
37672;0.4756867;0.4729573
37680;0.4825507;0.4803934
37688;0.4838377;0.4785344
37696;0.4872698;0.4795353
37704;0.4844097;0.4745303
37712;0.4878418;0.4728144
37720;0.4855537;0.4679524
37728;0.4826938;0.4713844
37736;0.4789758;0.4718134
37744;0.4799768;0.4682384
37752;0.07524276;0.4983523
37760;0.07615358;0.5108305
37768;0.07003641;0.5304519
37776;0.0852052;0.4823834
37784;0.08373129;0.498719
37792;0.1052494;0.4502392
37800;0.09717858;0.4733402
37808;0.1098228;0.4701185
37816;0.09411037;0.4880558
37824;0.1188576;0.4604465
37832;0.1222942;0.4747607
37840;0.1168258;0.4734182
37848;0.105409;0.4809364
37856;0.1230896;0.491916
37864;0.1021021;0.4918881
37872;0.1127185;0.484179
37880;0.1174823;0.4854712
37888;0.1129766;0.4955294
37896;0.1279896;0.5009871
37904;0.10896;0.4943361
37912;0.117581;0.5007111
37920;0.1309036;0.5086154
37928;0.1216663;0.5071739
37936;0.1112407;0.5128896
37944;0.106499;0.5096721
37952;0.1028351;0.5090615
37960;0.1330936;0.5158296
37968;0.1247956;0.5129342
37976;0.1155;0.5176029
37984;0.1063069;0.5252117
37992;0.09669209;0.5064602
38000;0.1014145;0.5241592
38008;0.09827495;0.5231345
38016;0.08981228;0.5013092
38024;0.09314907;0.5196884
38032;0.08300745;0.51143
38040;0.08678925;0.5133539
38048;0.07747436;0.5217949
38056;0.08377159;0.523101
38064;0.09869778;0.534708
38072;0.09550375;0.5343595
38080;0.09026361;0.530951
38088;0.0805918;0.5326197
38096;0.07283103;0.5398061
38104;0.1035487;0.5348098
38112;0.06696045;0.5509349
38120;0.06069684;0.5753964
38128;0.06257415;0.5990383
38136;0.06626248;0.5769661
38144;0.07063836;0.5574534
38152;0.07774407;0.5485733
38160;0.06613928;0.618845
38168;0.08837461;0.5414971
38176;0.09353817;0.5446296
38184;0.09684128;0.5447075
38192;0.1012069;0.5442573
38200;0.07645977;0.5643805
38208;0.0859797;0.5549636
38216;0.09208131;0.557006
38224;0.09553099;0.5565041
38232;0.09952682;0.5553303
38240;0.0704335;0.5791074
38248;0.06701744;0.5964286
38256;0.06978357;0.6120588
38264;0.07179701;0.5969918
38272;0.07671523;0.5814815
38280;0.07159984;0.6283052
38288;0.08465517;0.5682129
38296;0.07287514;0.6393907
38304;0.09109521;0.5687844
38312;0.08032584;0.6561375
38320;0.09447885;0.5677612
38328;0.09813613;0.5659586
38336;0.08446187;0.5819039
38344;0.09077489;0.5804345
38352;0.09404027;0.5787059
38360;0.09716558;0.5759039
38368;0.07790232;0.5968956
38376;0.07432812;0.6097669
38384;0.07311255;0.6217266
38392;0.09441781;0.5908927
38400;0.09115374;0.593271
38408;0.08527923;0.5955642
38416;0.0798912;0.6092944
38424;0.0769254;0.6190569
38432;0.07632345;0.6272637
38440;0.08665574;0.607213
38448;0.07768834;0.6345783
38456;0.07964611;0.6269571
38464;0.08208776;0.6187434
38472;0.08021033;0.6443633
38480;0.08227575;0.6351416
38488;0.08436453;0.6262698
38496;0.08866537;0.6165936
38504;0.09229016;0.6043914
38512;0.09501064;0.6022153
38520;0.0851599;0.6549052
38528;0.08527279;0.6434976
38536;0.08707345;0.6343177
38544;0.09075153;0.6693169
38552;0.1015429;0.6756293
38560;0.1115443;0.6766957
38568;0.1196436;0.6669958
38576;0.09295309;0.6318111
38584;0.08979797;0.641893
38592;0.08986795;0.6518996
38600;0.09264684;0.6637003
38608;0.1001742;0.6686702
38616;0.1061277;0.6671813
38624;0.09798676;0.6604632
38632;0.09388602;0.6487197
38640;0.1125186;0.6629308
38648;0.09565425;0.638674
38656;0.1000677;0.6559689
38664;0.1044217;0.6601886
38672;0.09938669;0.6458006
38680;0.1078326;0.6575915
38688;0.1036771;0.6523233
38696;0.118083;0.6554475
38704;0.1130181;0.6525687
38712;0.108271;0.6481691
38720;0.1044217;0.642473
38728;0.1008292;0.6357578
38736;0.1081764;0.6387648
38744;0.1125107;0.6433345
38752;0.1152483;0.6366792
38760;0.1170062;0.6470051
38768;0.1242507;0.6562239
38776;0.09810627;0.6286607
38784;0.1042945;0.6329724
38792;0.1217455;0.6489441
38800;0.1301666;0.6536589
38808;0.1107243;0.6327271
38816;0.1200018;0.6397588
38824;0.1268235;0.6486486
38832;0.1349487;0.6497304
38840;0.1244648;0.6413661
38848;0.1310606;0.6464628
38856;0.1392015;0.6429483
38864;0.1289276;0.6406593
38872;0.1264276;0.6329013
38880;0.1345245;0.6435868
38888;0.132459;0.638755
38896;0.1213122;0.6330785
38904;0.1310929;0.6300226
38912;0.1377537;0.6384748
38920;0.1364938;0.6338995
38928;0.1349772;0.6260886
38936;0.1281558;0.622503
38944;0.1432791;0.6337894
38952;0.122293;0.6247781
38960;0.1411099;0.6310375
38968;0.1164989;0.6306987
38976;0.1165742;0.6251406
38984;0.1124537;0.6275454
38992;0.1070009;0.6274604
39000;0.1089469;0.6237772
39008;0.1138614;0.618838
39016;0.1011706;0.6263297
39024;0.1040559;0.6212093
39032;0.106181;0.6178469
39040;0.120382;0.6167888
39048;0.1012756;0.6145416
39056;0.09850049;0.6195156
39064;0.1111175;0.6131433
39072;0.09584618;0.6217377
39080;0.09066969;0.6242108
39088;0.09390533;0.6134306
39096;0.09652352;0.6110523
39104;0.1039274;0.6116168
39112;0.09932691;0.6072549
39120;0.0978117;0.5989657
39128;0.1021397;0.6045574
39136;0.1082048;0.6070708
39144;0.0971514;0.588877
39152;0.100627;0.5960885
39160;0.1001158;0.5871845
39168;0.1064197;0.5998538
39176;0.1174433;0.6096764
39184;0.1005375;0.5735813
39192;0.1048654;0.5923774
39200;0.1146256;0.60324
39208;0.1268091;0.6145276
39216;0.1011745;0.5644307
39224;0.1044943;0.5844216
39232;0.1122593;0.5960703
39240;0.1223876;0.6062483
39248;0.1330053;0.6191434
39256;0.1027753;0.5546988
39264;0.1105986;0.5890067
39272;0.1184995;0.5993519
39280;0.1371867;0.6216638
39288;0.139636;0.6262712
39296;0.1383933;0.6169519
39304;0.143689;0.621491
39312;0.1161889;0.5927302
39320;0.1344117;0.6127014
39328;0.1297218;0.6081485
39336;0.1250434;0.6022013
39344;0.1412461;0.6188157
39352;0.1464627;0.6214687
39360;0.1210228;0.5965917
39368;0.145705;0.6087394
39376;0.1507921;0.6195447
39384;0.1486204;0.6075783
39392;0.152153;0.6033194
39400;0.1523423;0.5916386
39408;0.1508777;0.5932236
39416;0.1513384;0.5837566
39424;0.1497296;0.5859494
39432;0.1488136;0.5963812
39440;0.1461852;0.5985573
39448;0.1429806;0.6076857
39456;0.1392792;0.6104347
39464;0.1357868;0.6080773
39472;0.1398164;0.6040276
39480;0.1314861;0.604425
39488;0.1274318;0.5994285
39496;0.1237123;0.5940894
39504;0.1185786;0.590752
39512;0.1146632;0.5868681
39520;0.1098098;0.582007
39528;0.1048615;0.57208
39536;0.1052716;0.5639707
39544;0.1092752;0.5708225
39552;0.1133593;0.5804484
39560;0.116652;0.5842654
39568;0.1215391;0.5882064
39576;0.1067674;0.5549999
39584;0.1094984;0.5628861
39592;0.1127834;0.5702607
39600;0.1155713;0.5782333
39608;0.1199083;0.5821688
39616;0.1244842;0.5865684
39624;0.1059319;0.5442044
39632;0.1084502;0.5354496
39640;0.1090182;0.5453976
39648;0.111255;0.5268162
39656;0.1122864;0.5368186
39664;0.1109009;0.5546542
39672;0.1150303;0.5286062
39680;0.1129947;0.5463456
39688;0.1135098;0.5619953
39696;0.1189938;0.5206378
39704;0.115343;0.5379575
39712;0.1191768;0.5305607
39720;0.1273669;0.5188004
39728;0.1147254;0.5547308
39736;0.1159177;0.5692751
39744;0.1183929;0.5393921
39752;0.1227289;0.5244142
39760;0.1358725;0.5221322
39768;0.1167805;0.5620204
39776;0.1192948;0.5772116
39784;0.1227768;0.5332847
39792;0.1305804;0.5241104
39800;0.1390626;0.5281908
39808;0.1191715;0.5691426
39816;0.122764;0.5788369
39824;0.1228975;0.5696167
39832;0.1199759;0.5627174
39840;0.1262473;0.528107
39848;0.1182749;0.5554056
39856;0.1170957;0.5474024
39864;0.1217934;0.5407457
39872;0.1256933;0.5356853
39880;0.1290897;0.5318307
39888;0.1208282;0.5484089
39896;0.121979;0.5573364
39904;0.1243416;0.5430821
39912;0.1332738;0.528892
39920;0.1278611;0.5386086
39928;0.1253146;0.5523248
39936;0.1223694;0.5633448
39944;0.1320997;0.535879
39952;0.1373644;0.5342883
39960;0.1276172;0.5479362
39968;0.1297165;0.5428618
39976;0.1307181;0.5495589
39984;0.1344453;0.5407582
39992;0.1409452;0.5335258
40000;0.1396582;0.5398228
40008;0.1465795;0.5351959
40016;0.1287098;0.5539683
40024;0.1369285;0.5463707
40032;0.1424916;0.5386518
40040;0.1492016;0.5400138
40048;0.1415523;0.5444762
40056;0.146407;0.5383354
40064;0.1455106;0.543103
40072;0.1492224;0.5435059
40080;0.151481;0.5444413
40088;0.1469324;0.5481969
40096;0.1529846;0.5505528
40104;0.1508285;0.5489929
40112;0.1544403;0.5547197
40120;0.1555611;0.5602346
40128;0.152511;0.5575106
40136;0.1551876;0.5666919
40144;0.1504523;0.5561945
40152;0.1464615;0.5535682
40160;0.1548113;0.5723435
40168;0.1516315;0.5690284
40176;0.1528211;0.5745543
40184;0.1491613;0.5645409
40192;0.1500826;0.5754606
40200;0.1489421;0.5778012
40208;0.1469986;0.5708448
40216;0.1475332;0.5801098
40224;0.1450332;0.5592449
40232;0.1430961;0.5641854
40240;0.1442586;0.574369
40248;0.1474488;0.5900785
40256;0.1448516;0.5841135
40264;0.1449709;0.5917138
40272;0.1426252;0.5857863
40280;0.1436462;0.5985504
40288;0.1414484;0.5781232
40296;0.1423528;0.5917222
40304;0.1401758;0.5979592
40312;0.1387967;0.5916805
40320;0.1366768;0.6022976
40328;0.1362966;0.5971255
40336;0.132725;0.600838
40344;0.129418;0.5959212
40352;0.1263926;0.5911604
40360;0.127655;0.5844173
40368;0.1293286;0.5888324
40376;0.1314535;0.5925502
40384;0.1333127;0.5965652
40392;0.1346568;0.5925419
40400;0.1262668;0.577804
40408;0.130927;0.5832519
40416;0.1326809;0.5879108
40424;0.1370933;0.5869797
40432;0.125522;0.5695357
40440;0.1291937;0.5765451
40448;0.1345932;0.5816181
40456;0.1399229;0.5859787
40464;0.1273955;0.568203
40472;0.1396193;0.5801292
40480;0.1371608;0.5808904
40488;0.1317806;0.5753183
40496;0.12451;0.5605943
40504;0.1359166;0.5716701
40512;0.13423;0.5739744
40520;0.1290638;0.5664521
40528;0.126608;0.5577825
40536;0.1310462;0.5638759
40544;0.1378535;0.5701715
40552;0.1328509;0.5608145
40560;0.1354858;0.5520501
40568;0.1404859;0.5680707
40576;0.1384944;0.5622073
40584;0.1357465;0.5614474
40592;0.1399903;0.5556509
40600;0.1415043;0.5515748
40608;0.1428627;0.5487057