Offset;Input Attributes: Layout 6 (Per vertex).TEXCOORD2[0];Input Attributes: Layout 6 (Per vertex).TEXCOORD2[1]
0;0.02357016;0.9865327
8;0.02358843;0.9864749
16;0.02347891;0.9864545
24;0.02346145;0.986511
32;0.02336949;0.9864342
40;0.02354967;0.9865999
48;0.02335375;0.9864935
56;0.02343167;0.986575
64;0.02324847;0.9864724
72;0.02326593;0.9864113
80;0.02341593;0.9866375
88;0.02328178;0.9866028
96;0.02353342;0.9866625
104;0.02350657;0.9867725
112;0.0233917;0.9867463
120;0.02327108;0.9867224
128;0.02313642;0.9867003
136;0.02332982;0.9865538
144;0.02323232;0.9865305
152;0.02312239;0.9865592
160;0.0229832;0.9866799
168;0.02313905;0.9865037
176;0.02295756;0.9865127
184;0.02280635;0.9866546
192;0.02315187;0.9864475
200;0.02316751;0.9863914
208;0.02305042;0.9864798
216;0.02306314;0.9864213
224;0.02307596;0.9863732
232;0.02296816;0.9864575
240;0.02298098;0.9863992
248;0.02299036;0.9863517
256;0.02289235;0.986434
264;0.02290346;0.986379
272;0.02291203;0.9863335
280;0.02282422;0.9864746
288;0.0226938;0.9864426
296;0.02263213;0.986639
304;0.02247244;0.9866515
312;0.02283946;0.9863611
320;0.02284471;0.9863198
328;0.02278455;0.9863082
336;0.02283027;0.986413
344;0.02276789;0.9863935
352;0.02277859;0.9863436
360;0.02273297;0.9862971
368;0.02272196;0.9863274
376;0.02269855;0.9862899
384;0.02270632;0.9863735
392;0.0226607;0.9863018
400;0.02267341;0.9862833
408;0.02258863;0.9863329
416;0.02264919;0.9862841
424;0.02258317;0.9864342
432;0.02238715;0.9864758
440;0.02243358;0.9865803
448;0.02231145;0.9866722
456;0.02210684;0.9867046
464;0.02204042;0.9864751
472;0.0225755;0.9862858
480;0.02236585;0.9863231
488;0.02201731;0.9862789
496;0.02268321;0.9862661
504;0.0227041;0.9862761
512;0.02235687;0.9862059
520;0.02258317;0.9862247
528;0.02235061;0.986095
536;0.02199358;0.9860663
544;0.02217033;0.9860278
552;0.0223821;0.9859704
560;0.02274498;0.9862378
568;0.02274074;0.9862608
576;0.02272156;0.9861764
584;0.02252231;0.986097
592;0.02272378;0.986044
600;0.02254815;0.9859005
608;0.02278596;0.9862155
616;0.02278717;0.9862449
624;0.0227799;0.9861541
632;0.02284208;0.9861917
640;0.0228442;0.9862264
648;0.02287489;0.9859775
656;0.02268966;0.9858203
664;0.02284299;0.9861304
672;0.02291365;0.9861684
680;0.02291405;0.9862077
688;0.02291537;0.9860986
696;0.02298996;0.9861408
704;0.02299501;0.9861859
712;0.02301166;0.9858946
720;0.02281877;0.9857297
728;0.02298269;0.9860637
736;0.02307253;0.9860998
744;0.02308747;0.9861541
752;0.02313642;0.9858062
760;0.02293545;0.9856354
768;0.02305335;0.9860228
776;0.02312451;0.9859812
784;0.02316035;0.9860543
792;0.02318588;0.986113
800;0.02320163;0.9859263
808;0.02324766;0.9859949
816;0.0232842;0.9860533
824;0.02325362;0.9856973
832;0.02304275;0.9855447
840;0.02327996;0.9858633
848;0.02333154;0.9859267
856;0.02337838;0.9859792
864;0.02331963;0.9856199
872;0.02314157;0.9854527
880;0.02334608;0.9857954
888;0.02341805;0.9857104
896;0.0234023;0.9858507
904;0.0234556;0.9859009
912;0.02347811;0.9857597
920;0.02353443;0.9858016
928;0.01139515;0.9864545
936;0.01128608;0.9864749
944;0.01130402;0.9865327
952;0.01141264;0.986511
960;0.01132444;0.9865999
968;0.01150469;0.9864342
976;0.01144241;0.986575
984;0.01152042;0.9864935
992;0.01145826;0.9866375
1000;0.01159241;0.9866028
1008;0.01134061;0.9866625
1016;0.01136746;0.9867725
1024;0.01148286;0.9867463
1032;0.01160344;0.9867224
1040;0.01173807;0.9867003
1048;0.01162562;0.9864724
1056;0.01160813;0.9864113
1064;0.01154434;0.9865538
1072;0.01164225;0.9865305
1080;0.01175169;0.9865592
1088;0.01189101;0.9866799
1096;0.01172237;0.9864475
1104;0.011707;0.9863914
1112;0.01173549;0.9865037
1120;0.01191658;0.9865127
1128;0.01206776;0.9866546
1136;0.01182369;0.9864798
1144;0.01181092;0.9864213
1152;0.01179812;0.9863732
1160;0.0119059;0.9864575
1168;0.01189313;0.9863992
1176;0.01188375;0.9863517
1184;0.01198179;0.986434
1192;0.01197111;0.986379
1200;0.01196256;0.9863335
1208;0.01204992;0.9864746
1216;0.01218023;0.9864426
1224;0.01224248;0.986639
1232;0.01240222;0.9866515
1240;0.01203455;0.9863611
1248;0.01202953;0.9863198
1256;0.01208956;0.9863082
1264;0.01204394;0.986413
1272;0.01210609;0.9863935
1280;0.01209554;0.9863436
1288;0.01214104;0.9862971
1296;0.01215219;0.9863274
1304;0.01217554;0.9862899
1312;0.01216792;0.9863735
1320;0.01221354;0.9863018
1328;0.01220075;0.9862833
1336;0.01228589;0.9863329
1344;0.01222502;0.9862841
1352;0.01229104;0.9864342
1360;0.01248701;0.9864758
1368;0.01244093;0.9865803
1376;0.01256231;0.9866722
1384;0.01276767;0.9867046
1392;0.01283371;0.9864751
1400;0.01229868;0.9862858
1408;0.01250826;0.9863231
1416;0.0128567;0.9862789
1424;0.0121909;0.9862661
1432;0.01217001;0.9862761
1440;0.01251717;0.9862059
1448;0.01229104;0.9862247
1456;0.01252408;0.986095
1464;0.01288063;0.9860663
1472;0.01270375;0.9860278
1480;0.01249206;0.9859704
1488;0.01212908;0.9862378
1496;0.01213342;0.9862608
1504;0.01215255;0.9861764
1512;0.01235193;0.986097
1520;0.01215043;0.986044
1528;0.01232601;0.9859005
1536;0.01208863;0.9862155
1544;0.01208699;0.9862449
1552;0.01209426;0.9861541
1560;0.01203246;0.9861917
1568;0.01202986;0.9862264
1576;0.01199927;0.9859775
1584;0.01218457;0.9858203
1592;0.01203162;0.9861304
1600;0.01196044;0.9861684
1608;0.01195963;0.9862077
1616;0.01195879;0.9860986
1624;0.01188468;0.9861408
1632;0.01187905;0.9861859
1640;0.01186285;0.9858946
1648;0.01205544;0.9857297
1656;0.01189147;0.9860637
1664;0.01180201;0.9860998
1672;0.01178664;0.9861541
1680;0.01173774;0.9858062
1688;0.01193921;0.9856354
1696;0.01182111;0.9860228
1704;0.01174957;0.9859812
1712;0.01171381;0.9860543
1720;0.01168822;0.986113
1728;0.01167288;0.9859263
1736;0.01162655;0.9859949
1744;0.01158983;0.9860533
1752;0.01162057;0.9856973
1760;0.01183143;0.9855447
1768;0.01159405;0.9858633
1776;0.01154257;0.9859267
1784;0.01149566;0.9859792
1792;0.01155453;0.9856199
1800;0.01173256;0.9854527
1808;0.01152803;0.9857954
1816;0.01145649;0.9857104
1824;0.01147231;0.9858507
1832;0.01141862;0.9859009
1840;0.01139608;0.9857597
1848;0.01133981;0.9858016
1856;0.02567687;0.9865551
1864;0.02643543;0.9865551
1872;0.02643543;0.9855958
1880;0.02575722;0.9856087
1888;0.02499826;0.9864439
1896;0.02583868;0.9847041
1904;0.02643543;0.9846715
1912;0.0251856;0.9855496
1920;0.02411897;0.9859517
1928;0.02590338;0.983832
1936;0.02643543;0.9838377
1944;0.02534932;0.9846985
1952;0.02444834;0.9851991
1960;0.02343319;0.9851609
1968;0.02597626;0.982888
1976;0.02643543;0.9828587
1984;0.02643543;0.982251
1992;0.02549569;0.9838061
2000;0.0247133;0.9844974
2008;0.02384048;0.9846381
2016;0.02308898;0.9845186
2024;0.0257334;0.9821438
2032;0.02643543;0.9814992
2040;0.02563508;0.9828552
2048;0.02494032;0.9836774
2056;0.02418842;0.9840583
2064;0.02349627;0.9841586
2072;0.02268351;0.983827
2080;0.02516319;0.9827503
2088;0.0253041;0.9820004
2096;0.02443501;0.9834111
2104;0.02470099;0.9825757
2112;0.02385542;0.9836543
2120;0.02318397;0.9835124
2128;0.02415006;0.9831153
2136;0.02586089;0.9812245
2144;0.02594265;0.9801582
2152;0.02643543;0.9805131
2160;0.02542836;0.9810156
2168;0.02490196;0.9818269
2176;0.02361124;0.9831136
2184;0.02434891;0.9822657
2192;0.0259916;0.9789927
2200;0.02643543;0.9793903
2208;0.02394828;0.982764
2216;0.02379536;0.9823872
2224;0.02329086;0.9828043
2232;0.02600826;0.9780146
2240;0.02643543;0.9783998
2248;0.02272863;0.9831145
2256;0.0259916;0.9770246
2264;0.02643543;0.9774265
2272;0.0259482;0.9762055
2280;0.02643543;0.9764838
2288;0.02602017;0.9752482
2296;0.02643543;0.9754846
2304;0.02643543;0.9742852
2312;0.02557109;0.9760729
2320;0.02559754;0.9768353
2328;0.0259699;0.9741653
2336;0.02643543;0.9729587
2344;0.02547833;0.9750606
2352;0.02594729;0.9729989
2360;0.02643543;0.9717978
2368;0.02559854;0.9778107
2376;0.02523123;0.975998
2384;0.02540666;0.974028
2392;0.02593074;0.9719079
2400;0.02643543;0.970693
2408;0.02523466;0.9767805
2416;0.02557664;0.978753
2424;0.02509455;0.9749695
2432;0.02536749;0.9729744
2440;0.02593366;0.9708449
2448;0.02643543;0.9696105
2456;0.02522012;0.9777571
2464;0.02495445;0.9759321
2472;0.0249927;0.9739453
2480;0.02535054;0.9719362
2488;0.02595627;0.9698215
2496;0.02643543;0.9687893
2504;0.02601331;0.9687893
2512;0.02536679;0.9709026
2520;0.02542039;0.96986
2528;0.02552042;0.9687893
2536;0.02493053;0.9729228
2544;0.02480526;0.9748952
2552;0.02490529;0.9719088
2560;0.0249816;0.9698578
2568;0.02512181;0.9687893
2576;0.02492366;0.970891
2584;0.02452586;0.9738352
2592;0.0244768;0.9698477
2600;0.02457481;0.9687893
2608;0.02444571;0.9728451
2616;0.0244121;0.9718615
2624;0.02442018;0.9708662
2632;0.0238209;0.9698234
2640;0.02381918;0.9687893
2648;0.02381706;0.9708202
2656;0.02384815;0.9717849
2664;0.02391497;0.9727352
2672;0.02331468;0.9697905
2680;0.02337656;0.9687893
2688;0.02332589;0.9707624
2696;0.02338928;0.971701
2704;0.0228433;0.9697633
2712;0.02293051;0.9687893
2720;0.02284703;0.9706987
2728;0.02235374;0.9697359
2736;0.02250111;0.9687893
2744;0.02401339;0.9736903
2752;0.02349658;0.9726275
2760;0.02291981;0.9716028
2768;0.02236151;0.9706403
2776;0.02179877;0.9696962
2784;0.02193716;0.9687893
2792;0.02363678;0.9735448
2800;0.02304164;0.9724931
2808;0.0224577;0.9715067
2816;0.02183148;0.9705911
2824;0.02117113;0.9696338
2832;0.0213292;0.9687893
2840;0.02319255;0.9733593
2848;0.02260346;0.972349
2856;0.0219734;0.9714611
2864;0.02125461;0.9705383
2872;0.02049382;0.9696231
2880;0.0200027;0.9687893
2888;0.02283421;0.9730136
2896;0.02221192;0.9723474
2904;0.02255057;0.9732882
2912;0.02146052;0.9714521
2920;0.02069621;0.9705168
2928;0.02178424;0.9723908
2936;0.02097268;0.9714718
2944;0.0230912;0.9742436
2952;0.02219021;0.9733684
2960;0.02139138;0.9725839
2968;0.02374792;0.9744545
2976;0.02263576;0.974349
2984;0.02173982;0.9735135
2992;0.02413906;0.9746497
3000;0.02229752;0.974515
3008;0.02448104;0.9747862
3016;0.02461065;0.9757597
3024;0.02427533;0.9755791
3032;0.02390266;0.9753973
3040;0.0234021;0.975237
3048;0.02294878;0.9752135
3056;0.02262688;0.9752921
3064;0.02461771;0.9764601
3072;0.0243048;0.9762889
3080;0.02401339;0.9762617
3088;0.0235853;0.9759876
3096;0.0231771;0.9758888
3104;0.02283683;0.975894
3112;0.0249599;0.9768004
3120;0.02410232;0.9772192
3128;0.02372803;0.9769332
3136;0.02334799;0.9765735
3144;0.02437586;0.9772345
3152;0.02464517;0.977352
3160;0.02490236;0.9778658
3168;0.02296755;0.9764018
3176;0.02518176;0.9786577
3184;0.02416207;0.9780643
3192;0.02437243;0.977983
3200;0.0246271;0.9779339
3208;0.02389236;0.9778823
3216;0.02358611;0.97744
3224;0.02333739;0.977097
3232;0.02372702;0.9778907
3240;0.02455352;0.9787207
3248;0.02432852;0.9787171
3256;0.02412967;0.9787415
3264;0.02392951;0.9785529
3272;0.02378809;0.978408
3280;0.02486027;0.9786835
3288;0.02360953;0.9779501
3296;0.02367817;0.9783407
3304;0.0234668;0.9775872
3312;0.02353544;0.9780164
3320;0.02388691;0.9791476
3328;0.02377789;0.9789401
3336;0.02369725;0.9787501
3344;0.02359933;0.9783442
3352;0.02405972;0.9793719
3360;0.02424555;0.9794518
3368;0.02445308;0.9795566
3376;0.02477548;0.9796596
3384;0.02513846;0.9797413
3392;0.02555585;0.9799079
3400;0.02501229;0.9808215
3408;0.0246596;0.9806333
3416;0.02455947;0.9815795
3424;0.02433195;0.9803667
3432;0.02424595;0.9811652
3440;0.02400521;0.9817028
3448;0.02412321;0.9801627
3456;0.02404539;0.9808694
3464;0.02383109;0.981349
3472;0.02363173;0.9819944
3480;0.02393799;0.9799943
3488;0.02385148;0.9805932
3496;0.0237352;0.9797524
3504;0.02368412;0.9810172
3512;0.02362871;0.9803892
3520;0.02354271;0.9806888
3528;0.02371652;0.9793154
3536;0.0234459;0.9802808
3544;0.02324322;0.9804156
3552;0.02330075;0.9808687
3560;0.02341492;0.9813111
3568;0.02359933;0.9796796
3576;0.02366878;0.9791309
3584;0.02343238;0.9799273
3592;0.02357632;0.9795166
3600;0.02351929;0.9816668
3608;0.02302933;0.9809663
3616;0.02342723;0.9798173
3624;0.02322273;0.980028
3632;0.02322485;0.9823149
3640;0.02311624;0.9814349
3648;0.02322232;0.9801102
3656;0.0230161;0.9801941
3664;0.02294504;0.9805267
3672;0.02276053;0.9825422
3680;0.02316358;0.981856
3688;0.02271369;0.9809923
3696;0.02276779;0.9820215
3704;0.0227797;0.9815292
3712;0.02282735;0.9801984
3720;0.02301954;0.9801068
3728;0.02259821;0.9804164
3736;0.02234142;0.9821072
3744;0.02238866;0.9815372
3752;0.02236525;0.9809747
3760;0.0223064;0.9804833
3768;0.0222958;0.9826477
3776;0.02224462;0.9831972
3784;0.02216629;0.9838072
3792;0.02236484;0.9848919
3800;0.02182986;0.9845874
3808;0.0218878;0.9857322
3816;0.02141308;0.9852412
3824;0.02082349;0.9864724
3832;0.02045002;0.9858435
3840;0.0194767;0.9867095
3848;0.02088537;0.9845585
3856;0.02137361;0.9838715
3864;0.02161688;0.9831161
3872;0.02171297;0.9826133
3880;0.0192931;0.9861054
3888;0.01834098;0.9867095
3896;0.02080058;0.9835817
3904;0.01995803;0.9850314
3912;0.01828476;0.9861798
3920;0.01746917;0.9867095
3928;0.02180251;0.9820837
3936;0.02109361;0.9829384
3944;0.02032818;0.9841073
3952;0.01897912;0.9852961
3960;0.01957548;0.9844854
3968;0.01990055;0.983765
3976;0.0218988;0.9815249
3984;0.02122695;0.9824276
3992;0.02031668;0.9833183
4000;0.02194261;0.9809377
4008;0.02058154;0.982764
4016;0.02193242;0.9804608
4024;0.02141308;0.9814249
4032;0.02131224;0.9819582
4040;0.0215329;0.9809055
4048;0.02069237;0.982246
4056;0.02108049;0.9812469
4064;0.02160567;0.9804103
4072;0.02068046;0.9816016
4080;0.02123977;0.9807972
4088;0.02078433;0.9810115
4096;0.02191152;0.9799871
4104;0.02164958;0.9799788
4112;0.02220172;0.9799737
4120;0.02135181;0.9803531
4128;0.02098247;0.9806577
4136;0.02141954;0.9799484
4144;0.02112692;0.9802727
4152;0.02167684;0.9796251
4160;0.02146133;0.9795904
4168;0.02189709;0.9796462
4176;0.02120817;0.9798986
4184;0.02077837;0.980518
4192;0.02092322;0.9801862
4200;0.02059224;0.9808162
4208;0.02099913;0.9798406
4216;0.02125087;0.9795439
4224;0.02105061;0.9794989
4232;0.02046879;0.9812299
4240;0.02034524;0.9810114
4248;0.02150564;0.979254
4256;0.02128751;0.9792066
4264;0.02107029;0.9791503
4272;0.02017021;0.9813566
4280;0.02008456;0.9811089
4288;0.02026313;0.9817096
4296;0.02170752;0.9792891
4304;0.02131729;0.9788778
4312;0.02108644;0.9788036
4320;0.02155369;0.9789292
4328;0.01987875;0.9814086
4336;0.0198366;0.981173
4344;0.02137059;0.9785583
4352;0.01991544;0.9817215
4360;0.01961772;0.9814092
4368;0.01960364;0.9811922
4376;0.0211359;0.9784502
4384;0.02077413;0.978657
4392;0.0196211;0.981696
4400;0.01938465;0.9813976
4408;0.01938546;0.9811896
4416;0.02081249;0.9782839
4424;0.02048656;0.9784729
4432;0.01936769;0.981667
4440;0.01915713;0.981382
4448;0.01916828;0.981172
4456;0.02045728;0.9780889
4464;0.02015356;0.9782529
4472;0.01913376;0.9816362
4480;0.01894203;0.9813635
4488;0.01896035;0.981148
4496;0.02006276;0.9778907
4504;0.01986093;0.978245
4512;0.01891614;0.9816107
4520;0.01873086;0.9813409
4528;0.01875256;0.9811157
4536;0.01870739;0.9815837
4544;0.01851399;0.981323
4552;0.0185203;0.981092
4560;0.01827028;0.9813098
4568;0.01826775;0.9810826
4576;0.01799209;0.9810904
4584;0.01850541;0.9815679
4592;0.01868524;0.9818621
4600;0.01888495;0.9818879
4608;0.01909889;0.9819207
4616;0.01934291;0.9819678
4624;0.01906472;0.9822359
4632;0.01959163;0.9820284
4640;0.01886496;0.9822148
4648;0.01929774;0.9822872
4656;0.01928881;0.9826152
4664;0.01987537;0.9820889
4672;0.01953924;0.9823607
4680;0.01882741;0.9825492
4688;0.01866692;0.9821932
4696;0.02026424;0.9821719
4704;0.01977352;0.9824421
4712;0.02018293;0.9826185
4720;0.01957381;0.9828315
4728;0.01995334;0.9831027
4736;0.01926705;0.983155
4744;0.01958951;0.983505
4752;0.01928709;0.9840935
4760;0.0190089;0.9828484
4768;0.01905538;0.9838033
4776;0.01872011;0.9847275
4784;0.01881777;0.9833958
4792;0.01861402;0.9830018
4800;0.01854503;0.984331
4808;0.01817827;0.9853837
4816;0.01841048;0.9840161
4824;0.01809777;0.9848049
4832;0.01746917;0.9861634
4840;0.01844404;0.9826123
4848;0.01827618;0.9835703
4856;0.01801348;0.9844093
4864;0.01746917;0.9854039
4872;0.01665358;0.9861798
4880;0.01659735;0.9867095
4888;0.01816379;0.9831343
4896;0.01794823;0.9840997
4904;0.01746917;0.9848331
4912;0.01676007;0.9853837
4920;0.01564524;0.9861054
4928;0.01546163;0.9867095
4936;0.01788221;0.9836358
4944;0.01746917;0.9844369
4952;0.01684056;0.9848049
4960;0.01595921;0.9852961
4968;0.01448832;0.9858435
4976;0.01411484;0.9864724
4984;0.01746917;0.984149
4992;0.01692485;0.9844093
5000;0.01621822;0.9847275
5008;0.0149803;0.9850314
5016;0.01352525;0.9852412
5024;0.01305053;0.9857322
5032;0.01405296;0.9845585
5040;0.01310847;0.9845874
5048;0.01257349;0.9848919
5056;0.01536286;0.9844854
5064;0.0163933;0.984331
5072;0.01277204;0.9838072
5080;0.01225483;0.983827
5088;0.01356472;0.9838715
5096;0.01461015;0.9841073
5104;0.01565124;0.9840935
5112;0.01413775;0.9835817
5120;0.01503778;0.983765
5128;0.01332146;0.9831161
5136;0.01269371;0.9831972
5144;0.01588295;0.9838033
5152;0.01534883;0.983505
5160;0.01462166;0.9833183
5168;0.01384472;0.9829384
5176;0.01322536;0.9826133
5184;0.01652785;0.9840161
5192;0.01699011;0.9840997
5200;0.01498499;0.9831027
5208;0.01435679;0.982764
5216;0.01567128;0.983155
5224;0.01612056;0.9833958
5232;0.01666215;0.9835703
5240;0.01705612;0.9836358
5248;0.01371139;0.9824276
5256;0.01746917;0.9836617
5264;0.0178268;0.983189
5272;0.01806279;0.9826856
5280;0.01632431;0.9830018
5288;0.01677455;0.9831343
5296;0.01711154;0.983189
5304;0.01746917;0.9832162
5312;0.0177736;0.9827133
5320;0.01592943;0.9828484
5328;0.01564953;0.9826152
5336;0.01611092;0.9825492
5344;0.01649429;0.9826123
5352;0.01687554;0.9826856
5360;0.01716473;0.9827133
5368;0.01746917;0.9827241
5376;0.01536452;0.9828315
5384;0.0147554;0.9826185
5392;0.01516481;0.9824421
5400;0.01424596;0.982246
5408;0.0146741;0.9821719
5416;0.01691975;0.9821712
5424;0.0172039;0.9821697
5432;0.0166612;0.9821768
5440;0.01362609;0.9819582
5448;0.01425787;0.9816016
5456;0.01313583;0.9820837
5464;0.01264253;0.9826477
5472;0.01220971;0.9831145
5480;0.01666972;0.9818331
5488;0.0164844;0.9821841
5496;0.01627142;0.9821932
5504;0.01692409;0.9818349
5512;0.01644392;0.9818444
5520;0.01607337;0.9822148
5528;0.0162531;0.9818621
5536;0.01587361;0.9822359
5544;0.01605339;0.9818879
5552;0.01666806;0.981562
5560;0.01692409;0.9815592
5568;0.01643292;0.9815679
5576;0.0172099;0.9818327
5584;0.01721202;0.981562
5592;0.01746917;0.981562
5600;0.01746917;0.9818361
5608;0.01721884;0.9812992
5616;0.01693096;0.9813055
5624;0.01666806;0.9813098
5632;0.01746917;0.982169
5640;0.01773444;0.9821697
5648;0.01772843;0.9818327
5656;0.01801858;0.9821712
5664;0.01801424;0.9818349
5672;0.01827714;0.9821768
5680;0.01826861;0.9818331
5688;0.01845393;0.9821841
5696;0.01849441;0.9818444
5704;0.01827028;0.981562
5712;0.01772631;0.981562
5720;0.01801424;0.9815592
5728;0.01800738;0.9813055
5736;0.0177195;0.9812992
5744;0.01771652;0.9810904
5752;0.01746917;0.9812961
5760;0.01746917;0.981088
5768;0.01770759;0.9808966
5776;0.01722182;0.9810904
5784;0.01694625;0.9810904
5792;0.01667058;0.9810826
5800;0.01723075;0.9808966
5808;0.01641803;0.981092
5816;0.01746917;0.9808955
5824;0.01769527;0.9807271
5832;0.01724306;0.9807271
5840;0.01642434;0.981323
5848;0.01618577;0.9811157
5856;0.01746917;0.9807218
5864;0.01767942;0.9806006
5872;0.01725891;0.9806006
5880;0.01746917;0.9805959
5888;0.01765772;0.9804684
5896;0.01728061;0.9804684
5904;0.01746917;0.9804643
5912;0.01763339;0.9803295
5920;0.01730494;0.9803295
5928;0.01746917;0.9803264
5936;0.01761169;0.9802016
5944;0.01732664;0.9802016
5952;0.01746917;0.9801989
5960;0.01759251;0.9800731
5968;0.01734582;0.9800731
5976;0.01746917;0.9800712
5984;0.01757839;0.9799471
5992;0.01735995;0.9799471
6000;0.01746917;0.9799478
6008;0.01756738;0.9798043
6016;0.01737095;0.9798043
6024;0.01746917;0.9798043
6032;0.01746917;0.9796604
6040;0.01756354;0.9796612
6048;0.01737479;0.9796612
6056;0.01746917;0.9795207
6064;0.01757127;0.9795169
6072;0.01766292;0.9796455
6080;0.01736706;0.9795169
6088;0.01727542;0.9796455
6096;0.01767468;0.9794968
6104;0.01776972;0.979619
6112;0.01777653;0.9794637
6120;0.01746917;0.9793938
6128;0.01726365;0.9794968
6136;0.01716862;0.979619
6144;0.01716181;0.9794637
6152;0.0176825;0.9793391
6160;0.01779863;0.9792826
6168;0.01758065;0.9793755
6176;0.01735768;0.9793755
6184;0.01725583;0.9793391
6192;0.0171397;0.9792826
6200;0.01746917;0.9792644
6208;0.01758403;0.9792371
6216;0.01768795;0.9791827
6224;0.01735429;0.9792371
6232;0.01725038;0.9791827
6240;0.01746917;0.9791242
6248;0.01780076;0.9791154
6256;0.01792264;0.9792061
6264;0.01757839;0.9790955
6272;0.01735995;0.9790955
6280;0.01713758;0.9791154
6288;0.0170157;0.9792061
6296;0.01768795;0.9790354
6304;0.01791244;0.9789956
6312;0.01806123;0.978977
6320;0.01746917;0.978977
6328;0.01725038;0.9790354
6336;0.01702589;0.9789956
6344;0.01687711;0.978977
6352;0.01779737;0.9789554
6360;0.01802908;0.978848
6368;0.01818518;0.9788254
6376;0.01735768;0.9789518
6384;0.01714096;0.9789554
6392;0.01690926;0.978848
6400;0.01675315;0.9788254
6408;0.01789755;0.9788449
6416;0.01814496;0.9787171
6424;0.01832821;0.9787199
6432;0.01724871;0.9788918
6440;0.01704078;0.9788449
6448;0.01679338;0.9787171
6456;0.01661012;0.9787199
6464;0.01799642;0.9787065
6472;0.01827209;0.978593
6480;0.01847856;0.9786342
6488;0.01715146;0.9788102
6496;0.01694191;0.9787065
6504;0.01666624;0.978593
6512;0.01645977;0.9786342
6520;0.01810418;0.9785963
6528;0.01705991;0.9787154
6536;0.01683415;0.9785963
6544;0.01696719;0.9786018
6552;0.01652826;0.978503
6560;0.01671913;0.9784837
6568;0.01687418;0.9784859
6576;0.01637549;0.9784148
6584;0.01630008;0.9785595
6592;0.01621782;0.978344
6600;0.01612657;0.9785018
6608;0.01605167;0.9782691
6616;0.0159473;0.9784408
6624;0.01586473;0.978195
6632;0.0157539;0.9783854
6640;0.01565543;0.9781281
6648;0.01554738;0.9783322
6656;0.01543993;0.9780418
6664;0.01532112;0.9782887
6672;0.01519797;0.977962
6680;0.0150774;0.978245
6688;0.01487557;0.9778907
6696;0.01478478;0.9782529
6704;0.01448105;0.9780889
6712;0.01445178;0.9784729
6720;0.01412584;0.9782839
6728;0.0141642;0.978657
6736;0.01380243;0.9784502
6744;0.01385189;0.9788036
6752;0.01578933;0.9779654
6760;0.01559118;0.9778632
6768;0.01539097;0.9777322
6776;0.01521493;0.9775599
6784;0.01598399;0.9780526
6792;0.01615524;0.9781342
6800;0.01631704;0.9782083
6808;0.01647042;0.9782909
6816;0.01660028;0.9783854
6824;0.01677919;0.978393
6832;0.0155289;0.9773029
6840;0.01565629;0.9774923
6848;0.01581648;0.9776412
6856;0.01508467;0.9773029
6864;0.01589663;0.9772954
6872;0.01599797;0.9777701
6880;0.01476645;0.9775194
6888;0.01603128;0.9774503
6896;0.01615892;0.977867
6904;0.01441342;0.9777195
6912;0.01618032;0.9776008
6920;0.01630594;0.9779743
6928;0.01632557;0.9777322
6936;0.01644145;0.9780805
6944;0.01644392;0.9778531
6952;0.0165603;0.9781814
6960;0.01655723;0.9779686
6968;0.01667154;0.978283
6976;0.01664762;0.9780769
6984;0.0163285;0.9774686
6992;0.01645932;0.9776129
7000;0.01657388;0.9777299
7008;0.01663107;0.9778852
7016;0.01670092;0.9780183
7024;0.01673675;0.9781924
7032;0.01682951;0.9783077
7040;0.01618789;0.9773029
7048;0.01690239;0.9783894
7056;0.01607297;0.9771407
7064;0.01698491;0.9784819
7072;0.01577479;0.9771208
7080;0.0170761;0.9785894
7088;0.01542554;0.9770806
7096;0.0171664;0.9786819
7104;0.01500629;0.9770155
7112;0.01725038;0.9787511
7120;0.01468641;0.977226
7128;0.01735768;0.9788079
7136;0.01746917;0.9788334
7144;0.01758065;0.9789518
7152;0.01768962;0.9788918
7160;0.01758065;0.9788079
7168;0.01746917;0.9786911
7176;0.01736157;0.9786677
7184;0.01778688;0.9788102
7192;0.01768795;0.9787511
7200;0.01757677;0.9786677
7208;0.01787843;0.9787154
7216;0.01777194;0.9786819
7224;0.01797114;0.9786018
7232;0.01725583;0.9786134
7240;0.01746917;0.978542
7248;0.0176825;0.9786134
7256;0.01786222;0.9785894
7264;0.0171716;0.9785529
7272;0.01736328;0.9785239
7280;0.01757505;0.9785239
7288;0.01776674;0.9785529
7296;0.01708413;0.978471
7304;0.01725583;0.9784747
7312;0.01746917;0.9783801
7320;0.0176825;0.9784747
7328;0.0171724;0.9784157
7336;0.01699641;0.9783843
7344;0.01736328;0.9783674
7352;0.01757505;0.9783674
7360;0.01709059;0.9783525
7368;0.01693424;0.9783214
7376;0.01700293;0.9782839
7384;0.01686691;0.9782507
7392;0.01689336;0.9781835
7400;0.01678056;0.9781384
7408;0.01710165;0.9782358
7416;0.01700843;0.9781806
7424;0.01680781;0.9780785
7432;0.01690577;0.9780873
7440;0.01718305;0.9782764
7448;0.01726492;0.9783291
7456;0.01702201;0.9780555
7464;0.01710891;0.9781018
7472;0.01692884;0.9779782
7480;0.01719451;0.9781438
7488;0.01735768;0.9782163
7496;0.01726492;0.9781855
7504;0.01746917;0.9782182
7512;0.01703947;0.9779222
7520;0.01712037;0.9779705
7528;0.01694539;0.9778575
7536;0.01720572;0.9780134
7544;0.01707055;0.9777955
7552;0.01713995;0.9778453
7560;0.01746917;0.9780743
7568;0.01758065;0.9782163
7576;0.01735429;0.9780719
7584;0.01727511;0.9780524
7592;0.01767342;0.9783291
7600;0.01776593;0.9784157
7608;0.0178542;0.978471
7616;0.01795343;0.9784819
7624;0.01806416;0.9784859
7632;0.0182192;0.9784837
7640;0.01841008;0.978503
7648;0.01856285;0.9784148
7656;0.01863825;0.9785595
7664;0.01872052;0.978344
7672;0.01881176;0.9785018
7680;0.01888666;0.9782691
7688;0.01899103;0.9784408
7696;0.0190736;0.978195
7704;0.01918443;0.9783854
7712;0.0192829;0.9781281
7720;0.01939096;0.9783322
7728;0.01949841;0.9780418
7736;0.01961721;0.9782887
7744;0.01974036;0.977962
7752;0.01862129;0.9782083
7760;0.0187831;0.9781342
7768;0.01895434;0.9780526
7776;0.01914901;0.9779654
7784;0.01934715;0.9778632
7792;0.01954736;0.9777322
7800;0.0197234;0.9775599
7808;0.01846791;0.9782909
7816;0.01833805;0.9783854
7824;0.01815914;0.978393
7832;0.01803594;0.9783894
7840;0.01794192;0.9783843
7848;0.01784774;0.9783525
7856;0.01849689;0.9780805
7864;0.01837803;0.9781814
7872;0.01826679;0.978283
7880;0.01810882;0.9783077
7888;0.0180041;0.9783214
7896;0.01793541;0.9782839
7904;0.01783669;0.9782358
7912;0.0186324;0.9779743
7920;0.01775528;0.9782764
7928;0.01877941;0.977867
7936;0.01894036;0.9777701
7944;0.01912185;0.9776412
7952;0.01928204;0.9774923
7960;0.01940943;0.9773029
7968;0.01904171;0.9772954
7976;0.01890705;0.9774503
7984;0.01875801;0.9776008
7992;0.01861276;0.9777322
8000;0.01985367;0.9773029
8008;0.01849441;0.9778531
8016;0.02017188;0.9775194
8024;0.0183811;0.9779686
8032;0.02052491;0.9777195
8040;0.01829071;0.9780769
8048;0.01820158;0.9781924
8056;0.01823742;0.9780183
8064;0.01830727;0.9778852
8072;0.01836445;0.9777299
8080;0.01807142;0.9782507
8088;0.01815778;0.9781384
8096;0.01804498;0.9781835
8104;0.01847902;0.9776129
8112;0.01813053;0.9780785
8120;0.0179299;0.9781806
8128;0.01860984;0.9774686
8136;0.01803256;0.9780873
8144;0.01875044;0.9773029
8152;0.01886536;0.9771407
8160;0.01916354;0.9771208
8168;0.01951279;0.9770806
8176;0.01993205;0.9770155
8184;0.02025192;0.977226
8192;0.01860847;0.9771701
8200;0.01871971;0.9770118
8208;0.01848028;0.9773405
8216;0.01838323;0.9774925
8224;0.01836097;0.9771867
8232;0.01829536;0.9776144
8240;0.01829379;0.9773743
8248;0.01826854;0.9778408
8256;0.01855053;0.9768378
8264;0.01841048;0.9769604
8272;0.01865879;0.9767078
8280;0.01823187;0.9770125
8288;0.01881257;0.9768476
8296;0.0187461;0.9765713
8304;0.01818634;0.9772612
8312;0.01815187;0.9774034
8320;0.01807218;0.9770113
8328;0.01805648;0.9771861
8336;0.01795595;0.9770079
8344;0.01896161;0.9769716
8352;0.01925812;0.9769224
8360;0.01905452;0.9767913
8368;0.01959889;0.976819
8376;0.01824605;0.9775136
8384;0.01825666;0.9776516
8392;0.01889433;0.9766753
8400;0.01934755;0.976681
8408;0.01913416;0.9765936
8416;0.01896888;0.976518
8424;0.01881722;0.9764428
8432;0.01919251;0.9764137
8440;0.01901788;0.9763621
8448;0.0188687;0.9763211
8456;0.01905064;0.9762219
8464;0.01890241;0.9762044
8472;0.01940085;0.9764773
8480;0.01906179;0.9760925
8488;0.01891265;0.976092
8496;0.01922022;0.9762528
8504;0.0196641;0.9765754
8512;0.01904897;0.9759669
8520;0.01889867;0.9759817
8528;0.01922748;0.9761016
8536;0.0194332;0.9762964
8544;0.01998059;0.9767095
8552;0.01901062;0.9758393
8560;0.01885986;0.975871
8568;0.01920745;0.9759617
8576;0.01943502;0.9761143
8584;0.01969307;0.9763473
8592;0.01894511;0.9757066
8600;0.01879425;0.9757597
8608;0.01915627;0.9758177
8616;0.01940761;0.9759469
8624;0.01968797;0.9761306
8632;0.02002062;0.9764392
8640;0.01885219;0.9755791
8648;0.01870305;0.975654
8656;0.01908011;0.9756669
8664;0.0193421;0.9757869
8672;0.01964406;0.9759343
8680;0.01872516;0.9754666
8688;0.01858758;0.9755578
8696;0.0189765;0.975525
8704;0.01924192;0.9756193
8712;0.01858293;0.9753646
8720;0.01845944;0.9754705
8728;0.01883427;0.9753973
8736;0.01998998;0.9761454
8744;0.01955675;0.9757466
8752;0.01843601;0.9752741
8760;0.01832569;0.9753917
8768;0.01911418;0.9754611
8776;0.01991887;0.9759144
8784;0.02044022;0.9760536
8792;0.0204377;0.9765366
8800;0.01828693;0.9751952
8808;0.01819487;0.9753238
8816;0.02034605;0.9768953
8824;0.02062252;0.9774202
8832;0.02074486;0.97709
8840;0.02088365;0.9779193
8848;0.02099055;0.9776067
8856;0.02118354;0.9780873
8864;0.02082783;0.9767071
8872;0.02108725;0.9772938
8880;0.02144255;0.9782308
8888;0.02126369;0.9777721
8896;0.02152088;0.9779211
8904;0.02136927;0.9774491
8912;0.02116871;0.9769206
8920;0.0209425;0.976331
8928;0.02167593;0.9783219
8936;0.02176072;0.9780265
8944;0.02160184;0.9786235
8952;0.02174629;0.9789684
8960;0.02179877;0.9786677
8968;0.0218983;0.9793246
8976;0.02191495;0.9790131
8984;0.02213601;0.9796306
8992;0.02210623;0.9793494
9000;0.0223814;0.9798506
9008;0.02228267;0.9795439
9016;0.02260599;0.9800839
9024;0.02281221;0.9800885
9032;0.02195038;0.9787115
9040;0.02209897;0.9790746
9048;0.02223362;0.9792335
9056;0.0218664;0.9783854
9064;0.02194988;0.9781154
9072;0.02265202;0.9800147
9080;0.02254451;0.9799148
9088;0.02243217;0.9797372
9096;0.02267321;0.9798932
9104;0.02234778;0.9795059
9112;0.02256299;0.9798038
9120;0.02248112;0.9796743
9128;0.02207171;0.9782033
9136;0.02200186;0.9784466
9144;0.02211512;0.9784865
9152;0.02211723;0.9787961
9160;0.02221868;0.9789373
9168;0.02230822;0.9792662
9176;0.02241077;0.9795054
9184;0.02229701;0.9790056
9192;0.02258802;0.9796884
9200;0.02252887;0.9796002
9208;0.02265535;0.97974
9216;0.02220546;0.9787326
9224;0.02224805;0.9788506
9232;0.02218083;0.9786361
9240;0.02223957;0.978696
9248;0.02236615;0.9792948
9256;0.02234657;0.9790827
9264;0.02231064;0.9788764
9272;0.02227833;0.9787722
9280;0.02234395;0.9789305
9288;0.02223574;0.9785703
9296;0.02218426;0.9784842
9304;0.02227066;0.9786543
9312;0.02242652;0.9793198
9320;0.02239633;0.9791386
9328;0.02236484;0.9789512
9336;0.02247133;0.9794804
9344;0.02220717;0.9783747
9352;0.02224038;0.9784632
9360;0.02226431;0.9785513
9368;0.02218214;0.9782735
9376;0.02225108;0.9783843
9384;0.02227117;0.9784541
9392;0.0222532;0.9783055
9400;0.02228389;0.9783795
9408;0.02228732;0.9786286
9416;0.02228348;0.9785353
9424;0.02229448;0.9784552
9432;0.02230044;0.9787292
9440;0.02233627;0.9787908
9448;0.02235838;0.9788276
9456;0.02238109;0.9788561
9464;0.02239381;0.9789922
9472;0.02230428;0.9786047
9480;0.02230953;0.9786785
9488;0.02233759;0.9787076
9496;0.02235424;0.9786351
9504;0.02229883;0.9785205
9512;0.02237584;0.978719
9520;0.02234193;0.9784851
9528;0.02231457;0.9784483
9536;0.02239169;0.9787498
9544;0.02241895;0.9786589
9552;0.02241168;0.97878
9560;0.02231114;0.9783894
9568;0.02238866;0.9785765
9576;0.02233496;0.9783942
9584;0.02230953;0.9782799
9592;0.02241299;0.9789101
9600;0.0223709;0.9784678
9608;0.02233627;0.9782951
9616;0.0222634;0.9782186
9624;0.02234657;0.9781747
9632;0.02223362;0.9781119
9640;0.02230559;0.9780902
9648;0.02215135;0.9779965
9656;0.0222741;0.977985
9664;0.02204284;0.9778621
9672;0.02185964;0.9777327
9680;0.02163041;0.9776129
9688;0.02154309;0.9770585
9696;0.02129983;0.9766865
9704;0.02233032;0.977955
9712;0.02225189;0.9778912
9720;0.02222262;0.9777199
9728;0.02213521;0.9776154
9736;0.02196906;0.9774389
9744;0.02177061;0.9772477
9752;0.02238321;0.9780498
9760;0.02232517;0.9778235
9768;0.02239805;0.9779257
9776;0.02227581;0.9774624
9784;0.02221484;0.9773836
9792;0.02232517;0.9776517
9800;0.0224036;0.9777879
9808;0.02208827;0.9771824
9816;0.02246669;0.9779171
9824;0.02231064;0.9772946
9832;0.02235212;0.9774371
9840;0.02241602;0.977617
9848;0.02228056;0.977186
9856;0.02248153;0.9777862
9864;0.02192172;0.9769616
9872;0.02218759;0.976964
9880;0.02236777;0.9770471
9888;0.02173568;0.9767693
9896;0.02205385;0.976733
9904;0.02237716;0.9772331
9912;0.02250878;0.9769133
9920;0.02230559;0.9767926
9928;0.02249899;0.9771519
9936;0.02277042;0.9770029
9944;0.02244367;0.977404
9952;0.02147365;0.9764439
9960;0.02264132;0.9772677
9968;0.02250838;0.9776311
9976;0.0211575;0.9760685
9984;0.02255521;0.9774313
9992;0.02266897;0.9774917
10000;0.022597;0.9776698
10008;0.02081976;0.9757473
10016;0.02256167;0.9777997
10024;0.02137099;0.975808
10032;0.02104374;0.9754926
10040;0.02167169;0.9761682
10048;0.0218988;0.9764903
10056;0.02220637;0.9765036
10064;0.0224573;0.9766028
10072;0.02156701;0.9754633
10080;0.02186903;0.9758337
10088;0.02206919;0.9761701
10096;0.02122614;0.97516
10104;0.02236858;0.9762484
10112;0.0227044;0.9764158
10120;0.02257954;0.9760199
10128;0.02276012;0.9767579
10136;0.02169682;0.9750525
10144;0.02200832;0.9754192
10152;0.02223746;0.9758593
10160;0.02241006;0.9755578
10168;0.0221347;0.9749689
10176;0.02175315;0.9745499
10184;0.0230367;0.9768554
10192;0.02178424;0.9740801
10200;0.02134121;0.9742692
10208;0.02328753;0.9773268
10216;0.02132244;0.9738295
10224;0.02132839;0.9747732
10232;0.02089768;0.974049
10240;0.02106676;0.9732605
10248;0.02090122;0.9744893
10256;0.02085599;0.9736359
10264;0.02075415;0.9723405
10272;0.02083934;0.9748815
10280;0.02051946;0.9738867
10288;0.02063827;0.9730884
10296;0.02042488;0.9715067
10304;0.02069873;0.9752119
10312;0.02050836;0.9742823
10320;0.02046324;0.9734576
10328;0.02035028;0.9723251
10336;0.02005897;0.9706914
10344;0.02027196;0.9729551
10352;0.02008795;0.9733101
10360;0.01994602;0.9716815
10368;0.0200773;0.9724072
10376;0.02011354;0.9737105
10384;0.01993876;0.9728404
10392;0.01970412;0.97317
10400;0.01977322;0.9699069
10408;0.01940549;0.9710022
10416;0.0193421;0.9693083
10424;0.01915289;0.9701945
10432;0.01846443;0.969126
10440;0.0186707;0.9687893
10448;0.01746917;0.969108
10456;0.01746917;0.9687893
10464;0.01626763;0.9687893
10472;0.0164739;0.969126
10480;0.01493563;0.9687893
10488;0.01746917;0.9694321
10496;0.01817181;0.9694685
10504;0.01877422;0.9696815
10512;0.01559623;0.9693083
10520;0.01676653;0.9694685
10528;0.01746917;0.9697213
10536;0.01798265;0.9697593
10544;0.01840488;0.9699286
10552;0.01444451;0.9696231
10560;0.01360913;0.9687893
10568;0.01376721;0.9696338
10576;0.01300117;0.9687893
10584;0.01313956;0.9696962
10592;0.01243722;0.9687893
10600;0.0125846;0.9697359
10608;0.01200783;0.9687893
10616;0.01209504;0.9697633
10624;0.01156177;0.9687893
10632;0.01162365;0.9697905
10640;0.01111915;0.9687893
10648;0.01111744;0.9698234
10656;0.01036352;0.9687893
10664;0.01046153;0.9698477
10672;0.009816527;0.9687893
10680;0.009956732;0.9698578
10688;0.009417918;0.9687893
10696;0.009517949;0.96986
10704;0.008925028;0.9687893
10712;0.008982059;0.9698215
10720;0.008502897;0.9687893
10728;0.008502897;0.9696105
10736;0.009004667;0.9708449
10744;0.008502897;0.970693
10752;0.009571545;0.9709026
10760;0.01001467;0.970891
10768;0.01051816;0.9708662
10776;0.01112127;0.9708202
10784;0.009007595;0.9719079
10792;0.008502897;0.9717978
10800;0.009587798;0.9719362
10808;0.01003304;0.9719088
10816;0.01052623;0.9718615
10824;0.00899104;0.9729989
10832;0.008502897;0.9729587
10840;0.009570841;0.9729744
10848;0.01000781;0.9729228
10856;0.008968432;0.9741653
10864;0.008502897;0.9742852
10872;0.009531673;0.974028
10880;0.008918162;0.9752482
10888;0.008502897;0.9754846
10896;0.008502897;0.9764838
10904;0.01049262;0.9728451
10912;0.009945627;0.9739453
10920;0.009460006;0.9750606
10928;0.008990135;0.9762055
10936;0.008502897;0.9774265
10944;0.009367246;0.9760729
10952;0.008946732;0.9770246
10960;0.008502897;0.9783998
10968;0.009843782;0.9749695
10976;0.01041248;0.9738352
10984;0.009707108;0.975998
10992;0.008930076;0.9780146
11000;0.008502897;0.9793903
11008;0.009340797;0.9768353
11016;0.01013307;0.9748952
11024;0.008946732;0.9789927
11032;0.008502897;0.9805131
11040;0.009983886;0.9759321
11048;0.009339791;0.9778107
11056;0.009703677;0.9767805
11064;0.008995686;0.9801582
11072;0.008502897;0.9814992
11080;0.009361692;0.978753
11088;0.009718213;0.9777571
11096;0.009978432;0.9768004
11104;0.01032769;0.9757597
11112;0.01032062;0.9764601
11120;0.01045729;0.9747862
11128;0.01003597;0.9778658
11136;0.009756569;0.9786577
11144;0.01029316;0.977352
11152;0.01063353;0.9762889
11160;0.01066301;0.9755791
11168;0.01079927;0.9746497
11176;0.01056247;0.9772345
11184;0.01092494;0.9736903
11192;0.01102336;0.9727352
11200;0.01109018;0.9717849
11208;0.01103568;0.9753973
11216;0.01092494;0.9762617
11224;0.01119041;0.9744545
11232;0.01130155;0.9735448
11240;0.01144176;0.9726275
11248;0.01154906;0.971701
11256;0.01083602;0.9772192
11264;0.01161245;0.9707624
11272;0.0120913;0.9706987
11280;0.01201852;0.9716028
11288;0.01189669;0.9724931
11296;0.01257682;0.9706403
11304;0.01248063;0.9715067
11312;0.01310686;0.9705911
11320;0.01174579;0.9733593
11328;0.01233487;0.972349
11336;0.01296493;0.9714611
11344;0.01368373;0.9705383
11352;0.01184713;0.9742436
11360;0.01210412;0.9730136
11368;0.01238776;0.9732882
11376;0.01272641;0.9723474
11384;0.01347781;0.9714521
11392;0.01424213;0.9705168
11400;0.0131541;0.9723908
11408;0.01274812;0.9733684
11416;0.01396565;0.9714718
11424;0.01354695;0.9725839
11432;0.01230257;0.974349
11440;0.01319851;0.9735135
11448;0.01264082;0.974515
11456;0.01487936;0.9706914
11464;0.01451345;0.9715067
11472;0.01418418;0.9723405
11480;0.01387158;0.9732605
11488;0.01516512;0.9699069
11496;0.01458805;0.9723251
11504;0.01499231;0.9716815
11512;0.01553284;0.9710022
11520;0.01578544;0.9701945
11528;0.01430006;0.9730884
11536;0.01616412;0.9696815
11544;0.01695569;0.9697593
11552;0.01653346;0.9699286
11560;0.01746917;0.9699978
11568;0.01626975;0.970311
11576;0.01674482;0.9700851
11584;0.01704845;0.970018
11592;0.01614746;0.9708642
11600;0.01788988;0.970018
11608;0.01746917;0.9703255
11616;0.01705784;0.9703398
11624;0.01666806;0.9703673
11632;0.01819351;0.9700851
11640;0.0178805;0.9703398
11648;0.01660831;0.970793
11656;0.01704128;0.9707458
11664;0.01746917;0.9707297
11672;0.01866858;0.970311
11680;0.01827028;0.9703673
11688;0.01789705;0.9707458
11696;0.01746917;0.9712278
11704;0.01703558;0.9712354
11712;0.01659735;0.9712863
11720;0.01879087;0.9708642
11728;0.01833003;0.970793
11736;0.01790275;0.9712354
11744;0.01746917;0.9718466
11752;0.01834098;0.9712863
11760;0.01878911;0.9714047
11768;0.01790643;0.9718397
11776;0.0170319;0.9718397
11784;0.01925645;0.9716028
11792;0.01834855;0.9718544
11800;0.01746917;0.9723275
11808;0.01972244;0.9719741
11816;0.01878698;0.9719486
11824;0.01792445;0.9723382
11832;0.01921265;0.9720943
11840;0.01962402;0.9722875
11848;0.01840144;0.972384
11856;0.01886713;0.9724817
11864;0.01987875;0.9725004
11872;0.01960965;0.9726859
11880;0.01924025;0.9725747
11888;0.01931858;0.9730315
11896;0.01894157;0.9728875
11904;0.01847225;0.9727296
11912;0.017961;0.9726002
11920;0.01966783;0.9735519
11928;0.0192458;0.9734355
11936;0.0188687;0.9731718
11944;0.02009607;0.9740888
11952;0.01746917;0.9725695
11960;0.01842835;0.9729624
11968;0.01966072;0.9739273
11976;0.02046536;0.9746512
11984;0.02006665;0.9744505
11992;0.02036654;0.97499
12000;0.01701388;0.9723382
12008;0.02050745;0.9754686
12016;0.02024001;0.9757367
12024;0.02021568;0.9752609
12032;0.02000018;0.9747813
12040;0.01967177;0.9742894
12048;0.02002355;0.9755208
12056;0.01990434;0.9750446
12064;0.01980431;0.975703
12072;0.01977867;0.9753013
12080;0.01965471;0.9746065
12088;0.01919125;0.9737742
12096;0.01962615;0.9754959
12104;0.01959718;0.9748868
12112;0.01931651;0.9741852
12120;0.01880142;0.9734247
12128;0.0194277;0.9755614
12136;0.01951279;0.9751246
12144;0.01934028;0.9744982
12152;0.01885597;0.9738193
12160;0.01836824;0.9732103
12168;0.01926357;0.9753885
12176;0.01932025;0.9747552
12184;0.01900724;0.9741344
12192;0.0185957;0.9735847
12200;0.01795721;0.972844
12208;0.01905452;0.9744112
12216;0.0186324;0.9739089
12224;0.01746917;0.9728043
12232;0.01746917;0.9730607
12240;0.01793172;0.9730968
12248;0.01825756;0.9734355
12256;0.01697734;0.9726002
12264;0.01873243;0.974138
12272;0.01841558;0.9737395
12280;0.01787156;0.9733609
12288;0.01698112;0.972844
12296;0.01843601;0.9739999
12304;0.01813345;0.9736304
12312;0.01825196;0.9738998
12320;0.01878911;0.9743656
12328;0.01850279;0.9741765
12336;0.01828476;0.9740764
12344;0.01905624;0.9746404
12352;0.01926584;0.9749641
12360;0.01941276;0.9753083
12368;0.01919291;0.975143
12376;0.01902343;0.9748367
12384;0.01880142;0.9745693
12392;0.0185357;0.9743546
12400;0.01828304;0.9742073
12408;0.01907068;0.975237
12416;0.01897438;0.9750024
12424;0.01879249;0.9747404
12432;0.01856285;0.974522
12440;0.01895056;0.9753209
12448;0.01887596;0.9751028
12456;0.0187614;0.9748788
12464;0.01877422;0.9751974
12472;0.01829576;0.974349
12480;0.018574;0.9746623
12488;0.01868312;0.9749864
12496;0.01867585;0.9752848
12504;0.01859959;0.975088
12512;0.01851566;0.9751843
12520;0.01855608;0.9747753
12528;0.0183376;0.9744817
12536;0.01849774;0.9748877
12544;0.01842835;0.9749951
12552;0.01835582;0.9750987
12560;0.01836309;0.9745985
12568;0.01835582;0.9746914
12576;0.01831418;0.974808
12584;0.01825953;0.9749207
12592;0.01819921;0.9750279
12600;0.01814127;0.9751321
12608;0.01806532;0.9752681
12616;0.01799718;0.9750865
12624;0.01793465;0.9752301
12632;0.01804402;0.9749789
12640;0.01809217;0.9748681
12648;0.01813189;0.9747552
12656;0.01815187;0.9746677
12664;0.01784986;0.9750535
12672;0.0177953;0.9752065
12680;0.01792097;0.9748298
12688;0.01788988;0.9749404
12696;0.01766963;0.9750407
12704;0.01763602;0.9752024
12712;0.01794267;0.9747185
12720;0.01771304;0.974808
12728;0.01769527;0.9749188
12736;0.01746917;0.9748025
12744;0.01746917;0.9750352
12752;0.01746917;0.9752024
12760;0.01730231;0.9752024
12768;0.01746917;0.9749076
12776;0.0172687;0.9750407
12784;0.01714303;0.9752065
12792;0.01772586;0.9746989
12800;0.01724306;0.9749188
12808;0.01708847;0.9750535
12816;0.01700369;0.9752301
12824;0.01694115;0.9750865
12832;0.01687302;0.9752681
12840;0.01704845;0.9749404
12848;0.01679706;0.9751321
12856;0.01674346;0.9753238
12864;0.01793884;0.974653
12872;0.0172253;0.974808
12880;0.01689431;0.9749789
12888;0.0166514;0.9751952
12896;0.01661264;0.9753917
12904;0.01701736;0.9748298
12912;0.01673912;0.9750279
12920;0.01650231;0.9752741
12928;0.0164789;0.9754705
12936;0.01684617;0.9748681
12944;0.01658251;0.9750987
12952;0.0163554;0.9753646
12960;0.01635075;0.9755578
12968;0.01667881;0.9749207
12976;0.01680645;0.9747552
12984;0.01699566;0.9747185
12992;0.01642267;0.9751843
13000;0.01650999;0.9749951
13008;0.01662415;0.974808
13016;0.01621317;0.9754666
13024;0.01623528;0.975654
13032;0.01721248;0.9746989
13040;0.01678646;0.9746677
13048;0.01608614;0.9755791
13056;0.01614408;0.9757597
13064;0.01746917;0.9746989
13072;0.01699949;0.974653
13080;0.01599323;0.9757066
13088;0.01607847;0.975871
13096;0.01771859;0.974642
13104;0.01721974;0.974642
13112;0.01592772;0.9758393
13120;0.01603966;0.9759817
13128;0.01746917;0.9746439
13136;0.01746917;0.9745821
13144;0.01770759;0.9745765
13152;0.01723075;0.9745765
13160;0.01792602;0.9745787
13168;0.01701231;0.9745787
13176;0.01588936;0.9759669
13184;0.01602568;0.976092
13192;0.0176825;0.9744982
13200;0.01814632;0.9745787
13208;0.01725583;0.9744982
13216;0.01788822;0.9744893
13224;0.01811175;0.9744768
13232;0.01807551;0.9743617
13240;0.01785869;0.9743838
13248;0.01808672;0.9742215
13256;0.01746917;0.9745091
13264;0.01766418;0.9744022
13272;0.01746917;0.9744129
13280;0.01787883;0.9742364
13288;0.01813527;0.9740653
13296;0.01767342;0.9742472
13304;0.01746917;0.9742616
13312;0.01727415;0.9744022
13320;0.01793172;0.974049
13328;0.01802287;0.9738375
13336;0.01770239;0.9740546
13344;0.01746917;0.9740653
13352;0.01780429;0.9736011
13360;0.01774978;0.9738193
13368;0.01746917;0.9733464
13376;0.01746917;0.9738268
13384;0.01746917;0.9736156
13392;0.01726492;0.9742472
13400;0.01723595;0.9740546
13408;0.01718856;0.9738193
13416;0.01713405;0.9736011
13424;0.01706677;0.9733609
13432;0.01700661;0.9730968
13440;0.01707964;0.9743838
13448;0.0170595;0.9742364
13456;0.01700661;0.974049
13464;0.01691546;0.9738375
13472;0.01680488;0.9736304
13480;0.01668078;0.9734355
13488;0.0165701;0.9732103
13496;0.01705012;0.9744893
13504;0.01679201;0.9745787
13512;0.01682658;0.9744768
13520;0.01658251;0.9746914
13528;0.01650999;0.9729624
13536;0.01686282;0.9743617
13544;0.01657525;0.9745985
13552;0.01644059;0.9748877
13560;0.01685162;0.9742215
13568;0.01660073;0.9744817
13576;0.01638225;0.9747753
13584;0.01633874;0.975088
13592;0.01664257;0.974349
13600;0.01680306;0.9740653
13608;0.01636433;0.9746623
13616;0.01625521;0.9749864
13624;0.01626248;0.9752848
13632;0.01616412;0.9751974
13640;0.01610406;0.9753973
13648;0.01617694;0.9748788
13656;0.01637549;0.974522
13664;0.01606237;0.9751028
13672;0.01614585;0.9747404
13680;0.01598778;0.9753209
13688;0.01596183;0.975525
13696;0.01596396;0.9750024
13704;0.01586766;0.975237
13712;0.01582415;0.9754611
13720;0.01585822;0.9756669
13728;0.01569641;0.9756193
13736;0.01567476;0.9753885
13744;0.01574542;0.975143
13752;0.0159149;0.9748367
13760;0.01578206;0.9758177
13768;0.01559623;0.9757869
13776;0.01573088;0.9759617
13784;0.01613691;0.9745693
13792;0.01553072;0.9759469
13800;0.01640264;0.9743546
13808;0.01665529;0.9742073
13816;0.01571085;0.9761016
13824;0.01550332;0.9761143
13832;0.01587654;0.9760925
13840;0.01603592;0.9762044
13848;0.01588769;0.9762219
13856;0.01606964;0.9763211
13864;0.01571812;0.9762528
13872;0.01592045;0.9763621
13880;0.01612112;0.9764428
13888;0.01574583;0.9764137
13896;0.01596946;0.976518
13904;0.01619223;0.9765713
13912;0.01550514;0.9762964
13920;0.01553748;0.9764773
13928;0.016044;0.9766753
13936;0.01580416;0.9765936
13944;0.01612576;0.9768476
13952;0.01627954;0.9767078
13960;0.01559078;0.976681
13968;0.01588381;0.9767913
13976;0.01621863;0.9770118
13984;0.0163878;0.9768378
13992;0.01632986;0.9771701
14000;0.01652785;0.9769604
14008;0.01657736;0.9771867
14016;0.01670647;0.9770125
14024;0.01675199;0.9772612
14032;0.01686615;0.9770113
14040;0.01688185;0.9771861
14048;0.01698238;0.9770079
14056;0.01700197;0.977165
14064;0.01709826;0.9770087
14072;0.01597672;0.9769716
14080;0.01645805;0.9773405
14088;0.01568021;0.9769224
14096;0.01655511;0.9774925
14104;0.01533944;0.976819
14112;0.01527423;0.9765754
14120;0.01664454;0.9773743
14128;0.01678646;0.9774034
14136;0.01664297;0.9776144
14144;0.01495774;0.9767095
14152;0.01524527;0.9763473
14160;0.01525036;0.9761306
14168;0.01491772;0.9764392
14176;0.01459229;0.9768953
14184;0.01529427;0.9759343
14192;0.01494835;0.9761454
14200;0.01538158;0.9757466
14208;0.01431581;0.9774202
14216;0.01450063;0.9765366
14224;0.01449811;0.9760536
14232;0.01501946;0.9759144
14240;0.01419347;0.97709
14248;0.01405468;0.9779193
14256;0.01394778;0.9776067
14264;0.01375479;0.9780873
14272;0.0141105;0.9767071
14280;0.01385108;0.9772938
14288;0.01367464;0.9777721
14296;0.01349578;0.9782308
14304;0.01341745;0.9779211
14312;0.01356906;0.9774491
14320;0.01376963;0.9769206
14328;0.01399583;0.976331
14336;0.01356775;0.9785583
14344;0.01362104;0.9788778
14352;0.01386804;0.9791503
14360;0.01365082;0.9792066
14368;0.01388773;0.9794989
14376;0.01338464;0.9789292
14384;0.01368746;0.9795439
14392;0.01393921;0.9798406
14400;0.01343269;0.979254
14408;0.01373016;0.9798986
14416;0.01401511;0.9801862
14424;0.01347701;0.9795904
14432;0.01381142;0.9802727
14440;0.01415996;0.980518
14448;0.01351879;0.9799484
14456;0.01395586;0.9806577
14464;0.01434609;0.9808162
14472;0.01358652;0.9803531
14480;0.0132615;0.9796251
14488;0.01328875;0.9799788
14496;0.01333266;0.9804103
14504;0.01369856;0.9807972
14512;0.01415401;0.9810115
14520;0.01323081;0.9792891
14528;0.01446954;0.9812299
14536;0.01459309;0.9810114
14544;0.01476812;0.9813566
14552;0.01485377;0.9811089
14560;0.01505959;0.9814086
14568;0.01510173;0.981173
14576;0.01532061;0.9814092
14584;0.0153347;0.9811922
14592;0.01555368;0.9813976
14600;0.01555288;0.9811896
14608;0.0157812;0.981382
14616;0.01577005;0.981172
14624;0.01599631;0.9813635
14632;0.01597799;0.981148
14640;0.01620747;0.9813409
14648;0.01623094;0.9815837
14656;0.0160222;0.9816107
14664;0.01580457;0.9816362
14672;0.01557064;0.981667
14680;0.01583944;0.9819207
14688;0.01531723;0.981696
14696;0.01559542;0.9819678
14704;0.01502289;0.9817215
14712;0.01564059;0.9822872
14720;0.01534671;0.9820284
14728;0.01539909;0.9823607
14736;0.01506297;0.9820889
14744;0.01467521;0.9817096
14752;0.01385785;0.9812469
14760;0.01340543;0.9809055
14768;0.01352525;0.9814249
14776;0.01303953;0.9815249
14784;0.01299572;0.9809377
14792;0.01259691;0.9821072
14800;0.01300592;0.9804608
14808;0.01254967;0.9815372
14816;0.01217781;0.9825422
14824;0.01302681;0.9799871
14832;0.01257309;0.9809747
14840;0.01217054;0.9820215
14848;0.01304125;0.9796462
14856;0.01263194;0.9804833
14864;0.01215863;0.9815292
14872;0.01273661;0.9799737
14880;0.01222464;0.9809923
14888;0.01234012;0.9804164
14896;0.01171349;0.9823149
14904;0.01177476;0.981856
14912;0.0118221;0.9814349
14920;0.01164747;0.9828043
14928;0.01141904;0.9816668
14936;0.01175437;0.9835124
14944;0.0113066;0.9819944
14952;0.01144206;0.9841586
14960;0.01184935;0.9845186
14968;0.01109786;0.9846381
14976;0.01150515;0.9851609
14984;0.01049;0.9851991
14992;0.01081936;0.9859517
15000;0.01074991;0.9840583
15008;0.01108292;0.9836543
15016;0.01132709;0.9831136
15024;0.009752732;0.9855496
15032;0.009940077;0.9864439
15040;0.01022503;0.9844974
15048;0.01050332;0.9834111
15056;0.009181112;0.9856087
15064;0.009261459;0.9865551
15072;0.009589009;0.9846985
15080;0.008502897;0.9855958
15088;0.008502897;0.9865551
15096;0.009099655;0.9847041
15104;0.008502897;0.9846715
15112;0.009998016;0.9836774
15120;0.01078827;0.9831153
15128;0.00903495;0.983832
15136;0.008502897;0.9838377
15144;0.009442646;0.9838061
15152;0.01023734;0.9825757
15160;0.008962072;0.982888
15168;0.008502897;0.9828587
15176;0.008502897;0.982251
15184;0.009775143;0.9827503
15192;0.009303249;0.9828552
15200;0.009204935;0.9821438
15208;0.00963423;0.9820004
15216;0.009077445;0.9812245
15224;0.009509973;0.9810156
15232;0.01003638;0.9818269
15240;0.009382486;0.9799079
15248;0.009926047;0.9808215
15256;0.009799872;0.9797413
15264;0.01058942;0.9822657
15272;0.01037886;0.9815795
15280;0.01027873;0.9806333
15288;0.01016285;0.9796596
15296;0.01099005;0.982764
15304;0.01114298;0.9823872
15312;0.01093312;0.9817028
15320;0.01069238;0.9811652
15328;0.01110724;0.981349
15336;0.01060638;0.9803667
15344;0.01152342;0.9813111
15352;0.01089295;0.9808694
15360;0.01190901;0.9809663
15368;0.01125421;0.9810172
15376;0.01199329;0.9805267
15384;0.01169512;0.9804156
15392;0.01163758;0.9808687
15400;0.01139563;0.9806888
15408;0.01108685;0.9805932
15416;0.01081512;0.9801627
15424;0.01048525;0.9795566
15432;0.01007806;0.9786835
15440;0.01038482;0.9787207
15448;0.01069278;0.9794518
15456;0.01100035;0.9799943
15464;0.01130963;0.9803892
15472;0.01031123;0.9779339
15480;0.01060981;0.9787171
15488;0.0105659;0.977983
15496;0.01149243;0.9802808
15504;0.01120313;0.9797524
15512;0.01087862;0.9793719
15520;0.01077626;0.9780643
15528;0.01080866;0.9787415
15536;0.01105142;0.9791476
15544;0.01100883;0.9785529
15552;0.01104597;0.9778823
15560;0.0112103;0.9769332
15568;0.01135303;0.9759876
15576;0.01153624;0.975237
15584;0.01198956;0.9752135
15592;0.01176123;0.9758888
15600;0.01231145;0.9752921
15608;0.01159034;0.9765735
15616;0.0121015;0.975894
15624;0.01197078;0.9764018
15632;0.01135222;0.97744
15640;0.01160094;0.977097
15648;0.01121131;0.9778907
15656;0.01115024;0.978408
15664;0.01116044;0.9789401
15672;0.01122181;0.9793154
15680;0.011339;0.9796796
15688;0.01150595;0.9799273
15696;0.01132881;0.9779501
15704;0.01126017;0.9783407
15712;0.01124109;0.9787501
15720;0.01126955;0.9791309
15728;0.01136202;0.9795166
15736;0.01147153;0.9775872
15744;0.01140289;0.9780164
15752;0.011339;0.9783442
15760;0.0115111;0.9798173
15768;0.01171561;0.980028
15776;0.01171601;0.9801102
15784;0.01192223;0.9801941
15792;0.01211099;0.9801984
15800;0.0119188;0.9801068
15808;0.01233235;0.9800839
15816;0.01212613;0.9800885
15824;0.01255694;0.9798506
15832;0.01280232;0.9796306
15840;0.01304004;0.9793246
15848;0.01319205;0.9789684
15856;0.01333649;0.9786235
15864;0.01326241;0.9783219
15872;0.01313956;0.9786677
15880;0.01302338;0.9790131
15888;0.0128321;0.9793494
15896;0.01265566;0.9795439
15904;0.01317761;0.9780265
15912;0.01298795;0.9787115
15920;0.01283937;0.9790746
15928;0.01307193;0.9783854
15936;0.01270472;0.9792335
15944;0.01298846;0.9781154
15952;0.01250616;0.9797372
15960;0.01259055;0.9795059
15968;0.01239382;0.9799148
15976;0.01228632;0.9800147
15984;0.01226512;0.9798932
15992;0.01237535;0.9798038
16000;0.01245721;0.9796743
16008;0.01289549;0.9778621
16016;0.0130787;0.9777327
16024;0.01330793;0.9776129
16032;0.01339524;0.9770585
16040;0.0136385;0.9766865
16048;0.01296928;0.9774389
16056;0.01280313;0.9776154
16064;0.01316772;0.9772477
16072;0.01278698;0.9779965
16080;0.01271572;0.9777199
16088;0.01286662;0.9782033
16096;0.01293647;0.9784466
16104;0.01282322;0.9784865
16112;0.0128211;0.9787961
16120;0.01271965;0.9789373
16128;0.01272349;0.9773836
16136;0.01266252;0.9774624
16144;0.01285007;0.9771824
16152;0.01275619;0.9782735
16160;0.01270472;0.9781119
16168;0.0127575;0.9786361
16176;0.01273287;0.9787326
16184;0.01269028;0.9788506
16192;0.01269876;0.978696
16200;0.01264133;0.9790056
16208;0.01263012;0.9792662
16216;0.01252756;0.9795054
16224;0.01275408;0.9784842
16232;0.01270259;0.9785703
16240;0.01273116;0.9783747
16248;0.01269795;0.9784632
16256;0.01266;0.9787722
16264;0.01266767;0.9786543
16272;0.01267403;0.9785513
16280;0.0126277;0.9788764
16288;0.01268513;0.9783055
16296;0.01268725;0.9783843
16304;0.01266716;0.9784541
16312;0.01267494;0.9782186
16320;0.01265445;0.9783795
16328;0.01262881;0.9782799
16336;0.01265101;0.9786286
16344;0.01265485;0.9785353
16352;0.01264385;0.9784552
16360;0.01262719;0.9783894
16368;0.01263789;0.9787292
16376;0.01260206;0.9787908
16384;0.01259176;0.9781747
16392;0.01260206;0.9782951
16400;0.01263274;0.9780902
16408;0.01266424;0.977985
16416;0.01268644;0.9778912
16424;0.01260801;0.977955
16432;0.01261316;0.9778235
16440;0.01255512;0.9780498
16448;0.01261316;0.9776517
16456;0.01254028;0.9779257
16464;0.01253473;0.9777879
16472;0.01247165;0.9779171
16480;0.01251131;0.9781206
16488;0.01247134;0.9780164
16496;0.01256743;0.9782107
16504;0.01258621;0.9774371
16512;0.01252232;0.977617
16520;0.01245681;0.9777862
16528;0.0126277;0.9772946
16536;0.01265778;0.977186
16544;0.01257056;0.9770471
16552;0.01275074;0.976964
16560;0.01256118;0.9772331
16568;0.01242955;0.9769133
16576;0.01243934;0.9771519
16584;0.01216792;0.9770029
16592;0.01249466;0.977404
16600;0.01242996;0.9776311
16608;0.01229702;0.9772677
16616;0.01301662;0.9769616
16624;0.01263274;0.9767926
16632;0.01320265;0.9767693
16640;0.01288449;0.976733
16648;0.01238312;0.9774313
16656;0.01226936;0.9774917
16664;0.01346469;0.9764439
16672;0.01234133;0.9776698
16680;0.01378083;0.9760685
16688;0.01237666;0.9777997
16696;0.01411857;0.9757473
16704;0.01240432;0.9779135
16712;0.01326665;0.9761682
16720;0.01356734;0.975808
16728;0.01389459;0.9754926
16736;0.01303953;0.9764903
16744;0.01273197;0.9765036
16752;0.01248103;0.9766028
16760;0.01337132;0.9754633
16768;0.01306931;0.9758337
16776;0.01286914;0.9761701
16784;0.01371219;0.97516
16792;0.01256976;0.9762484
16800;0.01223393;0.9764158
16808;0.01235879;0.9760199
16816;0.01217821;0.9767579
16824;0.01293001;0.9754192
16832;0.01324151;0.9750525
16840;0.01270088;0.9758593
16848;0.01252827;0.9755578
16856;0.01280364;0.9749689
16864;0.01318519;0.9745499
16872;0.01190164;0.9768554
16880;0.0131541;0.9740801
16888;0.01359712;0.9742692
16896;0.0136159;0.9738295
16904;0.0116508;0.9773268
16912;0.01360994;0.9747732
16920;0.01408234;0.9736359
16928;0.01404065;0.974049
16936;0.01403712;0.9744893
16944;0.01441887;0.9738867
16952;0.01447509;0.9734576
16960;0.01409899;0.9748815
16968;0.01466637;0.9729551
16976;0.01442998;0.9742823
16984;0.0142396;0.9752119
16992;0.01485038;0.9733101
17000;0.01486104;0.9724072
17008;0.0148248;0.9737105
17016;0.01447298;0.9746512
17024;0.01443088;0.9754686
17032;0.01499958;0.9728404
17040;0.01484226;0.9740888
17048;0.01457179;0.97499
17056;0.01469832;0.9757367
17064;0.01523421;0.97317
17072;0.01472265;0.9752609
17080;0.01487169;0.9744505
17088;0.01491479;0.9755208
17096;0.0152705;0.9735519
17104;0.01493815;0.9747813
17112;0.01527762;0.9739273
17120;0.01513403;0.975703
17128;0.015034;0.9750446
17136;0.01526656;0.9742894
17144;0.01515967;0.9753013
17152;0.01531219;0.9754959
17160;0.01528362;0.9746065
17168;0.01534116;0.9748868
17176;0.01551063;0.9755614
17184;0.01552557;0.9753083
17192;0.01542554;0.9751246
17200;0.01567249;0.9749641
17208;0.01561809;0.9747552
17216;0.01588209;0.9746404
17224;0.01559805;0.9744982
17232;0.01614923;0.9743656
17240;0.01588381;0.9744112
17248;0.01562182;0.9741852
17256;0.01643554;0.9741765
17264;0.0159311;0.9741344
17272;0.01620591;0.974138
17280;0.01574709;0.9737742
17288;0.01665358;0.9740764
17296;0.01608235;0.9738193
17304;0.01630594;0.9739089
17312;0.01650231;0.9739999
17320;0.01668638;0.9738998
17328;0.01652276;0.9737395
17336;0.01634263;0.9735847
17344;0.01613691;0.9734247
17352;0.01606964;0.9731718
17360;0.01569253;0.9734355
17368;0.01646608;0.9727296
17376;0.01561975;0.9730315
17384;0.01599676;0.9728875
17392;0.01653689;0.972384
17400;0.01532869;0.9726859
17408;0.01569808;0.9725747
17416;0.0160712;0.9724817
17424;0.01658978;0.9718544
17432;0.01505959;0.9725004
17440;0.01531431;0.9722875
17448;0.01615135;0.9719486
17456;0.01614923;0.9714047
17464;0.01572569;0.9720943
17472;0.01521589;0.9719741
17480;0.01568188;0.9716028
17488;0.02260195;0.9856075
17496;0.02256177;0.9857726
17504;0.02269693;0.9855583
17512;0.02262658;0.9855011
17520;0.02270531;0.9853524
17528;0.02278384;0.9853481
17536;0.0226398;0.9853513
17544;0.0228541;0.9851649
17552;0.02269088;0.9851339
17560;0.02282714;0.9850265
17568;0.02260689;0.9850917
17576;0.02271773;0.9850047
17584;0.02284259;0.9849234
17592;0.02263506;0.9849862
17600;0.02255239;0.9850378
17608;0.02274922;0.9848905
17616;0.02282038;0.9847969
17624;0.0225643;0.984967
17632;0.02250303;0.9849886
17640;0.02275386;0.9847758
17648;0.02279484;0.9846486
17656;0.02250474;0.9849519
17664;0.02248516;0.9849648
17672;0.02247244;0.9849393
17680;0.02249879;0.9849186
17688;0.02256824;0.9848837
17696;0.02263173;0.9848762
17704;0.02266796;0.9847403
17712;0.02270874;0.9845886
17720;0.02276032;0.9846333
17728;0.02275608;0.9843123
17736;0.01826775;0.9810826
17744;0.01823782;0.9808879
17752;0.01799209;0.9810904
17760;0.01796821;0.9808974
17768;0.01771652;0.9810904
17776;0.01816212;0.9807212
17784;0.01770759;0.9808966
17792;0.01793541;0.9807309
17800;0.01808333;0.9805895
17808;0.01769527;0.9807271
17816;0.01789463;0.9806013
17824;0.01799718;0.9804507
17832;0.01767942;0.9806006
17840;0.01784093;0.9804631
17848;0.01792824;0.980316
17856;0.01765772;0.9804684
17864;0.01779192;0.9803282
17872;0.0178703;0.9801748
17880;0.01763339;0.9803295
17888;0.01774801;0.9801933
17896;0.01782816;0.9800472
17904;0.01761169;0.9802016
17912;0.01771177;0.9800611
17920;0.01759251;0.9800731
17928;0.01779863;0.9799122
17936;0.01768881;0.9799392
17944;0.01757839;0.9799471
17952;0.01756738;0.9798043
17960;0.01767004;0.9797943
17968;0.01756354;0.9796612
17976;0.01777875;0.9797724
17984;0.01766292;0.9796455
17992;0.01776972;0.979619
18000;0.01837212;0.9762038
18008;0.0183537;0.9762071
18016;0.01834275;0.9762108
18024;0.01833003;0.9762089
18032;0.01834643;0.9762071
18040;0.01833003;0.9762055
18048;0.01829758;0.9762089
18056;0.01834275;0.9762001
18064;0.01829379;0.9762055
18072;0.01837212;0.9762038
18080;0.01831418;0.9762198
18088;0.01825196;0.9762108
18096;0.01831418;0.9761947
18104;0.01825367;0.9762071
18112;0.01836309;0.9762146
18120;0.01827209;0.9762273
18128;0.01819351;0.9762164
18136;0.01836097;0.9761963
18144;0.01837212;0.9762038
18152;0.01827714;0.976189
18160;0.0182029;0.9762108
18168;0.01833593;0.9762236
18176;0.01821743;0.9762381
18184;0.01813017;0.9762219
18192;0.01833159;0.9761837
18200;0.01822818;0.9761853
18208;0.01814632;0.9762146
18216;0.01829379;0.9762402
18224;0.01815187;0.9762493
18232;0.01805911;0.9762346
18240;0.01829576;0.9761747
18248;0.01817024;0.9761837
18256;0.01808081;0.9762236
18264;0.01823913;0.9762561
18272;0.01807733;0.9762636
18280;0.01797896;0.9762436
18288;0.01824817;0.9761653
18296;0.01810448;0.9761853
18304;0.01800622;0.9762329
18312;0.01819023;0.9761564
18320;0.01826861;0.9761454
18328;0.01803014;0.9761873
18336;0.01791552;0.9762454
18344;0.01812462;0.9761524
18352;0.01793541;0.9761907
18360;0.01780595;0.9762561
18368;0.01831201;0.976158
18376;0.01821017;0.9761306
18384;0.01804402;0.976149
18392;0.01782427;0.9761963
18400;0.01770239;0.9762582
18408;0.01835037;0.9761747
18416;0.01828693;0.9761198
18424;0.01814127;0.9761198
18432;0.01794611;0.9761471
18440;0.01770966;0.9761963
18448;0.01759125;0.9762493
18456;0.01838323;0.9761907
18464;0.01822647;0.9761001
18472;0.01805729;0.9761109
18480;0.01783366;0.9761471
18488;0.01839554;0.9762001
18496;0.01838822;0.9762164
18504;0.01815515;0.9760816
18512;0.01842497;0.9762001
18520;0.01836309;0.976231
18528;0.01841891;0.9762181
18536;0.0183214;0.9762493
18544;0.01839933;0.9762363
18552;0.01843213;0.9762454
18560;0.0183593;0.9762676
18568;0.01826482;0.9762725
18576;0.01829924;0.9762964
18584;0.01817181;0.9762741
18592;0.01819351;0.976298
18600;0.01809217;0.976293
18608;0.01799178;0.9762725
18616;0.01789155;0.9762545
18624;0.01790048;0.9762853
18632;0.01779318;0.9762652
18640;0.01800622;0.976311
18648;0.01811175;0.9763217
18656;0.01779702;0.976298
18664;0.0176825;0.9762617
18672;0.01790987;0.9763293
18680;0.01768406;0.9763
18688;0.01757339;0.9762509
18696;0.01822086;0.9763253
18704;0.01802105;0.9763473
18712;0.01780257;0.9763381
18720;0.01813527;0.9763565
18728;0.01825196;0.9763621
18736;0.01791714;0.9763694
18744;0.01803897;0.9763871
18752;0.01833371;0.9763253
18760;0.01816242;0.9763966
18768;0.01839382;0.9762874
18776;0.01827911;0.9764001
18784;0.01836309;0.9763565
18792;0.01842275;0.9763058
18800;0.01780984;0.9763802
18808;0.01792602;0.9764128
18816;0.01805512;0.9764329
18824;0.01818634;0.9764416
18832;0.01769134;0.9763366
18840;0.01757339;0.9762949
18848;0.01746917;0.9762853
18856;0.01746917;0.9762346
18864;0.01736495;0.9762509
18872;0.01757677;0.9763366
18880;0.0176986;0.9763837
18888;0.01781529;0.9764291
18896;0.01793172;0.9764658
18904;0.01806794;0.9764823
18912;0.01758065;0.9763782
18920;0.0177042;0.9764346
18928;0.01782089;0.9764892
18936;0.01746917;0.9763293
18944;0.01794267;0.9765238
18952;0.01807899;0.9765295
18960;0.01795549;0.9765782
18968;0.0182029;0.9764838
18976;0.01830106;0.9764384
18984;0.01821743;0.9765277
18992;0.01838661;0.9763871
19000;0.01809393;0.9765694
19008;0.0183214;0.9764744
19016;0.01823404;0.9765679
19024;0.01783154;0.976553
19032;0.01784426;0.9766109
19040;0.01796998;0.9766164
19048;0.01811175;0.9766148
19056;0.01771147;0.9765022
19064;0.01758403;0.9764309
19072;0.01746917;0.9763713
19080;0.01771859;0.9765713
19088;0.01758959;0.9764931
19096;0.01772798;0.9766349
19104;0.01746917;0.9764222
19112;0.01785869;0.9766588
19120;0.01773524;0.9766786
19128;0.01798451;0.9766588
19136;0.01786596;0.9766985
19144;0.01735768;0.9763782
19152;0.01735429;0.9764309
19160;0.01736157;0.9763366
19168;0.01736495;0.9762949
19176;0.01725427;0.9763
19184;0.01725583;0.9762617
19192;0.017247;0.9763366
19200;0.01723973;0.9763837
19208;0.01714131;0.976298
19216;0.01714515;0.9762652
19224;0.01713576;0.9763381
19232;0.01703785;0.9762853
19240;0.01704679;0.9762545
19248;0.01723413;0.9764346
19256;0.0171285;0.9763802
19264;0.01702847;0.9763293
19272;0.01694655;0.9762725
19280;0.01695937;0.9762436
19288;0.01712304;0.9764291
19296;0.01702119;0.9763694
19304;0.01693211;0.976311
19312;0.01686101;0.9762636
19320;0.01687922;0.9762346
19328;0.01701231;0.9764128
19336;0.01691728;0.9763473
19344;0.01684617;0.976293
19352;0.01678646;0.9762493
19360;0.01680816;0.9762219
19368;0.01689936;0.9763871
19376;0.01682658;0.9763217
19384;0.01676653;0.9762741
19392;0.0167209;0.9762381
19400;0.01674482;0.9762164
19408;0.01680306;0.9763565
19416;0.01674482;0.976298
19424;0.0166992;0.9762561
19432;0.01666624;0.9762273
19440;0.01668638;0.9762108
19448;0.01671747;0.9763253
19456;0.01667351;0.9762725
19464;0.01664454;0.9762402
19472;0.01662415;0.9762198
19480;0.01664075;0.9762089
19488;0.01663909;0.9762964
19496;0.01661693;0.9762493
19504;0.01668638;0.9763621
19512;0.0166024;0.9762236
19520;0.01659558;0.9762108
19528;0.01660831;0.9762089
19536;0.01657525;0.976231
19544;0.01657525;0.9762146
19552;0.01658463;0.9762071
19560;0.0165919;0.9762071
19568;0.01660831;0.9762055
19576;0.01656621;0.9762038
19584;0.01659558;0.9762001
19592;0.01664454;0.9762055
19600;0.01655011;0.9762164
19608;0.01662415;0.9761947
19616;0.01668466;0.9762071
19624;0.01654279;0.9762001
19632;0.01657736;0.9761963
19640;0.0166612;0.976189
19648;0.01673543;0.9762108
19656;0.01655511;0.9761907
19664;0.01651337;0.9762001
19672;0.01651943;0.9762181
19680;0.01660674;0.9761837
19688;0.01671015;0.9761853
19696;0.01679201;0.9762146
19704;0.01658797;0.9761747
19712;0.01664257;0.9761747
19720;0.01676809;0.9761837
19728;0.01685752;0.9762236
19736;0.01653901;0.9762363
19744;0.0165062;0.9762454
19752;0.01657903;0.9762676
19760;0.01660462;0.9763253
19768;0.01662632;0.976158
19776;0.01683385;0.9761853
19784;0.01693211;0.9762329
19792;0.01654451;0.9762874
19800;0.01690819;0.9761873
19808;0.01702281;0.9762454
19816;0.01700293;0.9761907
19824;0.01713238;0.9762561
19832;0.01711406;0.9761963
19840;0.01723595;0.9762582
19848;0.01722868;0.9761963
19856;0.01734708;0.9762493
19864;0.0167481;0.9761564
19872;0.01681371;0.9761524
19880;0.01689431;0.976149
19888;0.01699223;0.9761471
19896;0.01710467;0.9761471
19904;0.01669016;0.9761653
19912;0.01666972;0.9761454
19920;0.01672817;0.9761306
19928;0.01679706;0.9761198
19936;0.0166514;0.9761198
19944;0.01688104;0.9761109
19952;0.01671187;0.9761001
19960;0.01660462;0.9761417
19968;0.01678318;0.9760816
19976;0.01656621;0.9761618
19984;0.01653184;0.9761816
19992;0.01669193;0.9760673
20000;0.01676653;0.9760396
20008;0.0166297;0.9760925
20016;0.01658069;0.9761198
20024;0.01653901;0.9761471
20032;0.01650449;0.9761729
20040;0.01687039;0.9760652
20048;0.01648622;0.9761963
20056;0.01648828;0.9762219
20064;0.01645881;0.9762273
20072;0.01655173;0.9760944
20080;0.01650832;0.9761273
20088;0.01647501;0.9761637
20096;0.01645724;0.9761947
20104;0.01660462;0.9760598
20112;0.01666972;0.9760269
20120;0.01675022;0.9759941
20128;0.01685752;0.9760183
20136;0.01697396;0.9760491
20144;0.01698284;0.9761016
20152;0.01709953;0.9760925
20160;0.01709226;0.9760325
20168;0.01708509;0.9759704
20176;0.01696613;0.9759965
20184;0.01684617;0.9759653
20192;0.01672817;0.975943
20200;0.01721591;0.9760218
20208;0.01721974;0.976087
20216;0.01695937;0.9759363
20224;0.01664257;0.9759833
20232;0.01657343;0.9760237
20240;0.01722318;0.9761454
20248;0.01683542;0.9759035
20256;0.01660831;0.9759363
20264;0.01651726;0.9760652
20272;0.01733981;0.976193
20280;0.0166992;0.9758888
20288;0.01653346;0.9759833
20296;0.01647163;0.9761053
20304;0.01644059;0.9761508
20312;0.01642984;0.9760838
20320;0.01642616;0.9761907
20328;0.0164739;0.9760344
20336;0.01640087;0.9761381
20344;0.01665065;0.9758161
20352;0.01655274;0.9758741
20360;0.0164739;0.9759345
20368;0.01641248;0.9759958
20376;0.01637074;0.9760593
20384;0.01681371;0.9758433
20392;0.01695382;0.9758632
20400;0.01707742;0.9759051
20408;0.01649813;0.9758223
20416;0.01641414;0.9758905
20424;0.01635075;0.9759617
20432;0.01660462;0.9757582
20440;0.01676769;0.9757601
20448;0.01693772;0.9757962
20456;0.01707394;0.9758326
20464;0.01673145;0.9756957
20472;0.01688185;0.9756376
20480;0.01720475;0.9758742
20488;0.01690198;0.9757098
20496;0.01704128;0.9756845
20504;0.01706298;0.9757558
20512;0.01721076;0.9759486
20520;0.01720137;0.9758122
20528;0.01733431;0.9758654
20536;0.01733598;0.975943
20544;0.01733769;0.9760162
20552;0.01746917;0.9760052
20560;0.01733769;0.9760853
20568;0.01733981;0.9761432
20576;0.01746917;0.9760778
20584;0.01746917;0.9761381
20592;0.01746917;0.9759363
20600;0.01746917;0.9761853
20608;0.01746917;0.9762294
20616;0.01759852;0.976193
20624;0.01759852;0.9761432
20632;0.01771516;0.9761454
20640;0.01760064;0.9760853
20648;0.01771859;0.976087
20656;0.01760064;0.9760162
20664;0.01783881;0.9760925
20672;0.01760235;0.975943
20680;0.01772242;0.9760218
20688;0.01795549;0.9761016
20696;0.01784608;0.9760325
20704;0.01785324;0.9759704
20712;0.01796438;0.9760491
20720;0.01772757;0.9759486
20728;0.01760402;0.9758654
20736;0.01806794;0.9760652
20744;0.01817181;0.9760396
20752;0.01808081;0.9760183
20760;0.0182464;0.9760673
20768;0.01773358;0.9758742
20776;0.01746917;0.9758579
20784;0.0179722;0.9759965
20792;0.01818811;0.9759941
20800;0.01809217;0.9759653
20808;0.01797896;0.9759363
20816;0.01786091;0.9759051
20824;0.01733255;0.9758053
20832;0.01826861;0.9760269
20840;0.01821017;0.975943
20848;0.01810291;0.9759035
20856;0.01798451;0.9758632
20864;0.01786439;0.9758326
20872;0.01830863;0.9760925
20880;0.01773696;0.9758122
20888;0.01833371;0.9761417
20896;0.01837212;0.9761618
20904;0.01835764;0.9761198
20912;0.01833371;0.9760598
20920;0.01840649;0.9761816
20928;0.01839933;0.9761471
20936;0.01843385;0.9761729
20944;0.01838661;0.9760944
20952;0.01829576;0.9759833
20960;0.01836491;0.9760237
20968;0.01843001;0.9761273
20976;0.01845212;0.9761963
20984;0.01833003;0.9759363
20992;0.01842108;0.9760652
21000;0.01846332;0.9761637
21008;0.01845005;0.9762219
21016;0.01847952;0.9762273
21024;0.01823913;0.9758888
21032;0.01812462;0.9758433
21040;0.0184667;0.9761053
21048;0.01848109;0.9761947
21056;0.01849774;0.9761508
21064;0.0184611;0.9762601
21072;0.01851217;0.9761907
21080;0.01850849;0.9760838
21088;0.01800061;0.9757962
21096;0.01844833;0.9763237
21104;0.01850849;0.9762329
21112;0.01853746;0.9761381
21120;0.01787535;0.9757558
21128;0.01841048;0.9764181
21136;0.01848835;0.9762765
21144;0.01847564;0.976349
21152;0.01834098;0.976513
21160;0.01851732;0.976293
21168;0.01843385;0.9764494
21176;0.01827239;0.976647
21184;0.01850279;0.976373
21192;0.01838403;0.9765817
21200;0.0181497;0.9767034
21208;0.0184773;0.9765029
21216;0.01800834;0.9767433
21224;0.01832357;0.9767557
21232;0.01817907;0.9768165
21240;0.01801212;0.9768521
21248;0.0178699;0.9767709
21256;0.0184394;0.9766678
21264;0.01773524;0.9767152
21272;0.01823187;0.9770125
21280;0.01807218;0.9770113
21288;0.01841048;0.9769604
21296;0.01795595;0.9770079
21304;0.01855053;0.9768378
21312;0.01785658;0.9768765
21320;0.01784007;0.9770087
21328;0.01854039;0.9765798
21336;0.01865879;0.9767078
21344;0.01772924;0.9767873
21352;0.0177195;0.9768852
21360;0.01771147;0.9770035
21368;0.01757;0.9770029
21376;0.01758106;0.9768867
21384;0.01746917;0.9769876
21392;0.01862341;0.9764801
21400;0.0187461;0.9765713
21408;0.0185467;0.9764144
21416;0.01759474;0.9767798
21424;0.01746917;0.9768758
21432;0.01868862;0.9763837
21440;0.01881722;0.9764428
21448;0.0188687;0.9763211
21456;0.01860121;0.9763389
21464;0.01855482;0.9763143
21472;0.01873672;0.9762874
21480;0.01890241;0.9762044
21488;0.01863825;0.9762636
21496;0.01876402;0.9761919
21504;0.01891265;0.976092
21512;0.01858601;0.9762511
21520;0.01876786;0.9760971
21528;0.01889867;0.9759817
21536;0.01865753;0.9761873
21544;0.01854327;0.9762402
21552;0.01874863;0.9760042
21560;0.01885986;0.975871
21568;0.01865571;0.97611
21576;0.01859989;0.9761873
21584;0.01854841;0.9761873
21592;0.01859358;0.976123
21600;0.01870608;0.9759144
21608;0.01879425;0.9757597
21616;0.01863149;0.9760355
21624;0.01856759;0.9760593
21632;0.01864047;0.9758252
21640;0.01870305;0.975654
21648;0.01858758;0.9759617
21656;0.01852585;0.9759958
21664;0.01855235;0.9757406
21672;0.01858758;0.9755578
21680;0.01852419;0.9758905
21688;0.01846443;0.9760344
21696;0.01844404;0.9756613
21704;0.01845944;0.9754705
21712;0.01844021;0.9758223
21720;0.01846443;0.9759345
21728;0.01840488;0.9759833
21736;0.0183856;0.9758741
21744;0.0183214;0.9755887
21752;0.01832569;0.9753917
21760;0.01833371;0.9757582
21768;0.01828769;0.9758161
21776;0.01819194;0.9755218
21784;0.01819487;0.9753238
21792;0.01820688;0.9756957
21800;0.01805648;0.9756376
21808;0.01817065;0.9757601
21816;0.01808081;0.9754601
21824;0.01806532;0.9752681
21832;0.01803635;0.9757098
21840;0.01789705;0.9756845
21848;0.01797336;0.9754225
21856;0.01793465;0.9752301
21864;0.01798053;0.9755267
21872;0.0178699;0.9753996
21880;0.0177953;0.9752065
21888;0.01790432;0.9756211
21896;0.01787156;0.9755342
21904;0.01774852;0.9753865
21912;0.01763602;0.9752024
21920;0.01775528;0.9756166
21928;0.01774412;0.9755342
21936;0.01761089;0.9753847
21944;0.01746917;0.9752024
21952;0.0177514;0.9756866
21960;0.01760791;0.9755377
21968;0.01761341;0.9756184
21976;0.01746917;0.9756221
21984;0.01774251;0.9757394
21992;0.01761518;0.9756904
22000;0.01746917;0.9755393
22008;0.01746917;0.9753851
22016;0.01732745;0.9753847
22024;0.01730231;0.9752024
22032;0.01760791;0.9757377
22040;0.01733042;0.9755377
22048;0.01718982;0.9753865
22056;0.01714303;0.9752065
22064;0.01706844;0.9753996
22072;0.01700369;0.9752301
22080;0.01719421;0.9755342
22088;0.01696497;0.9754225
22096;0.01687302;0.9752681
22104;0.01760579;0.9758053
22112;0.01746917;0.9758053
22120;0.01746917;0.9757377
22128;0.01746917;0.9756925
22136;0.01733042;0.9757377
22144;0.01732316;0.9756904
22152;0.01719582;0.9757394
22160;0.01718694;0.9756866
22168;0.01732492;0.9756184
22176;0.01718305;0.9756166
22184;0.01703402;0.9756211
22192;0.01706677;0.9755342
22200;0.0169578;0.9755267
22208;0.01685752;0.9754601
22216;0.01674346;0.9753238
22224;0.01674639;0.9755218
22232;0.01661264;0.9753917
22240;0.01661693;0.9755887
22248;0.0164789;0.9754705
22256;0.01649429;0.9756613
22264;0.01635075;0.9755578
22272;0.01638598;0.9757406
22280;0.01623528;0.975654
22288;0.01629786;0.9758252
22296;0.01614408;0.9757597
22304;0.01623225;0.9759144
22312;0.01607847;0.975871
22320;0.01630685;0.9760355
22328;0.01618971;0.9760042
22336;0.01603966;0.9759817
22344;0.01634475;0.976123
22352;0.01617048;0.9760971
22360;0.01602568;0.976092
22368;0.01628262;0.97611
22376;0.01638992;0.9761873
22384;0.01617431;0.9761919
22392;0.01603592;0.9762044
22400;0.01633844;0.9761873
22408;0.0162808;0.9761873
22416;0.01642984;0.9762329
22424;0.01620162;0.9762874
22432;0.01606964;0.9763211
22440;0.01630008;0.9762636
22448;0.01635232;0.9762511
22456;0.01639507;0.9762402
22464;0.01624972;0.9763837
22472;0.01612112;0.9764428
22480;0.01619223;0.9765713
22488;0.01633713;0.9763389
22496;0.01631492;0.9764801
22504;0.01627954;0.9767078
22512;0.01642101;0.976293
22520;0.01638351;0.9763143
22528;0.01639795;0.9765798
22536;0.0163878;0.9768378
22544;0.01639163;0.9764144
22552;0.01649893;0.9766678
22560;0.01652785;0.9769604
22568;0.01643554;0.976373
22576;0.01646103;0.9765029
22584;0.01661476;0.9767557
22592;0.01670647;0.9770125
22600;0.0165543;0.9765817
22608;0.01650449;0.9764494
22616;0.0164627;0.976349
22624;0.01675926;0.9768165
22632;0.01686615;0.9770113
22640;0.01666594;0.976647
22648;0.01659735;0.976513
22656;0.01692621;0.9768521
22664;0.01698238;0.9770079
22672;0.01644998;0.9762765
22680;0.01652785;0.9764181
22688;0.01647723;0.9762601
22696;0.01649;0.9763237
22704;0.01651559;0.9763058
22712;0.01655173;0.9763871
22720;0.01657525;0.9763565
22728;0.01661693;0.9764744
22736;0.01665923;0.9764001
22744;0.01663727;0.9764384
22752;0.0167043;0.9765679
22760;0.0167209;0.9765277
22768;0.01677591;0.9763966
22776;0.01673543;0.9764838
22784;0.01688321;0.9764329
22792;0.01675199;0.9764416
22800;0.01685934;0.9765295
22808;0.0168444;0.9765694
22816;0.01700661;0.9764658
22824;0.01687039;0.9764823
22832;0.01711744;0.9764892
22840;0.01698284;0.9765782
22848;0.01699566;0.9765238
22856;0.01682658;0.9766148
22864;0.01722686;0.9765022
22872;0.01696835;0.9766164
22880;0.01710679;0.976553
22888;0.01709408;0.9766109
22896;0.01678863;0.9767034
22904;0.01734874;0.9764931
22912;0.01695382;0.9766588
22920;0.01721974;0.9765713
22928;0.01746917;0.9764801
22936;0.01693;0.9767433
22944;0.01707964;0.9766588
22952;0.01721036;0.9766349
22960;0.01734148;0.9765642
22968;0.01759686;0.9765642
22976;0.01707237;0.9766985
22984;0.01720309;0.9766786
22992;0.01733598;0.9766207
23000;0.01746917;0.9765549
23008;0.01746917;0.9766148
23016;0.01760235;0.9766207
23024;0.01733042;0.9766695
23032;0.01746917;0.9766513
23040;0.01760791;0.9766695
23048;0.01746917;0.9766877
23056;0.01760579;0.9767057
23064;0.01746917;0.9767658
23072;0.01733255;0.9767057
23080;0.0173436;0.9767798
23088;0.01720309;0.9767152
23096;0.01735727;0.9768867
23104;0.01736833;0.9770029
23112;0.0172091;0.9767873
23120;0.01706844;0.9767709
23128;0.01721884;0.9768852
23136;0.01722686;0.9770035
23144;0.01709826;0.9770087
23152;0.01708176;0.9768765
23160;0.01227229;0.9856075
23168;0.0121773;0.9855583
23176;0.01231229;0.9857726
23184;0.01224753;0.9855011
23192;0.0121692;0.9853524
23200;0.01209039;0.9853481
23208;0.01223441;0.9853513
23216;0.01202049;0.9851649
23224;0.01218326;0.9851339
23232;0.01204734;0.9850265
23240;0.01226759;0.9850917
23248;0.01215689;0.9850047
23256;0.01203198;0.9849234
23264;0.01223911;0.9849862
23272;0.01232213;0.9850378
23280;0.01212487;0.9848905
23288;0.0120538;0.9847969
23296;0.01231017;0.984967
23304;0.01237151;0.9849886
23312;0.01212017;0.9847758
23320;0.01207937;0.9846486
23328;0.01236939;0.9849519
23336;0.01238897;0.9849648
23344;0.01240222;0.9849393
23352;0.01237537;0.9849186
23360;0.01230595;0.9848837
23368;0.01224248;0.9848762
23376;0.01220625;0.9847403
23384;0.01216532;0.9845886
23392;0.01211384;0.9846333
23400;0.01211808;0.9843123
23408;0.608691;0.7221068
23416;0.6230943;0.7321967
23424;0.6296496;0.7044928
23432;0.6153662;0.6948317
23440;0.6409369;0.6755666
23448;0.5959284;0.7130656
23456;0.6241783;0.6587361
23464;0.6013752;0.6866161
23472;0.5825899;0.7033083
23480;0.6048394;0.6590481
23488;0.5866559;0.6784885
23496;0.56831;0.6937975
23504;0.5889339;0.6262058
23512;0.6038975;0.6152977
23520;0.5696753;0.6718932
23528;0.5571179;0.685398
23536;0.5838553;0.6568125
23544;0.5657364;0.6009812
23552;0.5799806;0.5880294
23560;0.5593231;0.6680299
23568;0.5493388;0.6781681
23576;0.5707565;0.6318145
23584;0.5673814;0.6551037
23592;0.5373614;0.5807731
23600;0.5507455;0.5675604
23608;0.5182641;0.5491153
23616;0.5502583;0.6642891
23624;0.5395057;0.6707054
23632;0.5565801;0.653184
23640;0.5505971;0.6107647
23648;0.5559065;0.6349521
23656;0.5030998;0.5646846
23664;0.4812457;0.5329965
23672;0.5248091;0.5913988
23680;0.5378588;0.6175157
23688;0.545834;0.6368088
23696;0.5429338;0.6508744
23704;0.4659649;0.5494653
23712;0.4475728;0.5186234
23720;0.4895489;0.5774841
23728;0.5119467;0.6011755
23736;0.52746;0.6226588
23744;0.4310718;0.5367962
23752;0.4155598;0.5071591
23760;0.4529708;0.5652329
23768;0.4782814;0.5885996
23776;0.3980774;0.5265868
23784;0.3815921;0.4977459
23792;0.4188889;0.5552772
23800;0.3666328;0.5169967
23808;0.3482805;0.4870208
23816;0.5323381;0.6390666
23824;0.5001131;0.6104006
23832;0.443685;0.5787249
23840;0.3868426;0.547124
23848;0.3351398;0.509129
23856;0.3100292;0.4769637
23864;0.5153866;0.6280839
23872;0.4680498;0.6004382
23880;0.4116063;0.5705844
23888;0.3570169;0.5396343
23896;0.2989221;0.5060823
23904;0.2643443;0.467777
23912;0.3275141;0.535014
23920;0.3535391;0.5587118
23928;0.4901754;0.6184582
23936;0.4362047;0.5917741
23944;0.3813494;0.5641109
23952;0.4061341;0.5860809
23960;0.4617229;0.6088032
23968;0.3777944;0.5825894
23976;0.4317237;0.6018329
23984;0.4032899;0.5982594
23992;0.3255656;0.5590658
24000;0.352133;0.5806375
24008;0.3764504;0.5967069
24016;0.2951913;0.5353521
24024;0.2575076;0.5097475
24032;0.2060202;0.5043848
24040;0.206601;0.4677082
24048;0.1365951;0.5029615
24056;0.1479345;0.5457477
24064;0.06945427;0.5428598
24072;0.08830406;0.6060054
24080;0.005690061;0.5752178
24088;0.01403671;0.6360459
24096;0.2121708;0.5397994
24104;0.2601848;0.5484297
24112;0.2964969;0.5634165
24120;0.1675718;0.5765299
24128;0.2236477;0.5682843
24136;0.07128252;0.6864322
24144;0.02084901;0.7008119
24152;0.06719141;0.7513556
24160;0.02563991;0.7646426
24168;0.1092747;0.7338313
24176;0.1119287;0.6814157
24184;0.1460117;0.720847
24192;0.1283189;0.6247007
24200;0.149084;0.6781591
24208;0.1774592;0.7110647
24216;0.1887004;0.5990551
24224;0.1803123;0.6752514
24232;0.2023123;0.7025691
24240;0.162472;0.6365051
24248;0.2073773;0.6730593
24256;0.2137459;0.6976056
24264;0.2279665;0.6907812
24272;0.1906396;0.6413006
24280;0.2385922;0.5900242
24288;0.2115931;0.6130849
24296;0.2174334;0.6461568
24304;0.2242771;0.6714902
24312;0.2671744;0.5729917
24320;0.2350135;0.6253799
24328;0.2547747;0.6088258
24336;0.275666;0.5928788
24344;0.3014971;0.5859191
24352;0.2362796;0.6493
24360;0.3272023;0.5812473
24368;0.3523226;0.5966141
24376;0.3291255;0.5987915
24384;0.3056151;0.6032982
24392;0.2837742;0.6106544
24400;0.2661659;0.6212473
24408;0.2505697;0.6335433
24416;0.3756061;0.6084019
24424;0.3539609;0.6090596
24432;0.3323628;0.6116172
24440;0.3098128;0.6161367
24448;0.2905918;0.6219139
24456;0.4011109;0.609219
24464;0.4280753;0.6111737
24472;0.4558254;0.616519
24480;0.4826622;0.6246604
24488;0.5054178;0.6329856
24496;0.5212772;0.6408697
24504;0.5316411;0.6500633
24512;0.5380861;0.6597557
24520;0.4508349;0.6240015
24528;0.4761712;0.6305065
24536;0.4977208;0.6367456
24544;0.5127577;0.6421997
24552;0.5215556;0.6492217
24560;0.4252019;0.6203235
24568;0.3998344;0.6188299
24576;0.3754739;0.6183497
24584;0.3555833;0.6194199
24592;0.3355288;0.6223546
24600;0.3150485;0.6266236
24608;0.4458482;0.6332857
24616;0.4218606;0.6311775
24624;0.3981576;0.6297489
24632;0.3757209;0.6296188
24640;0.3572559;0.6307971
24648;0.3392998;0.6329054
24656;0.4698226;0.6380201
24664;0.4899561;0.6422912
24672;0.5041403;0.6457253
24680;0.5134698;0.6503528
24688;0.4653423;0.6450974
24696;0.4850959;0.6474719
24704;0.4994605;0.6492857
24712;0.5077821;0.6522014
24720;0.4419234;0.64133
24728;0.418974;0.6401994
24736;0.4397982;0.6468346
24744;0.3967778;0.6389385
24752;0.4643636;0.650506
24760;0.4172419;0.646381
24768;0.5069042;0.6566261
24776;0.5037265;0.6552118
24784;0.497468;0.6534411
24792;0.4840595;0.6524198
24800;0.5129383;0.6558489
24808;0.520828;0.6567103
24816;0.5288442;0.6583444
24824;0.5297964;0.6664601
24832;0.5231265;0.6635796
24840;0.5160134;0.660012
24848;0.5089477;0.6584725
24856;0.528044;0.6736343
24864;0.5369115;0.6810899
24872;0.5220273;0.6691498
24880;0.5167302;0.6645567
24888;0.5241718;0.6841163
24896;0.5310724;0.6933979
24904;0.5182595;0.6771443
24912;0.5174545;0.6942064
24920;0.5230259;0.7046869
24928;0.5046831;0.6582201
24936;0.5028202;0.6587677
24944;0.5106063;0.6620545
24952;0.5143871;0.6713672
24960;0.5119292;0.685962
24968;0.5101833;0.7029564
24976;0.5140705;0.7139816
24984;0.5059093;0.6594089
24992;0.5068833;0.6615863
25000;0.5101423;0.6674587
25008;0.5079622;0.679751
25016;0.5056244;0.6922219
25024;0.5048302;0.6601014
25032;0.5070691;0.665128
25040;0.5047788;0.6749601
25048;0.5021122;0.6846972
25056;0.5028744;0.6718395
25064;0.499262;0.6799759
25072;0.4970935;0.6761665
25080;0.5052912;0.6617967
25088;0.5041301;0.6643903
25096;0.4998297;0.6682248
25104;0.5042613;0.6608349
25112;0.5046891;0.6621858
25120;0.503561;0.6639001
25128;0.4992984;0.6662867
25136;0.5019929;0.6606016
25144;0.4942898;0.6677428
25152;0.4989299;0.6613133
25160;0.4941443;0.6711224
25168;0.4773677;0.6677428
25176;0.4975286;0.6576609
25184;0.4858228;0.6620632
25192;0.4854743;0.6573547
25200;0.4809615;0.6623391
25208;0.4685322;0.6623391
25216;0.4650569;0.6567532
25224;0.4416896;0.6623391
25232;0.4386366;0.6538752
25240;0.4151415;0.6623391
25248;0.4160149;0.6538492
25256;0.3955037;0.6538248
25264;0.3952827;0.6623391
25272;0.3960174;0.6455254
25280;0.3769777;0.6539003
25288;0.3775718;0.6623391
25296;0.3764571;0.6447953
25304;0.3611652;0.6541852
25312;0.3623187;0.6623391
25320;0.3761357;0.6380447
25328;0.3598012;0.6446815
25336;0.3459952;0.6543077
25344;0.3475593;0.6623391
25352;0.3587573;0.6381466
25360;0.3443005;0.6453314
25368;0.3316465;0.6542312
25376;0.333583;0.6623391
25384;0.3424279;0.6395686
25392;0.3181718;0.6544977
25400;0.3198521;0.6623391
25408;0.3292978;0.6464688
25416;0.3265187;0.6417734
25424;0.3063076;0.6557837
25432;0.3079675;0.6623347
25440;0.3155339;0.6484409
25448;0.3220393;0.6364005
25456;0.2975019;0.6576772
25464;0.2997199;0.6623347
25472;0.3037514;0.6508126
25480;0.3123915;0.644521
25488;0.307134;0.6398191
25496;0.2908147;0.6603515
25504;0.293803;0.6623347
25512;0.2944151;0.6539137
25520;0.3005703;0.6473687
25528;0.2983083;0.6314443
25536;0.2863631;0.665063
25544;0.2890036;0.6631522
25552;0.2865344;0.66769
25560;0.2876279;0.6649647
25568;0.2883383;0.6669796
25576;0.2871925;0.6580338
25584;0.2948028;0.6434926
25592;0.2908788;0.6511852
25600;0.2851149;0.6372018
25608;0.2816584;0.6654503
25616;0.2831004;0.6563642
25624;0.2845421;0.6485012
25632;0.2758582;0.6303023
25640;0.2736315;0.6440957
25648;0.2624936;0.6392469
25656;0.2744994;0.6552432
25664;0.276781;0.6653322
25672;0.2504643;0.6517301
25680;0.2626351;0.6537138
25688;0.2419672;0.669153
25696;0.2654444;0.666312
25704;0.2542627;0.6676694
25712;0.2814282;0.670365
25720;0.2427888;0.6836177
25728;0.2753314;0.6719359
25736;0.2645259;0.675276
25744;0.2530645;0.6792195
25752;0.2826721;0.6728712
25760;0.2463212;0.695175
25768;0.2343731;0.7035574
25776;0.2549951;0.6891512
25784;0.2655884;0.6826783
25792;0.2765236;0.6764904
25800;0.2873279;0.6690729
25808;0.2901565;0.6678263
25816;0.2537402;0.7039568
25824;0.2441868;0.7135658
25832;0.2597244;0.6976612
25840;0.2700966;0.6889712
25848;0.2799388;0.6812226
25856;0.2853233;0.6759564
25864;0.2889913;0.6709264
25872;0.2932588;0.6678166
25880;0.2648167;0.7101934
25888;0.2563315;0.7216105
25896;0.2692864;0.7032239
25904;0.2774419;0.6942396
25912;0.2899425;0.6792023
25920;0.292842;0.6728624
25928;0.3003466;0.667872
25936;0.2856417;0.6858767
25944;0.2769879;0.7163839
25952;0.269688;0.730166
25960;0.2808466;0.7076633
25968;0.2996816;0.6745762
25976;0.3123247;0.6677428
25984;0.2974434;0.6824796
25992;0.2937983;0.6900281
26000;0.2868204;0.6991534
26008;0.2909556;0.7235823
26016;0.2854428;0.7387663
26024;0.310137;0.675904
26032;0.3316504;0.6677428
26040;0.30751;0.6855432
26048;0.2941602;0.7131469
26056;0.3043319;0.6937363
26064;0.298908;0.7036086
26072;0.3111998;0.7315342
26080;0.3070734;0.7452006
26088;0.3293434;0.7502199
26096;0.3246511;0.6893924
26104;0.3145857;0.7192582
26112;0.3324233;0.7374039
26120;0.3517388;0.7549224
26128;0.3217372;0.6992001
26136;0.3180882;0.7097573
26144;0.354296;0.7416191
26152;0.3753618;0.7580192
26160;0.3397279;0.703382
26168;0.3363056;0.7146739
26176;0.3333638;0.7243911
26184;0.3769949;0.7450516
26192;0.3988981;0.758602
26200;0.3560548;0.7286519
26208;0.3579305;0.7192677
26216;0.3603606;0.7077219
26224;0.3441474;0.6935857
26232;0.3998923;0.7471687
26240;0.4235503;0.756334
26248;0.3779165;0.7325796
26256;0.3786081;0.7229989
26264;0.3801828;0.7104889
26272;0.425261;0.7446755
26280;0.4456344;0.7516514
26288;0.4008389;0.7349665
26296;0.4471928;0.7407303
26304;0.4638639;0.7462486
26312;0.4242643;0.7336863
26320;0.4000858;0.7239283
26328;0.4647246;0.7348836
26336;0.4778963;0.7386804
26344;0.4001372;0.7122912
26352;0.4460562;0.7314949
26360;0.4243798;0.7230515
26368;0.4778053;0.7265254
26376;0.4909893;0.730944
26384;0.4640787;0.7259051
26392;0.4464343;0.7194154
26400;0.4905854;0.7180095
26408;0.5040442;0.7222402
26416;0.4779802;0.7180842
26424;0.5008604;0.7108322
26432;0.4893838;0.7081841
26440;0.4973918;0.7006749
26448;0.463873;0.7157559
26456;0.4237848;0.712231
26464;0.4771523;0.7077719
26472;0.4942198;0.6912661
26480;0.4871005;0.6987962
26488;0.4456025;0.7106568
26496;0.4917264;0.6859968
26504;0.4623487;0.7063682
26512;0.4749661;0.7005951
26520;0.4845171;0.6931084
26528;0.4889475;0.6813771
26536;0.4808714;0.6869419
26544;0.4720487;0.6925049
26552;0.4600751;0.6973554
26560;0.4441059;0.7001956
26568;0.4834338;0.6749043
26576;0.4744179;0.6771235
26584;0.4654802;0.6677428
26592;0.4567941;0.6677428
26600;0.4647362;0.6795162
26608;0.4446674;0.6677428
26616;0.4526925;0.6817429
26624;0.4390514;0.6844026
26632;0.432345;0.6677428
26640;0.421267;0.6868913
26648;0.4171902;0.6677428
26656;0.4232902;0.7024562
26664;0.4004216;0.7023303
26672;0.4004717;0.6857332
26680;0.4001901;0.6677428
26688;0.3834748;0.6846687
26696;0.3848929;0.6677428
26704;0.3814891;0.7008553
26712;0.3624422;0.6974112
26720;0.3655802;0.6823651
26728;0.3680535;0.6677428
26736;0.3474739;0.6801119
26744;0.349721;0.6677428
26752;0.3282234;0.6779326
26760;0.2137459;0.6976056
26768;0.2343731;0.7035574
26776;0.2279665;0.6907812
26784;0.2196663;0.7140748
26792;0.2023123;0.7025691
26800;0.2441868;0.7135658
26808;0.2047932;0.7248147
26816;0.1774592;0.7110647
26824;0.2288487;0.7291058
26832;0.2563315;0.7216105
26840;0.183384;0.7385551
26848;0.1460117;0.720847
26856;0.2121961;0.7451017
26864;0.241047;0.7418151
26872;0.269688;0.730166
26880;0.1531744;0.7562598
26888;0.1092747;0.7338313
26896;0.1925676;0.762046
26904;0.2575636;0.7526785
26912;0.2854428;0.7387663
26920;0.2255759;0.7612609
26928;0.1159862;0.7806448
26936;0.06719141;0.7513556
26944;0.1642788;0.7877792
26952;0.2088378;0.7803286
26960;0.2434947;0.7758541
26968;0.2769819;0.7621824
26976;0.07460152;0.8054347
26984;0.02563991;0.7646426
26992;0.03226628;0.8279997
27000;0.1280275;0.8212793
27008;0.08682181;0.8568559
27016;0.05112349;0.8852723
27024;0.1822061;0.8120534
27032;0.3002673;0.7677053
27040;0.3070734;0.7452006
27048;0.1136669;0.8945644
27056;0.08049827;0.9341165
27064;0.1516932;0.8489425
27072;0.2286333;0.7973036
27080;0.2655536;0.7869195
27088;0.1505474;0.9195102
27096;0.1246474;0.9630215
27104;0.1738171;0.9768388
27112;0.20579;0.8320084
27120;0.1799495;0.8727597
27128;0.1930064;0.9347945
27136;0.2200643;0.9879024
27144;0.2528091;0.8103151
27152;0.2348728;0.847486
27160;0.2143075;0.8898185
27168;0.2335072;0.9450871
27176;0.2633917;0.9909572
27184;0.2896835;0.7956699
27192;0.2499694;0.8999064
27200;0.2724621;0.9491837
27208;0.3040245;0.9906487
27216;0.2792159;0.8196974
27224;0.2660337;0.8576038
27232;0.2847475;0.9048331
27240;0.3106481;0.9498849
27248;0.3442017;0.9890363
27256;0.306709;0.8253721
27264;0.3154212;0.7994744
27272;0.2965688;0.8638244
27280;0.3198894;0.9067853
27288;0.3499317;0.9480262
27296;0.3818851;0.9869008
27304;0.3286438;0.8670238
27312;0.3565948;0.9063336
27320;0.3888699;0.9441167
27328;0.420199;0.9853488
27336;0.3352845;0.8284076
27344;0.3609934;0.8673555
27352;0.4216827;0.9392648
27360;0.4610415;0.986734
27368;0.3915704;0.9036107
27376;0.3415087;0.8024327
27384;0.3643063;0.8297147
27392;0.3913169;0.8654261
27400;0.421382;0.898792
27408;0.4613471;0.93006
27416;0.3240048;0.7719563
27424;0.3293434;0.7502199
27432;0.3480327;0.7748208
27440;0.3517388;0.7549224
27448;0.3688152;0.8035293
27456;0.3734092;0.7763748
27464;0.3753618;0.7580192
27472;0.3912772;0.8284864
27480;0.3979892;0.7754691
27488;0.3988981;0.758602
27496;0.3949949;0.8014503
27504;0.4179075;0.8607947
27512;0.421982;0.7723111
27520;0.4235503;0.756334
27528;0.417229;0.8251196
27536;0.419646;0.7969702
27544;0.4533517;0.8916117
27552;0.4434498;0.7681556
27560;0.4456344;0.7516514
27568;0.4445247;0.8537118
27576;0.4391772;0.8199655
27584;0.4409679;0.7906957
27592;0.4626543;0.7612507
27600;0.4638639;0.7462486
27608;0.459632;0.7850919
27616;0.4584281;0.8142433
27624;0.4647262;0.8458376
27632;0.4808389;0.880374
27640;0.4780925;0.7546521
27648;0.4778963;0.7386804
27656;0.4775163;0.7768767
27664;0.4770583;0.8065505
27672;0.4849018;0.835444
27680;0.4925488;0.7467854
27688;0.4909893;0.730944
27696;0.4940727;0.7682211
27704;0.4961393;0.7950123
27712;0.50676;0.7377819
27720;0.5040442;0.7222402
27728;0.5091401;0.7576586
27736;0.5180811;0.7271044
27744;0.5140705;0.7139816
27752;0.501488;0.864788
27760;0.5043761;0.8229678
27768;0.5131788;0.7817403
27776;0.523766;0.7424104
27784;0.5289061;0.715661
27792;0.5230259;0.7046869
27800;0.5189328;0.8459723
27808;0.5233368;0.8082591
27816;0.5312628;0.7645289
27824;0.535735;0.728523
27832;0.5370222;0.703519
27840;0.5310724;0.6933979
27848;0.5352781;0.8264009
27856;0.5398229;0.7877384
27864;0.5464966;0.7464599
27872;0.5442979;0.7157033
27880;0.5452467;0.6908253
27888;0.5369115;0.6810899
27896;0.5493388;0.6781681
27904;0.5395057;0.6707054
27912;0.5571179;0.685398
27920;0.5526162;0.7006976
27928;0.56831;0.6937975
27936;0.563231;0.7137701
27944;0.5825899;0.7033083
27952;0.5563774;0.7299479
27960;0.5755659;0.7249415
27968;0.5959284;0.7130656
27976;0.5682003;0.7427445
27984;0.588768;0.7362809
27992;0.608691;0.7221068
28000;0.5579487;0.7624089
28008;0.6010293;0.7476143
28016;0.6230943;0.7321967
28024;0.6146629;0.7587225
28032;0.5811871;0.7556456
28040;0.5932275;0.7687899
28048;0.6058525;0.7820737
28056;0.5693665;0.7787251
28064;0.5818766;0.7936302
28072;0.596387;0.8050089
28080;0.5849137;0.8295819
28088;0.5674222;0.8191931
28096;0.5735814;0.8527155
28104;0.551488;0.8050295
28112;0.5522006;0.8422707
28120;0.5615216;0.8750726
28128;0.5371433;0.863318
28136;0.54629;0.897966
28144;0.5206419;0.8845698
28152;0.5315334;0.9210634
28160;0.501429;0.905632
28168;0.5175377;0.95266
28176;0.5083886;0.991221
28184;0.4793723;0.4928662
28192;0.4885212;0.5314273
28200;0.5358684;0.5269403
28208;0.5355629;0.4702663
28216;0.5752271;0.479471
28224;0.5767109;0.5255551
28232;0.4954807;0.4458383
28240;0.4653765;0.4612697
28248;0.60804;0.484323
28256;0.6150249;0.5271071
28264;0.4762679;0.424776
28272;0.4506198;0.4381723
28280;0.6469781;0.4882325
28288;0.6527082;0.5292426
28296;0.4597666;0.4035243
28304;0.4353883;0.4152788
28312;0.6862617;0.4900912
28320;0.6928854;0.5308549
28328;0.4447094;0.382477
28336;0.4233285;0.3929217
28344;0.7244478;0.48939
28352;0.7335182;0.5311635
28360;0.4294876;0.3593994
28368;0.4119964;0.3697881
28376;0.7634027;0.4852933
28384;0.7768456;0.5281087
28392;0.4150333;0.3338364
28400;0.4005229;0.3452152
28408;0.3910574;0.3222799
28416;0.4036824;0.3089961
28424;0.3822469;0.2989288
28432;0.4275435;0.3189313
28440;0.4454219;0.3452358
28448;0.3958806;0.2878205
28456;0.3738155;0.2724029
28464;0.3882189;0.2623131
28472;0.4157228;0.2958519
28480;0.4081419;0.2764871
28488;0.4009816;0.2532719
28496;0.4213441;0.2651478
28504;0.4143201;0.2435147
28512;0.4287095;0.2829508
28520;0.4389612;0.3026152
28528;0.4336789;0.2539764
28536;0.4285998;0.2340038
28544;0.4405324;0.2701542
28552;0.4442936;0.2409039
28560;0.4397919;0.2256043
28568;0.4570869;0.3279448
28576;0.4504132;0.2866662
28584;0.452612;0.2559096
28592;0.4516631;0.2310316
28600;0.447571;0.2183742
28608;0.4599983;0.2212962
28616;0.4574041;0.2109118
28624;0.4658376;0.2336041
28632;0.4598876;0.2437253
28640;0.473884;0.2448931
28648;0.4680038;0.2558673
28656;0.4828393;0.2541879
28664;0.4611749;0.2687293
28672;0.4788287;0.2673107
28680;0.4928656;0.2624464
28688;0.4731438;0.2826166
28696;0.4901498;0.2779881
28704;0.5059205;0.2711503
28712;0.465647;0.3047352
28720;0.5043613;0.2869916
28728;0.5190136;0.2788867
28736;0.4877698;0.2978649
28744;0.483731;0.3219466
28752;0.5188173;0.2948584
28760;0.5330459;0.2864548
28768;0.5028373;0.3084274
28776;0.4735731;0.3484653
28784;0.5342556;0.301457
28792;0.5512755;0.2918575
28800;0.5193937;0.3170829
28808;0.5007706;0.3352186
28816;0.4616317;0.3666071
28824;0.5534601;0.3083617
28832;0.5733596;0.2965401
28840;0.5372777;0.3252982
28848;0.5198516;0.3467567
28856;0.4925339;0.3631741
28864;0.477977;0.3861786
28872;0.574928;0.3125173
28880;0.5980119;0.2988081
28888;0.5559419;0.330902
28896;0.5384818;0.3544497
28904;0.5120081;0.3756503
28912;0.4954219;0.4049943
28920;0.5989207;0.3156753
28928;0.6215482;0.2982254
28936;0.577264;0.3371764
28944;0.5321839;0.3860438
28952;0.5160711;0.4205801
28960;0.5577326;0.3601717
28968;0.6235007;0.316581
28976;0.645171;0.2951287
28984;0.5435581;0.431818
28992;0.5523852;0.3939181
29000;0.579681;0.3653259
29008;0.601915;0.3416564
29016;0.6488771;0.315027
29024;0.6675664;0.2904261
29032;0.5755279;0.4389982
29040;0.5790023;0.401001
29048;0.6280947;0.3437355
29056;0.6056327;0.3686928
29064;0.6729051;0.3121626
29072;0.6898365;0.2854069
29080;0.6053394;0.4438169
29088;0.6055931;0.4056323
29096;0.6554011;0.3426388
29104;0.6326035;0.3699209
29112;0.6966425;0.3079115
29120;0.7114671;0.2789724
29128;0.6403152;0.4465399
29136;0.6359166;0.4075617
29144;0.6616254;0.3686139
29152;0.6814886;0.3396805
29160;0.6770204;0.4469916
29168;0.6682663;0.4072301
29176;0.6902009;0.3655783
29184;0.7121624;0.4450393
29192;0.7003411;0.4040307
29200;0.7469405;0.4401126
29208;0.7308762;0.39781
29216;0.7072263;0.335876
29224;0.717694;0.3599037
29232;0.762037;0.3876923
29240;0.7826023;0.4300248
29248;0.7441008;0.3505212
29256;0.7313564;0.3271257
29264;0.8039036;0.4750007
29272;0.8230928;0.5170451
29280;0.8169603;0.412966
29288;0.8463626;0.4597165
29296;0.8722626;0.5032278
29304;0.9164115;0.4743228
29312;0.8832431;0.4347706
29320;0.9457865;0.4254785
29328;0.7911199;0.3722146
29336;0.9100879;0.3970621
29344;0.9646436;0.368206
29352;0.8452168;0.3891488
29360;0.7682766;0.3375098
29368;0.9223083;0.345641
29376;0.97127;0.3048488
29384;0.9297185;0.2915619
29392;0.8147038;0.3522596
29400;0.8688824;0.3614856
29408;0.8809237;0.320851
29416;0.8876352;0.2740375
29424;0.8326311;0.3279855
29432;0.8437355;0.2964661
29440;0.8508983;0.2610533
29448;0.7880721;0.3205349
29456;0.8135259;0.2787613
29464;0.8194507;0.251271
29472;0.8043422;0.3022523
29480;0.7534151;0.3160604
29488;0.7921166;0.265021
29496;0.7945976;0.2427754
29504;0.7713341;0.3014672
29512;0.7847137;0.285308
29520;0.7199279;0.3023885
29528;0.7393463;0.2928846
29536;0.7272218;0.2703722
29544;0.755863;0.2820214
29552;0.7405784;0.2618167
29560;0.7680612;0.2693121
29568;0.7527231;0.253772
29576;0.7772436;0.254281
29584;0.7625368;0.2437637
29592;0.783164;0.2378118
29600;0.7689434;0.2309874
29608;0.01670051;0.9808879
29616;0.01667058;0.9810826
29624;0.01694625;0.9810904
29632;0.01697012;0.9808974
29640;0.01722182;0.9810904
29648;0.01677622;0.9807212
29656;0.01723075;0.9808966
29664;0.01700293;0.9807309
29672;0.016855;0.9805895
29680;0.01724306;0.9807271
29688;0.01704371;0.9806013
29696;0.01694115;0.9804507
29704;0.01725891;0.9806006
29712;0.01709741;0.9804631
29720;0.01701009;0.980316
29728;0.01728061;0.9804684
29736;0.01714641;0.9803282
29744;0.01706803;0.9801748
29752;0.01730494;0.9803295
29760;0.01719032;0.9801933
29768;0.01711018;0.9800472
29776;0.01732664;0.9802016
29784;0.01722656;0.9800611
29792;0.01734582;0.9800731
29800;0.0171397;0.9799122
29808;0.01724952;0.9799392
29816;0.01735995;0.9799471
29824;0.01737095;0.9798043
29832;0.0172683;0.9797943
29840;0.01737479;0.9796612
29848;0.01715958;0.9797724
29856;0.01727542;0.9796455
29864;0.01716862;0.979619
29872;0.9297185;0.2915619
29880;0.97127;0.3048488
29888;0.9760609;0.2410181
29896;0.9256274;0.2266385
29904;0.9828732;0.1762522
29912;0.9086059;0.1462116
29920;0.9912199;0.1154241
29928;0.8876352;0.2740375
29936;0.9274555;0.08306599
29944;0.8849813;0.2216219
29952;0.8508983;0.2610533
29960;0.847826;0.2183653
29968;0.8194507;0.251271
29976;0.8489753;0.08595398
29984;0.8603148;0.04316777
29992;0.8685911;0.1649069
30000;0.8165976;0.2154576
30008;0.7945976;0.2427754
30016;0.7908897;0.04459089
30024;0.7903088;0.007914394
30032;0.7325655;0.007983148
30040;0.8293381;0.1167362
30048;0.8344378;0.1767113
30056;0.7895325;0.2132656
30064;0.783164;0.2378118
30072;0.7689434;0.2309874
30080;0.784739;0.08000559
30088;0.7394023;0.04995364
30096;0.8082095;0.1392612
30104;0.8062704;0.1815068
30112;0.7732621;0.1084906
30120;0.6979878;0.04628849
30128;0.6868807;0.01716986
30136;0.7367251;0.08863595
30144;0.6617701;0.04933512
30152;0.6486295;0.02722701
30160;0.7017186;0.07555833
30168;0.6302773;0.05720294
30176;0.6153178;0.03795207
30184;0.6693958;0.07522032
30192;0.5988326;0.06679305
30200;0.5813503;0.04736534
30208;0.6398929;0.07984057
30216;0.6100674;0.08733025
30224;0.5658382;0.07700244
30232;0.549337;0.05882958
30240;0.6433709;0.09891808
30248;0.6713443;0.09927192
30256;0.578021;0.09548345
30264;0.5309451;0.08967158
30272;0.5156642;0.07320273
30280;0.7004129;0.1036228
30288;0.5439391;0.1054392
30296;0.4938101;0.1048909
30304;0.4786457;0.08932143
30312;0.7297355;0.113198
30320;0.5073609;0.1176903
30328;0.4595485;0.1209794
30336;0.4461645;0.1077666
30344;0.4169293;0.1282355
30352;0.7583177;0.1302304
30360;0.4721007;0.131605
30368;0.4311735;0.1411875
30376;0.3930124;0.155504
30384;0.7853168;0.1532911
30392;0.4463128;0.1509709
30400;0.4079761;0.166412
30408;0.3727315;0.1989423
30416;0.7794765;0.1863631
30424;0.4261534;0.1720207
30432;0.7726328;0.2116965
30440;0.7421353;0.149032
30448;0.7618965;0.1655861
30456;0.7606304;0.1895063
30464;0.721244;0.1330851
30472;0.6954128;0.1261255
30480;0.6697075;0.1214536
30488;0.6447771;0.1208438
30496;0.7307439;0.1614535
30504;0.7131356;0.1508606
30512;0.6912947;0.1435045
30520;0.6677843;0.1389977
30528;0.6445874;0.1368204
30536;0.7463402;0.1737494
30544;0.6191155;0.1227957
30552;0.6204596;0.1369132
30560;0.6155605;0.1043172
30568;0.5853035;0.1107905
30576;0.5907758;0.1262873
30584;0.553225;0.1189311
30592;0.5936202;0.1384658
30600;0.5607052;0.1319804
30608;0.5186285;0.1288058
30616;0.5651863;0.1420391
30624;0.5288602;0.1406445
30632;0.4849631;0.1413819
30640;0.535187;0.1490094
30648;0.4967967;0.1506069
30656;0.4590511;0.1577219
30664;0.5067345;0.1586643
30672;0.4694499;0.162865
30680;0.4410035;0.1751583
30688;0.4815232;0.1682901
30696;0.4510758;0.177015
30704;0.4645718;0.1792729
30712;0.5142477;0.1648667
30720;0.4914922;0.1731919
30728;0.4756326;0.181076
30736;0.5410845;0.1567252
30744;0.5688347;0.1513799
30752;0.595799;0.1494252
30760;0.6213038;0.1486081
30768;0.6429491;0.1492658
30776;0.6645471;0.1518235
30784;0.687097;0.1563429
30792;0.7063181;0.1621201
30800;0.5460751;0.1642077
30808;0.571708;0.1605297
30816;0.5970755;0.1590362
30824;0.621436;0.1585559
30832;0.6413267;0.1596261
30840;0.661381;0.1625609
30848;0.6818614;0.1668298
30856;0.5207387;0.1707127
30864;0.4991892;0.1769519
30872;0.4841521;0.1824059
30880;0.6211891;0.169825
30888;0.6396539;0.1710033
30896;0.6576101;0.1731115
30904;0.5987521;0.1699552
30912;0.5750494;0.1713837
30920;0.5510617;0.173492
30928;0.5270875;0.1782264
30936;0.5069538;0.1824974
30944;0.4927696;0.1859316
30952;0.5779359;0.1804057
30960;0.5549866;0.1815363
30968;0.5315676;0.1853037
30976;0.511814;0.1876782
30984;0.5571117;0.1870408
30992;0.6001323;0.1791448
31000;0.4974494;0.189492
31008;0.5325464;0.1907122
31016;0.5796679;0.1865874
31024;0.5808951;0.1940555
31032;0.5582732;0.1940814
31040;0.6008925;0.1857316
31048;0.6207743;0.178251
31056;0.6204528;0.1850015
31064;0.6014062;0.1940311
31072;0.6381527;0.1783529
31080;0.6371087;0.1848877
31088;0.654482;0.1797749
31096;0.5817684;0.2025453
31104;0.5552204;0.2025453
31112;0.6016272;0.2025453
31120;0.6199323;0.1941065
31128;0.6193382;0.2025453
31136;0.5318531;0.1969593
31144;0.5283777;0.2025453
31152;0.6357448;0.1943915
31160;0.6345912;0.2025453
31168;0.6509148;0.194514
31176;0.6493505;0.2025453
31184;0.5114357;0.1975608
31192;0.5159485;0.2025453
31200;0.5110871;0.2022694
31208;0.5128504;0.1926261
31216;0.4994418;0.1936473
31224;0.4993814;0.1978671
31232;0.49798;0.2015195
31240;0.4940897;0.1989739
31248;0.4949169;0.2008078
31256;0.4926486;0.2010412
31264;0.4931833;0.1954181
31272;0.4891279;0.1924077
31280;0.4834401;0.190559
31288;0.4900056;0.1968324
31296;0.4753543;0.1894279
31304;0.4922268;0.1984263
31312;0.4839718;0.1960551
31320;0.4652688;0.1902696
31328;0.4879622;0.1986788
31336;0.4910005;0.1996151
31344;0.4760819;0.1969165
31352;0.4920796;0.2003076
31360;0.4900265;0.2017926
31368;0.4916187;0.202003
31376;0.4922208;0.202392
31384;0.4927799;0.2045965
31392;0.4933488;0.2041064
31400;0.4976115;0.2064929
31408;0.4808965;0.2002183
31416;0.4863036;0.2022607
31424;0.4970802;0.208431
31432;0.5026201;0.2079491
31440;0.4898408;0.2053343
31448;0.5027655;0.2113287
31456;0.5195421;0.2079491
31464;0.4940355;0.2120457
31472;0.4867676;0.2076649
31480;0.4801796;0.204763
31488;0.4737833;0.2037859
31496;0.4680656;0.1985506
31504;0.513476;0.2151107
31512;0.4998163;0.2163727
31520;0.4921309;0.2151664
31528;0.4825228;0.2115734
31536;0.4748825;0.2093561
31544;0.4671134;0.2066663
31552;0.4588236;0.199962
31560;0.5224921;0.2173298
31568;0.5314298;0.2079491
31576;0.5401158;0.2079491
31584;0.4539762;0.1910807
31592;0.4403297;0.1933902
31600;0.4466514;0.2044953
31608;0.4574041;0.2109118
31616;0.4295285;0.19531
31624;0.4688658;0.2138405
31632;0.447571;0.2183742
31640;0.4599983;0.2212962
31648;0.4375867;0.2082362
31656;0.4397919;0.2256043
31664;0.4272347;0.2120995
31672;0.4285998;0.2340038
31680;0.4130545;0.1970188
31688;0.410254;0.2186946
31696;0.4143201;0.2435147
31704;0.3920704;0.1992543
31712;0.3955347;0.2268223
31720;0.4009816;0.2532719
31728;0.3815436;0.2350379
31736;0.3559729;0.2157727
31744;0.3882189;0.2623131
31752;0.3672603;0.244699
31760;0.3738155;0.2724029
31768;0.02342592;0.977713
31776;0.0234128;0.9778756
31784;0.0234988;0.9781317
31792;0.02328571;0.9775041
31800;0.02330661;0.9777172
31808;0.0230051;0.9770845
31816;0.02311795;0.977386
31824;0.0229407;0.9773439
31832;0.02316095;0.9775783
31840;0.02281382;0.9772178
31848;0.02276577;0.9774048
31856;0.02284229;0.9773868
31864;0.02300248;0.9774854
31872;0.02275457;0.9776286
31880;0.02304901;0.9776282
31888;0.02289992;0.9775276
31896;0.0228329;0.9775444
31904;0.02289649;0.9776754
31912;0.02268563;0.977747
31920;0.02295271;0.9776602
31928;0.02283209;0.9777434
31936;0.02312482;0.9778185
31944;0.02303872;0.9778525
31952;0.02298713;0.9778602
31960;0.02292082;0.9779025
31968;0.02277466;0.9778279
31976;0.02264475;0.9778467
31984;0.02322152;0.9777509
31992;0.02253402;0.9779135
32000;0.02246699;0.9780164
32008;0.02261406;0.9779408
32016;0.02273075;0.9779031
32024;0.02286106;0.9779637
32032;0.0233164;0.9778836
32040;0.02242702;0.9781206
32048;0.02298976;0.9780633
32056;0.02339443;0.9780183
32064;0.0223709;0.9782107
32072;0.0230588;0.9780494
32080;0.02310271;0.978036
32088;0.02317458;0.9779911
32096;0.02326371;0.9779085
32104;0.0233058;0.9780356
32112;0.02238816;0.9782567
32120;0.0224249;0.9781939
32128;0.02235626;0.9783146
32136;0.02236565;0.978374
32144;0.02238785;0.9783021
32152;0.02242742;0.9782346
32160;0.02335092;0.97816
32168;0.02321465;0.9781381
32176;0.02345953;0.9782538
32184;0.02314177;0.9781829
32192;0.0235417;0.978399
32200;0.02309665;0.9781872
32208;0.02362992;0.9787183
32216;0.02360357;0.9790267
32224;0.02355159;0.9787389
32232;0.02349032;0.9784842
32240;0.02302852;0.9781882
32248;0.0235533;0.9792855
32256;0.02339059;0.9783683
32264;0.0232415;0.9782754
32272;0.02316903;0.9783164
32280;0.0231226;0.9783179
32288;0.02306173;0.9783118
32296;0.02350223;0.979197
32304;0.02354099;0.9789929
32312;0.02349325;0.9787667
32320;0.02347669;0.9794087
32328;0.02347407;0.9790002
32336;0.02340856;0.9785742
32344;0.02345872;0.9795537
32352;0.02340513;0.9787978
32360;0.02327522;0.9784518
32368;0.02335435;0.9797724
32376;0.02329349;0.9786247
32384;0.02318962;0.9784783
32392;0.02320315;0.978632
32400;0.02314107;0.9784718
32408;0.02315591;0.9786189
32416;0.02308525;0.9784565
32424;0.02310483;0.9785949
32432;0.02329641;0.9788034
32440;0.02320789;0.978784
32448;0.02316186;0.9787614
32456;0.02311836;0.9787253
32464;0.02338847;0.9789988
32472;0.02343833;0.9791672
32480;0.02345529;0.9793231
32488;0.02306223;0.9785749
32496;0.02307112;0.9786946
32504;0.02303912;0.9784483
32512;0.02299521;0.9783111
32520;0.02295998;0.9781966
32528;0.02292082;0.9780837
32536;0.02341058;0.9793955
32544;0.0233914;0.9794911
32552;0.0234021;0.9792883
32560;0.02335607;0.979619
32568;0.02336425;0.9793915
32576;0.02336031;0.9791607
32584;0.0233271;0.9794981
32592;0.02332972;0.9792842
32600;0.02328491;0.9789819
32608;0.02326583;0.979134
32616;0.02320234;0.9789518
32624;0.02329773;0.9793826
32632;0.02323716;0.9792558
32640;0.02315671;0.9789206
32648;0.02318649;0.9790971
32656;0.02311836;0.9788945
32664;0.02314864;0.9790683
32672;0.02307667;0.9788724
32680;0.02310947;0.9790261
32688;0.0230694;0.9789886
32696;0.02316398;0.9792151
32704;0.02312734;0.9791836
32712;0.02308777;0.9791343
32720;0.02304851;0.9790989
32728;0.0232092;0.9793556
32736;0.0230153;0.9788364
32744;0.02301015;0.9789401
32752;0.02298845;0.9790378
32760;0.02301015;0.978675
32768;0.02300429;0.9785691
32776;0.0229834;0.9784523
32784;0.02295181;0.9783266
32792;0.02290588;0.9782149
32800;0.02286793;0.9781075
32808;0.02281221;0.9780033
32816;0.02269451;0.9779794
32824;0.0225753;0.9780229
32832;0.02253058;0.9781023
32840;0.02250404;0.9781721
32848;0.02248234;0.9782388
32856;0.02244024;0.9782968
32864;0.02242026;0.9783634
32872;0.02249566;0.9783146
32880;0.022522;0.9782538
32888;0.02255441;0.9781814
32896;0.02261184;0.9781111
32904;0.02242652;0.978433
32912;0.02247689;0.9783697
32920;0.022447;0.9785076
32928;0.02249647;0.9784073
32936;0.02256036;0.9783394
32944;0.02259529;0.9782661
32952;0.02264727;0.9783809
32960;0.02258045;0.9784136
32968;0.0226285;0.9782027
32976;0.02247396;0.9785719
32984;0.02251776;0.9784604
32992;0.02253866;0.978546
33000;0.0224577;0.9787046
33008;0.02257702;0.9785362
33016;0.0225105;0.978623
33024;0.02254754;0.9786502
33032;0.0226178;0.9785283
33040;0.02244963;0.9788322
33048;0.02249697;0.9787539
33056;0.0225748;0.9786699
33064;0.02248032;0.9788541
33072;0.02264303;0.978568
33080;0.02244741;0.9789313
33088;0.02252251;0.9787802
33096;0.02243045;0.9790206
33104;0.02243721;0.9791536
33112;0.02246588;0.9793202
33120;0.02255733;0.97879
33128;0.02251857;0.9788567
33136;0.02248446;0.9789313
33144;0.02246618;0.9790206
33152;0.02247557;0.97914
33160;0.02259821;0.9787
33168;0.02259317;0.9787993
33176;0.02255824;0.9788696
33184;0.02253432;0.9789308
33192;0.0224999;0.9792855
33200;0.02251474;0.9790131
33208;0.02267069;0.9786018
33216;0.02263273;0.9787173
33224;0.02266897;0.9787335
33232;0.02264475;0.9788207
33240;0.02269411;0.9786242
33248;0.02259226;0.9789423
33256;0.02256924;0.9790024
33264;0.02261992;0.9788817
33272;0.02251988;0.9790922
33280;0.02256379;0.9790698
33288;0.02252756;0.9791759
33296;0.02257651;0.9791447
33304;0.02261961;0.9790506
33312;0.02261103;0.9789945
33320;0.02263708;0.9789423
33328;0.02253997;0.9792608
33336;0.02266685;0.9788938
33344;0.02266554;0.9789865
33352;0.02263708;0.9790974
33360;0.02252251;0.9793826
33368;0.02259569;0.9792055
33376;0.02250202;0.979445
33384;0.02254885;0.9795418
33392;0.02256672;0.9794822
33400;0.02259408;0.9796087
33408;0.02255693;0.9793223
33416;0.02264303;0.9796462
33424;0.02261527;0.9792894
33432;0.02258802;0.9793802
33440;0.02262305;0.9795454
33448;0.02270218;0.9796747
33456;0.02267281;0.9795706
33464;0.02264212;0.9794314
33472;0.02268351;0.979333
33480;0.02270218;0.9792293
33488;0.02270783;0.9794688
33496;0.02273842;0.9797735
33504;0.02273549;0.9795796
33512;0.02277334;0.9796783
33520;0.02280272;0.9799143
33528;0.0226617;0.9791464
33536;0.02279807;0.9795585
33544;0.02282482;0.9797635
33552;0.02291648;0.9800407
33560;0.0226937;0.9790322
33568;0.02283986;0.9796531
33576;0.02286449;0.9795183
33584;0.0227797;0.9794714
33592;0.02290285;0.979861
33600;0.02305658;0.9800272
33608;0.02289558;0.979726
33616;0.02299279;0.9799165
33624;0.02320789;0.9799442
33632;0.02276577;0.9793631
33640;0.02290285;0.9796053
33648;0.02296886;0.9797915
33656;0.0229621;0.9796685
33664;0.02307586;0.9799361
33672;0.02279242;0.9792587
33680;0.02296382;0.9795456
33688;0.02301661;0.9798254
33696;0.02310685;0.9798291
33704;0.02318144;0.9798714
33712;0.0230268;0.9797226
33720;0.02328672;0.979756
33728;0.02322061;0.979717
33736;0.02328491;0.9796072
33744;0.02307747;0.9797702
33752;0.02301661;0.979594
33760;0.02316438;0.9796755
33768;0.02308727;0.9796373
33776;0.02325987;0.9794877
33784;0.02322152;0.9795864
33792;0.0231771;0.9794549
33800;0.02313925;0.9795446
33808;0.02306688;0.9795065
33816;0.02313673;0.9793234
33824;0.02310513;0.9794136
33832;0.02309958;0.9792942
33840;0.02301822;0.9794703
33848;0.02306042;0.9792293
33856;0.02306223;0.979383
33864;0.02292788;0.9794667
33872;0.02298037;0.979398
33880;0.02290366;0.9793994
33888;0.02302125;0.9793165
33896;0.02302337;0.9791912
33904;0.02295271;0.9793501
33912;0.02299147;0.9792722
33920;0.02284703;0.9794402
33928;0.02284622;0.9793677
33936;0.02288407;0.9792855
33944;0.02292243;0.979211
33952;0.02296331;0.9791318
33960;0.02283391;0.9791659
33968;0.02287348;0.9790819
33976;0.02276446;0.9791207
33984;0.02290618;0.9789883
33992;0.02281897;0.9790306
34000;0.02272742;0.9790683
34008;0.0229297;0.978896
34016;0.02285127;0.9789449
34024;0.02278354;0.9789951
34032;0.02274569;0.9789627
34040;0.0229407;0.9788046
34048;0.02287307;0.9788682
34056;0.02281766;0.978919
34064;0.02294847;0.9786588
34072;0.02289134;0.9787847
34080;0.02284491;0.9788343
34088;0.02294504;0.9785551
34096;0.02289891;0.9786515
34104;0.02292546;0.9784476
34112;0.02277627;0.9788855
34120;0.02285975;0.9787552
34128;0.02288922;0.9785435
34136;0.02289599;0.978339
34144;0.02279939;0.9788067
34152;0.02273499;0.9788644
34160;0.0228551;0.9786385
34168;0.02287227;0.9784486
34176;0.02280787;0.9787421
34184;0.0228433;0.9785438
34192;0.02286318;0.9782294
34200;0.02280958;0.9781331
34208;0.02282028;0.9782481
34216;0.02283855;0.9783525
34224;0.02275972;0.9780527
34232;0.02275881;0.9781687
34240;0.0226499;0.9780488
34248;0.02271026;0.9781009
34256;0.02267028;0.9781495
34264;0.02277284;0.9782661
34272;0.02271803;0.9781998
34280;0.02268775;0.9782381
34288;0.02273711;0.9782965
34296;0.02278657;0.978366
34304;0.0226617;0.9782937
34312;0.02269118;0.9783598
34320;0.02272348;0.9784172
34328;0.02267543;0.9784387
34336;0.02270521;0.9784884
34344;0.02273458;0.9785255
34352;0.02277042;0.9784826
34360;0.02276476;0.9785607
34368;0.0228219;0.9784575
34376;0.02279807;0.9785526
34384;0.02272055;0.9786417
34392;0.02280958;0.9786366
34400;0.02275719;0.9786428
34408;0.02270995;0.9787498
34416;0.02275931;0.9787633
34424;0.02269067;0.9788359
34432;0.02270814;0.9789243
34440;0.5079623;0.2215834
34448;0.4976479;0.2201822
34456;0.4889476;0.2199573
34464;0.4786503;0.2173506
34472;0.472738;0.2243226
34480;0.4658376;0.2336041
34488;0.4849807;0.2261683
34496;0.4794554;0.2344126
34504;0.473884;0.2448931
34512;0.4947976;0.2249035
34520;0.5051835;0.2262031
34528;0.4867265;0.2431627
34536;0.4828393;0.2541879
34544;0.4912854;0.2324282
34552;0.4960495;0.2510385
34560;0.4928656;0.2624464
34568;0.5026902;0.2314723
34576;0.499518;0.2408811
34584;0.5160385;0.2271482
34592;0.5063246;0.2582158
34600;0.5059205;0.2711503
34608;0.507526;0.2483903
34616;0.5098094;0.2390024
34624;0.5123929;0.2333146
34632;0.5321736;0.2197224
34640;0.5522426;0.2079491
34648;0.5191045;0.2667316
34656;0.5190136;0.2788867
34664;0.5189297;0.2582904
34672;0.5197576;0.2479782
34680;0.5248611;0.2327112
34688;0.5219437;0.2408013
34696;0.5442173;0.2219492
34704;0.5321853;0.2750899
34712;0.5330459;0.2864548
34720;0.5328312;0.2661113
34728;0.5330368;0.2559622
34736;0.5368347;0.2375617
34744;0.5345612;0.2465745
34752;0.5578586;0.2246089
34760;0.5645648;0.2079491
34768;0.552804;0.2404019
34776;0.5756428;0.2270974
34784;0.5797197;0.2079491
34792;0.5513073;0.250863
34800;0.5504756;0.2596217
34808;0.5736196;0.2426624
34816;0.5964383;0.2259394
34824;0.5967199;0.2079491
34832;0.573125;0.2524373
34840;0.5964882;0.2425365
34848;0.6134353;0.2248749
34856;0.6120169;0.2079491
34864;0.5508536;0.2717012
34872;0.5725302;0.2632578
34880;0.5967728;0.2524975
34888;0.5497171;0.2809365
34896;0.5512755;0.2918575
34904;0.5726457;0.2738925
34912;0.571649;0.2848817
34920;0.5733596;0.2965401
34928;0.596824;0.2641345
34936;0.5970175;0.2873749
34944;0.5980119;0.2988081
34952;0.596071;0.2751728
34960;0.619915;0.2852578
34968;0.6215482;0.2982254
34976;0.6183019;0.2632051
34984;0.6189934;0.2727857
34992;0.642614;0.2818253
35000;0.645171;0.2951287
35008;0.6408552;0.2688581
35016;0.6644866;0.2776099
35024;0.6675664;0.2904261
35032;0.6635461;0.2645973
35040;0.6389794;0.259474
35048;0.6167271;0.2506951
35056;0.6857101;0.2717403
35064;0.6898365;0.2854069
35072;0.7114671;0.2789724
35080;0.6823242;0.2594643
35088;0.7059542;0.2637885
35096;0.7272218;0.2703722
35104;0.6606044;0.2548802
35112;0.7199219;0.2565902
35120;0.7405784;0.2618167
35128;0.7027496;0.2533532
35136;0.7320932;0.2503996
35144;0.7527231;0.253772
35152;0.6365494;0.2479281
35160;0.6788217;0.2499635
35168;0.7160633;0.2478695
35176;0.7431697;0.2441631
35184;0.7625368;0.2437637
35192;0.6571821;0.2435883
35200;0.6980017;0.2438149
35208;0.7276236;0.2434302
35216;0.7505888;0.2353812
35224;0.6751727;0.2394063
35232;0.7100896;0.2393597
35240;0.7371855;0.2378674
35248;0.7541212;0.2238239
35256;0.692578;0.2339426
35264;0.6722587;0.2295986
35272;0.719468;0.2344458
35280;0.7419147;0.2293575
35288;0.7549427;0.2093593
35296;0.7031115;0.2302344
35304;0.7268133;0.2291773
35312;0.7438455;0.2194257
35320;0.7464455;0.1919363
35328;0.6894;0.2257494
35336;0.7112681;0.2260829
35344;0.7313215;0.2228845
35352;0.7426473;0.2078755
35360;0.7344162;0.1794531
35368;0.6994665;0.2226858
35376;0.716971;0.2214288
35384;0.7323841;0.2154823
35392;0.7342749;0.1939201
35400;0.7210516;0.1705085
35408;0.7232783;0.1843019
35416;0.7314655;0.2065181
35424;0.7203863;0.2166966
35432;0.7069674;0.2194086
35440;0.7117951;0.177408
35448;0.7224104;0.1954495
35456;0.7215785;0.2121422
35464;0.7115866;0.2161627
35472;0.6986015;0.1716505
35480;0.7123678;0.1887074
35488;0.7201289;0.2055384
35496;0.7142377;0.2130775
35504;0.7021071;0.1836989
35512;0.6897758;0.1800254
35520;0.7138095;0.1965705
35528;0.7154815;0.2105712
35536;0.7103755;0.2078963
35544;0.7152514;0.2056565
35552;0.709582;0.2092792
35560;0.7060311;0.1913913
35568;0.7097174;0.1982401
35576;0.6963395;0.187575
35584;0.7079184;0.2111327
35592;0.7105467;0.2052693
35600;0.7024947;0.1941199
35608;0.7040677;0.2130687
35616;0.7060952;0.2005578
35624;0.6972283;0.2147824
35632;0.6867728;0.2161103
35640;0.7036511;0.2080229
35648;0.6965632;0.2080782
35656;0.7067534;0.2080326
35664;0.6845851;0.2079491
35672;0.7085716;0.2071858
35680;0.7092818;0.205171
35688;0.7079061;0.2033584
35696;0.7031068;0.202541
35704;0.6652595;0.2079491
35712;0.6971899;0.202541
35720;0.6686864;0.2181388
35728;0.6471889;0.2079491
35736;0.6994079;0.1978835
35744;0.6889423;0.202541
35752;0.6494361;0.2203182
35760;0.6288565;0.2079491
35768;0.6527625;0.233792
35776;0.6313299;0.2225714
35784;0.6344677;0.2376174
35792;0.6154208;0.2410615
35800;0.6931584;0.1910188
35808;0.6845185;0.1847272
35816;0.6906023;0.1959898
35824;0.6770577;0.2025453
35832;0.681376;0.1886471
35840;0.678738;0.1947039
35848;0.6633267;0.2025453
35856;0.6748705;0.1766067
35864;0.6703911;0.1819797
35872;0.667612;0.186675
35880;0.6652635;0.1944375
35888;0.6526093;0.1855376
35896;0.01821717;0.9775363
35904;0.01822763;0.9776796
35912;0.01818983;0.9775579
35920;0.01823913;0.9778069
35928;0.01819139;0.9779673
35936;0.01818549;0.9778059
35944;0.01815107;0.9779249
35952;0.0181817;0.9777133
35960;0.01810196;0.9779991
35968;0.01813819;0.9778124
35976;0.01807985;0.977903
35984;0.0180095;0.9779782
35992;0.01805911;0.9777824
36000;0.01811599;0.9776938
36008;0.01815778;0.9776182
36016;0.01791633;0.9780555
36024;0.01813133;0.9774667
36032;0.01811008;0.9775394
36040;0.01806794;0.9776042
36048;0.01799294;0.9778575
36056;0.01782942;0.9781018
36064;0.01802363;0.9774451
36072;0.01802877;0.9773715
36080;0.01790482;0.9773419
36088;0.01803423;0.9773165
36096;0.01791158;0.9772775
36104;0.01793636;0.977165
36112;0.01784007;0.9770087
36120;0.01781362;0.9772512
36128;0.01782048;0.9771489
36136;0.01770461;0.9771242
36144;0.01771147;0.9770035
36152;0.01771692;0.977228
36160;0.01755724;0.977113
36168;0.01757;0.9770029
36176;0.01746917;0.9771118
36184;0.01746917;0.9769876
36192;0.01736833;0.9770029
36200;0.01762582;0.97721
36208;0.01780595;0.9773245
36216;0.01738109;0.977113
36224;0.01722686;0.9770035
36232;0.0175478;0.9771957
36240;0.01770966;0.9772882
36248;0.01779318;0.977363
36256;0.01786263;0.9774048
36264;0.01723373;0.9771242
36272;0.01761341;0.9772793
36280;0.01791926;0.977415
36288;0.01711785;0.9771489
36296;0.01799981;0.9775319
36304;0.01731251;0.97721
36312;0.01722141;0.977228
36320;0.01712471;0.9772512
36328;0.01739053;0.9771957
36336;0.01702675;0.9772775
36344;0.01703351;0.9773419
36352;0.01690411;0.9773165
36360;0.01713238;0.9773245
36368;0.01722868;0.9772882
36376;0.01714515;0.977363
36384;0.01746917;0.9771882
36392;0.01732492;0.9772793
36400;0.01690955;0.9773715
36408;0.0170757;0.9774048
36416;0.01754957;0.977257
36424;0.01738877;0.977257
36432;0.01746917;0.9772481
36440;0.0169147;0.9774451
36448;0.016807;0.9774667
36456;0.01701908;0.977415
36464;0.01757505;0.9773794
36472;0.01752776;0.9773759
36480;0.01741057;0.9773759
36488;0.01746917;0.9773719
36496;0.01736328;0.9773794
36504;0.01762244;0.9773883
36512;0.01765141;0.9773264
36520;0.01772242;0.9773302
36528;0.01773524;0.9773759
36536;0.01758065;0.9774976
36544;0.01762961;0.9774742
36552;0.01766585;0.9774101
36560;0.01768795;0.9773703
36568;0.01774801;0.9774445
36576;0.01777698;0.9773902
36584;0.01752776;0.9774826
36592;0.01767342;0.977461
36600;0.01780076;0.977419
36608;0.01780772;0.9774503
36616;0.01783154;0.9774101
36624;0.01783835;0.9774549
36632;0.01786778;0.9774629
36640;0.01792052;0.9774829
36648;0.01789887;0.9775518
36656;0.01785152;0.9775127
36664;0.01782261;0.9774854
36672;0.01795549;0.9776036
36680;0.0178542;0.977599
36688;0.0180156;0.9776829
36696;0.01789675;0.977659
36704;0.01780076;0.9774719
36712;0.01781826;0.977554
36720;0.01779863;0.9775183
36728;0.01795343;0.9777517
36736;0.01778718;0.9774894
36744;0.01775528;0.9775046
36752;0.01775866;0.9775467
36760;0.01776805;0.9775865
36768;0.01779106;0.9776279
36776;0.0177042;0.9775957
36784;0.01771304;0.9775484
36792;0.01771692;0.9775065
36800;0.01782604;0.9776969
36808;0.0176608;0.9775177
36816;0.01768962;0.9774845
36824;0.01763128;0.9775558
36832;0.0175588;0.9775593
36840;0.01786778;0.9777955
36848;0.01759686;0.9776089
36856;0.01789887;0.9779222
36864;0.01781796;0.9779705
36872;0.01774383;0.9781438
36880;0.01767342;0.9781855
36888;0.01773262;0.9780134
36896;0.01779838;0.9778453
36904;0.01758403;0.9780719
36912;0.0177579;0.977744
36920;0.01766323;0.9780524
36928;0.01746917;0.9779581
36936;0.01757839;0.9779489
36944;0.01746917;0.9778607
36952;0.01735995;0.9779489
36960;0.01764965;0.9779283
36968;0.01771859;0.9778931
36976;0.01728868;0.9779283
36984;0.01756062;0.9778484
36992;0.01769345;0.9777912
37000;0.01762668;0.9778291
37008;0.01759423;0.9777327
37016;0.01765384;0.977706
37024;0.01772757;0.9776577
37032;0.01762148;0.977643
37040;0.01753922;0.9777509
37048;0.01754916;0.9776143
37056;0.01756607;0.9776618
37064;0.01752175;0.9776711
37072;0.01751671;0.9775506
37080;0.01746917;0.9777594
37088;0.01751207;0.9776098
37096;0.01746917;0.9774789
37104;0.01746917;0.9776742
37112;0.01746917;0.9775523
37120;0.01741057;0.9774826
37128;0.01746917;0.9776106
37136;0.01742163;0.9775506
37144;0.01742627;0.9776098
37152;0.01741658;0.9776711
37160;0.01735768;0.9774976
37168;0.01738917;0.9776143
37176;0.01737953;0.9775593
37184;0.01739911;0.9777509
37192;0.01737227;0.9776618
37200;0.01737772;0.9778484
37208;0.0173441;0.9777327
37216;0.01731685;0.977643
37224;0.01734148;0.9776089
37232;0.01723413;0.9775957
37240;0.01730706;0.9775558
37248;0.01731165;0.9778291
37256;0.01727753;0.9775177
37264;0.01721974;0.9778931
37272;0.01724488;0.9777912
37280;0.0172845;0.977706
37288;0.01718043;0.977744
37296;0.01721076;0.9776577
37304;0.01711229;0.9776969
37312;0.01714727;0.9776279
37320;0.01698491;0.9777517
37328;0.01704159;0.977659
37336;0.01692273;0.9776829
37344;0.01687922;0.9777824
37352;0.01685848;0.977903
37360;0.01683637;0.9779991
37368;0.01678727;0.9779249
37376;0.01680014;0.9778124
37384;0.01674695;0.9779673
37392;0.01675285;0.9778059
37400;0.0166992;0.9778069
37408;0.01666979;0.9778408
37416;0.01668167;0.9776516
37424;0.01671071;0.9776796
37432;0.01675663;0.9777133
37440;0.01682235;0.9776938
37448;0.01669228;0.9775136
37456;0.01672117;0.9775363
37464;0.01674851;0.9775579
37472;0.01678056;0.9776182
37480;0.01682825;0.9775394
37488;0.01687039;0.9776042
37496;0.01693853;0.9775319
37504;0.01698284;0.9776036
37512;0.01708413;0.977599
37520;0.01703947;0.9775518
37528;0.01701782;0.9774829
37536;0.01707055;0.9774629
37544;0.01708681;0.9775127
37552;0.01717028;0.9775865
37560;0.01709998;0.9774549
37568;0.01712007;0.977554
37576;0.0172253;0.9775484
37584;0.01710679;0.9774101
37592;0.01711573;0.9774854
37600;0.01717967;0.9775467
37608;0.01713758;0.977419
37616;0.0171397;0.9775183
37624;0.01718305;0.9775046
37632;0.01713061;0.9774503
37640;0.01713758;0.9774719
37648;0.01719032;0.9774445
37656;0.01715115;0.9774894
37664;0.01722141;0.9775065
37672;0.01716135;0.9773902
37680;0.01724871;0.9774845
37688;0.01726492;0.977461
37696;0.01730872;0.9774742
37704;0.01727249;0.9774101
37712;0.01731589;0.9773883
37720;0.01728692;0.9773264
37728;0.01725038;0.9773703
37736;0.01720309;0.9773759
37744;0.01721591;0.9773302
37752;0.01151241;0.977713
37760;0.01152553;0.9778756
37768;0.01143954;0.9781317
37776;0.01165262;0.9775041
37784;0.01163173;0.9777172
37792;0.01193323;0.9770845
37800;0.01182038;0.977386
37808;0.01199763;0.9773439
37816;0.01177738;0.9775783
37824;0.01212451;0.9772178
37832;0.01217256;0.9774048
37840;0.01209605;0.9773868
37848;0.01193586;0.9774854
37856;0.01218376;0.9776286
37864;0.01188932;0.9776282
37872;0.01203841;0.9775276
37880;0.01210544;0.9775444
37888;0.01204184;0.9776754
37896;0.0122527;0.977747
37904;0.01198562;0.9776602
37912;0.01210624;0.9777434
37920;0.01229358;0.9778467
37928;0.01216368;0.9778279
37936;0.01201752;0.9779025
37944;0.0119512;0.9778602
37952;0.01189962;0.9778525
37960;0.01232427;0.9779408
37968;0.01220759;0.9779031
37976;0.01207727;0.9779637
37984;0.01194857;0.9780633
37992;0.01181352;0.9778185
38000;0.01187953;0.9780494
38008;0.01183562;0.978036
38016;0.01171682;0.9777509
38024;0.01176375;0.9779911
38032;0.01162193;0.9778836
38040;0.01167462;0.9779085
38048;0.01154391;0.9780183
38056;0.01163253;0.9780356
38064;0.01184168;0.9781872
38072;0.01179656;0.9781829
38080;0.01172368;0.9781381
38088;0.01158741;0.97816
38096;0.0114788;0.9782538
38104;0.01190981;0.9781882
38112;0.01139664;0.978399
38120;0.01130842;0.9787183
38128;0.01133476;0.9790267
38136;0.01138674;0.9787389
38144;0.01144802;0.9784842
38152;0.01154774;0.9783683
38160;0.01138503;0.9792855
38168;0.01169683;0.9782754
38176;0.01176931;0.9783164
38184;0.01181574;0.9783179
38192;0.01187661;0.9783118
38200;0.01152977;0.9785742
38208;0.01166312;0.9784518
38216;0.01174872;0.9784783
38224;0.01179726;0.9784718
38232;0.01185308;0.9784565
38240;0.01144509;0.9787667
38248;0.01139734;0.9789929
38256;0.0114361;0.979197
38264;0.01146427;0.9790002
38272;0.01153321;0.9787978
38280;0.01146164;0.9794087
38288;0.01164485;0.9786247
38296;0.01147961;0.9795537
38304;0.01173519;0.978632
38312;0.01158398;0.9797724
38320;0.01178243;0.9786189
38328;0.0118335;0.9785949
38336;0.01164192;0.9788034
38344;0.01173044;0.978784
38352;0.01177647;0.9787614
38360;0.01181998;0.9787253
38368;0.01154986;0.9789988
38376;0.0115;0.9791672
38384;0.01148304;0.9793231
38392;0.01178162;0.9789206
38400;0.01173599;0.9789518
38408;0.01165343;0.9789819
38416;0.01157802;0.9791607
38424;0.01153624;0.9792883
38432;0.01152775;0.9793955
38440;0.0116725;0.979134
38448;0.01154694;0.9794911
38456;0.01157409;0.9793915
38464;0.01160861;0.9792842
38472;0.01158226;0.979619
38480;0.01161123;0.9794981
38488;0.01164061;0.9793826
38496;0.01170117;0.9792558
38504;0.01175184;0.9790971
38512;0.01178969;0.9790683
38520;0.01165161;0.979756
38528;0.01165343;0.9796072
38536;0.01167846;0.9794877
38544;0.01173044;0.9799442
38552;0.01188175;0.9800272
38560;0.01202186;0.9800407
38568;0.01213562;0.9799143
38576;0.01176123;0.9794549
38584;0.01171682;0.9795864
38592;0.01171773;0.979717
38600;0.01175689;0.9798714
38608;0.01186247;0.9799361
38616;0.01194555;0.9799165
38624;0.01183148;0.9798291
38632;0.01177395;0.9796755
38640;0.01203548;0.979861
38648;0.01179908;0.9795446
38656;0.01186086;0.9797702
38664;0.01192173;0.9798254
38672;0.01185106;0.9796373
38680;0.01196947;0.9797915
38688;0.01191153;0.9797226
38696;0.01211351;0.9797635
38704;0.01204275;0.979726
38712;0.01197623;0.9796685
38720;0.01192173;0.979594
38728;0.01187146;0.9795065
38736;0.01197451;0.9795456
38744;0.01203548;0.9796053
38752;0.01207384;0.9795183
38760;0.01209847;0.9796531
38768;0.01219992;0.9797735
38776;0.0118332;0.9794136
38784;0.01192011;0.9794703
38792;0.01216499;0.9796783
38800;0.01228299;0.97974
38808;0.01201045;0.9794667
38816;0.01214026;0.9795585
38824;0.01223615;0.9796747
38832;0.01235031;0.9796884
38840;0.01220284;0.9795796
38848;0.0122953;0.9796462
38856;0.01240946;0.9796002
38864;0.01226553;0.9795706
38872;0.0122305;0.9794688
38880;0.01234426;0.9796087
38888;0.01231529;0.9795454
38896;0.01215863;0.9794714
38904;0.01229621;0.9794314
38912;0.01238948;0.9795418
38920;0.01237161;0.9794822
38928;0.01235031;0.9793802
38936;0.01225483;0.979333
38944;0.012467;0.9794804
38952;0.01217256;0.9793631
38960;0.01243632;0.979445
38968;0.0120913;0.9794402
38976;0.01209211;0.9793677
38984;0.01203468;0.9793994
38992;0.01195796;0.979398
39000;0.01198562;0.9793501
39008;0.01205426;0.9792855
39016;0.0118761;0.979383
39024;0.01191708;0.9793165
39032;0.01194686;0.9792722
39040;0.01214591;0.9792587
39048;0.01187792;0.9792293
39056;0.01183875;0.9792942
39064;0.0120159;0.979211
39072;0.01180161;0.9793234
39080;0.01172913;0.9793556
39088;0.01177435;0.9792151
39096;0.011811;0.9791836
39104;0.01191496;0.9791912
39112;0.01185056;0.9791343
39120;0.01182886;0.9790261
39128;0.01188983;0.9790989
39136;0.01197502;0.9791318
39144;0.01181998;0.9788945
39152;0.01186893;0.9789886
39160;0.01186167;0.9788724
39168;0.01194989;0.9790378
39176;0.01210443;0.9791659
39184;0.01186722;0.9786946
39192;0.01192819;0.9789401
39200;0.01206486;0.9790819
39208;0.01223615;0.9792293
39216;0.0118761;0.9785749
39224;0.01192304;0.9788364
39232;0.01203215;0.9789883
39240;0.01217387;0.9791207
39248;0.01232306;0.9792894
39256;0.01189921;0.9784483
39264;0.01200863;0.978896
39272;0.01211936;0.9790306
39280;0.0123814;0.9793223
39288;0.01241583;0.9793826
39296;0.01239836;0.9792608
39304;0.01247245;0.9793202
39312;0.01208706;0.9789449
39320;0.01234264;0.9792055
39328;0.01227663;0.9791464
39336;0.01221092;0.9790683
39344;0.01243844;0.9792855
39352;0.01251182;0.9793198
39360;0.0121548;0.9789951
39368;0.01250112;0.9791536
39376;0.01257218;0.9792948
39384;0.012542;0.9791386
39392;0.01259176;0.9790827
39400;0.01259439;0.9789305
39408;0.01257349;0.9789512
39416;0.01257995;0.9788276
39424;0.01255724;0.9788561
39432;0.01254452;0.9789922
39440;0.01250788;0.9790206
39448;0.01246276;0.97914
39456;0.01241077;0.9791759
39464;0.01236182;0.9791447
39472;0.01241845;0.9790922
39480;0.01230126;0.9790974
39488;0.01224463;0.9790322
39496;0.01219264;0.9789627
39504;0.01212068;0.978919
39512;0.01206526;0.9788682
39520;0.01199763;0.9788046
39528;0.01192819;0.978675
39536;0.01193404;0.9785691
39544;0.01198986;0.9786588
39552;0.01204699;0.9787847
39560;0.01209342;0.9788343
39568;0.01216206;0.9788855
39576;0.01195493;0.9784523
39584;0.01199329;0.9785551
39592;0.01203942;0.9786515
39600;0.01207858;0.9787552
39608;0.01213895;0.9788067
39616;0.01220335;0.9788644
39624;0.01194312;0.9783111
39632;0.01197835;0.9781966
39640;0.01198653;0.9783266
39648;0.01201752;0.9780837
39656;0.01203246;0.9782149
39664;0.01201287;0.9784476
39672;0.01207041;0.9781075
39680;0.01204235;0.978339
39688;0.01204911;0.9785435
39696;0.01212613;0.9780033
39704;0.01207515;0.9782294
39712;0.01212875;0.9781331
39720;0.01224382;0.9779794
39728;0.01206607;0.9784486
39736;0.01208323;0.9786385
39744;0.01211805;0.9782481
39752;0.01217861;0.9780527
39760;0.01236303;0.9780229
39768;0.01209504;0.9785438
39776;0.01213047;0.9787421
39784;0.01217952;0.9781687
39792;0.01228844;0.9780488
39800;0.01240775;0.9781023
39808;0.01212875;0.9786366
39816;0.01217902;0.9787633
39824;0.01218114;0.9786428
39832;0.01214026;0.9785526
39840;0.01222808;0.9781009
39848;0.01211644;0.9784575
39856;0.01209978;0.9783525
39864;0.01216549;0.9782661
39872;0.0122203;0.9781998
39880;0.01226805;0.9781495
39888;0.01215177;0.978366
39896;0.01216792;0.9784826
39904;0.01220123;0.9782965
39912;0.01232649;0.9781111
39920;0.01225059;0.9782381
39928;0.01221485;0.9784172
39936;0.01217357;0.9785607
39944;0.01230984;0.9782027
39952;0.01238393;0.9781814
39960;0.01224715;0.9783598
39968;0.01227663;0.9782937
39976;0.01229106;0.9783809
39984;0.01234305;0.9782661
39992;0.0124343;0.9781721
40000;0.01241633;0.9782538
40008;0.01251343;0.9781939
40016;0.0122629;0.9784387
40024;0.01237797;0.9783394
40032;0.012456;0.9782388
40040;0.01255018;0.9782567
40048;0.01244267;0.9783146
40056;0.01251091;0.9782346
40064;0.01249809;0.9782968
40072;0.01255048;0.9783021
40080;0.01258207;0.9783146
40088;0.01251808;0.9783634
40096;0.01260337;0.9783942
40104;0.01257268;0.978374
40112;0.01262376;0.9784483
40120;0.01263951;0.9785205
40128;0.01259641;0.9784851
40136;0.01263405;0.9786047
40144;0.01256743;0.9784678
40152;0.01251182;0.978433
40160;0.01262881;0.9786785
40168;0.01258409;0.9786351
40176;0.01260075;0.9787076
40184;0.01254967;0.9785765
40192;0.01256249;0.978719
40200;0.01254664;0.9787498
40208;0.01251939;0.9786589
40216;0.01252665;0.97878
40224;0.01249133;0.9785076
40232;0.01246437;0.9785719
40240;0.01248063;0.9787046
40248;0.01252534;0.9789101
40256;0.0124887;0.9788322
40264;0.01249092;0.9789313
40272;0.01245802;0.9788541
40280;0.01247215;0.9790206
40288;0.01244136;0.9787539
40296;0.01245388;0.9789313
40304;0.0124236;0.9790131
40312;0.01240401;0.9789308
40320;0.01237454;0.9790698
40328;0.01236909;0.9790024
40336;0.01231872;0.9790506
40344;0.01227279;0.9789865
40352;0.0122302;0.9789243
40360;0.01224766;0.9788359
40368;0.01227148;0.9788938
40376;0.01230126;0.9789423
40384;0.0123273;0.9789945
40392;0.01234607;0.9789423
40400;0.01222838;0.9787498
40408;0.01229358;0.9788207
40416;0.01231842;0.9788817
40424;0.01238009;0.9788696
40432;0.01221778;0.9786417
40440;0.01226936;0.9787335
40448;0.01234517;0.9787993
40456;0.01241976;0.9788567
40464;0.01224422;0.9786242
40472;0.01241583;0.9787802
40480;0.012381;0.97879
40488;0.0123056;0.9787173
40496;0.01220375;0.9785255
40504;0.01236354;0.9786699
40512;0.01234012;0.9787
40520;0.01226765;0.9786018
40528;0.01223312;0.9784884
40536;0.0122953;0.978568
40544;0.01239079;0.9786502
40552;0.01232054;0.9785283
40560;0.01235788;0.9784136
40568;0.01242784;0.978623
40576;0.01239967;0.978546
40584;0.01236132;0.9785362
40592;0.01242057;0.9784604
40600;0.01244187;0.9784073
40608;0.01246145;0.9783697