Offset;Input Attributes: Layout 3 (Per vertex).POSITION0[0];Input Attributes: Layout 3 (Per vertex).POSITION0[1];Input Attributes: Layout 3 (Per vertex).POSITION0[2];Input Attributes: Layout 3 (Per vertex).NORMAL0[0];Input Attributes: Layout 3 (Per vertex).NORMAL0[1];Input Attributes: Layout 3 (Per vertex).NORMAL0[2];Input Attributes: Layout 3 (Per vertex).TANGENT0[0];Input Attributes: Layout 3 (Per vertex).TANGENT0[1];Input Attributes: Layout 3 (Per vertex).TANGENT0[2];Input Attributes: Layout 3 (Per vertex).TANGENT0[3]
0;-0.5540609;0.078895;1.233084e-05;0.3276629;-0.944531;-0.001317322;0.2067822;0.0732823;-0.9755271;-1
40;-0.552726;0.07942797;1.090666e-05;0.6239119;-0.7814888;-0.000727091;0.1865731;0.1498546;-0.9709377;-1
80;-0.5528648;0.07953866;0.00219581;0.6421561;-0.766557;-0.0003831949;0.2090614;0.1756232;-0.9619909;-1
120;-0.5540723;0.07887587;0.002223083;0.3456093;-0.9364558;-0.05207543;0.1910258;0.1249317;-0.9734325;-1
160;-0.5529206;0.079275;0.00431266;0.6573951;-0.7365074;-0.1593013;0.1345159;0.3227127;-0.9368827;-1
200;-0.5552666;0.07865408;1.243397e-05;0.07587945;-0.9971086;-0.0001629288;0.2184678;0.01678526;-0.9756786;-1
240;-0.5540541;0.07862532;0.004351107;0.3449832;-0.9203072;-0.1816508;0.175719;0.2537894;-0.9509986;-1
280;-0.5552686;0.07858194;0.002220998;0.07601056;-0.9948296;-0.0672113;0.2268905;0.08290444;-0.970362;-1
320;-0.5539572;0.07819118;0.006015663;0.3048911;-0.9015667;-0.3053569;0.1949046;0.3731343;-0.9068737;-1
360;-0.5527866;0.07873864;0.006152632;0.633561;-0.7151757;-0.2951459;0.1136532;0.4633757;-0.8788344;-1
400;-0.5567603;0.07874392;0.002172479;-0.2546006;-0.9633746;-0.08253311;0.2364708;0.02078318;-0.9713823;-1
440;-0.5566882;0.07853012;0.004350199;-0.2601263;-0.949988;-0.1721246;0.250789;0.105685;-0.9622412;-1
480;-0.5567511;0.07881123;1.338171e-05;-0.2751822;-0.9612596;-0.001050326;0.194544;-0.05463659;-0.9793403;-1
520;-0.5582607;0.07973891;3.88542e-06;-0.4665598;-0.8842544;-0.0008874653;0.1480754;-0.0771089;-0.9859306;-1
560;-0.5583293;0.07950442;0.002148612;-0.4206659;-0.9022506;-0.09043802;0.1912926;0.009297967;-0.9814503;-1
600;-0.5584332;0.0792471;0.004400135;-0.3703873;-0.9114388;-0.1780683;0.1894002;0.1136195;-0.975278;-1
640;-0.5585737;0.07881024;0.006899836;-0.3996504;-0.8781893;-0.2622881;0.1814833;0.2047397;-0.9618186;-1
680;-0.5552531;0.07836072;0.004405932;0.08447921;-0.9834256;-0.160367;0.2684698;0.1774691;-0.9467772;-1
720;-0.5552379;0.07798547;0.005959122;0.08426409;-0.954677;-0.283754;0.3070166;0.2958988;-0.9042708;-1
760;-0.5566043;0.07776423;0.00717066;-0.3317381;-0.8975498;-0.2900682;0.2574612;0.2096583;-0.9431698;-1
800;-0.5587413;0.07810384;0.009657906;-0.4657922;-0.8082686;-0.3598545;0.1869573;0.3075897;-0.9328562;-1
840;-0.5551385;0.07747807;0.00748801;0.08173865;-0.9241372;-0.371256;0.2884047;0.378598;-0.8790813;-1
880;-0.5565823;0.07654428;0.009859656;-0.3909002;-0.8286347;-0.4001811;0.2709893;0.3118699;-0.9104427;-1
920;-0.5590168;0.07675749;0.01263992;-0.4954202;-0.7311592;-0.4684488;0.1895056;0.4353254;-0.8798525;-1
960;-0.5537912;0.07763183;0.007637618;0.2734132;-0.8818644;-0.3832478;0.2129979;0.4441551;-0.8700772;-1
1000;-0.5526607;0.07809386;0.007847554;0.6094499;-0.7098297;-0.3531024;0.1330065;0.5306024;-0.8370796;-1
1040;-0.5549681;0.07686195;0.008931478;0.06078333;-0.8989202;-0.4320724;0.3147842;0.428081;-0.8466667;-1
1080;-0.5535977;0.07699792;0.009065866;0.2601345;-0.8542288;-0.4490593;0.2208501;0.5054944;-0.8337994;-1
1120;-0.5525379;0.07744911;0.009241123;0.5918546;-0.6971169;-0.4045979;0.1535305;0.59026;-0.7924188;-1
1160;-0.5548103;0.07613118;0.01033401;0.06354941;-0.8641057;-0.4981883;0.3217618;0.4902657;-0.8096083;-1
1200;-0.5535002;0.07622409;0.01054117;0.2517418;-0.8315744;-0.4949822;0.2514579;0.5500891;-0.7962585;-1
1240;-0.5524228;0.07662621;0.01070856;0.5766705;-0.6938115;-0.4313254;0.2021349;0.6327055;-0.7474911;-1
1280;-0.5546727;0.07530999;0.01166156;0.02827375;-0.8484365;-0.5283614;0.347608;0.5039254;-0.7905838;-1
1320;-0.5534834;0.07542062;0.01179073;0.2652087;-0.817541;-0.5110255;0.2790573;0.5724224;-0.7708965;-1
1360;-0.5523977;0.07581438;0.01206232;0.5595515;-0.7093593;-0.4285905;0.2410911;0.6340879;-0.7346984;-1
1400;-0.5566827;0.07490391;0.01268342;-0.4056087;-0.7579801;-0.5101115;0.3009726;0.4161879;-0.8575542;-1
1440;-0.5569769;0.07326652;0.01491345;-0.3504393;-0.6738493;-0.6497008;0.3173145;0.5672674;-0.7592102;-1
1480;-0.5594568;0.0748314;0.01532623;-0.4727589;-0.6337321;-0.611615;0.158149;0.6218242;-0.7665623;-1
1520;-0.5600599;0.07270299;0.01738927;-0.4159443;-0.5529856;-0.7212638;-0.003169484;0.794067;-0.6070269;-1
1560;-0.5534723;0.07463127;0.01304653;0.3088574;-0.8072364;-0.5025782;0.3332317;0.5868791;-0.7376595;-1
1600;-0.552498;0.07517119;0.01315782;0.5465266;-0.7308623;-0.4088155;0.2993121;0.6264137;-0.7197182;-1
1640;-0.5526334;0.07459009;0.01403393;0.5552548;-0.7288609;-0.4002389;0.3806545;0.6507359;-0.6568528;-1
1680;-0.5546615;0.07447079;0.01286789;0.05721758;-0.8192551;-0.5691858;0.3719162;0.5465415;-0.7495298;-1
1720;-0.5546939;0.07360317;0.01402327;0.04176889;-0.8041614;-0.5922757;0.4263751;0.5507;-0.7169912;-1
1760;-0.5535895;0.07398658;0.01399638;0.3500905;-0.7851669;-0.5100831;0.4274409;0.6187527;-0.6586554;-1
1800;-0.5527697;0.07410605;0.0147648;0.5943163;-0.7200339;-0.3566747;0.4061016;0.6521831;-0.6395836;-1
1840;-0.5537835;0.07335648;0.01482118;0.4355727;-0.7502211;-0.4963011;0.4666009;0.6602429;-0.5879315;-1
1880;-0.5530521;0.07349995;0.01581181;0.6023316;-0.6659426;-0.4395786;0.4910077;0.743548;-0.4535978;-1
1920;-0.5547937;0.07282799;0.0150193;0.01929698;-0.722585;-0.6897517;0.4734014;0.6143059;-0.6298871;-1
1960;-0.5541529;0.07243568;0.01586198;0.356389;-0.6228085;-0.6950592;0.3216349;0.7805348;-0.53438;-1
2000;-0.553054;0.07312149;0.01623843;0.04883602;-0.3351888;-0.9404295;0.3979617;0.8700213;-0.2891386;-1
2040;-0.5549279;0.07139716;0.0164751;-0.09847714;-0.5791156;-0.8081127;0.09388728;0.8025415;-0.5871441;-1
2080;-0.5534611;0.07205516;0.01647503;-0.1208264;-0.3429035;-0.9313027;0.2509474;0.8972154;-0.3626953;-1
2120;-0.5575007;0.07175754;0.01647412;-0.2983155;-0.6184202;-0.7262786;-0.03239257;0.7672104;-0.6396498;-1
2160;-0.5572356;0.06948653;0.01829449;-0.2314899;-0.5231026;-0.819543;0.03126995;0.8381144;-0.5436056;-1
2200;-0.5584297;0.07059152;0.01800533;-0.2685299;-0.521738;-0.8091145;0.07225953;0.8267827;-0.5569619;-1
2240;-0.5606548;0.0702676;0.01901098;-0.2742139;-0.462648;-0.8425435;0.1271539;0.850983;-0.5086702;-1
2280;-0.5614821;0.06711659;0.02095682;-0.2479873;-0.5104178;-0.8228372;0.05399687;0.8407664;-0.5378333;-1
2320;-0.5574162;0.06549387;0.0210925;-0.2469981;-0.5673194;-0.7855518;-0.01359624;0.8126191;-0.5825928;-1
2360;-0.5539699;0.07058421;0.01696273;-0.2256776;-0.4123583;-0.8824402;0.1982125;0.8674525;-0.4560061;-1
2400;-0.5551153;0.06805974;0.01846542;-0.2407123;-0.5182808;-0.8199764;0.04909962;0.8373191;-0.5435371;-1
2440;-0.5538291;0.06456043;0.02082297;-0.2844845;-0.578634;-0.7639135;-0.0847872;0.8088899;-0.5811984;-1
2480;-0.5524148;0.07248478;0.01593142;-0.6125494;-0.3177207;-0.7237452;0.2197535;0.8110918;-0.5420503;-1
2520;-0.5524919;0.07346004;0.01578666;-0.8301741;-0.1230197;-0.5437623;0.2099523;0.834557;-0.5093474;-1
2560;-0.5529048;0.06736648;0.0181661;-0.3034478;-0.5222762;-0.7965927;0.0484769;0.8265098;-0.5603351;-1
2600;-0.5519118;0.07040532;0.01643659;-0.4315884;-0.4013375;-0.8078066;0.2760005;0.793837;-0.5418313;-1
2640;-0.5507333;0.06748518;0.0173273;-0.3081708;-0.5274287;-0.7916653;0.07030822;0.8173063;-0.5718349;-1
2680;-0.550081;0.06352276;0.01993422;-0.3059653;-0.5673634;-0.7645108;-0.03518762;0.8092026;-0.5864469;-1
2720;-0.5494036;0.06613733;0.01801691;-0.1804295;-0.5890242;-0.7876835;-0.04248447;0.8047079;-0.5920654;-1
2760;-0.5485957;0.06913169;0.01533317;-0.3443447;-0.6098726;-0.7130621;0.03335022;0.7506601;-0.659114;-1
2800;-0.5516316;0.07343083;0.0142855;-0.7361875;-0.4058377;-0.5405179;-0.0123155;0.8063874;-0.5904018;-1
2840;-0.5521122;0.07427323;0.01451759;-0.9233603;-0.1865942;-0.3340572;0.010578;0.8590514;-0.5108654;-1
2880;-0.5506551;0.07210137;0.01421767;-0.6247598;-0.4721125;-0.6207918;0.1007092;0.7391821;-0.6650396;-1
2920;-0.5501601;0.0696697;0.01569207;-0.453285;-0.5048999;-0.7340912;0.1448079;0.770537;-0.620123;-1
2960;-0.5494103;0.07188226;0.01324357;-0.4805063;-0.6269354;-0.6118894;8.436665e-05;0.69732;-0.7161954;-1
3000;-0.5480424;0.07133736;0.01273419;-0.4152417;-0.6792282;-0.6035389;-0.08055557;0.6879027;-0.7206857;-1
3040;-0.5514509;0.07420441;0.01326749;-0.7347512;-0.5104201;-0.4440053;-0.2391625;0.8083553;-0.5364484;-1
3080;-0.5519903;0.07509019;0.01356695;-0.9394231;-0.2417614;-0.2377724;-0.1093395;0.8774005;-0.4650286;-1
3120;-0.5502669;0.07287776;0.01303698;-0.6385183;-0.5847415;-0.4981686;-0.08775614;0.698507;-0.7093209;-1
3160;-0.5514556;0.07499362;0.01222578;-0.7481608;-0.5405449;-0.3818274;-0.3135173;0.7964586;-0.5157329;-1
3200;-0.5520027;0.07590507;0.01267332;-0.9635685;-0.2131945;-0.1557035;-0.1220299;0.8809487;-0.4557509;-1
3240;-0.5490612;0.07374258;0.01047205;-0.4877892;-0.7337754;-0.471208;-0.2374437;0.6309547;-0.7382694;-1
3280;-0.5477111;0.07302696;0.01022407;-0.4471419;-0.7492786;-0.4865218;-0.1970967;0.6130096;-0.7647457;-1
3320;-0.5501544;0.07369046;0.0118709;-0.6362067;-0.6146844;-0.4638474;-0.2170083;0.7199596;-0.6582446;-1
3360;-0.5515879;0.07582619;0.01117719;-0.7843751;-0.5365237;-0.3095556;-0.3279453;0.783191;-0.5277148;-1
3400;-0.5520323;0.07674783;0.01166637;-0.9835889;-0.1647561;-0.07354429;-0.1067477;0.8600151;-0.498978;-1
3440;-0.5503108;0.07455328;0.01078363;-0.6515938;-0.650515;-0.3895157;-0.3611184;0.7178653;-0.5948138;-1
3480;-0.5517035;0.07656297;0.0100569;-0.8213059;-0.5129188;-0.2480501;-0.3544178;0.8004533;-0.4829496;-1
3520;-0.5521089;0.07759547;0.01061599;-0.994603;-0.1033234;-0.009314767;-0.08868173;0.8933691;-0.4404836;-1
3560;-0.5492151;0.07516558;0.007898067;-0.5162584;-0.7784889;-0.3566748;-0.349027;0.5715528;-0.7424802;-1
3600;-0.5473873;0.07421727;0.007559307;-0.4792697;-0.797595;-0.3638804;-0.2854224;0.5339752;-0.79571;-1
3640;-0.5505159;0.07541178;0.009569822;-0.6307782;-0.6882238;-0.35727;-0.4072067;0.6858117;-0.6029687;-1
3680;-0.5518702;0.07735355;0.008872102;-0.8686508;-0.4608375;-0.1796696;-0.3391314;0.8189762;-0.4624428;-1
3720;-0.5521601;0.07855208;0.009430976;-0.9981244;-0.02023308;0.05763945;-0.04355061;0.8973454;-0.4391691;-1
3760;-0.5492899;0.07620868;0.005053915;-0.5304091;-0.7970411;-0.2885;-0.4248622;0.5444734;-0.7231001;-1
3800;-0.5471765;0.07496372;0.004916799;-0.5072543;-0.8113057;-0.2903419;-0.3482155;0.5011668;-0.7921001;-1
3840;-0.5507418;0.07613228;0.008400396;-0.6541733;-0.683015;-0.3236386;-0.4374113;0.6910473;-0.5751311;-1
3880;-0.5510096;0.07690613;0.00702705;-0.6880493;-0.6723565;-0.2716556;-0.4375378;0.6834454;-0.5840678;-1
3920;-0.5520905;0.07816952;0.00751766;-0.9096505;-0.3951985;-0.126072;-0.3029031;0.8402439;-0.4493605;-1
3960;-0.5522409;0.07962246;0.008071539;-0.9911618;0.07604739;0.1086963;0.02223812;0.9030279;-0.4290058;-1
4000;-0.5511855;0.07755274;0.005536147;-0.7282608;-0.6497958;-0.2173202;-0.4614972;0.69958;-0.5453104;-1
4040;-0.5522705;0.07902305;0.005927102;-0.944469;-0.3177816;-0.0832715;-0.2481673;0.8562705;-0.4527924;-1
4080;-0.552304;0.08064681;0.00638973;-0.9795318;0.1683867;0.1100891;0.1070894;0.8994685;-0.4234593;-1
4120;-0.5491443;0.07704355;0.002467859;-0.5277485;-0.8265095;-0.1953842;-0.4452442;0.4651332;-0.7650187;-1
4160;-0.5469655;0.07567935;0.002454921;-0.5188227;-0.8283761;-0.2107305;-0.3790456;0.443904;-0.8118564;-1
4200;-0.5512655;0.07803442;0.003915423;-0.7283968;-0.6589828;-0.1872394;-0.459272;0.6725056;-0.5802138;-1
4240;-0.5523666;0.07973146;0.004086731;-0.9640371;-0.2532439;-0.08032922;-0.1878837;0.8636194;-0.4677144;-1
4280;-0.5522539;0.08163151;0.004464382;-0.9656339;0.2540345;0.05493316;0.2098286;0.8866925;-0.4120056;-1
4320;-0.5490713;0.07738279;8.698553e-07;-0.5279219;-0.8492212;-0.003076893;-0.5089068;0.3192557;-0.7993738;-1
4360;-0.5468619;0.07602936;1.404015e-05;-0.5214952;-0.8529922;-0.00201807;-0.4674841;0.2877996;-0.8357049;-1
4400;-0.5512072;0.07841957;0.00220496;-0.7045267;-0.6947733;-0.1441914;-0.462215;0.6035152;-0.6495898;-1
4440;-0.5509835;0.07857969;6.423797e-07;-0.6842389;-0.7292264;-0.00245903;-0.5528367;0.5209244;-0.6503527;-1
4480;-0.5522658;0.08016171;0.002112772;-0.9670889;-0.2295951;-0.1092;-0.1432194;0.846787;-0.5121195;-1
4520;-0.552104;0.08212997;0.002286839;-0.9610552;0.2729215;-0.04276095;0.2626337;0.8545602;-0.4478866;-1
4560;-0.5519791;0.08027683;7.373514e-06;-0.9699216;-0.2432545;-0.001115441;-0.2116174;0.845843;-0.4895319;-1
4600;-0.5517934;0.08216693;1.216639e-05;-0.9650451;0.262084;-9.714639e-05;0.2350718;0.8654168;-0.4424875;-1
4640;-0.5528619;0.0795397;-0.002173566;0.6421566;-0.7665573;0.0009547749;-0.2076703;-0.1751792;-0.9623718;-1
4680;-0.552726;0.07942797;1.090666e-05;0.6239119;-0.7814888;-0.000727091;-0.18701;-0.1484041;-0.9710778;-1
4720;-0.5540609;0.078895;1.233084e-05;0.3276629;-0.944531;-0.001317322;-0.2068757;-0.0701987;-0.9757877;-1
4760;-0.5540696;0.07887658;-0.002202314;0.3455386;-0.9364727;0.05223932;-0.1896679;-0.1246063;-0.9737366;-1
4800;-0.5552666;0.07865408;1.243397e-05;0.07587945;-0.9971086;-0.0001629288;-0.2175415;-0.01639916;-0.9758924;-1
4840;-0.5529171;0.07927324;-0.004288602;0.6572517;-0.736442;0.1601944;-0.1336803;-0.3231032;-0.9368674;-1
4880;-0.5552663;0.07858191;-0.00220028;0.07591877;-0.9948292;0.06732534;-0.2256844;-0.08292258;-0.970641;-1
4920;-0.5540502;0.0786241;-0.004328292;0.3447983;-0.9202603;0.1822382;-0.1747901;-0.2540481;-0.9510997;-1
4960;-0.5567626;0.07874863;-0.002164055;-0.2548195;-0.9633968;0.08159916;-0.2356546;-0.0199707;-0.9715914;-1
5000;-0.5566865;0.07853191;-0.004340729;-0.2602053;-0.9500566;0.1716805;-0.2503655;-0.1052943;-0.9623855;-1
5040;-0.5567511;0.07881123;1.338171e-05;-0.2751822;-0.9612596;-0.001050326;-0.1899232;0.05543005;-0.9801987;-1
5080;-0.5582607;0.07973891;3.88542e-06;-0.4665598;-0.8842544;-0.0008874653;-0.146744;0.07845449;-0.9860233;-1
5120;-0.5583419;0.07954618;-0.002140182;-0.4239615;-0.9009002;0.0903604;-0.1913283;-0.008404149;-0.9814366;-1
5160;-0.5584424;0.07924646;-0.004381497;-0.3706667;-0.9113368;0.1779509;-0.19007;-0.1131021;-0.9751892;-1
5200;-0.5586097;0.07877822;-0.006864395;-0.4012835;-0.8774464;0.2618137;-0.1831274;-0.2031525;-0.9617865;-1
5240;-0.5539522;0.07818796;-0.005991589;0.3046363;-0.9014049;0.3060883;-0.1941642;-0.3736181;-0.9068334;-1
5280;-0.5527817;0.07873537;-0.006127908;0.6333214;-0.7150149;0.2960489;-0.1129329;-0.4638486;-0.8786776;-1
5320;-0.5552493;0.07835843;-0.004382859;0.08432183;-0.983343;0.1609543;-0.2676368;-0.1779591;-0.9469209;-1
5360;-0.5552333;0.07798231;-0.005935973;0.08402555;-0.9545269;0.2843291;-0.3062778;-0.2963763;-0.9043648;-1
5400;-0.5565988;0.07776201;-0.007151644;-0.3319877;-0.8974519;0.2900885;-0.2566853;-0.2099633;-0.9433139;-1
5440;-0.5588048;0.0780779;-0.009648675;-0.4697721;-0.8057317;0.3597758;-0.1885398;-0.3064351;-0.9328541;-1
5480;-0.5537851;0.0776277;-0.007613098;0.2731025;-0.8816578;0.3839439;-0.2122853;-0.4446221;-0.8700129;-1
5520;-0.5526541;0.07808962;-0.007822371;0.6091719;-0.709629;0.3539843;-0.1323155;-0.531058;-0.8369001;-1
5560;-0.5551324;0.077474;-0.007464506;0.08142884;-0.9239417;0.3718097;-0.2876863;-0.3790596;-0.879118;-1
5600;-0.5565743;0.07653876;-0.009835992;-0.3912377;-0.8284039;0.4003285;-0.2702318;-0.3123888;-0.9104899;-1
5640;-0.5590291;0.07673728;-0.01264942;-0.4957739;-0.7300783;0.4695533;-0.1908598;-0.4357286;-0.8792849;-1
5680;-0.5549611;0.0768571;-0.00890749;0.06043067;-0.8986855;0.4326095;-0.3140884;-0.428541;-0.8466926;-1
5720;-0.5535902;0.07699302;-0.009040851;0.2597718;-0.8539861;0.4497299;-0.2201632;-0.5059424;-0.8337094;-1
5760;-0.5525308;0.07744411;-0.009215495;0.5915291;-0.6968966;0.4054523;-0.1528784;-0.5906828;-0.7922298;-1
5800;-0.5548018;0.07612556;-0.01030952;0.06314908;-0.8638312;0.4987147;-0.3210923;-0.4907134;-0.8096029;-1
5840;-0.5534918;0.07621835;-0.01051567;0.2513384;-0.8313099;0.4956309;-0.2507983;-0.5505129;-0.7961736;-1
5880;-0.5524144;0.07662041;-0.01068239;0.5763099;-0.6935937;0.4321565;-0.2015273;-0.6330893;-0.74733;-1
5920;-0.5546632;0.07530369;-0.01163654;0.02784685;-0.8481514;0.5288416;-0.34695;-0.5043552;-0.7905986;-1
5960;-0.5534739;0.07541426;-0.0117648;0.2647935;-0.8172684;0.5116763;-0.2784149;-0.572832;-0.7708244;-1
6000;-0.5523877;0.07580779;-0.0120357;0.5591925;-0.709144;0.429414;-0.2404894;-0.634461;-0.7345734;-1
6040;-0.5566722;0.07489684;-0.01265916;-0.4060325;-0.7576964;0.5101955;-0.3002574;-0.4166662;-0.8575724;-1
6080;-0.5569647;0.07325855;-0.01488925;-0.350972;-0.6735055;0.6497704;-0.3166873;-0.5676721;-0.7591698;-1
6120;-0.5593947;0.07489337;-0.01532452;-0.4711595;-0.6333911;0.6132408;-0.1570183;-0.6239316;-0.7650762;-1
6160;-0.5600536;0.07274611;-0.01737689;-0.4156479;-0.5538073;0.7207623;0.002435856;-0.7932369;-0.6080762;-1
6200;-0.5534614;0.0746242;-0.01302019;0.30845;-0.8069663;0.5032618;-0.3326082;-0.5872736;-0.7376269;-1
6240;-0.5524872;0.07516401;-0.01313096;0.5461913;-0.7306497;0.4096424;-0.2987062;-0.6267815;-0.7196495;-1
6280;-0.5526217;0.0745824;-0.01400689;0.5549197;-0.7286613;0.4010661;-0.3801053;-0.651063;-0.6568466;-1
6320;-0.5546497;0.07446584;-0.01284371;0.05669959;-0.8190417;0.5695451;-0.371215;-0.5468269;-0.7496686;-1
6360;-0.5546812;0.07359734;-0.01399847;0.0412444;-0.8039176;0.5926463;-0.4257216;-0.5510026;-0.7171475;-1
6400;-0.5535773;0.07397972;-0.01397019;0.3496619;-0.7849154;0.5107651;-0.4268624;-0.6190783;-0.6587247;-1
6440;-0.5527583;0.07409644;-0.01473762;0.5939233;-0.7195992;0.3581994;-0.4052437;-0.6529044;-0.6393916;-1
6480;-0.553772;0.07334776;-0.01479445;0.4350271;-0.7496238;0.4976798;-0.4657497;-0.6609403;-0.5878206;-1
6520;-0.5530394;0.07348979;-0.01578437;0.6018245;-0.6654395;0.4409982;-0.4903812;-0.7440435;-0.4534527;-1
6560;-0.5547808;0.07282057;-0.0149935;0.01871452;-0.7222524;0.6901174;-0.4728605;-0.6146141;-0.6299928;-1
6600;-0.5541399;0.07242708;-0.015835;0.3558196;-0.6224449;0.6956767;-0.3211954;-0.7808146;-0.5342355;-1
6640;-0.5530404;0.07311274;-0.01621089;0.04807276;-0.3346823;0.9406496;-0.3977087;-0.8701841;-0.2889959;-1
6680;-0.5549142;0.07138826;-0.01644821;-0.09913217;-0.5786934;0.8083354;-0.09339637;-0.8028505;-0.5868003;-1
6720;-0.5534475;0.07204629;-0.01644729;-0.1215775;-0.3424391;0.9313761;-0.2506257;-0.8974046;-0.3624493;-1
6760;-0.5574872;0.07174869;-0.01644953;-0.2989105;-0.618035;0.7263622;0.0329198;-0.7675505;-0.6392151;-1
6800;-0.557221;0.06947669;-0.01826846;-0.2321561;-0.5226752;0.8196275;-0.03081908;-0.8383992;-0.5431921;-1
6840;-0.5584149;0.07058185;-0.01798087;-0.269191;-0.5212994;0.8091778;-0.0718044;-0.8270846;-0.5565727;-1
6880;-0.5606124;0.07027164;-0.01891075;-0.2715621;-0.4626036;0.8431492;-0.1242669;-0.8516335;-0.5076904;-1
6920;-0.5614798;0.0671308;-0.0208865;-0.2474523;-0.5123395;0.8218286;-0.05448598;-0.8395464;-0.5397194;-1
6960;-0.5573992;0.06548353;-0.02106444;-0.2476134;-0.5669361;0.7856362;0.01408029;-0.8129094;-0.582181;-1
7000;-0.5539531;0.07057416;-0.01693549;-0.2265428;-0.4118584;0.8824493;-0.1977339;-0.8677199;-0.4557018;-1
7040;-0.5551004;0.06804982;-0.0184369;-0.2413757;-0.5178543;0.8200513;-0.0486436;-0.8376048;-0.5431383;-1
7080;-0.5538078;0.06454837;-0.0207925;-0.2854689;-0.5783312;0.763775;0.08537307;-0.8091033;-0.5808188;-1
7120;-0.5523994;0.07247557;-0.01590358;-0.6132238;-0.3173445;0.7233358;-0.2192082;-0.8113986;-0.5418094;-1
7160;-0.552479;0.07345155;-0.01575884;-0.8306077;-0.1227966;0.5431501;-0.2094913;-0.834823;-0.5091016;-1
7200;-0.5528899;0.06735675;-0.01813539;-0.3040917;-0.5218496;0.7966266;-0.04801326;-0.8268121;-0.5599292;-1
7240;-0.5518878;0.07039337;-0.01640841;-0.4327409;-0.400778;0.8074591;-0.275196;-0.7942274;-0.5416589;-1
7280;-0.5507193;0.06747587;-0.01729488;-0.3088112;-0.5270095;0.7916951;-0.06983668;-0.8176115;-0.5714566;-1
7320;-0.5500338;0.06351124;-0.0198964;-0.3077936;-0.5669118;0.7640996;0.03657675;-0.8095475;-0.585908;-1
7360;-0.54936;0.06611533;-0.017989;-0.1823654;-0.589116;0.7871523;0.04474095;-0.8046553;-0.5919449;-1
7400;-0.5485619;0.06907272;-0.01531692;-0.3443457;-0.6110535;0.7119429;-0.02892193;-0.7505636;-0.6593333;-1
7440;-0.5516171;0.07342231;-0.01425759;-0.7367115;-0.4055494;0.5400148;0.01292716;-0.8067264;-0.5899245;-1
7480;-0.5520982;0.07426471;-0.01449054;-0.9236709;-0.1864576;0.3332638;-0.0100371;-0.8593368;-0.5103952;-1
7520;-0.5506331;0.07209061;-0.01418914;-0.6257014;-0.4716589;0.6201729;-0.09967159;-0.739683;-0.6646368;-1
7560;-0.5501487;0.06966265;-0.01566018;-0.4538164;-0.5045759;0.7339865;-0.1443484;-0.7708149;-0.6198841;-1
7600;-0.549393;0.07187277;-0.01321028;-0.4812973;-0.6265013;0.6117079;0.0008522086;-0.6978319;-0.7156942;-1
7640;-0.5480078;0.07129256;-0.01270548;-0.4139473;-0.6796232;0.6037749;0.08330947;-0.6883468;-0.7198706;-1
7680;-0.5514399;0.07419717;-0.0132392;-0.7351048;-0.5101923;0.4436815;0.2396063;-0.8086383;-0.5358238;-1
7720;-0.5519791;0.07508278;-0.01353957;-0.9396084;-0.241665;0.2371373;0.1097426;-0.8776413;-0.4644799;-1
7760;-0.5502466;0.07286786;-0.01300845;-0.6392772;-0.5843707;0.4976144;0.08885688;-0.6990443;-0.7086544;-1
7800;-0.5514454;0.07498697;-0.01219793;-0.7484614;-0.5403525;0.3815104;0.3139462;-0.7967291;-0.5150541;-1
7840;-0.5519923;0.07589817;-0.01264641;-0.9636855;-0.2131551;0.155032;0.1224398;-0.8811846;-0.4551854;-1
7880;-0.5490481;0.073735;-0.01043886;-0.4883963;-0.7334351;0.4711059;0.2384006;-0.6314896;-0.737501;-1
7920;-0.5476711;0.07295331;-0.01019011;-0.4452145;-0.750744;0.4862873;0.2013646;-0.6129916;-0.7636243;-1
7960;-0.5501364;0.07368175;-0.01184265;-0.6368752;-0.6143477;0.4633625;0.2179734;-0.720444;-0.6573954;-1
8000;-0.5515788;0.07582014;-0.01114991;-0.7846166;-0.5363736;0.3092031;0.3283884;-0.7834654;-0.5270316;-1
8040;-0.5520225;0.07674152;-0.01163995;-0.9836463;-0.1647294;0.07283118;0.1071652;-0.8602823;-0.498428;-1
8080;-0.5502973;0.0745461;-0.01075568;-0.6520728;-0.6502565;0.3891436;0.3618513;-0.7182609;-0.5938852;-1
8120;-0.5516916;0.07655646;-0.01003172;-0.8215842;-0.5127748;0.2474166;0.354992;-0.8007552;-0.4820218;-1
8160;-0.5521001;0.07758974;-0.01059009;-0.99461;-0.1033219;0.008559895;0.08904336;-0.8936061;-0.4399299;-1
8200;-0.5492101;0.07516155;-0.007865462;-0.5164707;-0.7783045;0.356772;0.3494865;-0.5719426;-0.7419636;-1
8240;-0.5473459;0.07414763;-0.00755829;-0.4780393;-0.8016259;0.3585338;0.2886071;-0.5288273;-0.7980102;-1
8280;-0.5505013;0.07540464;-0.009543492;-0.6313117;-0.6879585;0.356833;0.4081078;-0.6862599;-0.6018401;-1
8320;-0.5518583;0.07734738;-0.008848527;-0.8688813;-0.4607284;0.1788144;0.3397659;-0.8192912;-0.4614106;-1
8360;-0.5521525;0.07854702;-0.009405628;-0.9980776;-0.02024639;-0.05844186;0.04389218;-0.8975819;-0.4386519;-1
8400;-0.549282;0.07620485;-0.005023305;-0.5307876;-0.7968307;0.2883895;0.4259175;-0.5450384;-0.7220507;-1
8440;-0.547111;0.07496294;-0.004910388;-0.5014381;-0.8165241;0.2856169;0.3533435;-0.4946133;-0.7939257;-1
8480;-0.5507263;0.07612512;-0.008376214;-0.6547703;-0.6827447;0.3229912;0.4384831;-0.6915321;-0.5737181;-1
8520;-0.5509941;0.07689951;-0.007005312;-0.6886185;-0.6721097;0.2708059;0.4388106;-0.6839961;-0.5824524;-1
8560;-0.552079;0.07816391;-0.007495905;-0.9098414;-0.3950879;0.1249968;0.3035636;-0.8405891;-0.4482583;-1
8600;-0.5522348;0.07961814;-0.008046833;-0.9910691;0.07604082;-0.1095438;-0.02193547;-0.9032536;-0.428546;-1
8640;-0.5511714;0.07754801;-0.005516669;-0.7287147;-0.6496434;0.2162256;0.4628095;-0.7000518;-0.543584;-1
8680;-0.5522585;0.07901861;-0.005907675;-0.944549;-0.3178782;0.08190604;0.2490458;-0.856497;-0.451876;-1
8720;-0.552299;0.08064374;-0.006365687;-0.97945;0.1683171;-0.1109238;-0.1067503;-0.8996792;-0.4230953;-1
8760;-0.5491406;0.07704306;-0.002440841;-0.5279931;-0.8264686;0.1948829;0.4463032;-0.465322;-0.7642795;-1
8800;-0.5469408;0.07565638;-0.002420301;-0.515677;-0.8307947;0.2087513;0.3826395;-0.4413551;-0.8115433;-1
8840;-0.5512559;0.07803142;-0.003897224;-0.7287762;-0.6588722;0.1860989;0.4606652;-0.6729566;-0.5785794;-1
8880;-0.5523547;0.07973215;-0.004073265;-0.9636332;-0.2554481;0.07795231;0.1904387;-0.861819;-0.4699316;-1
8920;-0.5522499;0.0816291;-0.004440779;-0.9656126;0.2539299;-0.0557825;-0.2094622;-0.8869458;-0.4116466;-1
8960;-0.5490713;0.07738279;8.698553e-07;-0.5279219;-0.8492212;-0.003076893;0.5114901;-0.3150527;-0.7994196;-1
9000;-0.5468619;0.07602936;1.404015e-05;-0.5214952;-0.8529922;-0.00201807;0.4699491;-0.2852734;-0.835206;-1
9040;-0.5512013;0.07841875;-0.002189309;-0.7047201;-0.6948848;0.1426325;0.4637549;-0.6034331;-0.6485565;-1
9080;-0.5509835;0.07857969;6.423797e-07;-0.6842389;-0.7292264;-0.00245903;0.5552187;-0.5187563;-0.6500823;-1
9120;-0.5522605;0.0801618;-0.002097123;-0.9671362;-0.2302941;0.1072483;0.1445623;-0.8459623;-0.5130836;-1
9160;-0.5521015;0.08213085;-0.00226445;-0.9611028;0.2728677;0.04202352;-0.262212;-0.8544042;-0.4484111;-1
9200;-0.5519791;0.08027683;7.373514e-06;-0.9699216;-0.2432545;-0.001115441;0.2125117;-0.8448941;-0.4907838;-1
9240;-0.5517934;0.08216693;1.216639e-05;-0.9650451;0.262084;-9.714639e-05;-0.234796;-0.8647302;-0.4439737;-1
9280;-0.7149366;0.02941768;0.01031682;-0.9731723;0.1865229;0.1347031;-0.1567902;-0.109166;-0.9815803;-1
9320;-0.7157301;0.02943444;-4.0624e-05;-0.9831396;0.1828565;-0.0004491735;-0.01136859;-0.06357512;-0.9979123;-1
9360;-0.7176477;0.0129811;-3.696932e-05;-0.999997;-0.002405636;-0.0004060974;0.0002832268;0.05085969;-0.9987059;-1
9400;-0.7168248;0.01301189;0.01094693;-0.9921224;0.004429296;0.1251934;-0.1252494;-0.05396118;-0.9906568;-1
9440;-0.7129636;0.02894279;0.01989404;-0.9341844;0.1927305;0.3002573;-0.3491739;-0.3208961;-0.8803995;-1
9480;-0.7150376;-0.004311815;0.01152117;-0.9616442;-0.2451578;0.1230371;-0.1267108;-0.0007936303;-0.9919395;-1
9520;-0.7156041;-0.004814938;-3.134162e-05;-0.9679527;-0.2511324;-0.0003260253;-0.02880855;0.1123277;-0.9932536;-1
9560;-0.7149521;0.01306486;0.02096989;-0.9552355;0.02339462;0.29492;-0.2885731;-0.2933652;-0.9114069;-1
9600;-0.7080992;0.0280071;0.03195916;-0.8595579;0.196953;0.4715609;-0.4957075;-0.5456566;-0.6756723;-1
9640;-0.7079784;-0.02194665;0.01185527;-0.8676101;-0.4769278;0.1406867;-0.1471526;-0.02399343;-0.9888228;-1
9680;-0.7085515;-0.02250828;-2.370425e-05;-0.8791631;-0.476521;-0.0002291624;-0.05529889;0.1025019;-0.9931945;-1
9720;-0.7132447;-0.003520936;0.02187806;-0.9280862;-0.2273125;0.2949322;-0.2425748;-0.2318483;-0.9420211;-1
9760;-0.7096969;0.01304311;0.03372595;-0.8794453;0.04088919;0.4742406;-0.4202561;-0.5345415;-0.7332464;-1
9800;-0.7010618;0.0265197;0.04224874;-0.7620072;0.193839;0.6178766;-0.5361624;-0.7239246;-0.4341235;-1
9840;-0.6972561;-0.036893;0.01162699;-0.736582;-0.6576097;0.1581022;-0.2105112;0.000759447;-0.9775913;-1
9880;-0.6980106;-0.03774446;-1.531013e-05;-0.7607697;-0.6490219;-0.000134513;-0.1952707;0.2290898;-0.953618;-1
9920;-0.6850679;-0.04768614;-7.366296e-06;-0.5018872;-0.8649331;2.919008e-05;-0.1223366;0.07095377;-0.9899492;-1
9960;-0.7061839;-0.02042116;0.02249574;-0.8299533;-0.4657576;0.3069973;-0.2238816;-0.2259566;-0.9480616;-1
10000;-0.7080585;-0.002188414;0.03497789;-0.8580257;-0.1983397;0.4737651;-0.3481353;-0.4535974;-0.820397;-1
10040;-0.7022243;0.01285844;0.04410087;-0.7692463;0.05104255;0.6369103;-0.468341;-0.723116;-0.5077007;-1
10080;-0.695199;0.02513355;0.04882298;-0.6647105;0.1799484;0.725106;-0.5311823;-0.7963303;-0.2893151;-1
10120;-0.6831437;-0.04586442;0.01774541;-0.4890472;-0.8326253;0.2599385;-0.1866695;-0.191198;-0.9636378;-1
10160;-0.6701739;-0.05535908;7.59901e-07;-0.3585269;-0.9335194;0.0001056534;-0.007533544;0.002780189;-0.9999679;-1
10200;-0.6953017;-0.03492132;0.02224237;-0.6786051;-0.6565827;0.3292328;-0.2471752;-0.2179576;-0.9441393;-1
10240;-0.7017914;-0.01719691;0.03546767;-0.7714331;-0.4288058;0.4701239;-0.2835841;-0.4297093;-0.8572805;-1
10280;-0.7007374;-0.00066562;0.04504677;-0.7493881;-0.1560784;0.6434727;-0.41491;-0.6466659;-0.6400571;-1
10320;-0.6957155;0.01286554;0.05025511;-0.6633289;0.04650471;0.7468816;-0.4855762;-0.7861674;-0.3823045;-1
10360;-0.6887727;0.02345063;0.05458461;-0.5538802;0.1621867;0.8166469;-0.4649845;-0.8738867;-0.1418151;-1
10400;-0.6918029;-0.03120881;0.03473181;-0.6223566;-0.6325194;0.4610763;-0.2513829;-0.3963355;-0.8830202;-1
10440;-0.6795012;-0.04175706;0.03172336;-0.4519934;-0.7764292;0.4391581;-0.2364705;-0.3704096;-0.8982641;-1
10480;-0.6951237;-0.01451658;0.04580918;-0.6697894;-0.3801108;0.6378856;-0.3568719;-0.5885492;-0.7254325;-1
10520;-0.6862037;-0.02600865;0.04588854;-0.5371869;-0.5604264;0.6303589;-0.3085478;-0.5649797;-0.7652425;-1
10560;-0.6937957;0.0003099889;0.05158973;-0.6387872;-0.1172554;0.7603959;-0.45616;-0.738157;-0.4970334;-1
10600;-0.6885276;0.01223588;0.05591113;-0.5634135;0.04341668;0.8250335;-0.4810522;-0.829116;-0.2848779;-1
10640;-0.6887838;-0.01125208;0.052726;-0.5761558;-0.3098511;0.7563311;-0.4007686;-0.6993832;-0.5918172;-1
10680;-0.6685675;-0.05361871;0.01661808;-0.3405176;-0.9112711;0.2315875;-0.1159958;-0.2037107;-0.9721354;-1
10720;-0.6495585;-0.05907788;0.01480758;-0.1283249;-0.9689232;0.2114727;-0.01095048;-0.2118383;-0.9772435;-1
10760;-0.6498265;-0.06062751;1.045613e-05;-0.1364391;-0.9906484;0.0002115086;0.1225878;-0.01709544;-0.9923105;-1
10800;-0.665154;-0.04931028;0.03009318;-0.2930721;-0.8539103;0.4300535;-0.2085236;-0.3818879;-0.9003775;-1
10840;-0.6754105;-0.03545877;0.04453411;-0.3885682;-0.6939414;0.6061849;-0.2916768;-0.5314146;-0.7953133;-1
10880;-0.6866593;0.001800135;0.05692549;-0.5193084;-0.1000713;0.8487076;-0.4638899;-0.8010594;-0.3782988;-1
10920;-0.6789846;-0.01974395;0.05461864;-0.4212605;-0.4668399;0.7775604;-0.3719274;-0.693013;-0.6175783;-1
10960;-0.6280796;-0.05942173;0.01261274;0.1243402;-0.9729134;0.1943267;0.1203924;-0.1795827;-0.976343;-1
11000;-0.6282368;-0.06074875;1.925585e-05;0.1160617;-0.9931249;0.0003028438;0.2325453;0.02687885;-0.9722072;-1
11040;-0.6833605;-0.009047076;0.05673458;-0.4663438;-0.2067025;0.8601148;-0.4590841;-0.7745762;-0.4350557;-1
11080;-0.6775805;-0.006787226;0.05986343;-0.3780517;-0.1775496;0.9085996;-0.457534;-0.8173718;-0.3500943;-1
11120;-0.6804682;0.007754162;0.06049669;-0.4079364;-0.0173544;0.9128455;-0.4541422;-0.8635009;-0.2193653;-1
11160;-0.6114659;-0.05472992;0.01163992;0.3238565;-0.9253335;0.1958114;0.2014902;-0.134669;-0.9701719;-1
11200;-0.6117512;-0.05619914;2.436206e-05;0.3166695;-0.9482393;0.000349518;0.3136631;0.1043995;-0.943744;-1
11240;-0.6813745;0.02145624;0.05919535;-0.4191214;0.1454896;0.8961977;-0.4611747;-0.8843747;-0.07210566;-1
11280;-0.5962049;-0.04923724;0.01082265;0.3936971;-0.8950173;0.2066469;0.2888236;-0.09266643;-0.9528236;-1
11320;-0.596657;-0.05086216;2.775528e-05;0.391339;-0.9195415;0.0003160207;0.4308971;0.1830738;-0.8834709;-1
11360;-0.5845134;-0.04413015;0.00988056;0.3811258;-0.8951691;0.2267361;0.3236751;-0.09997645;-0.9407409;-1
11400;-0.5849239;-0.04564121;2.866914e-05;0.4094323;-0.9111807;0.0002376665;0.4313691;0.1935963;-0.880884;-1
11440;-0.5758362;-0.04188611;0.009645478;0.1448339;-0.956933;0.2468193;0.237803;-0.2080786;-0.948631;-1
11480;-0.5764328;-0.04308191;2.867903e-05;0.1434329;-0.9883845;0.0001250498;0.3213755;0.04650622;-0.945664;-1
11520;-0.5682973;-0.04265826;2.719973e-05;-0.0484044;-0.9974656;2.715977e-05;0.206724;-0.01102969;-0.9782752;-1
11560;-0.5842056;-0.04037806;0.02056041;0.3557592;-0.8529975;0.3795467;0.07922187;-0.3767104;-0.9227747;-1
11600;-0.5957911;-0.0452996;0.02187688;0.4037414;-0.8436922;0.3522473;0.06145917;-0.3589132;-0.9312585;-1
11640;-0.5675188;-0.04144853;0.01007911;-0.05580741;-0.966343;0.2459768;0.09846326;-0.2501805;-0.9630799;-1
11680;-0.559986;-0.0434708;2.413473e-05;-0.1706942;-0.984061;-4.180576e-05;0.07154837;-0.01238408;-0.997353;-1
11720;-0.5748134;-0.03792664;0.02040112;0.1419276;-0.896221;0.4177828;0.0382791;-0.4162444;-0.9082078;-1
11760;-0.5592723;-0.04247212;0.01059226;-0.158344;-0.9513783;0.2598294;-0.01463084;-0.2605541;-0.9652653;-1
11800;-0.5520264;-0.04498455;2.08735e-05;-0.1969405;-0.9793559;-8.271408e-05;-0.008511095;0.00178249;-0.9999622;-1
11840;-0.6113551;-0.05101061;0.0236495;0.3364008;-0.8776461;0.3407122;-0.000266213;-0.3618023;-0.9322174;-1
11880;-0.5835751;-0.03507943;0.02944317;0.3426387;-0.782024;0.5191956;-0.08842406;-0.5766236;-0.8117964;-1
11920;-0.5658593;-0.03762932;0.02095912;-0.04357517;-0.8854299;0.4603997;-0.02603907;-0.4590619;-0.8877065;-1
11960;-0.5513165;-0.04357988;0.0110207;-0.1791361;-0.9419862;0.2805628;-0.09181622;-0.2676247;-0.9590584;-1
12000;-0.5448227;-0.04615231;1.67821e-05;-0.197492;-0.9795474;-0.000121644;-0.0893442;0.0181273;-0.9958301;-1
12040;-0.5952237;-0.0396024;0.03126417;0.4178018;-0.7725658;0.4771518;-0.1120977;-0.5648268;-0.8173261;-1
12080;-0.6271946;-0.05547965;0.02587507;0.1405152;-0.92118;0.3626236;-0.06992479;-0.3745405;-0.9245538;-1
12120;-0.5734129;-0.03289186;0.0286676;0.1399533;-0.7910117;0.5941736;-0.09711416;-0.6074322;-0.7878053;-1
12160;-0.5573526;-0.03815527;0.02128013;-0.1141003;-0.8569985;0.5007449;-0.08740136;-0.4928223;-0.8653927;-1
12200;-0.5440677;-0.04454004;0.0115649;-0.1906078;-0.9345844;0.2982056;-0.1764113;-0.2659688;-0.9476293;-1
12240;-0.5379374;-0.04733758;1.259293e-05;-0.213583;-0.9763811;-0.0001716363;-0.2530261;0.05551235;-0.9658295;-1
12280;-0.6107054;-0.04574681;0.03526326;0.3493123;-0.8060926;0.4772716;-0.1798241;-0.5574788;-0.8103724;-1
12320;-0.5817955;-0.03017003;0.03437954;0.3317853;-0.6773155;0.6557439;-0.1771641;-0.7269604;-0.6625835;-1
12360;-0.5637636;-0.03224389;0.02874092;0.001662984;-0.7409645;0.6704315;-0.1235061;-0.664557;-0.7361379;-1
12400;-0.5491786;-0.03879818;0.02192056;-0.1345052;-0.8283144;0.5426809;-0.1441902;-0.524949;-0.8385138;-1
12440;-0.5371968;-0.04565353;0.01211468;-0.2213196;-0.9278183;0.2987544;-0.2164564;-0.2517789;-0.9432114;-1
12480;-0.528658;-0.0491738;7.580573e-06;-0.2336847;-0.971965;-0.0002261064;-0.2264324;0.05466184;-0.9724736;-1
12520;-0.527218;-0.04747379;0.01340311;-0.2568211;-0.9314082;0.2569659;-0.1477877;-0.224831;-0.9630958;-1
12560;-0.5416319;-0.039381;0.02263167;-0.1724702;-0.8010311;0.5724931;-0.1906179;-0.5426824;-0.8177719;-1
12600;-0.5345992;-0.0402877;0.02357258;-0.2301529;-0.7831996;0.5771081;-0.2224763;-0.5347126;-0.8150457;-1
12640;-0.5241094;-0.04194319;0.0256549;-0.3010012;-0.784145;0.5424076;-0.2337678;-0.4906453;-0.8393227;-1
12680;-0.5547085;-0.03219809;0.02901546;-0.05184923;-0.6863555;0.7246744;-0.1469999;-0.7116792;-0.6861007;-1
12720;-0.5714846;-0.02845439;0.03302206;0.1508249;-0.6531232;0.7412738;-0.1777401;-0.7546242;-0.630384;-1
12760;-0.5461039;-0.0320909;0.02936724;-0.07425849;-0.6396415;0.7646505;-0.1879934;-0.7434295;-0.6411446;-1
12800;-0.5312204;-0.03328614;0.03084456;-0.2080988;-0.5441277;0.8126321;-0.2777247;-0.763486;-0.5826935;-1
12840;-0.5207515;-0.03493769;0.03241666;-0.3068482;-0.5491409;0.7772453;-0.2979906;-0.7200577;-0.6265041;-1
12880;-0.5382985;-0.03236112;0.02984566;-0.1436164;-0.5870387;0.7964675;-0.2345896;-0.761223;-0.6040131;-1
12920;-0.5602357;-0.02563842;0.03384393;0.0462625;-0.502114;0.8631715;-0.1994162;-0.8502166;-0.4851656;-1
12960;-0.5270767;-0.02470797;0.03582535;-0.1617767;-0.2505803;0.9544355;-0.313718;-0.9037263;-0.2905688;-1
13000;-0.5166171;-0.02567859;0.03763489;-0.2922278;-0.08992805;0.9520422;-0.3626334;-0.9106999;-0.1973436;-1
13040;-0.5512217;-0.02526067;0.03401629;0.003938191;-0.4317526;0.9017643;-0.2058079;-0.8818681;-0.4222107;-1
13080;-0.5425367;-0.0246281;0.0340763;-0.03662004;-0.368864;0.9286593;-0.2307009;-0.9004183;-0.3672441;-1
13120;-0.5345241;-0.02447655;0.03481007;-0.1106437;-0.302444;0.9466633;-0.2697438;-0.9072036;-0.321641;-1
13160;-0.5227584;-0.01571233;0.03665843;-0.1127026;0.01778513;0.993438;-0.3183117;-0.9476254;-0.0191544;-1
13200;-0.512527;-0.0152629;0.03795103;-0.2241096;0.145335;0.9635994;-0.3501065;-0.9347798;0.05956496;-1
13240;-0.5306313;-0.01615283;0.03603401;-0.06665515;-0.04213398;0.9968703;-0.2775465;-0.9585506;-0.05911643;-1
13280;-0.5388767;-0.01680023;0.03558074;-0.01631861;-0.1027289;0.9945687;-0.2346089;-0.9659656;-0.103747;-1
13320;-0.5474762;-0.01764458;0.03573557;0.04484675;-0.1675235;0.9848178;-0.224969;-0.9612508;-0.1535656;-1
13360;-0.5192006;-0.007671863;0.03650612;-0.08187409;0.1277139;0.9883935;-0.3041641;-0.947528;0.09725264;-1
13400;-0.5095727;-0.00686868;0.03745153;-0.1712839;0.2827679;0.9437094;-0.3499539;-0.9129209;0.2100087;-1
13440;-0.5270402;-0.008350654;0.03597671;-0.03190259;0.06578276;0.9973091;-0.2662085;-0.9620962;0.05496488;-1
13480;-0.5352538;-0.00910681;0.03592361;0.005877614;0.01052757;0.9999273;-0.2264469;-0.973493;0.01158504;-1
13520;-0.5160825;-0.0004561541;0.03526992;-0.05247433;0.2951158;0.9539843;-0.2939069;-0.9174979;0.2676919;-1
13560;-0.5062191;0.001348038;0.03547786;-0.109008;0.4426629;0.8899824;-0.3455053;-0.8564187;0.3836146;-1
13600;-0.523814;-0.00140007;0.03517614;-2.028112e-05;0.2061887;0.9784917;-0.2429058;-0.9490089;0.2000381;-1
13640;-0.5132118;0.00607438;0.03256326;-0.02083206;0.4537854;0.8908274;-0.2568632;-0.8634996;0.4338973;-1
13680;-0.5030298;0.008854097;0.03159183;-0.0508351;0.5813562;0.8120129;-0.3100933;-0.7821081;0.5404852;-1
13720;-0.5561571;-0.01816146;0.0364412;0.09590278;-0.2390372;0.9661756;-0.2440173;-0.945466;-0.2102267;-1
13760;-0.543888;-0.0100565;0.03607496;0.05501611;-0.0318372;0.9979747;-0.1914843;-0.9804533;-0.02076576;-1
13800;-0.5319143;-0.002276929;0.03552246;0.03327804;0.127215;0.9913111;-0.2001466;-0.9705581;0.1313601;-1
13840;-0.5213297;0.004523322;0.03330275;0.03735247;0.3600734;0.9321427;-0.2074705;-0.9095274;0.3597584;-1
13880;-0.5104522;0.01212558;0.0291893;0.004264153;0.6041806;0.7967877;-0.2094495;-0.7785476;0.5915204;-1
13920;-0.5003747;0.01506228;0.0269223;-0.01417094;0.7149358;0.6990088;-0.2839936;-0.6731994;0.6827261;-1
13960;-0.5523387;-0.01105585;0.03687607;0.1222558;-0.06792558;0.990149;-0.2002364;-0.9776518;-0.042457;-1
14000;-0.5406896;-0.003281194;0.03587217;0.0559523;0.06732693;0.9961565;-0.2041226;-0.9751707;0.07747218;-1
14040;-0.529537;0.003364343;0.03419344;0.06423163;0.2760651;0.9589648;-0.1647714;-0.9445133;0.2831184;-1
14080;-0.5190783;0.01008512;0.0305783;0.04973802;0.509276;0.8591104;-0.1511587;-0.8463041;0.5105777;-1
14120;-0.5082068;0.01697272;0.02438717;0.005076611;0.7861626;0.6179215;-0.1520045;-0.6101126;0.7775508;-1
14160;-0.4979237;0.01963218;0.02092906;-0.0339709;0.8659281;0.4989834;-0.2848778;-0.486971;0.8256276;-1
14200;-0.5485386;-0.004052978;0.03647977;0.1194862;0.02066304;0.9926068;-0.2105238;-0.9754628;0.0457296;-1
14240;-0.5380568;0.002147121;0.03498236;0.07630558;0.1994658;0.9769022;-0.1426731;-0.9668806;0.2088144;-1
14280;-0.5278847;0.008272402;0.03230294;0.08408479;0.4273361;0.9001148;-0.1198183;-0.8921588;0.4350005;-1
14320;-0.517258;0.01447655;0.02732717;0.05150817;0.667099;0.7430992;-0.1008288;-0.7366999;0.6685383;-1
14360;-0.5076956;0.01985569;0.01990037;0.04708429;0.8503308;0.5240297;-0.1161516;-0.5163583;0.8484251;-1
14400;-0.4949874;0.02307772;0.0130308;0.01487841;0.91287;0.4079569;-0.1841781;-0.3985327;0.8984483;-1
14440;-0.5445106;0.001009075;0.03573208;0.1157922;0.1149847;0.9865739;-0.2083717;-0.9674606;0.1374418;-1
14480;-0.5367586;0.006535923;0.03366394;0.1065816;0.3327312;0.9369065;-0.1127816;-0.9315959;0.3440684;-1
14520;-0.545476;0.003966965;0.03545102;0.1654456;0.1524444;0.9743197;-0.1576392;-0.9702161;0.1788964;-1
14560;-0.5264432;0.01240806;0.02951104;0.0977617;0.5622358;0.8210657;-0.05025969;-0.8209363;0.5684578;-1
14600;-0.5159565;0.01797942;0.0234127;0.08115962;0.7544877;0.6511309;-0.06533892;-0.647742;0.7589583;-1
14640;-0.535812;0.01027141;0.03191185;0.1438928;0.4373697;0.887561;-0.08637349;-0.8874035;0.4518109;-1
14680;-0.5249931;0.01615642;0.02637628;0.1180288;0.6542619;0.7468316;0.009259804;-0.7525642;0.6582019;-1
14720;-0.5553374;-0.002698589;0.03756268;0.206819;-0.01037133;0.9782702;-0.2117717;-0.9754025;0.0345024;-1
14760;-0.5451981;0.007650662;0.03445266;0.2121582;0.2369358;0.9479766;-0.1136193;-0.956569;0.2650212;-1
14800;-0.5354103;0.01369903;0.02992821;0.1958116;0.491947;0.8480986;-0.01657285;-0.862529;0.5047805;-1
14840;-0.5611055;-0.01220182;0.03816605;0.2049438;-0.1353217;0.9692905;-0.2460201;-0.964335;-0.08285218;-1
14880;-0.554179;0.004088823;0.0372065;0.2517663;0.07771146;0.9645757;-0.1381926;-0.9823774;0.1154933;-1
14920;-0.544315;0.01198685;0.03286782;0.2618544;0.315115;0.9120259;-0.07255097;-0.9350055;0.3445687;-1
14960;-0.5653977;-0.01873494;0.03757632;0.1769319;-0.3280606;0.9277322;-0.2556488;-0.9243243;-0.2788737;-1
15000;-0.5542958;0.009833917;0.03641563;0.3751979;0.03049405;0.9261746;-0.1169716;-0.9886762;0.08028856;-1
15040;-0.5687906;-0.02389466;0.03573126;0.1659477;-0.4761164;0.8631809;-0.2257101;-0.8692989;-0.4372842;-1
15080;-0.5782509;-0.02505071;0.037366;0.2988294;-0.5499789;0.7793303;-0.2239898;-0.8335142;-0.5034441;-1
15120;-0.5742613;-0.01974262;0.03915302;0.2824773;-0.4129702;0.8654817;-0.2590534;-0.900597;-0.3460145;-1
15160;-0.5699776;-0.01364547;0.0402632;0.2816992;-0.2220268;0.933284;-0.2678357;-0.9510549;-0.1458014;-1
15200;-0.5658382;-0.006299399;0.04014652;0.2779836;-0.08717653;0.9565052;-0.2814194;-0.9581814;-0.005574192;-1
15240;-0.5632133;0.0006819665;0.03965463;0.288505;-0.02296964;0.9570879;-0.2206873;-0.9730083;0.04327154;-1
15280;-0.5625232;0.007010952;0.03960785;0.375773;-0.1318016;0.9170671;-0.2051122;-0.9758176;-0.05628152;-1
15320;-0.5878786;-0.02734011;0.04015412;0.433315;-0.5765337;0.6921487;-0.2266706;-0.8126833;-0.5358316;-1
15360;-0.5822161;-0.02098212;0.04168486;0.4159975;-0.4734345;0.7759377;-0.2557471;-0.8792133;-0.4000733;-1
15400;-0.5781278;-0.01514941;0.04273805;0.4078075;-0.3163064;0.8562122;-0.2623382;-0.9380515;-0.222055;-1
15440;-0.5743719;-0.008496031;0.04260629;0.3886676;-0.1487448;0.9090801;-0.2882134;-0.9558189;-0.03325884;-1
15480;-0.5713264;-0.001787163;0.04215787;0.3704088;-0.08243926;0.9250209;-0.2650149;-0.9628005;0.02034737;-1
15520;-0.5694801;0.005279481;0.04220758;0.3884725;-0.2243645;0.8934789;-0.2721409;-0.9534257;-0.1213392;-1
15560;-0.5942864;-0.034151;0.03795261;0.4288755;-0.7021315;0.5677063;-0.2151277;-0.6895543;-0.691114;-1
15600;-0.589637;-0.01811977;0.04756606;0.4669501;-0.3832966;0.7966136;-0.2532666;-0.9207375;-0.2949314;-1
15640;-0.5856021;-0.01128953;0.04783829;0.485857;-0.241427;0.8397794;-0.2327864;-0.9613791;-0.1419214;-1
15680;-0.5809041;-0.003237136;0.0465064;0.4886443;-0.1329729;0.86204;-0.1863294;-0.9805607;-0.04572326;-1
15720;-0.5936993;-0.02434309;0.04639488;0.4623952;-0.4988393;0.7327078;-0.2602152;-0.866064;-0.4258686;-1
15760;-0.5990096;-0.03108751;0.04497338;0.4416169;-0.5975582;0.6689063;-0.2568587;-0.7983745;-0.5440947;-1
15800;-0.610685;-0.03967589;0.04309202;0.3435967;-0.7269757;0.5942693;-0.2703378;-0.6824849;-0.6788911;-1
15840;-0.5777382;0.004360937;0.04564761;0.4484125;-0.2379299;0.8613484;-0.1997497;-0.9654377;-0.1629412;-1
15880;-0.6267774;-0.04907471;0.03807415;0.1402369;-0.8435142;0.5183466;-0.2230151;-0.5369349;-0.8135752;-1
15920;-0.6014883;-0.02073714;0.05313832;0.4315915;-0.4115995;0.8025728;-0.3050784;-0.9037125;-0.299574;-1
15960;-0.6050488;-0.02719621;0.05121846;0.3948286;-0.5064409;0.7664406;-0.2921348;-0.859986;-0.4179618;-1
16000;-0.6091002;-0.03341735;0.04855942;0.3460393;-0.6133592;0.7098257;-0.2841534;-0.7894413;-0.5438444;-1
16040;-0.5981449;-0.01399858;0.0542603;0.4569291;-0.3200826;0.8298073;-0.2901276;-0.9353107;-0.201143;-1
16080;-0.5909862;-0.005462945;0.05295408;0.5377598;-0.2602229;0.8017441;-0.1532227;-0.965058;-0.2106431;-1
16120;-0.5860838;0.001017585;0.05072157;0.6073862;-0.2733462;0.7455756;-0.08200955;-0.9549091;-0.283598;-1
16160;-0.5966738;-0.008518875;0.05524743;0.4653193;-0.2928939;0.8351797;-0.2220765;-0.9518289;-0.2101915;-1
16200;-0.621525;-0.03512819;0.05258106;0.2005711;-0.6219336;0.7569005;-0.3337021;-0.7697122;-0.5441236;-1
16240;-0.6161597;-0.0282179;0.05525479;0.2648368;-0.4995212;0.8247864;-0.3406419;-0.8485658;-0.4046295;-1
16280;-0.6108264;-0.02195838;0.05683561;0.3192719;-0.4155683;0.8516431;-0.3651119;-0.8831401;-0.2941397;-1
16320;-0.6060429;-0.0151165;0.05760578;0.3636574;-0.3113706;0.8779126;-0.3642243;-0.9148161;-0.1736426;-1
16360;-0.6029186;-0.00923647;0.05801861;0.3750639;-0.2753622;0.885121;-0.2908883;-0.9414409;-0.1696732;-1
16400;-0.6247473;-0.04184625;0.04672863;0.1580864;-0.740935;0.6526312;-0.3130287;-0.6644067;-0.6785925;-1
16440;-0.597198;-0.003441006;0.0575208;0.4975069;-0.4921128;0.7142242;-0.1343933;-0.8570454;-0.497105;-1
16480;-0.60162;-0.004334986;0.05915759;0.3295481;-0.5370427;0.7764601;-0.1973992;-0.8433404;-0.4996372;-1
16520;-0.592926;-0.0001987368;0.05620073;0.6363906;-0.4721481;0.6097071;-0.1084528;-0.837315;-0.535498;-1
16560;-0.5968214;-0.001559824;0.06102323;0.4814346;-0.8397822;0.2505521;-0.3203895;-0.4347162;-0.8416107;-1
16600;-0.6144603;-0.01407245;0.06117944;0.245978;-0.2593508;0.9339337;-0.4528586;-0.8826573;-0.1258383;-1
16640;-0.6091238;-0.007731482;0.06056355;0.2848776;-0.2155977;0.9340034;-0.3557176;-0.9285801;-0.1058495;-1
16680;-0.606689;-0.003448233;0.06127243;0.1601001;-0.5277773;0.8341577;-0.277687;-0.8350119;-0.4750213;-1
16720;-0.6009884;-0.002383277;0.06256604;0.1514684;-0.9307336;0.3327011;-0.2581786;-0.3621377;-0.8956439;-1
16760;-0.6208919;-0.02053335;0.06033257;0.18887;-0.3513744;0.9169865;-0.4248537;-0.8711144;-0.2462906;-1
16800;-0.6283857;-0.02656503;0.05907299;0.1125887;-0.4547106;0.8834943;-0.3841269;-0.8399379;-0.3833418;-1
16840;-0.6344392;-0.03315543;0.05560333;0.02907747;-0.5876381;0.8086013;-0.3730393;-0.7568783;-0.5366346;-1
16880;-0.6391988;-0.04046048;0.04943635;-0.0312747;-0.7160804;0.6973169;-0.3444656;-0.6471956;-0.6800597;-1
16920;-0.643491;-0.04810408;0.04009938;-0.07171867;-0.8245459;0.5612313;-0.2637298;-0.5269781;-0.8079236;-1
16960;-0.6473458;-0.05478355;0.02800931;-0.1021229;-0.9096095;0.402718;-0.1480967;-0.3864209;-0.910355;-1
17000;-0.6610233;-0.04302671;0.04248768;-0.2334646;-0.7763196;0.5855103;-0.2934143;-0.5178369;-0.8035876;-1
17040;-0.6558096;-0.03551713;0.0519221;-0.1635697;-0.6662726;0.7275478;-0.354572;-0.6484967;-0.6735954;-1
17080;-0.6691923;-0.02882774;0.05344122;-0.3004068;-0.5746831;0.7612459;-0.3627753;-0.6692865;-0.648421;-1
17120;-0.6481726;-0.02898897;0.05794333;-0.08169825;-0.5457505;0.8339556;-0.396782;-0.7497736;-0.5295314;-1
17160;-0.6609005;-0.02329695;0.05931861;-0.1979678;-0.4592639;0.8659593;-0.4105768;-0.7633572;-0.4987109;-1
17200;-0.6695253;-0.01522158;0.06035408;-0.2747901;-0.3414817;0.8988219;-0.4213715;-0.7974895;-0.4318061;-1
17240;-0.6394253;-0.02265683;0.06142014;0.008292507;-0.4173563;0.9087052;-0.419024;-0.8265544;-0.3758015;-1
17280;-0.6509891;-0.01870807;0.06286777;-0.08863336;-0.3567493;0.9299861;-0.4387786;-0.8242067;-0.3579898;-1
17320;-0.6595167;-0.01167414;0.06371024;-0.1697179;-0.2467457;0.954103;-0.4324867;-0.8512895;-0.2970882;-1
17360;-0.6718607;-0.004624531;0.06228547;-0.2810636;-0.1549621;0.9470956;-0.4417547;-0.8552179;-0.2710259;-1
17400;-0.6313148;-0.01694937;0.06317906;0.09864963;-0.2948878;0.950426;-0.4745962;-0.8534092;-0.2155257;-1
17440;-0.6423119;-0.01360653;0.06474321;0.008552399;-0.2699207;0.9628447;-0.499983;-0.8350319;-0.229649;-1
17480;-0.6231891;-0.008654937;0.06388712;0.1621657;-0.2006072;0.966157;-0.5250457;-0.8465492;-0.08764558;-1
17520;-0.6491284;-0.00832814;0.06555821;-0.07736694;-0.1890405;0.9789167;-0.4717415;-0.8580544;-0.2029837;-1
17560;-0.6347817;-0.007035762;0.06586875;0.08573598;-0.2071885;0.974537;-0.5329122;-0.8359922;-0.1308501;-1
17600;-0.6387607;-0.004552975;0.06664343;0.007253339;-0.1478196;0.9889878;-0.5059143;-0.853642;-0.1238796;-1
17640;-0.6147407;-0.005172223;0.06247131;0.2119133;-0.1629415;0.9636093;-0.4464451;-0.8932482;-0.05286325;-1
17680;-0.630917;-0.001081273;0.06620271;0.1340978;-0.1084239;0.9850188;-0.518776;-0.8545888;-0.02344234;-1
17720;-0.632284;0.003847316;0.06686976;0.08739181;-0.04428736;0.9951892;-0.4543436;-0.8908265;5.529739e-05;-1
17760;-0.6426543;0.00112845;0.06722916;-0.01634329;-0.07501981;0.9970481;-0.3935846;-0.9161921;-0.07538752;-1
17800;-0.6527184;-0.0003821403;0.06643263;-0.09880371;-0.1069023;0.9893482;-0.4121933;-0.9005128;-0.1384681;-1
17840;-0.6195195;-0.0017436;0.06394365;0.1770637;-0.1419043;0.9739156;-0.5062749;-0.8617208;-0.0335131;-1
17880;-0.6107824;-0.001384914;0.06260677;0.007789776;-0.4952805;0.8686982;-0.2653229;-0.8386109;-0.4757473;-1
17920;-0.6226256;0.002614826;0.06518784;0.1677473;-0.1172507;0.9788325;-0.5341277;-0.8453479;-0.009724992;-1
17960;-0.6156014;0.002111301;0.06415582;-0.05860201;-0.497182;0.8656652;-0.05936329;-0.8638852;-0.5001783;-1
18000;-0.6624765;-0.002002597;0.06498276;-0.1842891;-0.1388716;0.973012;-0.4191138;-0.884349;-0.2055978;-1
18040;-0.6436585;0.00828135;0.06742689;-0.01753374;0.02350623;0.99957;-0.3084025;-0.9511048;0.01695676;-1
18080;-0.6198437;0.004837483;0.06502708;-0.1285117;-0.4301688;0.8935545;-0.09378247;-0.8917084;-0.442788;-1
18120;-0.6223502;0.007784337;0.0656234;-0.1457982;-0.2516132;0.9567831;-0.01527838;-0.9664292;-0.2564781;-1
18160;-0.6727717;0.00770162;0.06351075;-0.3002547;-0.02080288;0.9536322;-0.4199933;-0.8947492;-0.1517548;-1
18200;-0.6540922;0.007855162;0.06678294;-0.09936018;0.007408512;0.995024;-0.3597497;-0.9325987;-0.02897981;-1
18240;-0.6245648;0.006781831;0.0659259;0.1383343;-0.04591308;0.9893209;-0.4902575;-0.8711237;0.02812384;-1
18280;-0.6254585;0.01053479;0.06604095;0.1130911;-0.005049519;0.9935719;-0.2612994;-0.9649382;0.02483786;-1
18320;-0.6334586;0.01062898;0.06693873;0.05116368;0.036317;0.9980298;-0.2341643;-0.9710438;0.04733941;-1
18360;-0.6735998;0.01968373;0.06230591;-0.3030298;0.1333497;0.9436052;-0.4222131;-0.9064657;-0.007488509;-1
18400;-0.6645275;0.007775918;0.06542527;-0.1887504;-0.01113322;0.9819621;-0.3865689;-0.9183612;-0.08471747;-1
18440;-0.6434269;0.01617217;0.06680397;-0.02112875;0.1074289;0.9939883;-0.2165882;-0.9710919;0.1003504;-1
18480;-0.6648154;0.01829599;0.06472832;-0.1840137;0.1220585;0.9753157;-0.3827357;-0.9228436;0.0432807;-1
18520;-0.6547185;0.01699546;0.0661142;-0.09309667;0.114054;0.989103;-0.3201627;-0.9440857;0.07872857;-1
18560;-0.6252857;0.01396757;0.0660839;0.07491865;0.02907308;0.9967659;0.08389977;-0.9962145;0.02275098;-1
18600;-0.6232334;0.01097739;0.06574471;-0.1991284;-0.05762424;0.9782777;-0.05760955;-0.9958548;-0.07038599;-1
18640;-0.6305677;0.01856886;0.06627544;0.0520252;0.1188466;0.991548;0.08726032;-0.9896359;0.1140391;-1
18680;-0.6643885;0.02875422;0.0629251;-0.1886289;0.2204491;0.9569855;-0.3642051;-0.9206902;0.1403008;-1
18720;-0.6540881;0.02688277;0.06457216;-0.0923368;0.1926212;0.9769187;-0.3139105;-0.9367111;0.1550231;-1
18760;-0.6427796;0.02518943;0.06554185;-0.02570426;0.1732967;0.9845336;-0.2146224;-0.9628503;0.1638769;-1
18800;-0.6327522;0.02513507;0.06541789;0.05557591;0.1816448;0.9817883;-0.06410885;-0.9806185;0.185053;-1
18840;-0.6721536;0.03032039;0.06033718;-0.2942061;0.2503427;0.9223727;-0.385995;-0.9139996;0.1249506;-1
18880;-0.6798632;0.03241529;0.05692602;-0.400102;0.2812338;0.8722534;-0.4057221;-0.9077614;0.106578;-1
18920;-0.6867682;0.03468902;0.05246744;-0.5080038;0.2904952;0.8108914;-0.3108976;-0.9397907;0.1419026;-1
18960;-0.695199;0.02513355;0.04882298;-0.6647105;0.1799484;0.725106;-0.1938313;-0.9788635;0.0652363;-1
19000;-0.6927124;0.0369301;0.04719139;-0.6407017;0.285821;0.7126063;-0.1201;-0.9540101;0.2746648;-1
19040;-0.7010618;0.0265197;0.04224874;-0.7620072;0.193839;0.6178766;0.002795883;-0.9531548;0.30247;-1
19080;-0.698284;0.0390432;0.04057916;-0.7280374;0.2925563;0.6199777;0.01037029;-0.899564;0.4366659;-1
19120;-0.7080992;0.0280071;0.03195916;-0.8595579;0.196953;0.4715609;0.2074871;-0.7087726;0.6742333;-1
19160;-0.7048931;0.04115143;0.03054478;-0.8299656;0.2967804;0.4723122;0.1398165;-0.7090082;0.691201;-1
19200;-0.7129636;0.02894279;0.01989404;-0.9341844;0.1927305;0.3002573;0.2337036;-0.3053497;0.9231166;-1
19240;-0.6942939;0.05030613;0.03922471;-0.6756817;0.365359;0.6402868;-0.06071563;-0.8931759;0.44559;-1
19280;-0.6866833;0.04691637;0.04726834;-0.5270975;0.3615976;0.7690354;-0.1806777;-0.9319504;0.3143631;-1
19320;-0.6767215;0.04405886;0.05406469;-0.3944913;0.3457283;0.8513804;-0.2572818;-0.9310207;0.258856;-1
19360;-0.6693743;0.04226454;0.05748732;-0.2942737;0.3175589;0.9014203;-0.293179;-0.9277038;0.2311084;-1
19400;-0.7093447;0.04267761;0.01910775;-0.9024155;0.3049166;0.304421;0.1711679;-0.3946851;0.9027321;-1
19440;-0.7149366;0.02941768;0.01031682;-0.9731723;0.1865229;0.1347031;0.1265024;-0.05524752;0.9904267;-1
19480;-0.6821557;0.05764246;0.04490692;-0.4925607;0.3967227;0.7745935;-0.2152095;-0.917935;0.333287;-1
19520;-0.7004461;0.05309477;0.02952238;-0.7935065;0.3826362;0.4732198;0.0628171;-0.7219501;0.6890879;-1
19560;-0.7112066;0.04305542;0.009934706;-0.9414771;0.3072205;0.1386957;0.09925815;-0.1405439;0.9850864;-1
19600;-0.7157301;0.02943444;-4.0624e-05;-0.9831396;0.1828565;-0.0004491735;-0.0004067594;0.0002694956;0.9999999;-1
19640;-0.6621858;0.04039559;0.06007026;-0.1958737;0.2837365;0.9386824;-0.3101357;-0.9260165;0.2151924;-1
19680;-0.6736253;0.05458069;0.05079778;-0.3864622;0.3833068;0.8388817;-0.261449;-0.9177687;0.2989062;-1
19720;-0.6894481;0.06092614;0.03769037;-0.6305505;0.4244667;0.6497955;-0.122501;-0.8811386;0.4567146;-1
19760;-0.704675;0.05509251;0.01834453;-0.8637034;0.4008121;0.3055589;0.1159721;-0.4319477;0.8944114;-1
19800;-0.6951379;0.06399027;0.02861561;-0.7493777;0.4735552;0.4627943;0.007315449;-0.6929705;0.720929;-1
19840;-0.6852069;0.06890135;0.03616202;-0.5900944;0.494274;0.6383429;-0.1435414;-0.8423154;0.5195196;-1
19880;-0.6529459;0.03777763;0.06219023;-0.09814557;0.2505133;0.9631217;-0.3029189;-0.9293914;0.2108718;-1
19920;-0.6661419;0.05256274;0.05445805;-0.2765222;0.3701328;0.8868676;-0.2748846;-0.914758;0.2960648;-1
19960;-0.6785524;0.06575146;0.04263401;-0.4570848;0.444034;0.7706533;-0.2801073;-0.8942395;0.3491066;-1
20000;-0.6419227;0.03542092;0.06344489;-0.0184472;0.2336884;0.9721317;-0.2342542;-0.9462191;0.2230065;-1
20040;-0.6707351;0.06333233;0.04781717;-0.3657283;0.424049;0.8285067;-0.3009141;-0.8962416;0.325885;-1
20080;-0.6327541;0.03406025;0.06341961;0.07478491;0.2329324;0.9695964;-0.1476501;-0.9589846;0.2417648;-1
20120;-0.6505129;0.04816936;0.05945196;-0.09271436;0.3188626;0.9432546;-0.2716356;-0.9195005;0.2841333;-1
20160;-0.6593237;0.05074823;0.05714308;-0.1871225;0.3498324;0.9179297;-0.2792091;-0.9148372;0.2917361;-1
20200;-0.640778;0.04451557;0.0608286;-0.002447166;0.2842941;0.9587243;-0.256763;-0.9266674;0.2740954;-1
20240;-0.6630292;0.06215097;0.05135682;-0.2510848;0.412483;0.8756765;-0.2955194;-0.8941323;0.3364416;-1
20280;-0.6464987;0.05471763;0.05716901;-0.07411782;0.3647669;0.9281359;-0.2905472;-0.8980722;0.3296937;-1
20320;-0.6314337;0.04169503;0.06113026;0.08499811;0.2660946;0.9601811;-0.1754584;-0.9445128;0.2772648;-1
20360;-0.6521357;0.06235251;0.05339002;-0.1442383;0.4136001;0.8989515;-0.3069544;-0.8821945;0.356597;-1
20400;-0.6381883;0.05046877;0.05884085;0.01451743;0.3140547;0.9492804;-0.2789072;-0.910154;0.3052866;-1
20440;-0.6409798;0.0598456;0.05548158;-0.04332259;0.3785384;0.9245516;-0.2858877;-0.8909961;0.351247;-1
20480;-0.6232852;0.03317387;0.06222748;0.1399607;0.236429;0.9614969;-0.08535539;-0.9645172;0.249586;-1
20520;-0.6227094;0.0394365;0.06051564;0.1353092;0.2465095;0.9596167;-0.1336578;-0.9550377;0.2641616;-1
20560;-0.6226177;0.0262586;0.06389022;0.126957;0.2197667;0.9672413;0.003332064;-0.9752018;0.2211321;-1
20600;-0.6297413;0.04746857;0.05926198;0.08640874;0.2777075;0.9567413;-0.2442064;-0.9248305;0.2904058;-1
20640;-0.6346467;0.05551976;0.05706735;0.02544891;0.3239011;0.9457247;-0.2780774;-0.905997;0.3176326;-1
20680;-0.6216432;0.04505152;0.05890592;0.1220684;0.2536663;0.9595346;-0.1719241;-0.9465376;0.272063;-1
20720;-0.6273527;0.05235593;0.05757964;0.09038568;0.2880001;0.9533274;-0.2570089;-0.9177538;0.3015192;-1
20760;-0.6155219;0.03758287;0.05986261;0.1261231;0.229832;0.965007;-0.1479137;-0.957516;0.2473734;-1
20800;-0.6142457;0.04292652;0.0584274;0.1035403;0.2340969;0.966653;-0.1594786;-0.9553533;0.2484341;-1
20840;-0.6164778;0.0321593;0.06131569;0.1438528;0.2367057;0.9608585;-0.09244779;-0.9634843;0.25119;-1
20880;-0.6198299;0.05003032;0.0572622;0.112023;0.267074;0.957112;-0.1893831;-0.939521;0.2842719;-1
20920;-0.6306828;0.05962892;0.05547106;0.05021654;0.3426377;0.938099;-0.2752237;-0.8978274;0.3425229;-1
20960;-0.6245187;0.05669309;0.05590305;0.100876;0.3071661;0.9462793;-0.2662812;-0.9079036;0.3230371;-1
21000;-0.6358622;0.06328136;0.05416522;-0.009880573;0.3998708;0.9164979;-0.2738582;-0.8821228;0.3817533;-1
21040;-0.6175647;0.05466901;0.05563249;0.1046236;0.2941857;0.9499735;-0.2452333;-0.9178281;0.3111767;-1
21080;-0.6124859;0.04816702;0.05693641;0.08171779;0.2532416;0.9639218;-0.1951523;-0.9443097;0.2646216;-1
21120;-0.6103981;0.0530604;0.05540919;0.06799677;0.2938034;0.9534288;-0.2311889;-0.9249247;0.3014998;-1
21160;-0.6441638;0.06581762;0.05251125;-0.08112224;0.4427509;0.8929586;-0.2453827;-0.8768434;0.4124051;-1
21200;-0.6387055;0.06814469;0.05165257;-0.05000667;0.4653756;0.8836923;-0.2432857;-0.8634495;0.4409004;-1
21240;-0.6077014;0.04049483;0.05836913;0.08776309;0.2055845;0.9746798;-0.2052089;-0.9537389;0.2196444;-1
21280;-0.6055641;0.04598853;0.05701127;0.07011291;0.2248084;0.9718714;-0.2289375;-0.9446383;0.2350248;-1
21320;-0.6030063;0.05149353;0.05551716;0.06395841;0.2812122;0.9575102;-0.2360259;-0.9279912;0.2883095;-1
21360;-0.6459476;0.07153302;0.0491518;-0.09265505;0.510123;0.8550899;-0.148238;-0.855975;0.494596;-1
21400;-0.6396825;0.07326864;0.04869309;-0.06956813;0.5275928;0.8466392;-0.1929884;-0.8395509;0.5073415;-1
21440;-0.6535554;0.06988095;0.04929376;-0.145832;0.4884919;0.8602897;-0.2320273;-0.8620939;0.4501746;-1
21480;-0.6092825;0.03551669;0.05958675;0.1133756;0.2053082;0.9720991;-0.1699498;-0.9599811;0.2225696;-1
21520;-0.5992084;0.04385015;0.05695575;0.103185;0.1893854;0.9764585;-0.2500328;-0.9452382;0.2097525;-1
21560;-0.5961426;0.04995669;0.0553736;0.1053642;0.2473697;0.9631679;-0.2280116;-0.9367467;0.2655293;-1
21600;-0.6016793;0.03795524;0.05827589;0.1101567;0.1686494;0.9794882;-0.227566;-0.9550288;0.1900301;-1
21640;-0.6464525;0.0767981;0.0455864;-0.09195753;0.5750757;0.812906;-0.1040367;-0.8171322;0.5663772;-1
21680;-0.6403282;0.07788011;0.04548994;-0.0768482;0.590276;0.803527;-0.1625923;-0.8022752;0.5738841;-1
21720;-0.5937353;0.04118203;0.0566922;0.1468173;0.157047;0.9766108;-0.24252;-0.9514594;0.1894609;-1
21760;-0.6535085;0.07588692;0.04541709;-0.1338354;0.5583423;0.8187376;-0.1104533;-0.8292914;0.547511;-1
21800;-0.6459742;0.08127682;0.04223254;-0.0833944;0.6334245;0.7692765;-0.08151343;-0.7734477;0.6281235;-1
21840;-0.6401505;0.08187036;0.04228606;-0.07319472;0.6434706;0.7619392;-0.1143325;-0.764055;0.634331;-1
21880;-0.5903279;0.04732054;0.05511267;0.1570677;0.2021421;0.9666709;-0.2101657;-0.9495587;0.2327134;-1
21920;-0.592019;0.05636327;0.05310578;0.1221874;0.3155681;0.9409916;-0.2452233;-0.9091045;0.3367208;-1
21960;-0.6528537;0.08072257;0.04192581;-0.11518;0.6232101;0.773517;-0.03676271;-0.7807291;0.6235934;-1
22000;-0.6453995;0.08506975;0.03893489;-0.08137746;0.6907827;0.7184355;-0.05209165;-0.7226267;0.6889991;-1
22040;-0.6397086;0.08549593;0.03910776;-0.07480165;0.6888624;0.7209905;-0.06224609;-0.7247121;0.6859767;-1
22080;-0.5861878;0.0538508;0.05283225;0.1771353;0.2702014;0.9463568;-0.2133278;-0.9281625;0.3049385;-1
22120;-0.5868727;0.06245159;0.05007623;0.1602677;0.4024398;0.9012983;-0.2432994;-0.8688252;0.431207;-1
22160;-0.6520573;0.08469345;0.03849319;-0.1068505;0.6916765;0.7142453;-0.02054874;-0.7196605;0.6939004;-1
22200;-0.6447628;0.08852436;0.03545804;-0.08784527;0.7455032;0.6606444;-0.04475452;-0.665382;0.7449526;-1
22240;-0.6391166;0.0889397;0.03568369;-0.08303391;0.7427444;0.664367;-0.02882336;-0.6681488;0.7433418;-1
22280;-0.5814163;0.0608487;0.04955939;0.219297;0.3825881;0.8975031;-0.2004424;-0.8826084;0.4252168;-1
22320;-0.582045;0.06817193;0.04587381;0.1997802;0.5194461;0.8308094;-0.1545413;-0.8205886;0.5502185;-1
22360;-0.6512187;0.08814742;0.03493975;-0.1059817;0.7498363;0.653061;-0.02807586;-0.6586872;0.7517956;-1
22400;-0.6441589;0.09151556;0.0319119;-0.09268757;0.8054234;0.5853623;-0.02914204;-0.589785;0.806899;-1
22440;-0.6383774;0.09189776;0.03217537;-0.08507688;0.807841;0.5831914;0.001503393;-0.5851755;0.8107873;-1
22480;-0.5770575;0.06792353;0.0445951;0.252279;0.5333364;0.8073987;-0.122844;-0.8099863;0.5734298;-1
22520;-0.5813885;0.07288606;0.04187216;0.1660118;0.6806274;0.7135569;-0.05572894;-0.7159691;0.6958932;-1
22560;-0.6504818;0.09108689;0.03134163;-0.109572;0.8086609;0.5779726;-0.04541281;-0.5849452;0.809782;-1
22600;-0.6435309;0.09412487;0.02798776;-0.08908653;0.8658343;0.4922833;0.006061006;-0.4937276;0.8694795;-1
22640;-0.6376756;0.09448887;0.02825755;-0.07679746;0.8732748;0.481088;0.03298593;-0.4799893;0.8765451;-1
22680;-0.6495984;0.09370503;0.02751392;-0.109728;0.8630961;0.49295;-0.03166838;-0.4987039;0.8661499;-1
22720;-0.6432614;0.09620513;0.02381472;-0.08482548;0.9180579;0.3872067;0.008660305;-0.3878869;0.9215708;-1
22760;-0.6373731;0.09667601;0.02381112;-0.07158603;0.9210095;0.3828005;0.04319219;-0.3805668;0.9236376;-1
22800;-0.6429987;0.098115;0.01861237;-0.08607979;0.953749;0.2879293;0.01198343;-0.2879659;0.9574777;-1
22840;-0.6374643;0.09857161;0.01853481;-0.07086603;0.9542906;0.2901978;0.03131627;-0.2886619;0.9568024;-1
22880;-0.6378912;0.1000992;0.01240816;-0.0513311;0.981953;0.1818437;0.01940574;-0.1810629;0.9831767;-1
22920;-0.6491471;0.09581631;0.02345798;-0.1055988;0.9157782;0.3875488;-0.01719525;-0.3913564;0.9200519;-1
22960;-0.6561251;0.09312508;0.02686522;-0.1459791;0.8606501;0.4878218;-0.01982936;-0.4955515;0.8683517;-1
23000;-0.6569641;0.09069736;0.03058336;-0.1528502;0.8101961;0.5658776;-0.003040344;-0.5729897;0.8195565;-1
23040;-0.6577061;0.08780798;0.03419223;-0.1650549;0.7463641;0.6447452;0.01886345;-0.6512033;0.7586685;-1
23080;-0.6585078;0.08420578;0.03776153;-0.180335;0.6870322;0.7038937;0.01446206;-0.7136968;0.7003055;-1
23120;-0.6636388;0.08702664;0.03313893;-0.2640588;0.7291197;0.6313915;0.112279;-0.6269393;0.7709338;-1
23160;-0.6594204;0.08041754;0.04104267;-0.1967742;0.6170462;0.7619259;-0.06686884;-0.7837407;0.6174503;-1
23200;-0.6634623;0.08969408;0.02982443;-0.2250058;0.7981847;0.5588123;0.08991432;-0.5540632;0.8276032;-1
23240;-0.6641411;0.08357415;0.03641815;-0.2610328;0.6765021;0.6886252;0.0893486;-0.693364;0.7150256;-1
23280;-0.6692863;0.08235788;0.03532572;-0.3574447;0.6582196;0.6625535;0.09480295;-0.6801862;0.7268816;-1
23320;-0.6604429;0.07579347;0.04405421;-0.2191263;0.5472627;0.807764;-0.1421025;-0.8369383;0.5284826;-1
23360;-0.6650072;0.08009616;0.03930549;-0.2895216;0.6147112;0.7336926;-0.01499629;-0.7693414;0.6386608;-1
23400;-0.6683967;0.08881997;0.02829627;-0.3594594;0.7835115;0.506849;0.07723384;-0.5163104;0.8529097;-1
23440;-0.6630781;0.09214161;0.02622366;-0.242872;0.8453291;0.4758464;0.04354798;-0.4805388;0.8758901;-1
23480;-0.6616417;0.06941755;0.04786964;-0.2354042;0.4807565;0.8446622;-0.2427577;-0.8706246;0.4278779;-1
23520;-0.6660399;0.07633622;0.04178997;-0.3094898;0.5517177;0.7744812;-0.07797053;-0.8264514;0.5575821;-1
23560;-0.6683741;0.07034084;0.04491667;-0.3392342;0.4873712;0.8046036;-0.2346533;-0.8721269;0.4293389;-1
23600;-0.6718957;0.07820475;0.03787605;-0.3806955;0.5892855;0.7126082;0.03042053;-0.7622392;0.6465787;-1
23640;-0.6752052;0.07253811;0.04036595;-0.4198093;0.5109212;0.7501451;-0.1811949;-0.8570458;0.4823275;-1
23680;-0.6759712;0.08118823;0.03248553;-0.4712176;0.6562387;0.5893239;0.07838008;-0.6343563;0.7690557;-1
23720;-0.6803629;0.07564285;0.03473871;-0.5348921;0.5703046;0.6234119;-0.0350903;-0.752193;0.6580076;-1
23760;-0.6891886;0.07242116;0.02775389;-0.6995722;0.5560335;0.4488047;0.01732043;-0.614704;0.7885677;-1
23800;-0.671865;0.08583519;0.03002844;-0.4234761;0.7226647;0.5462792;0.1008483;-0.5616645;0.8211939;-1
23840;-0.684076;0.07909922;0.02696911;-0.638779;0.6277491;0.4448509;0.07717999;-0.5229883;0.8488382;-1
23880;-0.6988127;0.06614637;0.01758521;-0.8073681;0.5037425;0.3072464;0.09571728;-0.4020033;0.9106216;-1
23920;-0.6789878;0.0844606;0.02527623;-0.5551267;0.7120753;0.4298629;0.1334799;-0.4338434;0.8910449;-1
23960;-0.673968;0.08911489;0.02320412;-0.4734766;0.7869999;0.3955368;0.09657737;-0.3999686;0.9114243;-1
24000;-0.6926731;0.07487798;0.01702794;-0.7494576;0.5869737;0.3062271;0.1151184;-0.3399578;0.9333684;-1
24040;-0.7063553;0.05583377;0.009577006;-0.9024876;0.4073051;0.1400667;0.07087906;-0.1803196;0.981051;-1
24080;-0.6871747;0.08153358;0.01660573;-0.6932409;0.6536765;0.3035196;0.1599403;-0.2711039;0.9491691;-1
24120;-0.7004788;0.06726177;0.009261361;-0.8441694;0.5169522;0.1419103;0.0666846;-0.1614008;0.9846334;-1
24160;-0.7119962;0.04313652;-4.279829e-05;-0.9514906;0.3076777;-0.0004699428;-0.0001273243;0.002920973;0.9999958;-1
24200;-0.6691072;0.09246996;0.02141011;-0.3821467;0.851482;0.3590828;0.02924673;-0.3772365;0.9256526;-1
24240;-0.6816575;0.08719391;0.01578829;-0.5975409;0.7468483;0.2918258;0.1419477;-0.2596705;0.9552071;-1
24280;-0.6941649;0.07604076;0.008997305;-0.7809382;0.6086631;0.1402305;0.07829356;-0.1273485;0.9887631;-1
24320;-0.7071077;0.05616072;-4.432024e-05;-0.9125415;0.4089839;-0.000481405;0.00164583;0.004849222;0.999987;-1
24360;-0.7111984;0.04305005;-0.01001961;-0.941363;0.3071481;-0.139627;-0.09928809;0.1433254;0.9846825;-1
24400;-0.7149283;0.02941211;-0.0103974;-0.9730623;0.1864503;-0.1355952;-0.1272811;0.05591866;0.9902893;-1
24440;-0.6756296;0.09152937;0.01438587;-0.4913775;0.8314386;0.2593402;0.04667688;-0.2721999;0.9611061;-1
24480;-0.6883336;0.08292297;0.008769105;-0.7225438;0.6782039;0.1340527;0.08500423;-0.1052789;0.9908032;-1
24520;-0.7008893;0.06762521;-4.622689e-05;-0.8535761;0.5209679;-0.0004811058;0.001409252;0.003232443;0.9999938;-1
24560;-0.7063475;0.05582859;-0.009664853;-0.902373;0.4072299;-0.1410202;-0.06797081;0.1886433;0.9796906;-1
24600;-0.7093292;0.0426673;-0.01919093;-0.902167;0.3047537;-0.3053193;-0.1733188;0.3920626;0.9034642;-1
24640;-0.7129474;0.02893203;-0.01997276;-0.9339399;0.1925682;-0.3011209;-0.2347617;0.3047844;0.923035;-1
24680;-0.6826373;0.08843128;0.008327816;-0.6211524;0.7735576;0.1256125;0.05166182;-0.1195166;0.9914867;-1
24720;-0.6945719;0.07648773;-4.6106e-05;-0.7882056;0.6154119;-0.0004792041;-0.0004087681;0.0002551251;0.9999999;-1
24760;-0.7004711;0.06725676;-0.009350617;-0.8440536;0.5168754;-0.142876;-0.06099316;0.172171;0.9831771;-1
24800;-0.7046599;0.05508259;-0.01843061;-0.8634543;0.4006476;-0.3064775;-0.1183214;0.4297564;0.8951589;-1
24840;-0.7048683;0.04113495;-0.03062351;-0.8295814;0.2965237;-0.4731473;-0.1420717;0.707375;0.6924134;-1
24880;-0.7080733;0.02798985;-0.03203342;-0.8591747;0.1966947;-0.4723664;-0.2075917;0.7097822;0.6731382;-1
24920;-0.6886085;0.08327916;-4.464044e-05;-0.7280391;0.6855355;-0.0004787689;-0.0004114338;0.0002612063;0.9999999;-1
24960;-0.6941574;0.0760359;-0.009086236;-0.7808211;0.6085902;-0.1411961;-0.07780688;0.1295155;0.9885201;-1
25000;-0.6987985;0.06613687;-0.01767251;-0.8071176;0.5035763;-0.3081752;-0.09187477;0.4084941;0.9081253;-1
25040;-0.700422;0.05307883;-0.02960393;-0.7931206;0.3823826;-0.474071;-0.07013038;0.7158476;0.6947259;-1
25080;-0.6982509;0.0390213;-0.04065137;-0.7275344;0.2922164;-0.620728;-0.008847944;0.900686;0.4343807;-1
25120;-0.7010275;0.0264969;-0.04231647;-0.7615052;0.1935011;-0.618601;-0.001327619;0.9539295;0.3000276;-1
25160;-0.6942619;0.05028497;-0.03929976;-0.6751602;0.3650147;-0.6410328;0.06068293;0.8935326;0.4448787;-1
25200;-0.692674;0.03690465;-0.04725793;-0.6401231;0.2854317;-0.713282;0.1214278;0.9543419;0.2729225;-1
25240;-0.6951592;0.0251072;-0.04888519;-0.6641207;0.1795552;-0.7257436;0.1940498;0.978862;0.06460587;-1
25280;-0.6951145;0.06397481;-0.02869875;-0.7490005;0.4733057;-0.4636595;-0.01559069;0.6870061;0.7264845;-1
25320;-0.6926592;0.07486884;-0.01711502;-0.7492049;0.5868117;-0.3071553;-0.112933;0.3437754;0.9322364;-1
25360;-0.6867255;0.03466074;-0.05252794;-0.5073439;0.2900579;-0.8114609;0.3097995;0.9400868;0.1423417;-1
25400;-0.6887283;0.02342118;-0.05464069;-0.5532152;0.1617482;-0.8171845;0.46373;0.8747172;-0.1407988;-1
25440;-0.6866449;0.04689088;-0.04733537;-0.526472;0.3611813;-0.7696592;0.1811806;0.932144;0.3134978;-1
25480;-0.6894174;0.06090581;-0.03776722;-0.63002;0.4241184;-0.650537;0.1128511;0.8788045;0.4636457;-1
25520;-0.6891659;0.07240626;-0.0278368;-0.699204;0.5557928;-0.4496755;-0.01652697;0.6162512;0.7873761;-1
25560;-0.6821189;0.05761826;-0.04497608;-0.4919285;0.3963053;-0.7752085;0.2156181;0.9181119;0.3325348;-1
25600;-0.6851774;0.0688819;-0.03623977;-0.5895724;0.4939302;-0.639091;0.1384802;0.8413293;0.5224827;-1
25640;-0.6766774;0.04402971;-0.05412206;-0.3937989;0.3452673;-0.8518879;0.2545889;0.9314866;0.2598405;-1
25680;-0.679817;0.03238459;-0.05697967;-0.3993922;0.2807639;-0.87273;0.4027664;0.9088994;0.1080796;-1
25720;-0.6840537;0.07908486;-0.02705144;-0.6384106;0.6275139;-0.4457106;-0.07807687;0.5232898;0.8485702;-1
25760;-0.6803344;0.07562429;-0.03481617;-0.5343791;0.5699722;-0.6241553;0.03412173;0.7523763;0.6578488;-1
25800;-0.6785174;0.06572857;-0.04270466;-0.456454;0.4436198;-0.7712656;0.2817837;0.8942931;0.3476169;-1
25840;-0.6735837;0.05455333;-0.05085836;-0.385778;0.3828538;-0.8394033;0.2646686;0.9175153;0.2968431;-1
25880;-0.6693273;0.04223357;-0.05753776;-0.2935401;0.3170721;-0.9018309;0.2891343;0.9286525;0.2323909;-1
25920;-0.6871611;0.08152473;-0.0166919;-0.6929899;0.6535155;-0.3044382;-0.1602512;0.2720818;0.9488368;-1
25960;-0.6883262;0.08291827;-0.00885696;-0.7224344;0.6781308;-0.1350092;-0.08513767;0.1065304;0.9906579;-1
26000;-0.6751722;0.07251649;-0.04043755;-0.4191929;0.5105215;-0.7507617;0.1806539;0.8572919;0.4820931;-1
26040;-0.670696;0.06330661;-0.04788017;-0.3650507;0.4236044;-0.8290328;0.3066064;0.8955131;0.3225647;-1
26080;-0.6759444;0.08117084;-0.03256236;-0.4707328;0.6559238;-0.5900614;-0.07938945;0.6345914;0.7687578;-1
26120;-0.6789668;0.0844471;-0.02535727;-0.554771;0.7118466;-0.4306999;-0.1340693;0.4344154;0.8906776;-1
26160;-0.6816443;0.0871855;-0.01587296;-0.5973014;0.7466913;-0.2927165;-0.1421619;0.2606243;0.9549156;-1
26200;-0.6826302;0.08842683;-0.008413945;-0.6210529;0.7734864;-0.1265376;-0.05187503;0.120527;0.9913533;-1
26240;-0.6660975;0.05253337;-0.05451147;-0.2757985;0.3696551;-0.8872921;0.2785907;0.9142138;0.2942761;-1
26280;-0.6828208;0.08884077;-3.889058e-05;-0.6253533;0.7803415;-0.000462068;-0.0005676367;0.0001374149;0.9999994;-1
26320;-0.6762744;0.09262891;0.007579553;-0.4991482;0.8588988;0.1146441;0.02173689;-0.1198508;0.9925521;-1
26360;-0.6691006;0.09518114;0.01324826;-0.375146;0.8980045;0.2298967;0.008273548;-0.2447558;0.9695475;-1
26400;-0.6739489;0.08910236;-0.02328356;-0.4731497;0.7867896;-0.3963455;-0.09707414;0.4005896;0.9110987;-1
26440;-0.6756175;0.09152167;-0.01446799;-0.4911644;0.8312987;-0.2601908;-0.04709435;0.2729237;0.9608805;-1
26480;-0.6762681;0.09262481;-0.007662804;-0.4990535;0.8588371;-0.1155153;-0.02210575;0.1206403;0.9924483;-1
26520;-0.6763771;0.09303071;-2.648914e-05;-0.5025129;0.8645692;-0.0003699595;-0.0008684601;-7.568866e-05;0.999998;-1
26560;-0.6693022;0.09627634;0.006769771;-0.3783502;0.919497;0.106657;0.005509455;-0.1129827;0.9935797;-1
26600;-0.6718402;0.08581905;-0.0301044;-0.4230274;0.7223729;-0.5470123;-0.1016164;0.5620606;0.8208281;-1
26640;-0.6692573;0.08233887;-0.03539775;-0.3569058;0.65786;-0.6632008;-0.09559708;0.6805096;0.7264747;-1
26680;-0.6683735;0.08880466;-0.028371;-0.3590392;0.7832461;-0.5075566;-0.07797791;0.5167426;0.8525801;-1
26720;-0.6690896;0.09245843;-0.02148723;-0.38185;0.8512896;-0.3598535;-0.02989701;0.3777764;0.9254116;-1
26760;-0.6690896;0.0951739;-0.01332713;-0.3749588;0.8978789;-0.2306907;-0.008894181;0.2453499;0.9693918;-1
26800;-0.6692965;0.0962726;-0.006849396;-0.3782624;0.919439;-0.1074648;-0.006132795;0.113598;0.9935058;-1
26840;-0.6693714;0.09660792;-1.838489e-05;-0.3827418;0.9238545;-0.0003414713;-0.001079734;-7.628993e-05;0.9999976;-1
26880;-0.6718644;0.07818441;-0.037948;-0.3801115;0.5889033;-0.7132359;-0.03121262;0.7625098;0.6462218;-1
26920;-0.6683373;0.07031669;-0.04498155;-0.3385754;0.4869425;-0.8051405;0.2344099;0.8723504;0.4290176;-1
26960;-0.6660057;0.07631373;-0.04185618;-0.3088582;0.5513021;-0.7750292;0.0775644;0.8267559;0.5571871;-1
27000;-0.6629869;0.06212328;-0.05141294;-0.2503692;0.4120136;-0.8761023;0.2993507;0.893526;0.3346603;-1
27040;-0.6616022;0.06939179;-0.04792857;-0.2347137;0.4803079;-0.8451093;0.2425326;0.8708379;0.4275713;-1
27080;-0.6621309;0.09746628;-0.01266006;-0.2132477;0.9533529;-0.2136415;0.02346122;0.2235414;0.9744108;-1
27120;-0.6620398;0.0985855;-0.006252326;-0.2101841;0.9717688;-0.1071778;0.00114816;0.1098714;0.9939439;-1
27160;-0.6625248;0.09583962;-0.01830081;-0.2210081;0.9314499;-0.289059;0.02096552;0.3008571;0.9534371;-1
27200;-0.6592771;0.05071743;-0.05718996;-0.1863741;0.349337;-0.9182708;0.2780007;0.9152023;0.2917457;-1
27240;-0.6520919;0.06232379;-0.05343735;-0.1435053;0.4131159;-0.8992915;0.3078116;0.8821119;0.3560625;-1
27280;-0.662137;0.04036321;-0.06011385;-0.1951094;0.2832308;-0.9389942;0.3087078;0.9264668;0.2153071;-1
27320;-0.6721045;0.03028785;-0.06038342;-0.2934556;0.2498454;-0.9227465;0.3845561;0.9145541;0.1253291;-1
27360;-0.6813264;0.02142432;-0.05924432;-0.4183918;0.145007;-0.8966166;0.4598816;0.8851008;-0.07145181;-1
27400;-0.65518;0.09692128;-0.01828443;-0.1261166;0.9495382;-0.2871794;0.02235034;0.2921371;0.9561152;-1
27440;-0.6627502;0.09443238;-0.02202037;-0.2218636;0.886571;-0.4059146;-0.008025788;0.4146153;0.9099598;-1
27480;-0.6630565;0.09212732;-0.02629586;-0.242486;0.8450719;-0.4764997;-0.04428871;0.4810045;0.8755972;-1
27520;-0.6549847;0.09835546;-0.0126371;-0.1216098;0.9711818;-0.2049799;0.02445687;0.2093817;0.9775277;-1
27560;-0.6555048;0.09514782;-0.02307445;-0.1361311;0.9093052;-0.3932329;0.01385533;0.3986368;0.9170042;-1
27600;-0.663438;0.08967794;-0.02989561;-0.2245519;0.797885;-0.5594226;-0.09065346;0.5544901;0.8272365;-1
27640;-0.656103;0.09311046;-0.02693229;-0.1455847;0.8603858;-0.4884053;0.01909214;0.4960169;0.8681024;-1
27680;-0.6636117;0.08700873;-0.03320883;-0.263544;0.7287849;-0.6319929;-0.1129818;0.6273262;0.7705161;-1
27720;-0.6569393;0.0906807;-0.03064979;-0.1523918;0.8098919;-0.5664362;0.002362493;0.5734279;0.8192523;-1
27760;-0.6490098;0.09758797;-0.01856172;-0.1036511;0.9525466;-0.2861975;0.004564095;0.2882025;0.9575343;-1
27800;-0.6489319;0.09903035;-0.0128064;-0.1057564;0.9729815;-0.2052343;0.009605427;0.2073801;0.9782079;-1
27840;-0.6491277;0.0958036;-0.0235207;-0.1052902;0.9155672;-0.3881304;0.01570738;0.3917874;0.9198952;-1
27880;-0.6548119;0.09946916;-0.006127735;-0.1263691;0.9852467;-0.1154107;0.01197917;0.1176729;0.99298;-1
27920;-0.6489761;0.1002465;-0.006093058;-0.1111364;0.9859289;-0.1248624;0.006179774;0.1263218;0.9919686;-1
27960;-0.6489583;0.1007289;-2.33209e-05;-0.1148872;0.9933768;-0.0001885001;-0.0003034547;0.000152777;0.9999983;-1
28000;-0.6548803;0.09980619;-3.602554e-05;-0.1328495;0.9911362;-0.0003080366;-0.0004286137;0.0002533131;0.9999999;-1
28040;-0.6430137;0.1008181;-0.006013504;-0.0680949;0.9905934;-0.1185494;-0.002865987;0.1186076;0.9929276;-1
28080;-0.6430568;0.09959;-0.01277783;-0.08391917;0.9755061;-0.2033139;-0.008486576;0.2033271;0.9790247;-1
28120;-0.6429836;0.09810503;-0.01867111;-0.08585678;0.9535922;-0.2885139;-0.01297491;0.2884642;0.957315;-1
28160;-0.6620811;0.09886841;-3.067404e-05;-0.2159217;0.9764098;-0.0004047606;-0.0008172373;0.0002343148;0.999998;-1
28200;-0.6620449;0.09858885;0.006177363;-0.210267;0.9718278;0.1064785;-0.001955662;-0.1093308;0.9940023;-1
28240;-0.654817;0.09947243;0.006058295;-0.1264629;0.9853091;0.1147734;-0.01282611;-0.1171392;0.9930326;-1
28280;-0.6621413;0.09747311;0.01258563;-0.2134176;0.9534698;0.2129497;-0.0242762;-0.2230089;0.9745128;-1
28320;-0.6549953;0.09836224;0.01256811;-0.1217724;0.9712934;0.2043535;-0.02528161;-0.2088541;0.9776197;-1
28360;-0.66254;0.09584953;0.01822696;-0.2212416;0.9316069;0.288374;-0.02173803;-0.3003394;0.953583;-1
28400;-0.6551948;0.09693117;0.01821604;-0.1263429;0.9496959;0.286558;-0.02295505;-0.2915946;0.9562662;-1
28440;-0.6627682;0.09444433;0.02194712;-0.222194;0.8867902;0.4052548;0.00725079;-0.4141309;0.9101869;-1
28480;-0.6555237;0.09516035;0.02300674;-0.1364452;0.9095197;0.3926281;-0.01480775;-0.3981633;0.917195;-1
28520;-0.649025;0.09759797;0.01849815;-0.1038731;0.9527039;0.2855933;-0.00548475;-0.2876937;0.9576825;-1
28560;-0.6489779;0.1002493;0.006038895;-0.1111717;0.9859871;0.1243671;-0.006532274;-0.1258671;0.9920245;-1
28600;-0.6489385;0.09903651;0.01274882;-0.105853;0.9730834;0.2046992;-0.009566791;-0.2068437;0.9783226;-1
28640;-0.6430586;0.09959538;0.01272862;-0.08394347;0.9755951;0.2028726;0.008476123;-0.2028905;0.9791182;-1
28680;-0.6430112;0.1008201;0.005972918;-0.06803921;0.9906344;0.118231;0.00323651;-0.1182719;0.9929673;-1
28720;-0.6381163;0.1009632;0.005969045;-0.01149832;0.9955444;0.09333789;0.0157658;-0.09312799;0.9954485;-1
28760;-0.6429814;0.1012186;-5.910406e-05;-0.05725152;0.9983573;-0.0003155494;-0.002179012;0.0001903939;0.9999554;-1
28800;-0.6381658;0.1012322;-2.470653e-05;0.008520536;0.9999528;-1.370845e-05;0.0003381759;-1.017983e-06;0.9999659;-1
28840;-0.6334837;0.1008133;0.005784206;0.04059896;0.9969915;0.06542076;0.0312978;-0.06667115;0.997132;-1
28880;-0.6381275;0.1009628;-0.00599446;-0.01167841;0.9955361;-0.09341824;-0.01391436;0.09321328;0.9954578;-1
28920;-0.6378982;0.1000956;-0.01244815;-0.0514387;0.9818969;-0.1821248;-0.01884153;0.1813629;0.9831239;-1
28960;-0.6374574;0.09856316;-0.01858444;-0.07076436;0.9541553;-0.2906704;-0.03165773;0.2891068;0.9566528;-1
29000;-0.6335051;0.1008147;-0.005804727;0.04035011;0.9970072;-0.06536487;-0.0275217;0.06643492;0.9972205;-1
29040;-0.6373645;0.09666504;-0.02385984;-0.07145551;0.9208321;-0.3832537;-0.04353349;0.3809918;0.9234403;-1
29080;-0.6336844;0.1010303;-3.46126e-06;0.05448326;0.9984958;-0.0001639971;0.004720058;-9.995795e-05;0.9999095;-1
29120;-0.6295797;0.1005194;0.005455969;0.08841792;0.9947532;0.050687;0.04488123;-0.05475471;0.9973173;-1
29160;-0.629615;0.1005233;-0.005483085;0.08808428;0.9947895;-0.05059841;-0.03833092;0.05405205;0.9975459;-1
29200;-0.643242;0.09619227;-0.02387276;-0.08451924;0.9178482;-0.3877701;-0.009449042;0.3883803;0.9213554;-1
29240;-0.6376604;0.09447494;-0.0283072;-0.07655136;0.8730395;-0.4815542;-0.03348698;0.4804128;0.8762887;-1
29280;-0.6297053;0.1007066;-1.288578e-05;0.09079227;0.9958547;5.697919e-06;0.006539831;-0.0006047795;0.9999188;-1
29320;-0.6267689;0.1002147;0.00501089;0.1501419;0.9874718;0.04778359;0.05259329;-0.0561355;0.9968525;-1
29360;-0.6268141;0.1002203;-0.00505687;0.1496934;0.9875283;-0.04806167;-0.04349702;0.05500535;0.9972216;-1
29400;-0.6268947;0.1003765;-2.253056e-05;0.1471842;0.9891091;-5.886515e-05;0.00714204;-0.001003184;0.999974;-1
29440;-0.6239759;0.09972964;0.004404938;0.2027921;0.9779339;0.04881398;0.05068466;-0.06023187;0.9961376;-1
29480;-0.6239331;0.09970878;-0.004660603;0.2033008;0.9776893;-0.05167788;-0.05989463;0.06478105;0.9954864;-1
29520;-0.624027;0.09989059;-0.0001320625;0.1971047;0.9803125;-0.002076612;-0.002560188;0.002514989;0.9993743;-1
29560;-0.6209011;0.09911045;0.003740876;0.2693751;0.9603608;0.05940357;0.03677864;-0.07187516;0.9953662;-1
29600;-0.6207536;0.09905592;-0.004163317;0.2718749;0.9594417;-0.06279163;-0.0731696;0.0849778;0.992897;-1
29640;-0.6210104;0.09924801;-0.0002095923;0.2465022;0.9690529;-0.003262847;-0.01637768;0.007411538;0.9986924;-1
29680;-0.61811;0.09823601;0.003259093;0.3389086;0.9352599;0.09228947;0.01063714;-0.1020216;0.993161;-1
29720;-0.6178716;0.09815241;-0.003708012;0.3455069;0.9329687;-0.09160055;-0.07739193;0.1248458;0.9883502;-1
29760;-0.6181705;0.09842663;-0.0002284497;0.3068784;0.9516808;-0.002010977;-0.03296066;0.01270683;0.9981086;-1
29800;-0.615217;0.09713727;0.002917685;0.3608643;0.9202138;0.1503841;-0.01549567;-0.1550689;0.986281;-1
29840;-0.6149092;0.09703505;-0.003209606;0.3755454;0.9152387;-0.1451777;-0.08094472;0.1877063;0.9776343;-1
29880;-0.6151819;0.09743649;-0.0001793504;0.3330253;0.942793;0.0006739469;-0.0534346;0.01840263;0.9975146;-1
29920;-0.6124196;0.09607293;0.002646342;0.372442;0.904496;0.2071032;-0.01809699;-0.2161582;0.9755933;-1
29960;-0.612132;0.09597714;-0.002618261;0.394322;0.8971387;-0.1988963;-0.08604915;0.2511619;0.9633347;-1
30000;-0.6123455;0.0964365;7.778406e-06;0.3621421;0.932114;0.003147569;-0.06374434;0.0213606;0.9976498;-1
30040;-0.6094253;0.09480947;0.002458259;0.3730817;0.8972093;0.235531;-0.0299318;-0.2425674;0.9691308;-1
30080;-0.6092809;0.09476048;-0.002240896;0.3874935;0.8923482;-0.2313043;-0.02943498;0.2626047;0.9638136;-1
30120;-0.6093908;0.09516466;9.961426e-05;0.3800738;0.9249026;0.000809663;-0.02953103;0.01097962;0.9988889;-1
30160;-0.6063033;0.09390436;9.469874e-05;0.2429774;0.9699953;-0.00221782;-0.01452458;0.005744888;0.9994491;-1
30200;-0.6062839;0.09365925;0.002379799;0.2472304;0.9276375;0.2794825;-0.05361301;-0.275192;0.9595411;-1
30240;-0.6062192;0.09363693;-0.002196783;0.2551639;0.9249176;-0.2816922;0.02650254;0.2844799;0.9578857;-1
30280;-0.603372;0.09373316;5.410332e-05;-0.03584416;0.999317;-0.002611644;-0.006144614;0.002320447;0.9997672;-1
30320;-0.6033097;0.09328678;0.002281354;0.001984149;0.9309472;0.3648978;-0.08453584;-0.3635837;0.9275498;-1
30360;-0.606189;0.09270787;0.004338367;0.2556262;0.8169553;0.5163872;-0.1736396;-0.4870712;0.855633;-1
30400;-0.6032804;0.09327778;-0.002176477;0.006654903;0.929306;-0.3691428;0.07270558;0.3677306;0.9268669;-1
30440;-0.6060565;0.09266058;-0.004114715;0.2719906;0.8113954;-0.5171855;0.1465483;0.4962769;0.855204;-1
30480;-0.603166;0.09218004;0.004042933;0.06630945;0.7922319;0.606355;-0.2043529;-0.5842062;0.7853386;-1
30520;-0.6060849;0.09149782;0.00570791;0.2668703;0.6975431;0.6645234;-0.1851428;-0.6399032;0.7456582;-1
30560;-0.602985;0.0909467;0.005301009;0.09653551;0.6868356;0.7201906;-0.2392134;-0.6864481;0.6866283;-1
30600;-0.6003974;0.09432909;9.352341e-06;-0.1997468;0.9798307;-0.001180448;-0.001963377;0.0007897291;0.999943;-1
30640;-0.6031203;0.09216206;-0.003941412;0.07346916;0.7897077;-0.6089408;0.1950226;0.5874815;0.7851718;-1
30680;-0.605979;0.09145966;-0.00557703;0.27948;0.6931933;-0.6641853;0.1709628;0.6447979;0.7446216;-1
30720;-0.6029519;0.09093413;-0.005257916;0.1011096;0.6851119;-0.721275;0.2347745;0.6881104;0.6864333;-1
30760;-0.5999896;0.09252435;0.003775628;-0.1104395;0.7413248;0.6618948;-0.2186389;-0.667857;0.7114086;-1
30800;-0.5994881;0.09109075;0.005075074;-0.09406874;0.6504719;0.7536124;-0.205878;-0.7533602;0.6245199;-1
30840;-0.600281;0.09376377;0.002155921;-0.1666044;0.8908738;0.4224926;-0.1497522;-0.4464363;0.8821371;-1
30880;-0.6002697;0.09375928;-0.0021154;-0.1643175;0.8899937;-0.4252833;0.1449787;0.4482685;0.8819774;-1
30920;-0.5999689;0.09251629;-0.003728238;-0.1067422;0.7399183;-0.664116;0.2146391;0.6693698;0.7111611;-1
30960;-0.5994712;0.09108371;-0.005059073;-0.09166272;0.6494601;-0.754802;0.2038635;0.7542013;0.6241414;-1
31000;-0.5980577;0.09488179;-1.044717e-05;-0.3048629;0.952396;-0.0003820178;-0.000409916;0.0002722023;1;-1
31040;-0.5978683;0.0943858;0.002112436;-0.283005;0.8556435;0.4332979;-0.1530717;-0.4862937;0.8602642;-1
31080;-0.5973276;0.09326977;0.003716785;-0.2540918;0.6985747;0.6688669;-0.1973934;-0.7144922;0.6712074;-1
31120;-0.5978634;0.09438354;-0.002108643;-0.2819902;0.8551832;-0.4348805;0.1510451;0.4872034;0.8600974;-1
31160;-0.5973188;0.09326574;-0.003710032;-0.2525035;0.6978619;-0.670224;0.1957738;0.7152064;0.670906;-1
31200;-0.5956933;0.09579293;-9.610376e-06;-0.3767045;0.9263333;-0.0003984287;-0.0004118196;0.000259898;0.9999999;-1
31240;-0.596638;0.09205121;0.005060136;-0.2384784;0.6081417;0.7571599;-0.1503256;-0.7933738;0.5898811;-1
31280;-0.5984975;0.08932784;0.006605246;-0.1414906;0.5960419;0.7903399;-0.03418271;-0.80085;0.5978655;-1
31320;-0.5953928;0.09538837;0.002090018;-0.3572159;0.8462313;0.3953341;-0.1644685;-0.473635;0.8652281;-1
31360;-0.5953912;0.09538721;-0.00210889;-0.356895;0.846018;-0.3960798;0.1637558;0.4740986;0.8651092;-1
31400;-0.5966341;0.09204841;-0.005078247;-0.237863;0.607734;-0.7576808;0.1498098;0.7936902;0.5895865;-1
31440;-0.5984918;0.08932479;-0.006623662;-0.1408806;0.5955764;-0.7908008;0.03365796;0.8011981;0.5974287;-1
31480;-0.5947719;0.09450868;0.003621175;-0.3153162;0.6968362;0.6442004;-0.2181024;-0.7138715;0.6654457;-1
31520;-0.5948157;0.09072781;0.006631734;-0.2422153;0.5699973;0.7851335;-0.05463944;-0.81596;0.5755205;-1
31560;-0.5945196;0.08762968;0.008932314;-0.2572537;0.6011482;0.7565858;0.04434309;-0.7747695;0.6306809;-1
31600;-0.5929299;0.09688409;-8.962234e-06;-0.3916662;0.920107;-0.0004064933;-0.000398716;0.0002703377;0.9999996;-1
31640;-0.5947692;0.09450668;-0.003639081;-0.3147902;0.6964818;-0.6448406;0.217544;0.7142362;0.6652371;-1
31680;-0.5948103;0.09072426;-0.006647617;-0.2415737;0.5695792;-0.7856343;0.05413399;0.8162624;0.5751389;-1
31720;-0.594512;0.08762494;-0.008946291;-0.256635;0.6007416;-0.7571186;-0.04489128;0.7751017;0.6302339;-1
31760;-0.5939037;0.09333074;0.005076295;-0.2753114;0.5974982;0.7531258;-0.1597863;-0.8009437;0.5770236;-1
31800;-0.5924903;0.08909161;0.008610589;-0.2592524;0.5982004;0.7582495;-0.01647951;-0.7877171;0.6158149;-1
31840;-0.5920637;0.08627723;0.01126221;-0.321361;0.6929702;0.6453797;0.06247165;-0.6645311;0.7446434;-1
31880;-0.5927162;0.09659192;-0.002030168;-0.3745002;0.8575258;-0.3527021;0.1966712;0.4451915;0.87357;-1
31920;-0.5938997;0.09332807;-0.005092765;-0.2746988;0.5970915;-0.7536721;0.1592994;0.8012546;0.5767269;-1
31960;-0.5924831;0.08908708;-0.008623664;-0.2586321;0.5977962;-0.7587798;0.01595764;0.7880423;0.6154125;-1
32000;-0.5920543;0.08627117;-0.01127347;-0.3208363;0.6926208;-0.6460154;-0.06309345;0.6649287;0.7442358;-1
32040;-0.5922346;0.09193593;0.006603985;-0.2476207;0.565429;0.7867484;-0.09815726;-0.8225005;0.5602296;-1
32080;-0.5904056;0.08743845;0.01084914;-0.2773904;0.684183;0.6744952;-0.009740762;-0.7040117;0.7101197;-1
32120;-0.5902759;0.08498789;0.01399555;-0.3176341;0.8054531;0.5003474;0.1079356;-0.4935316;0.8630036;-1
32160;-0.59217;0.09575509;-0.003611867;-0.3221498;0.7077655;-0.6287186;0.2521678;0.7042837;0.663623;-1
32200;-0.5922291;0.09193251;-0.006618313;-0.2469775;0.5650076;-0.7872532;0.09768949;0.8227995;0.5598719;-1
32240;-0.5903966;0.08743264;-0.01085963;-0.2768403;0.683822;-0.6750872;0.009155035;0.70439;0.7097523;-1
32280;-0.5902644;0.08498035;-0.01400464;-0.3172274;0.8051817;-0.5010418;-0.1086462;0.4939959;0.8626486;-1
32320;-0.5901117;0.09051052;0.008283353;-0.2320849;0.6006511;0.7650837;-0.08600174;-0.7961511;0.5989538;-1
32360;-0.5885835;0.08622077;0.01317984;-0.2602551;0.7884955;0.557258;0.03680146;-0.5686265;0.8217712;-1
32400;-0.5885234;0.08397923;0.01713932;-0.2658701;0.8902583;0.3697912;0.1231827;-0.3490797;0.928961;-1
32440;-0.5912267;0.09456733;-0.005073381;-0.2634948;0.5952716;-0.7590922;0.1934042;0.8035224;0.5629791;-1
32480;-0.5901049;0.09050624;-0.008295192;-0.2314596;0.6002427;-0.7655937;0.0855175;0.7964709;0.5985978;-1
32520;-0.5885727;0.08621374;-0.01318822;-0.2597978;0.7881992;-0.5578899;-0.0374728;0.5690635;0.8214383;-1
32560;-0.5885093;0.08396997;-0.01714645;-0.2655633;0.8900617;-0.3704841;-0.1239417;0.3495761;0.9286733;-1
32600;-0.5882863;0.08872929;0.01035573;-0.2120312;0.6770053;0.7047722;-0.09636138;-0.7321383;0.6743041;-1
32640;-0.5898362;0.09310892;-0.006515502;-0.2213106;0.5604059;-0.7981014;0.1493022;0.8282174;0.5401516;-1
32680;-0.5882779;0.08872378;-0.01036517;-0.2114547;0.6766292;-0.7053064;0.09581715;0.7324982;0.6739905;-1
32720;-0.5879655;0.09168205;-0.008034511;-0.1796208;0.5898253;-0.7873001;0.1327993;0.807529;0.5746829;-1
32760;-0.5867714;0.08503582;-0.01593361;-0.2298753;0.8681294;-0.4398886;-0.09028153;0.4310225;0.8978128;-1
32800;-0.5866578;0.08740681;-0.01232179;-0.1784483;0.7774653;-0.6030756;0.07311463;0.6216962;0.7798376;-1
32840;-0.5860812;0.09008053;-0.009656293;-0.1288673;0.6505246;-0.7484714;0.1568342;0.7586352;0.6323563;-1
32880;-0.585067;0.08406636;-0.01915846;-0.1880528;0.9204537;-0.3426311;-0.101547;0.3287646;0.9389364;-1
32920;-0.5869192;0.08309428;-0.02089552;-0.2071691;0.9360637;-0.2843575;-0.1367476;0.2601032;0.9558483;-1
32960;-0.5835752;0.08322272;-0.02262427;-0.1217202;0.9429948;-0.3097464;-0.08772174;0.3006258;0.9496991;-1
33000;-0.5854862;0.08240414;-0.02445273;-0.1365694;0.9484442;-0.2860098;-0.102281;0.2736719;0.9563691;-1
33040;-0.5823793;0.08219302;-0.02597686;-0.04894858;0.9412826;-0.3340419;-0.03205078;0.3327912;0.9424527;-1
33080;-0.5843731;0.08141829;-0.0278261;-0.07591421;0.9391084;-0.3351208;-0.04616268;0.3324208;0.9419979;-1
33120;-0.5813677;0.08088779;-0.02952427;0.007854953;0.9248239;-0.380298;-0.03890431;0.3803061;0.9240364;-1
33160;-0.5835729;0.08011696;-0.03131918;-0.03477658;0.9166155;-0.3982326;-0.05801571;0.3959521;0.916429;-1
33200;-0.5800794;0.07934509;-0.03298735;0.07660086;0.88014;-0.4683932;-0.05439781;0.4727807;0.87949;-1
33240;-0.5826796;0.07851622;-0.03460544;0.02546351;0.8687047;-0.494647;-0.05412088;0.49528;0.8670314;-1
33280;-0.5785816;0.07699671;-0.03640588;0.1523179;0.7993113;-0.5812013;-0.005931951;0.5888065;0.80824;-1
33320;-0.5819178;0.07623008;-0.03813349;0.09612801;0.7913723;-0.6037077;-0.005853467;0.6069595;0.7947;-1
33360;-0.5775006;0.07356355;-0.04021384;0.2227938;0.6760906;-0.702309;0.05336977;0.7108796;0.7012746;-1
33400;-0.5813543;0.0728635;-0.04186754;0.1665917;0.6802422;-0.7137892;0.05516426;0.7163447;0.6955517;-1
33440;-0.5770214;0.06789951;-0.0445843;0.2529345;0.532899;-0.8074825;0.1223743;0.810298;0.5730899;-1
33480;-0.5820074;0.06814718;-0.04586722;0.200456;0.5189953;-0.8309283;0.1540933;0.8208873;0.5498985;-1
33520;-0.5813761;0.06082198;-0.04954831;0.2200267;0.3821;-0.8975325;0.2000929;0.8828407;0.424899;-1
33560;-0.5868319;0.06242463;-0.05007046;0.1610003;0.4019561;-0.9013836;0.2429464;0.8690574;0.4309382;-1
33600;-0.5861449;0.05382237;-0.05282126;0.1779051;0.2696899;-0.9463584;0.2130746;0.9283287;0.3046097;-1
33640;-0.5919761;0.05633475;-0.0531009;0.1229521;0.3150625;-0.9410616;0.2449435;0.9092872;0.336431;-1
33680;-0.5902831;0.04729092;-0.05510152;0.1578541;0.2016201;-0.9666519;0.2099713;0.9496855;0.2323709;-1
33720;-0.5960978;0.04992694;-0.0553686;0.1061473;0.2468509;-0.9632151;0.227787;0.9368919;0.2652096;-1
33760;-0.5774431;0.08024658;-0.03046052;0.1101034;0.893477;-0.4353889;-0.06591935;0.4436539;0.8937646;-1
33800;-0.5756277;0.07810383;-0.03393839;0.1874849;0.8245385;-0.5337301;-0.01708384;0.546037;0.8375772;-1
33840;-0.5735995;0.07515597;-0.03708694;0.2489623;0.7192312;-0.6485363;0.0397639;0.6614696;0.748899;-1
33880;-0.5710649;0.07181999;-0.03936557;0.3033285;0.6255929;-0.7186974;0.08088671;0.7346001;0.6736388;-1
33920;-0.579041;0.08182919;-0.02707253;0.03539684;0.9274918;-0.3721547;-0.05527833;0.3736361;0.9259238;-1
33960;-0.5803603;0.08308145;-0.02368019;-0.02734213;0.9405032;-0.3386752;-0.03740437;0.3376026;0.9405434;-1
34000;-0.5816197;0.08414665;-0.0204195;-0.0861127;0.9365502;-0.3397877;-0.05473417;0.3360925;0.940237;-1
34040;-0.58318;0.08523321;-0.01722684;-0.1297661;0.9104197;-0.3928014;-0.04294791;0.3906187;0.9195499;-1
34080;-0.5848874;0.08622316;-0.01461108;-0.1573823;0.8570946;-0.4905258;0.009900618;0.4980607;0.8670852;-1
34120;-0.5846546;0.08866163;-0.01121117;-0.08654191;0.7499908;-0.655761;0.1623667;0.6600477;0.7334665;-1
34160;-0.567111;0.07433324;-0.03492437;0.3344226;0.6843085;-0.6479421;0.01180009;0.684421;0.7289732;-1
34200;-0.5698005;0.07691491;-0.03322284;0.2668526;0.7856068;-0.5581263;-0.04534616;0.5887185;0.8070499;-1
34240;-0.5723453;0.07927166;-0.03070422;0.2021662;0.8483828;-0.4891428;-0.1130083;0.5163389;0.8488871;-1
34280;-0.5676391;0.06840985;-0.04043675;0.3566998;0.5559558;-0.7507694;0.1044541;0.7748491;0.623438;-1
34320;-0.5674223;0.07794902;-0.03047308;0.2800771;0.8038085;-0.5246619;-0.08440571;0.5650368;0.8207201;-1
34360;-0.5749074;0.0812397;-0.02766281;0.1278327;0.9012985;-0.4138408;-0.1340036;0.4291427;0.8932384;-1
34400;-0.5716643;0.06386089;-0.04492445;0.3184173;0.4422603;-0.8384555;0.1408463;0.8525977;0.503216;-1
34440;-0.5699741;0.0800845;-0.02815853;0.2146198;0.8652108;-0.4529444;-0.1038935;0.4813627;0.8703347;-1
34480;-0.5768417;0.0827093;-0.02460766;0.06336533;0.9305597;-0.3606158;-0.06419972;0.3643943;0.9290293;-1
34520;-0.5760351;0.0577832;-0.04905675;0.282406;0.3076608;-0.9086209;0.1829787;0.9125096;0.3658487;-1
34560;-0.5726116;0.08209878;-0.02510258;0.1453719;0.9085143;-0.3915706;-0.0701578;0.4042676;0.9119421;-1
34600;-0.5783224;0.08402738;-0.02121372;0.01791064;0.9383633;-0.345185;0.00980127;0.345059;0.9385299;-1
34640;-0.5747587;0.08345188;-0.02193796;0.08786651;0.9315668;-0.3527269;0.03642597;0.3508752;0.935711;-1
34680;-0.5797828;0.08514419;-0.01803952;-0.0276183;0.9274613;-0.3728951;0.02084145;0.3734906;0.9273998;-1
34720;-0.5763566;0.0847864;-0.01879683;0.05648224;0.9302561;-0.3625368;0.07838772;0.3578637;0.9304777;-1
34760;-0.581359;0.08620535;-0.01543238;-0.05838112;0.8980784;-0.4359407;0.0539936;0.4388871;0.8969183;-1
34800;-0.5778289;0.08617266;-0.01570141;0.03591892;0.9148492;-0.4021938;0.1201461;0.3955814;0.9105382;-1
34840;-0.582922;0.08733299;-0.01314268;-0.07012041;0.8378966;-0.5413042;0.1295457;0.5456936;0.8279106;-1
34880;-0.5793152;0.08725801;-0.01352211;0.01356032;0.8796137;-0.4754928;0.1906178;0.464542;0.8647919;-1
34920;-0.5706698;0.08283691;-0.0225118;0.1434679;0.9114695;-0.3852347;0.01453301;0.387328;0.9218181;-1
34960;-0.5726227;0.08430845;-0.01940611;0.09470396;0.929869;-0.3551235;0.09399079;0.3468551;0.9331855;-1
35000;-0.5741799;0.08557667;-0.01636588;0.091549;0.9259741;-0.3661701;0.1323086;0.35318;0.9261487;-1
35040;-0.5760415;0.08698203;-0.01359024;0.09790308;0.9080096;-0.407349;0.2027175;0.3825383;0.9014265;-1
35080;-0.5776928;0.08808729;-0.01179818;0.05890561;0.8236154;-0.5640801;0.3141561;0.5210564;0.793603;-1
35120;-0.5809191;0.08842421;-0.01166546;0.009117641;0.8027764;-0.5962087;0.2503072;0.5754197;0.7786129;-1
35160;-0.582598;0.0899045;-0.01003631;-0.003812395;0.7024603;-0.7117122;0.2243845;0.6941695;0.6839443;-1
35200;-0.5679085;0.08091731;-0.0255107;0.2129498;0.874955;-0.4347339;-0.0545586;0.4549055;0.8888627;-1
35240;-0.5838838;0.09126312;-0.008919597;-0.05142528;0.61509;-0.7867779;0.1874878;0.7797583;0.5973481;-1
35280;-0.5654213;0.0790457;-0.02766706;0.2689084;0.8260435;-0.4952048;-0.04648893;0.5246712;0.8500235;-1
35320;-0.5854428;0.09277277;-0.007710913;-0.1130804;0.5712762;-0.8129305;0.1659718;0.817543;0.5514311;-1
35360;-0.5649126;0.07582082;-0.03188607;0.3250333;0.7400241;-0.5887136;-0.03695758;0.6319595;0.7740912;-1
35400;-0.5873188;0.09426346;-0.00636172;-0.1723777;0.5549507;-0.8138277;0.1867105;0.8296252;0.5261758;-1
35440;-0.5643116;0.07173021;-0.03600219;0.371295;0.6152264;-0.6954398;0.04033608;0.7375863;0.6740471;-1
35480;-0.5886165;0.09580439;-0.004995675;-0.230538;0.5951062;-0.7698705;0.2308348;0.8020447;0.5508533;-1
35520;-0.564061;0.06547916;-0.04053419;0.4017771;0.4918865;-0.77238;0.1068144;0.8125207;0.5730094;-1
35560;-0.5894526;0.09707253;-0.00356674;-0.3055143;0.7184254;-0.6249207;0.2787608;0.695029;0.6627421;-1
35600;-0.5677734;0.06069106;-0.04486657;0.3677368;0.36338;-0.8559552;0.1549327;0.8836384;0.4417051;-1
35640;-0.5899352;0.09779111;-0.002011541;-0.3768609;0.8630961;-0.3362155;0.2133845;0.4341111;0.8752224;-1
35680;-0.5902044;0.09807137;-8.307572e-06;-0.400592;0.9162564;-0.0004156446;-0.0003883191;0.0002824242;0.9999997;-1
35720;-0.5927178;0.09659304;0.002012823;-0.3747759;0.8577241;0.3519263;-0.197389;-0.4447095;0.8736535;-1
35760;-0.5921727;0.09575696;0.003595507;-0.3226632;0.708101;0.6280771;-0.2527016;-0.7039288;0.6637961;-1
35800;-0.5899369;0.09779215;0.001995865;-0.3771238;0.8632783;0.3354521;-0.2140865;-0.4336411;0.8752841;-1
35840;-0.5872948;0.0993619;-7.080671e-06;-0.4004902;0.9163011;-0.0004085916;-0.0003948393;0.0002737752;0.9999998;-1
35880;-0.5870007;0.09907259;-0.002026634;-0.3719992;0.862339;-0.3434943;0.2123302;0.439293;0.8728903;-1
35920;-0.5912307;0.09456995;0.005058471;-0.2641225;0.5956833;0.7585509;-0.1938546;-0.803217;0.56326;-1
35960;-0.5894553;0.09707436;0.003551835;-0.3060212;0.7187637;0.6242833;-0.2792798;-0.6946696;0.6629003;-1
36000;-0.5870023;0.09907365;0.002012565;-0.3722748;0.8625171;0.3427474;-0.2130178;-0.4388359;0.8729528;-1
36040;-0.5898415;0.09311225;0.006502497;-0.2219628;0.5608341;0.7976193;-0.1497272;-0.8279274;0.5404785;-1
36080;-0.5886207;0.09580699;0.004982146;-0.2311631;0.595527;0.7693576;-0.2312576;-0.8017449;0.5511124;-1
36120;-0.5879719;0.09168626;0.008023744;-0.1802646;0.5902455;0.7868378;-0.1332463;-0.8072221;0.5750102;-1
36160;-0.5864913;0.09828471;-0.003506674;-0.284665;0.7064374;-0.6480063;0.2892133;0.7077646;0.6445347;-1
36200;-0.5841857;0.1006989;-6.349524e-06;-0.4167853;0.9090051;-0.0004017318;-0.0004086816;0.0002524639;0.9999999;-1
36240;-0.5864943;0.09828657;0.003493443;-0.2851889;0.7067918;0.647389;-0.2897106;-0.707412;0.6446984;-1
36280;-0.5873239;0.0942668;0.006350076;-0.1730409;0.5553911;0.8133861;-0.1871057;-0.8293424;0.5264809;-1
36320;-0.5858132;0.09696789;-0.00485285;-0.2022236;0.5812949;-0.7881638;0.254403;0.8083436;0.5309047;-1
36360;-0.5839352;0.1003987;-0.002076101;-0.3852292;0.8469166;-0.3665119;0.158116;0.4518673;0.8779609;-1
36400;-0.5839369;0.1003999;0.002063668;-0.3855156;0.8471148;0.365752;-0.1588146;-0.4513959;0.8780773;-1
36440;-0.5858171;0.09697044;0.004840876;-0.2028626;0.5817264;0.7876807;-0.254797;-0.8080565;0.5311527;-1
36480;-0.5846459;0.09540294;-0.006102213;-0.137275;0.5235369;-0.8408716;0.2185593;0.8439946;0.4898011;-1
36520;-0.5834412;0.09955488;-0.003511545;-0.2913553;0.6722052;-0.6806266;0.2412665;0.7401296;0.6276931;-1
36560;-0.5812322;0.1021677;-5.614711e-06;-0.458183;0.8888578;-0.0004186854;-0.0004214198;0.0002508601;0.9999999;-1
36600;-0.5834442;0.09955682;0.003499977;-0.291907;0.672575;0.6800244;-0.2417564;-0.7397879;0.6279074;-1
36640;-0.5827382;0.0981409;-0.004780243;-0.2189253;0.5453157;-0.8091369;0.2347612;0.8343313;0.498777;-1
36680;-0.583248;0.09368828;-0.007254221;-0.0897899;0.522813;-0.8477053;0.1900039;0.8445029;0.5007126;-1
36720;-0.5809705;0.1017816;-0.002186696;-0.4262178;0.8169498;-0.3884988;0.04850647;0.4494819;0.8919715;-1
36760;-0.5809724;0.1017828;0.002175826;-0.4265363;0.817155;0.3877172;-0.04923061;-0.4490075;0.8921707;-1
36800;-0.5819355;0.09653598;-0.005872861;-0.1704941;0.4694048;-0.8663666;0.2085941;0.8765063;0.4338491;-1
36840;-0.5821817;0.09244481;-0.008116597;-0.0350812;0.5428047;-0.8391259;0.2025314;0.8260815;0.5258995;-1
36880;-0.5808712;0.09457469;-0.007010358;-0.1666244;0.4414527;-0.8816779;0.1704543;0.8936116;0.4152146;-1
36920;-0.5809875;0.09101628;-0.009039476;0.0003830269;0.5941399;-0.8043616;0.2759115;0.7730759;0.5711622;-1
36960;-0.579043;0.09218182;-0.008431442;-0.1772059;0.447032;-0.87679;0.2433045;0.883135;0.4010932;-1
37000;-0.5792119;0.08943203;-0.01025548;0.02590688;0.7030796;-0.7106391;0.3486381;0.6598898;0.6655804;-1
37040;-0.5793191;0.09785819;-0.005826232;-0.2694372;0.4237584;-0.8647612;0.1219267;0.9057128;0.4058661;-1
37080;-0.578348;0.09583212;-0.006995975;-0.3034998;0.3905933;-0.8690832;0.08058833;0.9193237;0.3850544;-1
37120;-0.5774661;0.09043777;-0.009521186;-0.1625191;0.5082355;-0.8457447;0.3382892;0.8338898;0.4361055;-1
37160;-0.5767728;0.09342493;-0.008751842;-0.3645379;0.3622559;-0.8578361;0.1527214;0.9320114;0.3286804;-1
37200;-0.5798053;0.09943758;-0.004818919;-0.2986784;0.5061367;-0.8090841;0.1771602;0.8624516;0.4741218;-1
37240;-0.5804124;0.1008147;-0.00357931;-0.3466768;0.6322218;-0.6928902;0.1289693;0.7637864;0.632403;-1
37280;-0.5761725;0.09735331;-0.007281557;-0.3670011;0.3891088;-0.8449252;-0.004772298;0.9074962;0.4199927;-1
37320;-0.5768451;0.0992754;-0.006109001;-0.348823;0.4084591;-0.8434769;0.09531123;0.9107546;0.4016451;-1
37360;-0.5750167;0.09453771;-0.009242792;-0.3783942;0.3842039;-0.842143;0.05537537;0.9175575;0.393728;-1
37400;-0.5772452;0.1008846;-0.00507061;-0.3705589;0.4866213;-0.7911192;0.09716576;0.8673565;0.48801;-1
37440;-0.5784106;0.1032065;-0.002207561;-0.4750043;0.7941726;-0.3790247;-0.05797091;0.4015417;0.9140035;-1
37480;-0.5778644;0.1022756;-0.003796353;-0.4119904;0.6173436;-0.6701866;-0.01199801;0.7317693;0.681446;-1
37520;-0.578671;0.1035589;-4.933041e-06;-0.50189;0.8649305;-0.0005650541;-0.0005082271;0.0003553687;0.9999993;-1
37560;-0.5744839;0.09811886;-0.00762938;-0.2654078;0.4352453;-0.8603022;0.03680709;0.8962269;0.4420652;-1
37600;-0.5748922;0.1002538;-0.00647217;-0.2756599;0.4390924;-0.8551078;0.1170577;0.8982875;0.4235289;-1
37640;-0.5734686;0.09539817;-0.009414893;-0.2303658;0.4427661;-0.8665387;0.04425855;0.8943353;0.4452026;-1
37680;-0.5753003;0.1021949;-0.005256117;-0.3107044;0.525685;-0.791908;0.05678836;0.8419212;0.5366039;-1
37720;-0.5724096;0.09845862;-0.007842861;-0.04776806;0.4740216;-0.8792151;0.1070073;0.8775819;0.4673284;-1
37760;-0.5728431;0.1008969;-0.006636195;-0.06256089;0.4847283;-0.8724226;0.141184;0.8696411;0.4730606;-1
37800;-0.5766729;0.1048005;-4.408474e-06;-0.4647091;0.8854634;-0.0004342755;-0.000434178;0.0002609099;1;-1
37840;-0.5784125;0.1032076;0.002198032;-0.4753278;0.7943643;0.3782163;0.05721093;-0.4010676;0.9142596;-1
37880;-0.5763967;0.1044398;-0.002235003;-0.4363806;0.8249957;-0.3591019;-0.08554843;0.3592566;0.9293094;-1
37920;-0.5758744;0.1035236;-0.003884519;-0.3731838;0.6685884;-0.6432133;-0.05819573;0.6750642;0.73546;-1
37960;-0.5804157;0.1008167;0.003569452;-0.3472473;0.6325941;0.6922646;-0.129475;-0.7634444;0.632713;-1
38000;-0.5827422;0.09814358;0.004770021;-0.2195812;0.5457566;0.8086618;-0.2351384;-0.8340619;0.49905;-1
38040;-0.5846506;0.09540622;0.006092014;-0.1379567;0.5239953;0.8404742;-0.2189144;-0.8437327;0.4900937;-1
38080;-0.5854488;0.09277686;0.007701521;-0.1137442;0.571716;0.8125284;-0.1663943;-0.8172468;0.5517428;-1
38120;-0.5860888;0.0900857;0.009647839;-0.1294815;0.6509225;0.7480193;-0.1573369;-0.7582994;0.6326341;-1
38160;-0.586668;0.08741342;0.01231433;-0.1789443;0.7777843;0.6025171;-0.07374504;-0.6212824;0.780108;-1
38200;-0.5867845;0.08504441;0.01592732;-0.2302371;0.8683639;0.439236;0.08955042;-0.4305414;0.8981168;-1
38240;-0.5850825;0.08407664;0.01915407;-0.188333;0.920637;0.3419836;0.1007827;-0.3282604;0.9391949;-1
38280;-0.5869362;0.08310553;0.02089015;-0.2074033;0.9362149;0.2836878;0.1359687;-0.2595917;0.9560983;-1
38320;-0.5835938;0.08323492;0.02262155;-0.1219726;0.9431612;0.3091394;0.08694986;-0.3001141;0.9499317;-1
38360;-0.585506;0.08241738;0.02444889;-0.136801;0.9485977;0.2853895;0.1015041;-0.2731585;0.9565985;-1
38400;-0.5824006;0.08220705;0.02597565;-0.04922272;0.9414615;0.3334968;0.03128563;-0.3322854;0.9426567;-1
38440;-0.5843958;0.08143336;0.02782368;-0.07618744;0.9392884;0.3345542;0.0453979;-0.3319145;0.9422135;-1
38480;-0.581392;0.08090372;0.02952457;0.00754568;0.9250268;0.3798103;0.03815278;-0.3798127;0.9242707;-1
38520;-0.5835983;0.08013391;0.03131811;-0.03510441;0.9168257;0.3977197;0.05727089;-0.3954675;0.916685;-1
38560;-0.5801064;0.0793629;0.03298953;0.07621916;0.8803899;0.4679852;0.05368286;-0.472311;0.8797862;-1
38600;-0.5827079;0.07853493;0.03460595;0.02506052;0.8689684;0.4942042;0.05341611;-0.4948174;0.8673392;-1
38640;-0.5786116;0.07701658;0.0364107;0.1518419;0.7996309;0.5808861;0.005272664;-0.5883622;0.808568;-1
38680;-0.5819488;0.0762507;0.03813586;0.0956377;0.791698;0.6033584;0.005207956;-0.6065304;0.7950319;-1
38720;-0.5775338;0.07358553;0.04022141;0.2222202;0.6764703;0.7021251;-0.05394392;-0.7105002;0.7016152;-1
38760;-0.5816365;0.08415766;0.02041786;-0.0863894;0.9367329;0.3392129;0.05396906;-0.335586;0.940462;-1
38800;-0.5803797;0.08309424;0.02368014;-0.02761836;0.9406855;0.3381459;0.03663994;-0.3370958;0.9407552;-1
38840;-0.5790634;0.08184381;0.02707422;0.03509383;0.9276909;0.3716864;0.05452517;-0.3731401;0.9261682;-1
38880;-0.5774682;0.08026297;0.03046436;0.109748;0.8937103;0.4349995;0.06519268;-0.4431749;0.8940554;-1
38920;-0.5756553;0.07812211;0.03394486;0.1870503;0.8248276;0.5334358;0.01640458;-0.5455837;0.837886;-1
38960;-0.5736299;0.07517593;0.03709663;0.2484353;0.7195792;0.648352;-0.04037131;-0.6610677;0.7492213;-1
39000;-0.571097;0.07184114;0.03937912;0.3027457;0.6259776;0.7186081;-0.0814338;-0.7342392;0.6739663;-1
39040;-0.5831943;0.08524247;0.01722334;-0.1300879;0.9106306;0.3922054;0.04220036;-0.3901235;0.9197944;-1
39080;-0.5848993;0.08623104;0.01460567;-0.1577854;0.8573567;0.4899377;-0.01060342;-0.4975955;0.8673438;-1
39120;-0.5846635;0.08866769;0.01120463;-0.08707871;0.7503389;0.6552914;-0.1629578;-0.6596586;0.7336855;-1
39160;-0.5838907;0.09126794;0.008912249;-0.05206946;0.6155084;0.7864079;-0.1879623;-0.7794423;0.5976113;-1
39200;-0.5832539;0.09369223;0.007246068;-0.09047942;0.5232724;0.8473483;-0.1903877;-0.8442343;0.5010198;-1
39240;-0.5819402;0.09653923;0.005864179;-0.1711959;0.4698744;0.8659734;-0.2089206;-0.8762739;0.4341616;-1
39280;-0.5797977;0.08515388;0.01803884;-0.02792341;0.9276603;0.3723769;-0.02159585;-0.3729952;0.9275817;-1
39320;-0.5813715;0.08621365;0.01542984;-0.05873679;0.8983138;0.4354077;-0.05472194;-0.4384023;0.897111;-1
39360;-0.5829328;0.08734009;0.01313825;-0.07056019;0.8381892;0.5407938;-0.1302192;-0.5452457;0.8280999;-1
39400;-0.5826058;0.08990991;0.01003073;-0.004393436;0.7028365;0.7113373;-0.2249397;-0.6938084;0.6841282;-1
39440;-0.5821882;0.09244916;0.008109989;-0.03576456;0.5432602;0.838802;-0.2029502;-0.8257972;0.5261843;-1
39480;-0.5808767;0.0945785;0.007003642;-0.1673411;0.4419256;0.8813049;-0.1707789;-0.89339;0.4155583;-1
39520;-0.579322;0.09786057;0.005824637;-0.2699094;0.4240934;0.8644428;-0.1221359;-0.9055554;0.4061766;-1
39560;-0.5783398;0.08403879;0.02121482;0.01762967;0.9385483;0.3446955;-0.01056565;-0.344555;0.9387067;-1
39600;-0.5798095;0.09944029;0.004810322;-0.2993381;0.5065765;0.8085647;-0.1775315;-0.8621938;0.4744517;-1
39640;-0.5768619;0.08272254;0.02461066;0.06307228;0.9307538;0.3601654;0.06344385;-0.3638933;0.9292774;-1
39680;-0.5749303;0.0812546;0.02766818;0.1274959;0.9015214;0.4134586;0.1332775;-0.4286611;0.8935781;-1
39720;-0.5723703;0.07928824;0.03071275;0.2017663;0.8486498;0.4888443;0.1123207;-0.5158757;0.8492599;-1
39760;-0.5698277;0.07693277;0.0332347;0.2663963;0.7859128;0.5579134;0.0446955;-0.5882776;0.8074076;-1
39800;-0.5671398;0.074352;0.03493981;0.3338948;0.6846579;0.6478454;-0.01238446;-0.6840302;0.7293304;-1
39840;-0.5674473;0.07796544;0.03048631;0.279646;0.8040977;0.5244486;0.08374436;-0.5645867;0.8210973;-1
39880;-0.5699969;0.08009967;0.02816855;0.2142486;0.8654591;0.4526456;0.1031891;-0.4808865;0.8706814;-1
39920;-0.5726324;0.0821123;0.02510936;0.1450528;0.9087267;0.3911957;0.06941684;-0.4037729;0.912218;-1
39960;-0.5747769;0.08346371;0.02194227;0.08758006;0.9317569;0.3522954;-0.03718735;-0.3503701;0.9358702;-1
40000;-0.567674;0.06843193;0.04045633;0.3560361;0.5563653;0.7507809;-0.104944;-0.7745283;0.6237542;-1
40040;-0.5763721;0.08479658;0.01879912;0.05618702;0.9304503;0.3620839;-0.07914542;-0.357365;0.9306052;-1
40080;-0.5717031;0.06388514;0.04494305;0.3176801;0.4427184;0.8384933;-0.1412383;-0.8523371;0.503547;-1
40120;-0.5778419;0.08618119;0.01570191;0.03558369;0.9150673;0.4017269;-0.1208908;-0.3950883;0.9106537;-1
40160;-0.5760749;0.05780964;0.04907387;0.2816669;0.3081574;0.9086819;-0.1832857;-0.912307;0.3662004;-1
40200;-0.5793262;0.08726525;0.01352066;0.01317541;0.879871;0.4750271;-0.1913238;-0.4640731;0.8648877;-1
40240;-0.5809285;0.08843045;0.01166206;0.008635834;0.8030977;0.5957828;-0.2509469;-0.5749981;0.7787184;-1
40280;-0.5777024;0.08809361;0.01179762;0.05844587;0.8239179;0.5636858;-0.3148024;-0.5206309;0.7936262;-1
40320;-0.5760526;0.08698936;0.01359162;0.09757075;0.9082309;0.4069353;-0.203449;-0.3820494;0.9014692;-1
40360;-0.5741936;0.0855855;0.01636953;0.0912515;0.926173;0.3657412;-0.1330614;-0.3526769;0.9262325;-1
40400;-0.5809946;0.09102115;0.00903461;-0.0002713017;0.5945714;0.8040426;-0.2763799;-0.7727686;0.5713516;-1
40440;-0.5792201;0.08943756;0.01025294;0.02532937;0.7034584;0.710285;-0.3491851;-0.6595332;0.6656468;-1
40480;-0.5790497;0.09218633;0.008427558;-0.1779195;0.4475044;0.8764043;-0.2436403;-0.8829172;0.4013685;-1
40520;-0.5726388;0.08431894;0.0194117;0.09441511;0.9300611;0.3546969;-0.09474975;-0.34635;0.9332961;-1
40560;-0.5774736;0.09044281;0.009519541;-0.1632086;0.5086864;0.845341;-0.3386452;-0.8336573;0.4362741;-1
40600;-0.5783518;0.09583496;0.006995307;-0.3039989;0.3909414;0.8687473;-0.08081302;-0.9191695;0.3853952;-1
40640;-0.5706881;0.08284901;0.02251977;0.1431543;0.9116783;0.3848568;-0.01528276;-0.3868281;0.9220158;-1
40680;-0.5767798;0.09342952;0.008749166;-0.3652389;0.3627121;0.857345;-0.1529859;-0.9318365;0.329053;-1
40720;-0.5679294;0.08093108;0.02552194;0.2125946;0.8751926;0.4344292;0.05383735;-0.4544202;0.8891549;-1
40760;-0.5654441;0.07906064;0.02768133;0.2685039;0.8263121;0.4949759;0.04579872;-0.5242108;0.850345;-1
40800;-0.5649386;0.07583803;0.03190249;0.3245503;0.7403462;0.5885751;0.03633857;-0.6315396;0.774463;-1
40840;-0.5643411;0.07174963;0.03602131;0.3707296;0.6155981;0.6954125;-0.04087041;-0.7372301;0.6744046;-1
40880;-0.5640976;0.06550191;0.04055948;0.4010572;0.492315;0.772481;-0.1072446;-0.8122376;0.5733302;-1
40920;-0.5678141;0.06071579;0.04489153;0.3669346;0.363849;0.8561004;-0.155242;-0.8834288;0.4420142;-1
40960;-0.5661023;0.08192539;0.0226797;0.2080057;0.8817484;0.4233834;0.009999309;-0.4347452;0.9004982;-1
41000;-0.5637182;0.08001035;0.02502209;0.2621483;0.8456008;0.4649128;0.05078412;-0.4931932;0.8684305;-1
41040;-0.5684804;0.08365425;0.01984869;0.1447119;0.9121647;0.3831396;-0.07616143;-0.3758511;0.9235338;-1
41080;-0.5704617;0.08494723;0.01706461;0.1046714;0.9309191;0.349329;-0.1198481;-0.3370112;0.9338213;-1
41120;-0.5660605;0.08428161;0.01735922;0.1514638;0.9119593;0.3810818;-0.07455905;-0.373946;0.9244248;-1
41160;-0.5720294;0.0860946;0.0143567;0.10579;0.9287295;0.3550699;-0.1726154;-0.3345578;0.9264199;-1
41200;-0.5683237;0.08556001;0.01491039;0.1046826;0.9277665;0.3575507;-0.1418703;-0.3420615;0.9288837;-1
41240;-0.5750748;0.08744039;0.01233234;0.1328488;0.8824621;0.4512337;-0.1931656;-0.4234867;0.8850685;-1
41280;-0.5617014;0.08101015;0.02174258;0.2567881;0.8560815;0.4483619;0.001252584;-0.4642446;0.8856871;-1
41320;-0.5632121;0.08300388;0.01864564;0.2083742;0.882116;0.4222647;-0.05346046;-0.4208495;0.9055243;-1
41360;-0.5599024;0.07921614;0.02383466;0.3028859;0.8214794;0.4829459;0.03150782;-0.5151357;0.8564969;-1
41400;-0.5637335;0.08488967;0.01467825;0.1560822;0.9002113;0.4058117;-0.07222176;-0.3994281;0.9138889;-1
41440;-0.5615027;0.07817082;0.02671845;0.3063824;0.8016129;0.5131811;0.03972693;-0.549419;0.8345775;-1
41480;-0.5578593;0.07743017;0.02536128;0.3521914;0.7762234;0.5227561;0.03708879;-0.569697;0.8209739;-1
41520;-0.5665154;0.08614992;0.01284961;0.1143745;0.9150144;0.3864417;-0.1192879;-0.3736382;0.9198602;-1
41560;-0.5681908;0.08694908;0.01146301;0.09966701;0.9017432;0.4200201;-0.1555168;-0.4029576;0.9018962;-1
41600;-0.5634688;0.08617528;0.01161988;0.1379488;0.8963068;0.4204439;-0.09228893;-0.4111403;0.9068521;-1
41640;-0.5653423;0.08693041;0.01073003;0.1283669;0.8917135;0.4335105;-0.1496393;-0.4147734;0.8975096;-1
41680;-0.5632103;0.08706757;0.009539947;0.1295893;0.8785585;0.4588255;-0.112707;-0.4468069;0.8874717;-1
41720;-0.5630811;0.07710861;0.02922108;0.3106361;0.7716166;0.5549102;0.03160998;-0.5918455;0.8053993;-1
41760;-0.5623463;0.07374476;0.03289777;0.3676074;0.6746687;0.6400181;-0.001751475;-0.6876944;0.725967;-1
41800;-0.5606613;0.07528852;0.03017269;0.3588848;0.710722;0.6049171;0.02650514;-0.6555859;0.7546034;-1
41840;-0.5611491;0.06888224;0.03666136;0.4138244;0.5479628;0.7269607;-0.06186013;-0.7797745;0.6229835;-1
41880;-0.5701193;0.0864509;0.01284683;0.07885152;0.9284331;0.3624494;-0.1676727;-0.3461751;0.923046;-1
41920;-0.5722211;0.08677949;0.01264438;0.1367069;0.8911469;0.4325452;-0.2063139;-0.4014755;0.8923253;-1
41960;-0.5592836;0.07634391;0.02791288;0.3544413;0.7455223;0.5642647;0.04971;-0.6176196;0.784863;-1
42000;-0.5591521;0.07102983;0.03363011;0.4143637;0.6100947;0.6751309;-0.04336942;-0.7276974;0.6843677;-1
42040;-0.5577431;0.07285035;0.03096158;0.4113554;0.6508972;0.6379847;-0.01094347;-0.6963716;0.7175505;-1
42080;-0.5566766;0.07436031;0.02862866;0.4051086;0.6885575;0.6014072;0.04773632;-0.6728396;0.7382149;-1
42120;-0.5556917;0.07560289;0.02632166;0.4050654;0.7257816;0.5552542;0.03859974;-0.620253;0.7832745;-1
42160;-0.5550677;0.07075812;0.0311535;0.4617991;0.5982159;0.6547006;-0.06106677;-0.7148984;0.6964303;-1
42200;-0.5542989;0.07255656;0.02886912;0.4626245;0.6331798;0.6205336;-0.001091003;-0.6995316;0.7146009;-1
42240;-0.5535907;0.07395443;0.0267576;0.4586976;0.6766698;0.574362;-0.007607784;-0.6430342;0.7652884;-1
42280;-0.5519931;0.07106976;0.0285592;0.5036554;0.5945101;0.6266087;-0.04004174;-0.7084666;0.704482;-1
42320;-0.5515186;0.07275504;0.02651379;0.4956543;0.6433628;0.581562;-0.04010002;-0.6516028;0.7567788;-1
42360;-0.5563112;0.0687802;0.03373619;0.4570257;0.5511758;0.6978803;-0.07948475;-0.75613;0.6493914;-1
42400;-0.5497499;0.06999646;0.02785506;0.5224863;0.576699;0.6278017;-0.05315306;-0.7128245;0.6991781;-1
42440;-0.5495549;0.07182127;0.02595258;0.5106152;0.6281723;0.585413;-0.04940871;-0.6581128;0.7506162;-1
42480;-0.552597;0.06907184;0.03084442;0.5031262;0.5553083;0.6619897;-0.0702673;-0.7371635;0.6719019;-1
42520;-0.5580506;0.06623013;0.03660735;0.4509184;0.4914095;0.7450979;-0.09101283;-0.8051192;0.5860703;-1
42560;-0.547532;0.06904584;0.02691304;0.5377057;0.5617147;0.6287221;-0.04921537;-0.723525;0.6884997;-1
42600;-0.5476127;0.07114632;0.0250693;0.5196634;0.6181251;0.5884265;-0.05576374;-0.662567;0.7463655;-1
42640;-0.5500314;0.06776083;0.0299958;0.5246933;0.5295316;0.6663376;-0.07632366;-0.7503242;0.6564867;-1
42680;-0.5534707;0.06687191;0.03321645;0.4994102;0.5068666;0.7024528;-0.09618385;-0.7733365;0.626506;-1
42720;-0.560348;0.06275;0.04012509;0.4451671;0.4129505;0.7945096;-0.119385;-0.8519856;0.5097117;-1
42760;-0.5452866;0.06832497;0.02570202;0.5386136;0.5559438;0.6330653;-0.05075443;-0.7285677;0.6830394;-1
42800;-0.5456467;0.07053538;0.02401837;0.5186043;0.6117225;0.5963609;-0.06421959;-0.6675038;0.7414266;-1
42840;-0.5475342;0.06678082;0.02880784;0.5446553;0.5122833;0.6639904;-0.09352374;-0.7496927;0.6551193;-1
42880;-0.5505663;0.06523973;0.03218031;0.528563;0.4772525;0.7018879;-0.1163132;-0.778299;0.6168982;-1
42920;-0.5547376;0.06395252;0.0360364;0.4927073;0.4442496;0.7482457;-0.1057923;-0.8229033;0.5582364;-1
42960;-0.5431005;0.06801786;0.02417786;0.5307182;0.5607632;0.6355134;-0.0550146;-0.7254526;0.6860657;-1
43000;-0.5437766;0.0703022;0.02266031;0.5142264;0.6134715;0.5990471;-0.07452073;-0.6638387;0.743995;-1
43040;-0.5450704;0.06615646;0.02724898;0.5509765;0.5054832;0.66396;-0.09491418;-0.7524418;0.651695;-1
43080;-0.5476999;0.06407972;0.03087138;0.5477443;0.461015;0.6979752;-0.1295632;-0.7773889;0.6153236;-1
43120;-0.5513024;0.06202807;0.03474431;0.5304922;0.4082345;0.742915;-0.1335715;-0.8251955;0.5488272;-1
43160;-0.5566028;0.0600874;0.03931439;0.4839222;0.3558597;0.7994859;-0.1285137;-0.8747788;0.4671597;-1
43200;-0.5410188;0.06807254;0.02238579;0.4932702;0.5817875;0.6466509;-0.05345909;-0.7216726;0.6901;-1
43240;-0.5419832;0.07036461;0.02102363;0.4858843;0.6289108;0.6067517;-0.06970961;-0.663947;0.7442525;-1
43280;-0.5426233;0.06579711;0.02554742;0.5382262;0.5101981;0.6708228;-0.09201416;-0.7556161;0.6485147;-1
43320;-0.5449542;0.06332484;0.02914095;0.5613874;0.4526371;0.6926152;-0.1367467;-0.7746451;0.6172535;-1
43360;-0.5480471;0.06074338;0.03307247;0.5545877;0.3898663;0.7351214;-0.146046;-0.8241148;0.547262;-1
43400;-0.5390955;0.06864184;0.02057943;0.4329639;0.614649;0.6592307;-0.03875341;-0.7178207;0.6948941;-1
43440;-0.5403985;0.07093856;0.0191885;0.4382212;0.6619635;0.607808;-0.04940944;-0.6571599;0.7517127;-1
43480;-0.540233;0.06587476;0.02362623;0.4999578;0.5296595;0.6852;-0.08830272;-0.7558804;0.6487248;-1
43520;-0.5422434;0.06307435;0.02712337;0.5511876;0.4553776;0.6991571;-0.144436;-0.7732117;0.6174783;-1
43560;-0.5373565;0.06949097;0.01872466;0.3796683;0.6531397;0.6550367;-0.02399287;-0.7007006;0.7127815;-1
43600;-0.538929;0.07169287;0.01731203;0.3978744;0.7004191;0.5923001;-0.03966259;-0.6315683;0.7739084;-1
43640;-0.5380121;0.06648088;0.02169303;0.4432429;0.5559164;0.703145;-0.07744271;-0.7579086;0.6476054;-1
43680;-0.552395;0.05742912;0.03781556;0.5256428;0.3140323;0.7905991;-0.2108865;-0.8522375;0.4787527;-1
43720;-0.5449725;0.05996993;0.0311286;0.5737206;0.3800847;0.7254907;-0.1580832;-0.817735;0.5534493;-1
43760;-0.5358883;0.0706041;0.0167835;0.3252566;0.7005755;0.6350383;-0.001207776;-0.6711355;0.7411596;-1
43800;-0.5376703;0.07259148;0.01534394;0.3559535;0.7424481;0.567311;-0.02141049;-0.6001539;0.7992697;-1
43840;-0.5395766;0.06345481;0.02485797;0.5212168;0.4654225;0.7153407;-0.1486877;-0.7758582;0.6131345;-1
43880;-0.5484623;0.05616774;0.03559671;0.5603176;0.2971717;0.7730824;-0.2723888;-0.8153324;0.5108898;-1
43920;-0.5535121;0.04958519;0.04134168;0.5293386;0.1920327;0.8262838;-0.3175052;-0.8582901;0.4030231;-1
43960;-0.5591109;0.05282627;0.04367619;0.4663716;0.2586908;0.8459018;-0.1984411;-0.9012964;0.3850548;-1
44000;-0.5347304;0.07202095;0.01459232;0.269509;0.7567521;0.5955163;0.01750951;-0.6220918;0.7826729;-1
44040;-0.5366662;0.07362428;0.013262;0.3119673;0.7898557;0.52786;-0.01777686;-0.5504088;0.8344771;-1
44080;-0.5638269;0.05723932;0.0445612;0.4110435;0.3168582;0.8547436;-0.1457857;-0.9026928;0.4047504;-1
44120;-0.5717355;0.05455717;0.04867541;0.3217621;0.270586;0.9073297;-0.1660929;-0.9272997;0.3354418;-1
44160;-0.5675431;0.05065431;0.04823185;0.3653905;0.2343227;0.900875;-0.1805589;-0.931572;0.3155394;-1
44200;-0.5808521;0.05103141;0.05240273;0.2337843;0.2308866;0.9444692;-0.1788753;-0.9445946;0.2751941;-1
44240;-0.5760356;0.04784991;0.05179252;0.2812433;0.20018;0.9385204;-0.174188;-0.9510981;0.2550603;-1
44280;-0.5847124;0.04485878;0.05452114;0.1994119;0.170784;0.9649146;-0.1946931;-0.9581555;0.2098233;-1
44320;-0.5630625;0.04668418;0.04720353;0.427082;0.1796622;0.886172;-0.2617489;-0.9135211;0.3113727;-1
44360;-0.5718569;0.04425211;0.05111807;0.3234657;0.1543998;0.9335527;-0.2350706;-0.9425486;0.2373349;-1
44400;-0.5885214;0.03849043;0.05620372;0.1867634;0.1236652;0.9745899;-0.2392428;-0.9564533;0.1672105;-1
44440;-0.5799438;0.04173508;0.05394167;0.2454584;0.129517;0.9607101;-0.2162423;-0.9587402;0.1844991;-1
44480;-0.5838908;0.0357729;0.055469;0.2265314;0.08281659;0.9704744;-0.2704129;-0.9518571;0.1443471;-1
44520;-0.575698;0.0384163;0.05308696;0.2893034;0.08609787;0.9533516;-0.2633218;-0.9503542;0.1657313;-1
44560;-0.5679995;0.04078567;0.05023696;0.3696014;0.1161004;0.9219047;-0.2792773;-0.9324012;0.2293853;-1
44600;-0.559426;0.04231247;0.04610754;0.488913;0.1077408;0.8655624;-0.3111589;-0.905412;0.2886042;-1
44640;-0.5914365;0.03334451;0.05734564;0.1910549;0.09535529;0.9769326;-0.2614264;-0.9543757;0.1442793;-1
44680;-0.5871304;0.03100342;0.05654518;0.2257985;0.05805428;0.9724406;-0.3013259;-0.9451044;0.1263887;-1
44720;-0.5962397;0.03576179;0.05792379;0.1483926;0.1339236;0.9798093;-0.2346497;-0.9577168;0.1664412;-1
44760;-0.6033447;0.03312413;0.05931026;0.1312186;0.1658971;0.9773603;-0.1578309;-0.969815;0.1858056;-1
44800;-0.5981075;0.0308008;0.05889367;0.1622612;0.1257968;0.9786852;-0.1927819;-0.9686755;0.1564717;-1
44840;-0.610435;0.03066467;0.06084865;0.1392901;0.2256389;0.964199;-0.102136;-0.9652315;0.2406049;-1
44880;-0.6045092;0.02868815;0.06031536;0.1636769;0.2049725;0.9649715;-0.1161522;-0.9673555;0.2251798;-1
44920;-0.6162802;0.02609056;0.06286477;0.1504469;0.2538897;0.9554453;-0.02256896;-0.9653116;0.2600651;-1
44960;-0.6112142;0.02513847;0.06241404;0.1550679;0.2465823;0.9566214;-0.09228262;-0.960485;0.2625366;-1
45000;-0.6197291;0.02150691;0.06481633;0.1086209;0.2382706;0.9650989;0.1619831;-0.9621099;0.219302;-1
45040;-0.6148319;0.02181932;0.06396358;0.1589079;0.2939703;0.9425037;-0.007217534;-0.9542624;0.2988548;-1
45080;-0.6231076;0.01792379;0.06581447;0.05825445;0.1136447;0.9918115;0.4373016;-0.8960132;0.0769828;-1
45120;-0.6228342;0.0142839;0.06608184;-0.4540609;0.3104777;0.8351242;-0.2140925;-0.9478775;0.2359934;-1
45160;-0.5995201;0.02660823;0.05976076;0.1939181;0.1887424;0.9626769;-0.1657772;-0.9608877;0.2217846;-1
45200;-0.6061914;0.02363196;0.06186809;0.1758162;0.2472243;0.9528588;-0.148627;-0.9501746;0.2739509;-1
45240;-0.6096027;0.0208113;0.06327385;0.172908;0.2632907;0.9490877;-0.1462966;-0.9460471;0.2890998;-1
45280;-0.5937207;0.0287139;0.05827872;0.2042611;0.08972938;0.974788;-0.2325469;-0.9628301;0.137357;-1
45320;-0.5899448;0.02672407;0.05754526;0.2375314;0.05855916;0.9696032;-0.2660795;-0.9560674;0.1229366;-1
45360;-0.6214987;0.01686828;0.06599292;-0.2779083;0.2903445;0.9156786;-0.04092536;-0.9559416;0.2906903;-1
45400;-0.6200591;0.018465;0.06585964;-0.1323712;0.4541121;0.8810562;0.02035007;-0.8874458;0.4604628;-1
45440;-0.6175768;0.01973382;0.06533809;0.05402264;0.4835725;0.873634;0.07006068;-0.8745911;0.47977;-1
45480;-0.6206176;0.01679556;0.06750917;-0.5807029;0.7857103;0.2131747;-0.562495;-0.5765209;0.5926408;-1
45520;-0.6142581;0.01998784;0.06462435;0.1919947;0.4596403;0.8671013;0.005160056;-0.8839992;0.4674551;-1
45560;-0.6186882;0.01809748;0.06687465;-0.2684388;0.8164732;0.511187;-0.3478831;-0.5770185;0.7389365;-1
45600;-0.6166441;0.01878996;0.06628557;0.02291198;0.7915184;0.6107156;-0.1645374;-0.5995603;0.7832336;-1
45640;-0.5921436;0.02331541;0.05845462;0.2772372;0.1359013;0.9511361;-0.1766721;-0.9658498;0.1894999;-1
45680;-0.5953944;0.02493426;0.05913592;0.2389153;0.1621369;0.9573995;-0.1928442;-0.9583915;0.2104277;-1
45720;-0.5966495;0.021522;0.06040116;0.2767485;0.3457104;0.8965986;-0.1396292;-0.9086717;0.3934641;-1
45760;-0.6016738;0.0216594;0.06162591;0.1670161;0.322682;0.9316505;-0.1229514;-0.9307304;0.3444045;-1
45800;-0.6045919;0.01893356;0.06297753;0.1103448;0.3033701;0.9464613;-0.1371739;-0.9385145;0.3168156;-1
45840;-0.6104757;0.01913171;0.06401347;0.2293977;0.3403587;0.9118828;-0.123412;-0.9191341;0.3741114;-1
45880;-0.614118;0.01891564;0.06559079;0.2340332;0.7139273;0.6599517;-0.02131887;-0.6748714;0.7376273;-1
45920;-0.6061671;0.01738763;0.06343935;0.168758;0.1987585;0.9654097;-0.1837055;-0.955953;0.2289242;-1
45960;-0.6177657;0.01781173;0.06808531;-0.125578;0.874937;0.4676703;-0.5229465;-0.4589716;0.7182425;-1
46000;-0.6159964;0.01808156;0.06739703;0.1001849;0.8396339;0.5338331;-0.402558;-0.4564512;0.7934731;-1
46040;-0.6193027;0.01724197;0.06887065;-0.2740272;0.8695372;0.4108701;-0.6031372;-0.4881474;0.6308231;-1
46080;-0.600664;0.01828445;0.06371193;-0.06837706;0.4313082;0.8996098;-0.1069351;-0.8996939;0.4232207;-1
46120;-0.6030723;0.01714937;0.063613;-0.1020639;0.05044597;0.993498;-0.219282;-0.9752882;0.02699413;-1
46160;-0.5991518;0.01922815;0.06311924;0.1173034;0.57906;0.806802;-0.04282104;-0.808706;0.5866524;-1
46200;-0.6002406;0.01719932;0.06405754;-0.08022963;0.06682473;0.9945339;-0.225642;-0.9730672;0.04717971;-1
46240;-0.6109662;0.01811235;0.06479739;0.3570364;0.5698813;0.7401083;0.001700185;-0.7927256;0.6095763;-1
46280;-0.6076881;0.01671304;0.0640007;0.3867321;0.3839548;0.8384612;-0.05055872;-0.8990093;0.4350013;-1
46320;-0.6040509;0.01580724;0.06337345;0.04983638;-0.2464376;0.9678765;-0.3474425;-0.9128307;-0.214532;-1
46360;-0.6019863;0.01587707;0.06345229;-0.02335994;-0.4884475;0.8722807;-0.3601739;-0.8098148;-0.4631144;-1
46400;-0.6051241;0.01553026;0.06339618;0.2361795;-0.06303272;0.9696629;-0.3078019;-0.9513599;0.01312802;-1
46440;-0.5982696;0.0176799;0.06399821;0.1810875;0.3295919;0.9265941;-0.03413259;-0.9394972;0.3408522;-1
46480;-0.59672;0.01925458;0.0623225;0.301684;0.6023239;0.7390485;-0.01735913;-0.7715664;0.6359119;-1
46520;-0.5998651;0.01627259;0.06371763;-0.01863692;-0.5210317;0.853334;-0.174885;-0.8386257;-0.5158705;-1
46560;-0.6112791;0.01730771;0.06599846;0.4219967;0.7082291;0.5659772;-0.03321534;-0.6117904;0.7903225;-1
46600;-0.6084243;0.01595877;0.06495418;0.5329454;0.6198769;0.5759529;0.1105402;-0.7258469;0.6789162;-1
46640;-0.6057806;0.01499155;0.06348664;0.509747;0.2086497;0.8346395;-0.06402424;-0.9582551;0.2786542;-1
46680;-0.6138957;0.01799819;0.06673252;0.272013;0.7833613;0.5588863;-0.2094724;-0.5186567;0.828925;-1
46720;-0.5953038;0.01874246;0.06183045;0.4486208;0.5385262;0.7132524;0.05662672;-0.8135937;0.5786698;-1
46760;-0.5963857;0.01781425;0.06317172;0.390402;0.4078431;0.8253789;0.07074331;-0.9071617;0.4147929;-1
46800;-0.5979024;0.01660006;0.06396408;0.1861355;-0.3176039;0.929775;-0.006092921;-0.9466675;-0.3221546;-1
46840;-0.5936864;0.01994175;0.05980074;0.3455194;0.3422126;0.8737874;-0.07559891;-0.9179574;0.3894054;-1
46880;-0.5952253;0.01758038;0.06246499;0.5544286;0.2754452;0.7853273;0.1376926;-0.9609956;0.2398503;-1
46920;-0.596167;0.01665421;0.06330085;0.4556577;-0.1876842;0.8701442;0.05945022;-0.9689208;-0.2401212;-1
46960;-0.5941079;0.01763459;0.06164718;0.4442558;0.3565932;0.8218747;0.0606258;-0.9272363;0.3695367;-1
47000;-0.5950935;0.01658639;0.06239661;0.584201;-0.2144989;0.7827512;0.1100485;-0.9346015;-0.3382446;-1
47040;-0.5994383;0.01587921;0.06301316;0.02951637;-0.8973106;0.440412;-0.1500639;-0.4395882;-0.885575;-1
47080;-0.5976465;0.01585107;0.06322055;0.08876287;-0.8483045;0.522016;-0.04193155;-0.5268024;-0.8489529;-1
47120;-0.5961062;0.01578856;0.0626768;0.2879877;-0.7971033;0.5307443;-0.03870213;-0.5634594;-0.8252368;-1
47160;-0.601416;0.01555175;0.06276349;0.1184342;-0.8545378;0.505706;-0.3648933;-0.5111111;-0.7782149;-1
47200;-0.6030546;0.01498592;0.06254335;0.2628434;-0.655174;0.7082799;-0.3201163;-0.7517275;-0.5765684;-1
47240;-0.6037204;0.01465978;0.06259926;0.4205722;-0.3288495;0.8455632;-0.2352782;-0.9396458;-0.248415;-1
47280;-0.6044326;0.0140419;0.06273986;0.5968746;0.1050543;0.7954271;0.0187851;-0.9929489;0.1170456;-1
47320;-0.6061918;0.01432224;0.06412051;0.6345012;0.5577306;0.5351118;0.2497965;-0.80314;0.5408954;-1
47360;-0.5991511;0.01561207;0.06208323;0.0661241;-0.9503001;0.3042325;-0.2330709;-0.3111753;-0.9213295;-1
47400;-0.6007087;0.01550651;0.06229078;0.1494255;-0.9288252;0.3390513;-0.3547927;-0.3704322;-0.85843;-1
47440;-0.601572;0.015026;0.0616827;0.3015315;-0.8286223;0.4716609;-0.3427308;-0.5558183;-0.7573649;-1
47480;-0.6004604;0.01474644;0.06022796;0.3314751;-0.7851631;0.5231092;-0.3329871;-0.6161358;-0.7137902;-1
47520;-0.597391;0.01554106;0.06198641;0.04415116;-0.9597537;0.2773513;-0.1583437;-0.2808354;-0.9466038;-1
47560;-0.602106;0.01391587;0.06099221;0.595827;-0.4372695;0.6736361;-0.1958211;-0.8925656;-0.4061781;-1
47600;-0.5970778;0.01524779;0.06051284;0.06612013;-0.9282678;0.3659877;-0.1307928;-0.3716885;-0.9190978;-1
47640;-0.5963328;0.01543801;0.06134129;0.07884169;-0.9675437;0.2400904;-0.1555208;-0.2498289;-0.9557191;-1
47680;-0.6025431;0.01361166;0.06135583;0.6702219;-0.09369095;0.7362232;-0.06340137;-0.9956013;-0.06898154;-1
47720;-0.6014036;0.01270197;0.05995267;0.5367517;0.1829428;0.8236684;0.02164806;-0.9788754;0.2033083;-1
47760;-0.6031554;0.01293887;0.06186477;0.7051255;0.199028;0.6805777;0.05340119;-0.9719797;0.2289183;-1
47800;-0.5950562;0.01578231;0.06174888;0.32982;-0.7671778;0.5501429;0.01440654;-0.5785933;-0.815489;-1
47840;-0.5997502;0.01408339;0.05886877;0.2643775;-0.2581234;0.9292346;-0.1322001;-0.9641215;-0.2302019;-1
47880;-0.5953037;0.0152958;0.06054988;0.01452871;-0.9110129;0.412122;0.07309259;-0.4100951;-0.9091091;-1
47920;-0.5938121;0.01650761;0.06146832;0.3489628;-0.1625431;0.9229327;0.1092699;-0.9710683;-0.2123357;-1
47960;-0.6048945;0.01313537;0.06354608;0.7186973;0.5215006;0.4599036;0.2794935;-0.8223076;0.4956751;-1
48000;-0.5966927;0.01473784;0.05915122;0.006452985;-0.4385839;0.8986671;0.03634576;-0.8979891;-0.438514;-1
48040;-0.5937285;0.01559274;0.06078024;0.04590013;-0.6847575;0.7273242;0.2805416;-0.6899534;-0.6672785;-1
48080;-0.5925469;0.01775531;0.0609384;0.2890652;0.4631864;0.8377945;0.04019399;-0.880256;0.4727937;-1
48120;-0.5917882;0.01587674;0.06108619;-0.1354319;0.2192155;0.9662313;0.02370397;-0.9742203;0.2243505;-1
48160;-0.5909373;0.01911327;0.05912698;0.3228862;0.3964444;0.8594036;-0.00570748;-0.9072082;0.4206412;-1
48200;-0.5904398;0.01756331;0.06052569;0.147476;0.5806305;0.8006987;0.08478276;-0.8139923;0.5746547;-1
48240;-0.5892829;0.02175011;0.05774096;0.2906088;0.1221111;0.949015;-0.1282634;-0.977896;0.1651036;-1
48280;-0.5891445;0.01855625;0.05893658;0.31801;0.5759491;0.7530936;0.1086812;-0.8112373;0.5745238;-1
48320;-0.5866502;0.02488661;0.05677874;0.2589893;0.03783321;0.9651275;-0.2566622;-0.960594;0.1065462;-1
48360;-0.58329;0.02880645;0.055679;0.2571712;0.02772417;0.9659652;-0.3342116;-0.935347;0.1158199;-1
48400;-0.5797613;0.033057;0.05457333;0.2656009;0.04301452;0.9631196;-0.3268642;-0.9358078;0.1319303;-1
48440;-0.5717233;0.03392747;0.05210764;0.3341049;0.02757631;0.9421182;-0.3184479;-0.9374615;0.1403858;-1
48480;-0.5657995;0.03725022;0.04964118;0.4250935;0.04669288;0.9039022;-0.2865465;-0.9403016;0.1834058;-1
48520;-0.5883061;0.01751441;0.06003101;0.1889747;0.7476677;0.6366162;0.1814876;-0.6637211;0.7256277;-1
48560;-0.5879701;0.01929069;0.05771744;0.299721;0.4205618;0.8563244;0.06956734;-0.9048327;0.4200363;-1
48600;-0.5852946;0.02062838;0.05670327;0.3036569;0.1682216;0.93781;-0.05185378;-0.9799069;0.1925608;-1
48640;-0.5834786;0.02319525;0.05595174;0.3031985;0.001844626;0.9529123;-0.2348528;-0.9689844;0.07661905;-1
48680;-0.5799351;0.02667709;0.05474941;0.2988158;-0.01895143;0.9541072;-0.338414;-0.9368982;0.08739998;-1
48720;-0.5761402;0.02998677;0.05358521;0.3044549;-0.003336934;0.9525069;-0.3674195;-0.9229836;0.1142202;-1
48760;-0.589662;0.01586339;0.06152326;-0.1100961;0.5597824;0.8212932;0.0159641;-0.8252139;0.5645948;-1
48800;-0.5863787;0.01766498;0.05872514;0.2075378;0.7219509;0.6600852;0.2016233;-0.6918564;0.6933092;-1
48840;-0.5874758;0.01610518;0.06164804;0.1068466;0.7170802;0.6887523;0.08734902;-0.6968093;0.711918;-1
48880;-0.5820333;0.01967086;0.05545437;0.4194877;0.1704886;0.8916031;-0.0846087;-0.9705759;0.2253933;-1
48920;-0.5810419;0.02150333;0.0549111;0.3556531;-0.06140527;0.9325824;-0.2945649;-0.9543176;0.049521;-1
48960;-0.5841147;0.0180669;0.05737077;0.2237419;0.7024714;0.6756251;0.2010014;-0.7115513;0.6732639;-1
49000;-0.5852628;0.01618272;0.06078123;0.1850485;0.7695899;0.6111363;0.154966;-0.6369476;0.7551705;-1
49040;-0.577334;0.02447051;0.0537893;0.3407135;-0.08414657;0.9363682;-0.3936781;-0.9171743;0.06086995;-1
49080;-0.5872948;0.01458248;0.06296812;0.06558567;0.6187875;0.7828159;-0.1159948;-0.7744585;0.6218997;-1
49120;-0.5808591;0.01940276;0.05488465;0.5031785;0.1421741;0.852393;-0.1120096;-0.9673018;0.2274686;-1
49160;-0.5818322;0.01828349;0.05609157;0.4043668;0.7241647;0.5586277;0.2389493;-0.6732206;0.6997579;-1
49200;-0.5827294;0.01638837;0.05992271;0.1488528;0.7837386;0.6029879;0.2458678;-0.6199636;0.7451105;-1
49240;-0.5799259;0.02011755;0.05433918;0.3859128;-0.1002059;0.9170569;-0.4494685;-0.8884918;0.0920786;-1
49280;-0.5849949;0.01445572;0.06245203;0.188305;0.6408238;0.7442352;0.03092134;-0.7612845;0.6476804;-1
49320;-0.5733535;0.02708891;0.05255115;0.3574914;-0.07619107;0.9307664;-0.370237;-0.9264829;0.06642994;-1
49360;-0.5755486;0.02222376;0.05284598;0.3777987;-0.1401601;0.9151806;-0.4749199;-0.8777745;0.0616929;-1
49400;-0.5794842;0.01859561;0.05412207;0.5059242;-0.1066553;0.8559341;-0.3731221;-0.9216968;0.1057009;-1
49440;-0.569474;0.02993305;0.0511687;0.3973132;-0.06040366;0.9156396;-0.3425724;-0.9353561;0.08704439;-1
49480;-0.5712687;0.02432775;0.05138171;0.4113571;-0.1503665;0.8989207;-0.3835719;-0.9231213;0.02124748;-1
49520;-0.5804111;0.01830171;0.05495562;0.7070625;0.5788794;0.4061202;0.3979077;-0.8004571;0.4482076;-1
49560;-0.5791655;0.01618405;0.05342304;0.7022079;-0.3414273;0.6246587;-0.447583;-0.8940321;0.01450345;-1
49600;-0.5744827;0.01964344;0.05195218;0.4173452;-0.2188416;0.8819578;-0.5259597;-0.8495171;0.03816409;-1
49640;-0.5788963;0.0159014;0.05587482;0.9703516;0.2331829;-0.06057367;0.2292065;-0.8160987;0.5302545;-1
49680;-0.5791394;0.01097001;0.05574649;0.8381272;-0.4438219;-0.3160341;-0.441158;-0.8930437;0.08423817;-1
49720;-0.5801064;0.0167699;0.05879373;0.5251806;0.7359685;0.4272318;0.3336461;-0.639918;0.6922215;-1
49760;-0.5641629;0.03322499;0.04898043;0.4586417;-0.03777346;0.8877143;-0.3173292;-0.9400156;0.1241534;-1
49800;-0.5774964;0.01226158;0.06009062;0.9804723;0.190769;0.04381585;0.1639693;-0.9227209;0.3483965;-1
49840;-0.5823397;0.0142546;0.06187346;0.1755915;0.6538689;0.7359501;0.1455799;-0.7565924;0.6374749;-1
49880;-0.5582613;0.03702329;0.0457732;0.5196955;0.006777305;0.8541472;-0.3383077;-0.9163564;0.2134213;-1
49920;-0.5792012;0.01403809;0.06149609;0.5805944;0.5827273;0.5686267;0.1930075;-0.7769901;0.5991899;-1
49960;-0.5799302;0.01116884;0.06373484;0.470989;0.42852;0.7710642;0.123592;-0.8975184;0.4233036;-1
50000;-0.582917;0.01217982;0.06379357;0.1734457;0.5701676;0.8030104;0.02175573;-0.8173878;0.575677;-1
50040;-0.5528202;0.04074182;0.04220252;0.5690643;0.04907806;0.8206112;-0.360048;-0.8822684;0.302784;-1
50080;-0.5854987;0.01270422;0.0638947;0.1389121;0.5635931;0.8142889;-0.1016747;-0.809799;0.5778304;-1
50120;-0.5571195;0.03213632;0.04473878;0.5464948;-0.1026504;0.8309876;-0.3703013;-0.9195486;0.1302335;-1
50160;-0.5520729;0.03535652;0.04156284;0.6067875;-0.07277571;0.7913711;-0.4006699;-0.8878106;0.2258254;-1
50200;-0.5626272;0.02881037;0.04764716;0.4969071;-0.1314091;0.8576506;-0.3391519;-0.9390002;0.05291308;-1
50240;-0.5673106;0.02628687;0.04978013;0.4537412;-0.146191;0.8789591;-0.3301422;-0.9436296;0.01367866;-1
50280;-0.569746;0.02069792;0.04993993;0.4483792;-0.2364064;0.8619279;-0.4198665;-0.9068386;-0.03015945;-1
50320;-0.5739951;0.0160943;0.05066197;0.4197601;-0.4177059;0.8057687;-0.5645182;-0.8152335;-0.1285056;-1
50360;-0.5559068;0.02682148;0.04294357;0.5764192;-0.2028398;0.7915035;-0.4129371;-0.9080806;0.06812229;-1
50400;-0.5609937;0.02379705;0.04558139;0.5252567;-0.2229726;0.8210627;-0.3755046;-0.9264326;-0.01111211;-1
50440;-0.5651956;0.02195871;0.0476679;0.4891645;-0.2350027;0.8398055;-0.3487251;-0.9350821;-0.05832021;-1
50480;-0.5512281;0.02995148;0.04000215;0.6473413;-0.1771598;0.7411975;-0.4348;-0.8844213;0.1684332;-1
50520;-0.5685945;0.01645686;0.04780659;0.44007;-0.4060841;0.8007321;-0.4434769;-0.8735034;-0.1991186;-1
50560;-0.5749412;0.01114219;0.04777038;0.4062103;-0.4598565;0.789573;-0.4933933;-0.8375567;-0.2340088;-1
50600;-0.5684146;0.01142576;0.04466857;0.4154917;-0.4287713;0.8019135;-0.3855335;-0.8810441;-0.271578;-1
50640;-0.580434;0.01187836;0.05156694;0.642444;-0.5659994;0.5162088;-0.5181381;-0.8172047;-0.2513303;-1
50680;-0.5547683;0.0218939;0.04008537;0.6190453;-0.3182105;0.7169973;-0.4164263;-0.907029;-0.04229622;-1
50720;-0.5593339;0.01910277;0.04266379;0.5591645;-0.348487;0.7516587;-0.3717293;-0.9156747;-0.1475444;-1
50760;-0.5640339;0.0173458;0.04527207;0.5021265;-0.3722462;0.7802233;-0.3538514;-0.9114915;-0.2068825;-1
50800;-0.5631729;0.01246835;0.04194965;0.4736596;-0.3506989;0.8073751;-0.2933567;-0.9267306;-0.2305037;-1
50840;-0.5575331;0.01481895;0.03860934;0.5329874;-0.2567018;0.8057417;-0.250632;-0.9572544;-0.1389116;-1
50880;-0.5529095;0.01776291;0.03571521;0.5952284;-0.1801448;0.7822852;-0.2724736;-0.9609577;-0.01351717;-1
50920;-0.5836321;0.006959587;0.0500723;0.6282896;-0.4666624;0.6219699;-0.2383379;-0.8764796;-0.4172951;-1
50960;-0.5488486;0.01439368;0.03341085;0.4359145;0.1311464;0.8900072;-0.1050306;-0.9737767;0.1956006;-1
51000;-0.548949;0.0208849;0.03288849;0.6482751;-0.1260033;0.7495459;-0.2962155;-0.9484091;0.09751481;-1
51040;-0.5886916;0.004671142;0.05575128;0.6721134;-0.6414655;0.3693104;-0.2658273;-0.6746814;-0.6884063;-1
51080;-0.5445566;0.01794133;0.03078861;0.4393312;0.2270478;0.8687152;-0.1401083;-0.9369432;0.3166342;-1
51120;-0.5504637;0.02516472;0.03739869;0.6882509;-0.2773526;0.6689472;-0.4282529;-0.8996491;0.06836905;-1
51160;-0.545158;0.02427907;0.0298135;0.6849167;-0.07266229;0.7231279;-0.2890615;-0.9380354;0.1806438;-1
51200;-0.5389049;0.01687628;0.0290547;0.30223;0.426044;0.8524075;-0.09153262;-0.8764392;0.4713062;-1
51240;-0.5461508;0.02840412;0.03369904;0.7387927;-0.2466443;0.625381;-0.4281217;-0.8885391;0.1562016;-1
51280;-0.5409931;0.02131966;0.02775369;0.489349;0.2790196;0.8255061;-0.1463235;-0.905911;0.3942096;-1
51320;-0.5311388;0.0178103;0.02605918;0.2164116;0.5925769;0.7755965;0.0424343;-0.798987;0.5992416;-1
51360;-0.5466104;0.03308126;0.03637925;0.7073797;-0.1681427;0.6862019;-0.4509946;-0.8546763;0.2557174;-1
51400;-0.5418715;0.02709343;0.02721023;0.7252309;-0.03681014;0.6855807;-0.2620506;-0.9356042;0.2281535;-1
51440;-0.5358118;0.01997638;0.02608928;0.3509089;0.4887157;0.798307;-0.08903676;-0.8307062;0.5485258;-1
51480;-0.5235573;0.01954006;0.02273669;0.1480353;0.7093766;0.6888613;-0.003760945;-0.6959003;0.7179047;-1
51520;-0.5473098;0.03834057;0.03791961;0.6615574;-0.06144969;0.7471506;-0.4263349;-0.8503745;0.3078375;-1
51560;-0.5426325;0.03138696;0.03032488;0.7761683;-0.2163695;0.5902846;-0.4229428;-0.8731306;0.2370545;-1
51600;-0.5383953;0.02387846;0.02500908;0.5521061;0.301972;0.7761573;-0.1095046;-0.895802;0.4278241;-1
51640;-0.5293826;0.02060846;0.0231692;0.2629457;0.6278825;0.7321675;0.01259177;-0.7606531;0.6485081;-1
51680;-0.5157935;0.02143904;0.01929849;0.13251;0.7744763;0.6183953;-0.04162385;-0.6188876;0.7842885;-1
51720;-0.5336985;0.02257178;0.0233294;0.3969081;0.5189397;0.7564922;-0.03803021;-0.8137856;0.5790233;-1
51760;-0.5359825;0.02622858;0.02209016;0.6154464;0.3213367;0.7183613;-0.1344138;-0.8547162;0.4990944;-1
51800;-0.5233104;0.0223588;0.01963669;0.1817032;0.7401928;0.6470178;-0.01208927;-0.6559762;0.75445;-1
51840;-0.528958;0.02265637;0.02112024;0.3071622;0.6418576;0.7019673;-0.01800616;-0.7333353;0.6789619;-1
51880;-0.5388343;0.02992395;0.02407127;0.7729558;-0.001789525;0.6320243;-0.2668721;-0.9054654;0.3251331;-1
51920;-0.5320632;0.0245022;0.02079526;0.4497275;0.5377499;0.711884;-0.119066;-0.7534261;0.6455694;-1
51960;-0.5339338;0.02839059;0.01892894;0.6678835;0.3513536;0.6538476;-0.1426335;-0.8021116;0.5780755;-1
52000;-0.5083444;0.02282718;0.01586009;0.1280058;0.8314312;0.540592;-0.07357401;-0.5355747;0.8412524;-1
52040;-0.516784;0.02486038;0.01484609;0.1663958;0.8045604;0.5697767;0.0119683;-0.5792893;0.814925;-1
52080;-0.502035;0.02447697;0.01116487;0.1174711;0.876984;0.4659398;-0.01912828;-0.4671032;0.8839958;-1
52120;-0.5096508;0.02557713;0.01182459;0.1695924;0.8442667;0.5082297;0.09651712;-0.5273987;0.8440816;-1
52160;-0.4985235;0.02632322;0.00610958;0.1161524;0.9489333;0.293316;-0.09515929;-0.2833245;0.9542913;-1
52200;-0.4927969;0.0254974;0.006812015;0.05407777;0.9631041;0.2636198;-0.224512;-0.245529;0.9430105;-1
52240;-0.4972835;0.02706211;2.641686e-05;0.1283895;0.9917238;0.0003780753;0.0001272671;-0.0003975718;0.9999999;-1
52280;-0.49133;0.02664574;2.843242e-05;0.06851556;0.9976467;0.0004496661;0.0001241975;-0.0004594745;0.9999758;-1
52320;-0.492798;0.02550399;-0.006756025;0.05402464;0.9633483;-0.2627376;0.2247307;0.2446519;0.9431867;-1
52360;-0.4985251;0.02632799;-0.006057519;0.1160772;0.9491627;-0.2926029;0.09539319;0.2825788;0.9544891;-1
52400;-0.4949901;0.02308969;-0.01297806;0.01480479;0.9132348;-0.4071427;0.1843619;0.3977272;0.8987679;-1
52440;-0.5015147;0.02790185;2.546965e-05;0.2056472;0.9786263;0.0003216425;0.000135715;-0.0003568674;0.9999999;-1
52480;-0.5024834;0.02730376;0.004740641;0.1875332;0.9446691;0.2691314;0.04519544;-0.2820008;0.958349;-1
52520;-0.5051339;0.02636086;0.008594178;0.1779591;0.8856528;0.4288939;0.1619114;-0.4562643;0.8749901;-1
52560;-0.5020379;0.02448519;-0.01111525;0.1173469;0.8773282;-0.4653226;0.01928504;0.4664585;0.8843328;-1
52600;-0.5024846;0.02730707;-0.004690377;0.1874592;0.9448579;-0.2685198;-0.04493017;0.2813278;0.9585592;-1
52640;-0.5046921;0.02850063;2.497344e-05;0.2324757;0.9725432;0.0002790874;0.0001364865;-0.0003185907;0.9999999;-1
52680;-0.5053254;0.02817896;0.00369789;0.2223513;0.948228;0.2265054;0.1095815;-0.2551434;0.9606684;-1
52720;-0.5073328;0.02759164;0.006638909;0.2017696;0.9037395;0.3773418;0.3905764;-0.4275256;0.8152362;-1
52760;-0.5077008;0.01986894;-0.01985439;0.04695144;0.8506733;-0.5234841;0.1162662;0.5158139;0.8487418;-1
52800;-0.4979281;0.01965098;-0.02087951;-0.03405781;0.866363;-0.4982224;0.2850649;0.4862463;0.8259907;-1
52840;-0.508213;0.01698981;-0.02434219;0.004924267;0.7865867;-0.6173818;0.1521038;0.6095882;0.7779443;-1
52880;-0.5003804;0.01508668;-0.02687608;-0.01432012;0.7155507;-0.6983764;0.2841522;0.6725964;0.6832555;-1
52920;-0.5104595;0.01214648;-0.0291468;0.004066873;0.604738;-0.796365;0.2095503;0.778142;0.5920206;-1
52960;-0.5030368;0.008883005;-0.03155038;-0.05100956;0.5820772;-0.8114853;0.3102479;0.7816191;0.541105;-1
53000;-0.51322;0.006097738;-0.03252423;-0.02105349;0.4544067;-0.8905048;0.2570791;0.8631724;0.4344229;-1
53040;-0.5062272;0.001380877;-0.03544228;-0.1091989;0.4434592;-0.8895626;0.3456787;0.8560494;0.3842836;-1
53080;-0.5160914;-0.0004309628;-0.03523461;-0.05271213;0.2957748;-0.9537668;0.2942553;0.9172345;0.2682152;-1
53120;-0.5095816;-0.006833477;-0.0374225;-0.1714962;0.283628;-0.9434132;0.3501289;0.9126887;0.2107277;-1
53160;-0.5192099;-0.007646291;-0.03647473;-0.0821202;0.1283834;-0.9882867;0.3045374;0.9473545;0.09777937;-1
53200;-0.5125359;-0.01522741;-0.03792839;-0.2243191;0.1462042;-0.9634199;0.3502485;0.93468;0.06029699;-1
53240;-0.5227675;-0.01568751;-0.0366308;-0.1129445;0.0184341;-0.9933995;0.318542;0.9475583;-0.01863599;-1
53280;-0.5166264;-0.02564503;-0.03761911;-0.2924418;-0.08911186;-0.9520549;0.3626622;0.9108355;-0.1966602;-1
53320;-0.5270852;-0.02468547;-0.03580086;-0.1620037;-0.2500031;-0.9545511;0.3137136;0.903878;-0.2900949;-1
53360;-0.5207598;-0.03491125;-0.03240513;-0.3070389;-0.5485342;-0.7776024;0.2978687;0.7205315;-0.6260132;-1
53400;-0.5312276;-0.03326866;-0.03082186;-0.2082864;-0.5436829;-0.8128876;0.2775377;0.7638244;-0.5823317;-1
53440;-0.5241162;-0.04192492;-0.02564412;-0.3011418;-0.7837743;-0.5428713;0.2335533;0.4912176;-0.8390442;-1
53480;-0.5346044;-0.04027606;-0.02354967;-0.2302796;-0.7829231;-0.5774426;0.2221782;0.5351429;-0.8148378;-1
53520;-0.5272213;-0.04746574;-0.01339069;-0.2568883;-0.9312601;-0.2574426;0.1475077;0.2253944;-0.9630051;-1
53560;-0.5371992;-0.04564865;-0.0120902;-0.2213798;-0.9276968;-0.2990992;0.2161002;0.25221;-0.9431731;-1
53600;-0.528658;-0.0491738;7.580573e-06;-0.2336847;-0.971965;-0.0002261064;0.2260539;-0.05412721;-0.9725904;-1
53640;-0.5379374;-0.04733758;1.259293e-05;-0.213583;-0.9763811;-0.0001716363;0.2525859;-0.05509005;-0.9659671;-1
53680;-0.5440694;-0.04453678;-0.01153224;-0.1906549;-0.9344989;-0.2984605;0.1759901;0.2663057;-0.9476065;-1
53720;-0.5448227;-0.04615231;1.67821e-05;-0.197492;-0.9795474;-0.000121644;0.08890347;-0.01781022;-0.9958745;-1
53760;-0.5416358;-0.03937348;-0.02260022;-0.1725686;-0.8008392;-0.5727454;0.1902293;0.5430208;-0.817628;-1
53800;-0.5383042;-0.03234949;-0.02981474;-0.1437671;-0.5867272;-0.7966784;0.2343068;0.7615069;-0.6037533;-1
53840;-0.5345315;-0.0244603;-0.03477909;-0.1108435;-0.3020141;-0.9467811;0.2696747;0.9073501;-0.3212748;-1
53880;-0.5306396;-0.0161344;-0.03600158;-0.06688406;-0.04163684;-0.9968768;0.2777706;0.9585104;-0.05870603;-1
53920;-0.5513172;-0.04357801;-0.01097984;-0.1791514;-0.9419383;-0.2807381;0.09139384;0.2678629;-0.9590245;-1
53960;-0.5520264;-0.04498455;2.08735e-05;-0.1969405;-0.9793559;-8.271408e-05;0.008106166;-0.00155911;-0.9999658;-1
54000;-0.5491805;-0.03879352;-0.02188122;-0.1345529;-0.8281979;-0.542866;0.1437716;0.5251961;-0.8384178;-1
54040;-0.5461077;-0.03208303;-0.02932949;-0.07435951;-0.6394361;-0.7648248;0.1876259;0.7436571;-0.6409729;-1
54080;-0.5425422;-0.0246175;-0.03403877;-0.03676947;-0.3685755;-0.9287739;0.2304848;0.9005691;-0.3669934;-1
54120;-0.5592718;-0.04247152;-0.01054464;-0.1583297;-0.9513636;-0.2599208;0.01423416;0.2606795;-0.9652299;-1
54160;-0.559986;-0.0434708;2.413473e-05;-0.1706942;-0.984061;-4.180576e-05;-0.07189016;0.01249662;-0.9973282;-1
54200;-0.5573519;-0.03815338;-0.02123355;-0.1140848;-0.8569542;-0.5008495;0.08700598;0.4929598;-0.8653393;-1
54240;-0.5547085;-0.03219429;-0.02897001;-0.05185182;-0.6862594;-0.7247835;0.14669;0.7118145;-0.6860061;-1
54280;-0.5675164;-0.04144941;-0.01002505;-0.05575142;-0.9663645;-0.2459355;-0.09878594;0.2501124;-0.963059;-1
54320;-0.5682973;-0.04265826;2.719973e-05;-0.0484044;-0.9974656;2.715977e-05;-0.206919;0.01095717;-0.9782389;-1
54360;-0.5658552;-0.0376306;-0.02090608;-0.04348349;-0.8854577;-0.4603824;0.02567198;0.4590356;-0.8877163;-1
54400;-0.5758324;-0.04188821;-0.009588202;0.1449294;-0.9569867;-0.2465786;-0.2381148;0.2077333;-0.9486275;-1
54440;-0.5764328;-0.04308191;2.867903e-05;0.1434329;-0.9883845;0.0001250498;-0.3214769;-0.0467836;-0.9456237;-1
54480;-0.5849239;-0.04564121;2.866914e-05;0.4094323;-0.9111807;0.0002376665;-0.4314976;-0.1941266;-0.8807159;-1
54520;-0.5512231;-0.02525488;-0.03397152;0.003901576;-0.4315981;-0.9018483;0.2055051;0.881994;-0.422071;-1
54560;-0.5637588;-0.03224477;-0.02868887;0.001774162;-0.7409841;-0.6704317;0.1233545;0.6645581;-0.7361397;-1
54600;-0.5748055;-0.03793108;-0.02034423;0.1420877;-0.8963113;-0.4175565;-0.03872818;0.4159307;-0.9083216;-1
54640;-0.5845084;-0.0441332;-0.009823418;0.3812413;-0.8952389;-0.2262793;-0.3240415;0.09926376;-0.9406933;-1
54680;-0.596657;-0.05086216;2.775528e-05;0.391339;-0.9195415;0.0003160207;-0.4311721;-0.1838061;-0.8831914;-1
54720;-0.5841951;-0.04038458;-0.02050397;0.3559564;-0.8531167;-0.3791065;-0.079881;0.3759812;-0.9230084;-1
54760;-0.5961977;-0.04924177;-0.01076749;0.3938316;-0.8951039;-0.2060233;-0.2894395;0.09165019;-0.9527366;-1
54800;-0.6117512;-0.05619914;2.436206e-05;0.3166695;-0.9482393;0.000349518;-0.3142524;-0.105296;-0.9434503;-1
54840;-0.5734024;-0.03289782;-0.02861143;0.1401735;-0.7911344;-0.5939779;0.0969705;0.6072463;-0.7879472;-1
54880;-0.5602317;-0.02563802;-0.03379294;0.0463649;-0.5021023;-0.8631864;0.1993848;0.8502368;-0.4851139;-1
54920;-0.5835596;-0.03508905;-0.02938771;0.3429142;-0.7821926;-0.5187708;0.08788656;0.5761186;-0.8121995;-1
54960;-0.611457;-0.05473564;-0.01159168;0.3240036;-0.9254297;-0.1951165;-0.2024982;0.1335266;-0.97012;-1
55000;-0.6282368;-0.06074875;1.925585e-05;0.1160617;-0.9931249;0.0003028438;-0.2337248;-0.02761177;-0.9719043;-1
55040;-0.5957768;-0.04530887;-0.02182293;0.4039733;-0.8438413;-0.3516304;-0.06258038;0.3577611;-0.931623;-1
55080;-0.5714734;-0.02846019;-0.03296692;0.1510774;-0.6532532;-0.7411231;0.1780646;0.7545095;-0.6304038;-1
55120;-0.6280696;-0.05942829;-0.01257478;0.1244936;-0.9730144;-0.1937239;-0.1217659;0.1787586;-0.9763237;-1
55160;-0.6498265;-0.06062751;1.045613e-05;-0.1364391;-0.9906484;0.0002115086;-0.1242574;0.01690186;-0.9921061;-1
55200;-0.5817774;-0.03018116;-0.03432467;0.33213;-0.6775277;-0.6553591;0.1772428;0.7267154;-0.6628122;-1
55240;-0.6113374;-0.05102226;-0.02360298;0.3366563;-0.8778139;-0.3400302;-0.001564328;0.3604982;-0.9327192;-1
55280;-0.5952027;-0.0396159;-0.03121204;0.4181215;-0.7727718;-0.4765434;0.1109482;0.5639297;-0.8180943;-1
55320;-0.6495466;-0.05908587;-0.01478728;-0.1281536;-0.9690368;-0.2110549;0.009661267;0.2115798;-0.9773131;-1
55360;-0.6701739;-0.05535908;7.59901e-07;-0.3585269;-0.9335194;0.0001056534;0.006313471;-0.002537888;-0.9999769;-1
55400;-0.6271741;-0.05549312;-0.02583845;0.1408014;-0.9213691;-0.3620334;0.06813312;0.3737895;-0.9249904;-1
55440;-0.6106789;-0.04576425;-0.03521879;0.349672;-0.8063285;-0.4766122;0.1774398;0.5564319;-0.8116133;-1
55480;-0.5942609;-0.03416745;-0.03790209;0.4292567;-0.7023786;-0.5671168;0.2149263;0.6891207;-0.6915985;-1
55520;-0.5782328;-0.02506174;-0.03731134;0.2992084;-0.5502097;-0.7790295;0.2250695;0.8333431;-0.5032209;-1
55560;-0.5878536;-0.02735605;-0.04010255;0.433745;-0.5768111;-0.6916517;0.2277968;0.8125368;-0.5355595;-1
55600;-0.5687798;-0.02389974;-0.03567682;0.1662069;-0.4762398;-0.8630733;0.2263106;0.8691763;-0.437186;-1
55640;-0.6106521;-0.0396975;-0.04305051;0.3440506;-0.7272726;-0.5936452;0.2698052;0.6820596;-0.6795259;-1
55680;-0.6267471;-0.04909465;-0.03804055;0.1406482;-0.8437856;-0.5177945;0.2200612;0.5365099;-0.814658;-1
55720;-0.5989774;-0.03110846;-0.0449273;0.4420956;-0.5978698;-0.6683136;0.258432;0.7982149;-0.5435742;-1
55760;-0.5821925;-0.0209969;-0.04163262;0.4164363;-0.4737117;-0.7755361;0.2576343;0.8790081;-0.3992898;-1
55800;-0.5742444;-0.01975266;-0.03909858;0.2828536;-0.4131924;-0.8652577;0.2604009;0.9003432;-0.345633;-1
55840;-0.5653884;-0.01873859;-0.03752267;0.1771599;-0.328151;-0.9276624;0.2560771;0.9242259;-0.2787729;-1
55880;-0.5936673;-0.02436371;-0.04634808;0.4628987;-0.4991638;-0.7321701;0.2622347;0.8658867;-0.4249762;-1
55920;-0.5561547;-0.01815911;-0.03639125;0.09596334;-0.2389726;-0.9661902;0.2436197;0.9455719;-0.2101804;-1
55960;-0.5474791;-0.01763693;-0.0356913;0.04476519;-0.1673122;-0.9848601;0.2247773;0.9613232;-0.1533691;-1
56000;-0.5388833;-0.01678769;-0.03554291;-0.01650733;-0.1023787;-0.9946032;0.2347376;0.9659662;-0.1034356;-1
56040;-0.5699626;-0.0136539;-0.04020911;0.2820467;-0.2222227;-0.9331326;0.2687838;0.9508209;-0.1455492;-1
56080;-0.5781054;-0.01516318;-0.04268573;0.4082552;-0.3165824;-0.8558967;0.2640373;0.9377354;-0.2213476;-1
56120;-0.5610988;-0.01220335;-0.03811331;0.2051119;-0.1353594;-0.969249;0.2460125;0.9643369;-0.08281781;-1
56160;-0.5523382;-0.01105185;-0.03682671;0.1222685;-0.06781682;-0.9901543;0.1995096;0.9778009;-0.04241771;-1
56200;-0.5438925;-0.01004749;-0.03603076;0.05489263;-0.03158772;-0.9979891;0.1910466;0.9805427;-0.02055044;-1
56240;-0.5352616;-0.009092943;-0.03588502;0.005660533;0.01091381;-0.9999242;0.2268563;0.9733937;0.01192488;-1
56280;-0.5896056;-0.01814006;-0.04751913;0.4674779;-0.3836368;-0.7961403;0.2551398;0.9204831;-0.2940937;-1
56320;-0.5270492;-0.008331132;-0.03594227;-0.03214821;0.06631064;-0.9972662;0.2667795;0.9619142;0.05538722;-1
56360;-0.523823;-0.001380424;-0.03513937;-0.0002708344;0.2067217;-0.9783785;0.2435696;0.9487497;0.2004661;-1
56400;-0.5319229;-0.002262303;-0.03548291;0.03304107;0.1276229;-0.9912654;0.201174;0.9702972;0.1317272;-1
56440;-0.5406954;-0.003271251;-0.03582791;0.05579183;0.06760234;-0.996145;0.205235;0.9749146;0.07777233;-1
56480;-0.5213385;0.004542008;-0.03326365;0.03710958;0.3605862;-0.9319527;0.2079133;0.9092556;0.3601943;-1
56520;-0.5295456;0.003378626;-0.03415252;0.06399316;0.2764663;-0.9588628;0.1657472;0.9442323;0.2834939;-1
56560;-0.5190862;0.0101024;-0.03053679;0.04951304;0.5097574;-0.8588361;0.1512465;0.8460252;0.5110174;-1
56600;-0.5485402;-0.00404745;-0.03643106;0.1194407;0.02081342;-0.9926065;0.2116427;0.975208;0.04602362;-1
56640;-0.5380632;0.002157377;-0.03493772;0.07612665;0.1997516;-0.9768542;0.1444852;0.9665384;0.209167;-1
56680;-0.5278931;0.008285802;-0.03226081;0.08385272;0.4277136;-0.899954;0.1202353;0.8919317;0.4353576;-1
56720;-0.5172654;0.01449136;-0.02728396;0.05130762;0.6675036;-0.7427474;0.100723;0.7363672;0.6689233;-1
56760;-0.555334;-0.00269774;-0.03751061;0.2069087;-0.01034831;-0.9782472;0.2123257;0.9752762;0.03469675;-1
56800;-0.5445144;0.001016287;-0.03568448;0.1156851;0.1151825;-0.9865595;0.2118861;0.9666275;0.1379522;-1
56840;-0.5454791;0.003973037;-0.03540209;0.1653632;0.152612;-0.9743015;0.1602548;0.9696919;0.1794379;-1
56880;-0.536765;0.00654597;-0.03361858;0.1063993;0.3330125;-0.9368218;0.1142168;0.9312944;0.3444245;-1
56920;-0.5264509;0.01241994;-0.02946784;0.09754773;0.5625692;-0.8208587;0.04994112;0.8207508;0.5687593;-1
56960;-0.5159627;0.01799162;-0.02336823;0.08098467;0.7548273;-0.6507559;0.06533168;0.6473681;0.7592806;-1
57000;-0.5358182;0.01028075;-0.03186569;0.1437179;0.4376295;-0.8874541;0.0867603;0.8872283;0.4520932;-1
57040;-0.5452005;0.007655982;-0.03440274;0.2120917;0.2370828;-0.947946;0.1156558;0.9561845;0.265551;-1
57080;-0.525;0.016167;-0.02633194;0.1178344;0.6545618;-0.7465949;-0.009852462;0.7523541;0.6584382;-1
57120;-0.5354151;0.01370458;-0.02988032;0.1956995;0.4921933;-0.8479701;0.01580502;0.8624719;0.5049013;-1
57160;-0.5541766;0.004088953;-0.03715424;0.2518748;0.07774524;-0.9645373;0.1400461;0.9820477;0.116037;-1
57200;-0.5443162;0.011987;-0.03281521;0.2618701;0.3152444;-0.9119625;0.0727538;0.9349083;0.3447745;-1
57240;-0.5542756;0.009820268;-0.0363637;0.3755688;0.03024975;-0.9260447;0.1197604;0.9882414;0.08122929;-1
57280;-0.5157987;0.02144877;-0.01925269;0.1323427;0.7747901;-0.6180342;0.04167405;0.6185105;0.7845858;-1
57320;-0.523563;0.01954897;-0.02269102;0.1478619;0.7096477;-0.6886131;0.003823805;0.6956306;0.7181708;-1
57360;-0.5311409;0.01781541;-0.02601247;0.2162855;0.592797;-0.7754545;-0.04247636;0.7988309;0.5994448;-1
57400;-0.5389031;0.01687744;-0.0290007;0.3021463;0.4261332;-0.8523749;0.09162599;0.8763743;0.4714067;-1
57440;-0.5083487;0.02283713;-0.01581289;0.1278584;0.8317726;-0.5401002;0.07367607;0.5350622;0.8415705;-1
57480;-0.5293833;0.02061232;-0.02312185;0.2628469;0.6280713;-0.7320318;-0.01158496;0.7603325;0.6489034;-1
57520;-0.523315;0.02236584;-0.01958983;0.1815508;0.7404256;-0.6467861;0.01221417;0.6557125;0.7546834;-1
57560;-0.5167878;0.02486687;-0.01479939;0.1662468;0.8048114;-0.5694599;-0.01187728;0.5789459;0.8151736;-1
57600;-0.5096539;0.025584;-0.01177649;0.1694532;0.8445647;-0.5077783;-0.09639648;0.5269138;0.8443991;-1
57640;-0.5358014;0.01997537;-0.02603456;0.3508277;0.488683;-0.7983462;0.09090193;0.8302234;0.5489514;-1
57680;-0.5051363;0.02636658;-0.00854528;0.1778391;0.8859386;-0.4283531;-0.161732;0.4556865;0.8753244;-1
57720;-0.5053263;0.02818127;-0.003648209;0.2222871;0.9483715;-0.2259653;-0.109243;0.2545211;0.9608722;-1
57760;-0.5073347;0.02759559;-0.00658987;0.2016653;0.9039662;-0.3768521;-0.3904779;0.4270379;0.8155391;-1
57800;-0.507536;0.02906267;2.465077e-05;0.2292202;0.9732534;0.0002487896;0.0001355971;-0.0002855974;0.9999999;-1
57840;-0.5106517;0.02738945;-0.008520151;0.1875352;0.8751055;-0.4458321;-0.2579338;0.4817741;0.8374187;-1
57880;-0.5086106;0.02835086;-0.005167517;0.2061917;0.9253997;-0.3176472;-0.2765256;0.3664729;0.8883579;-1
57920;-0.5078729;0.02878645;-0.003053413;0.2221454;0.9582356;-0.1794599;0.04514579;0.1737308;0.9837542;-1
57960;-0.5150154;0.02753862;-0.009884742;0.1885442;0.8578611;-0.4775818;-0.1194802;0.5026099;0.8561298;-1
58000;-0.507872;0.0287847;0.003102607;0.2221948;0.958133;0.1799495;-0.0446801;-0.1743385;0.9836674;-1
58040;-0.5105386;0.02968434;2.417913e-05;0.220227;0.9752605;0.0002149472;0.0001347391;-0.0002481508;1;-1
58080;-0.5107058;0.02941427;-0.003030855;0.218606;0.9577935;-0.1857154;0.1071285;0.165572;0.9803551;-1
58120;-0.5110176;0.02862449;-0.005768683;0.2092472;0.9130888;-0.3495349;-0.09935834;0.3753997;0.9214939;-1
58160;-0.5086092;0.02834792;0.005216542;0.2062797;0.9252185;0.3181202;0.2767432;-0.3669761;0.8880821;-1
58200;-0.5107051;0.02941275;0.003079184;0.2186555;0.9577012;0.1861371;-0.1067364;-0.1660902;0.9803092;-1
58240;-0.5141917;0.02898252;-0.006506815;0.2032098;0.9077238;-0.3664;-0.05763456;0.384556;0.9212551;-1
58280;-0.5135688;0.02988053;-0.003326126;0.2058588;0.9575198;-0.2005922;0.0875091;0.1860863;0.9786174;-1
58320;-0.5133674;0.03014638;2.415827e-05;0.2050726;0.9784598;0.0001887871;0.0001281212;-0.0002163573;1;-1
58360;-0.5106493;0.02738498;0.008568048;0.1876582;0.8748689;0.4462484;0.2580667;-0.4822142;0.8371237;-1
58400;-0.511016;0.02862156;0.005816876;0.2093424;0.9129113;0.3499456;0.09962512;-0.3758699;0.9212723;-1
58440;-0.5135679;0.02987907;0.003374473;0.2059087;0.9574332;0.2009609;-0.08711775;-0.1865415;0.978564;-1
58480;-0.5166646;0.03064295;2.465486e-05;0.2015254;0.9790195;0.000158425;0.0001107087;-0.0001793214;0.9999999;-1
58520;-0.5169038;0.0303502;-0.003483001;0.2005773;0.9586517;-0.1997772;0.06422698;0.1905228;0.9795625;-1
58560;-0.5176533;0.02937622;-0.006855709;0.2041975;0.9098333;-0.3601831;-0.01075427;0.3698495;0.9289657;-1
58600;-0.5150127;0.02753433;0.009932397;0.188667;0.8576527;0.477914;0.1196259;-0.5029753;0.8558923;-1
58640;-0.51419;0.02897969;0.006554924;0.2033029;0.9075652;0.3667479;0.05790059;-0.38496;0.9210675;-1
58680;-0.516903;0.03034893;0.003532159;0.200621;0.9585795;0.2000901;-0.06382973;-0.1909154;0.9795098;-1
58720;-0.5213767;0.03112458;2.603569e-05;0.282003;0.9585605;0.0001030378;6.200586e-05;-0.0001144185;1;-1
58760;-0.5176519;0.02937374;0.00690463;0.2042774;0.9097042;0.3604741;0.01103799;-0.3701968;0.9288204;-1
58800;-0.5190448;0.02807804;0.01039043;0.2124769;0.8501509;0.4810736;0.02809918;-0.4972225;0.8670409;-1
58840;-0.5215632;0.03086781;0.003640351;0.2884426;0.9373499;0.1916219;-0.01515924;-0.19548;0.9805561;-1
58880;-0.5215617;0.03086753;-0.003589165;0.2884587;0.9373847;-0.1914102;0.01559203;0.1951498;0.9806174;-1
58920;-0.5211996;0.02609204;0.01420303;0.2173413;0.7915615;0.5705999;-0.01396855;-0.5817309;0.8130685;-1
58960;-0.5221174;0.02992812;0.007197486;0.3061974;0.8852978;0.3481342;-0.0004874743;-0.3653064;0.9307749;-1
59000;-0.5256122;0.03232096;5.546026e-06;0.5211561;0.8524565;0.002447753;0.00353583;-0.005218934;0.9999012;-1
59040;-0.5247195;0.02399129;0.01800814;0.2428987;0.734792;0.6328079;-0.01220224;-0.6496428;0.7598401;-1
59080;-0.5232108;0.02857756;0.01073064;0.3282832;0.8173537;0.4722325;-0.03438856;-0.4889193;0.8714362;-1
59120;-0.5255229;0.03171054;0.003879381;0.5285568;0.827575;0.1836196;0.007702795;-0.2211413;0.9748918;-1
59160;-0.5248668;0.02700558;0.01426236;0.3430477;0.7454012;0.5707267;-0.07635368;-0.5831412;0.80841;-1
59200;-0.5269127;0.02514524;0.01749013;0.3570332;0.6850405;0.634104;-0.09931426;-0.6469997;0.7554105;-1
59240;-0.5261983;0.03102444;0.007727593;0.529497;0.7741586;0.3439666;0.01183866;-0.4125067;0.9103239;-1
59280;-0.5272425;0.02989206;0.01140368;0.5187854;0.7076235;0.4776162;-0.01890091;-0.5494847;0.8345644;-1
59320;-0.5291144;0.02414133;0.0197961;0.3670287;0.6322719;0.6814686;-0.1009563;-0.7010434;0.7052514;-1
59360;-0.5301737;0.02623967;0.01798994;0.4816397;0.5809653;0.6544563;-0.1883664;-0.6604656;0.7259954;-1
59400;-0.5285713;0.02813235;0.01487309;0.5040265;0.63595;0.5825734;-0.09243897;-0.6310324;0.7694817;-1
59440;-0.5320339;0.03042252;0.0156629;0.7108186;0.4007418;0.5754903;-0.107508;-0.7477431;0.6540184;-1
59480;-0.5302806;0.03195201;0.0122317;0.7426821;0.4692514;0.4751087;-0.01979896;-0.6954122;0.7174152;-1
59520;-0.5288239;0.03299174;0.008473857;0.772505;0.5260769;0.3523979;0.03083183;-0.5869269;0.8083703;-1
59560;-0.5278295;0.03363749;0.004343662;0.8075247;0.5564151;0.1910625;-0.02017774;-0.2984895;0.9538697;-1
59600;-0.5360748;0.03265518;0.02061233;0.8271524;0.01429907;0.5593305;-0.294118;-0.8376899;0.4577062;-1
59640;-0.5338039;0.03475587;0.01697288;0.8749507;0.0308222;0.4808147;-0.2483811;-0.8248561;0.5059936;-1
59680;-0.5319633;0.03550451;0.01311182;0.8996706;0.1231255;0.416496;-0.1102394;-0.8617024;0.4936432;-1
59720;-0.5392203;0.03431734;0.02673014;0.8164373;-0.1898549;0.5437334;-0.4152728;-0.8469718;0.3287659;-1
59760;-0.5276951;0.03417931;2.539624e-05;0.8153659;0.5774235;0.0003184257;0.004867185;-0.007690336;0.9997309;-1
59800;-0.5303117;0.03593736;0.009094262;0.9159991;0.2144787;0.3364677;-0.1000212;-0.691892;0.7142964;-1
59840;-0.5359799;0.03769845;0.02299183;0.8554184;-0.176141;0.4855803;-0.4071423;-0.8074081;0.4252419;-1
59880;-0.5427729;0.03586978;0.03281108;0.7574011;-0.172295;0.6294938;-0.4579561;-0.8272631;0.3248235;-1
59920;-0.5392658;0.03890616;0.029062;0.7994511;-0.1739443;0.5745866;-0.4526801;-0.8029802;0.3870632;-1
59960;-0.5434149;0.04084435;0.03455957;0.7144381;-0.06513767;0.6963846;-0.4412272;-0.814207;0.3768313;-1
60000;-0.5255806;0.03175147;-0.003853368;0.5266354;0.8294011;-0.1806866;-0.00519289;0.2156551;0.9762703;-1
60040;-0.5479706;0.04357776;0.0385047;0.6121726;0.06622095;0.7877027;-0.3998865;-0.8333283;0.3811978;-1
60080;-0.5486416;0.04996462;0.03787487;0.5789396;0.185816;0.7937586;-0.3970957;-0.7858916;0.473828;-1
60120;-0.5441252;0.04563722;0.03510379;0.6607801;0.06283703;0.7476723;-0.425989;-0.7885162;0.4431541;-1
60160;-0.539735;0.04358488;0.03077729;0.7596116;-0.07556166;0.6456566;-0.4428652;-0.7868788;0.4293046;-1
60200;-0.535966;0.04211909;0.02524459;0.8349537;-0.1881258;0.517151;-0.4557591;-0.7630617;0.4582678;-1
60240;-0.5448062;0.05089344;0.0347065;0.6156824;0.1836283;0.7661473;-0.413992;-0.7517771;0.5130961;-1
60280;-0.5403181;0.04768392;0.03147943;0.7029517;0.04872286;0.7092771;-0.4366903;-0.7572737;0.4852366;-1
60320;-0.5449671;0.05580279;0.03312282;0.5871022;0.2929231;0.7546064;-0.2959507;-0.7899725;0.5369619;-1
60360;-0.5410523;0.05210213;0.03135548;0.6474092;0.17676;0.7412295;-0.4149264;-0.7339144;0.5376264;-1
60400;-0.5363804;0.0462523;0.02698654;0.7960973;-0.09503185;0.5973226;-0.4562649;-0.7422932;0.490392;-1
60440;-0.5327716;0.0408303;0.01844913;0.8877422;-0.1720579;0.4256098;-0.3766011;-0.8023781;0.4618221;-1
60480;-0.5415984;0.05632316;0.03020838;0.6013752;0.2957931;0.7421544;-0.2871372;-0.7868041;0.5463105;-1
60520;-0.5370035;0.05011858;0.02779793;0.7401046;0.03136051;0.6714735;-0.4442008;-0.7265304;0.5239375;-1
60560;-0.5330618;0.0454582;0.02162997;0.8565364;-0.1811348;0.4828256;-0.442124;-0.7395874;0.507234;-1
60600;-0.531128;0.04003458;0.01347207;0.9248487;-0.1336564;0.3540755;-0.3047901;-0.8169513;0.4884119;-1
60640;-0.5419434;0.06000909;0.02871207;0.5726004;0.3838555;0.7244175;-0.1699763;-0.8088301;0.5629379;-1
60680;-0.5376846;0.05392306;0.02785648;0.6725131;0.1687913;0.7204598;-0.4056744;-0.7300027;0.5498922;-1
60720;-0.5335045;0.04918845;0.02338733;0.8192997;-0.1069227;0.5629342;-0.458002;-0.7121997;0.5317105;-1
60760;-0.5300111;0.04585022;0.01592558;0.8907151;-0.2156953;0.400067;-0.4205934;-0.7247807;0.5456837;-1
60800;-0.5299115;0.03986715;0.009167526;0.9531101;-0.07406694;0.2906889;-0.2657619;-0.6569072;0.7049648;-1
60840;-0.5389714;0.06063981;0.02608269;0.55749;0.3874504;0.7342255;-0.175953;-0.8091766;0.5606012;-1
60880;-0.5340381;0.05255824;0.02435235;0.7636293;0.01105747;0.6453378;-0.4342287;-0.7306616;0.5266353;-1
60920;-0.5306369;0.04867768;0.01837162;0.8647254;-0.1840144;0.4673207;-0.4489891;-0.7002032;0.5550895;-1
60960;-0.5291935;0.04451728;0.01256543;0.9148148;-0.2385039;0.3250817;-0.3957896;-0.6843576;0.6120366;-1
61000;-0.5290176;0.03635275;0.004735981;0.9451174;0.2594917;0.1944414;-0.1018708;-0.3307255;0.9379473;-1
61040;-0.5310058;0.05183493;0.0201256;0.8324437;-0.1242799;0.5398804;-0.4498271;-0.72036;0.5278744;-1
61080;-0.5281758;0.04976349;0.01392849;0.891979;-0.2310181;0.3885565;-0.4399363;-0.6412627;0.62867;-1
61120;-0.5285943;0.03650102;7.961411e-05;0.9604351;0.2751623;-0.004431814;0.008458951;-0.01275655;0.9997385;-1
61160;-0.528525;0.03997675;6.563263e-05;0.998934;0.001696542;-0.002980432;0.003083296;-0.004394128;0.9998502;-1
61200;-0.528979;0.03993583;0.004774391;0.9832227;-0.0225734;0.1757534;-0.1697535;-0.401728;0.899576;-1
61240;-0.5282556;0.04407471;0.00873486;0.9383732;-0.2387937;0.2482887;-0.3343539;-0.4590274;0.8228558;-1
61280;-0.5279196;0.03373305;-0.00429337;0.8044282;0.5611314;-0.1902515;0.0329875;0.2778523;0.9598629;-1
61320;-0.5285465;0.05195701;0.01585772;0.8688245;-0.1987648;0.4534501;-0.453602;-0.6866111;0.5681556;-1
61360;-0.5274285;0.04859678;0.01127156;0.9112961;-0.2620183;0.3174232;-0.4098574;-0.5070347;0.7582135;-1
61400;-0.5275058;0.04393396;0.004524706;0.9632227;-0.2264571;0.1414819;-0.1812911;-0.1662542;0.9691823;-1
61440;-0.5290771;0.03646623;-0.004556292;0.9418613;0.264173;-0.2034687;0.1183634;0.3058029;0.944638;-1
61480;-0.5266028;0.05311413;0.01237805;0.8940828;-0.2350714;0.381225;-0.4447469;-0.5664136;0.6938071;-1
61520;-0.5265319;0.0481202;0.007982241;0.9286059;-0.2859261;0.2361699;-0.315849;-0.2760961;0.9077355;-1
61560;-0.5259492;0.05238394;0.0101673;0.9119262;-0.2626719;0.315236;-0.3980148;-0.3794346;0.8352303;-1
61600;-0.528782;0.05474022;0.01741541;0.841628;-0.1246517;0.5254571;-0.4421319;-0.7177423;0.5379097;-1
61640;-0.5267681;0.05505897;0.01380269;0.8790059;-0.1829153;0.4403007;-0.4459715;-0.6420245;0.6236203;-1
61680;-0.525497;0.05550849;0.01119256;0.9029214;-0.2125468;0.3735568;-0.4297409;-0.4330593;0.792326;-1
61720;-0.5314952;0.05497707;0.02119531;0.7787429;-0.004805632;0.6272343;-0.4149671;-0.7537099;0.5095365;-1
61760;-0.5346842;0.05587134;0.02455094;0.6919752;0.1506451;0.7059007;-0.3822679;-0.7528992;0.5355942;-1
61800;-0.538343;0.05744979;0.02716821;0.6072465;0.2929864;0.7384873;-0.2835728;-0.7883199;0.5459847;-1
61840;-0.5354586;0.0590606;0.02419299;0.6130356;0.2797621;0.738812;-0.2743381;-0.8015406;0.5312306;-1
61880;-0.5321901;0.05805501;0.02160033;0.7023071;0.1402346;0.6978877;-0.3549458;-0.7807861;0.5141395;-1
61920;-0.5293042;0.05765051;0.01847445;0.7917682;0.002649754;0.6108053;-0.3943647;-0.7614006;0.5145165;-1
61960;-0.5269306;0.05765216;0.0149485;0.8577916;-0.09790576;0.5045648;-0.4237939;-0.6901602;0.5865678;-1
62000;-0.5252953;0.05763318;0.01165504;0.8965518;-0.1543441;0.4151658;-0.4303879;-0.5250295;0.7342389;-1
62040;-0.536257;0.06184916;0.02350485;0.5407682;0.3850324;0.7478639;-0.1768855;-0.8171372;0.5486195;-1
62080;-0.5330275;0.06089707;0.02151453;0.6197838;0.2679771;0.7375701;-0.2446932;-0.8269924;0.5061306;-1
62120;-0.5301064;0.06039321;0.0190028;0.716802;0.142042;0.682653;-0.313519;-0.8088211;0.4975009;-1
62160;-0.5274876;0.06029162;0.01591476;0.8082917;0.01810253;0.5884929;-0.370741;-0.7608231;0.5326214;-1
62200;-0.5371094;0.06433883;0.02263618;0.4815447;0.4773078;0.7350242;-0.1387374;-0.7865548;0.6016786;-1
62240;-0.5339532;0.06336421;0.02113904;0.5373698;0.3812224;0.7522531;-0.1584965;-0.8304299;0.5340672;-1
62280;-0.5310324;0.06284687;0.01909167;0.6297802;0.2702517;0.7282453;-0.2070848;-0.8451814;0.4927317;-1
62320;-0.5349679;0.06554697;0.02055554;0.4572223;0.4891167;0.7427531;-0.126231;-0.7909951;0.5986039;-1
62360;-0.525232;0.06034264;0.01241427;0.877332;-0.07812134;0.4734275;-0.4180629;-0.6086659;0.6743352;-1
62400;-0.5283125;0.0627394;0.01659364;0.7306377;0.1539503;0.6651798;-0.2792652;-0.8216354;0.4969107;-1
62440;-0.5320266;0.06502295;0.01893144;0.5415215;0.3890302;0.7452559;-0.1532468;-0.8259529;0.5425071;-1
62480;-0.5360622;0.06746663;0.0197834;0.398599;0.5826087;0.7082454;-0.06072383;-0.7537113;0.654255;-1
62520;-0.5331537;0.06698649;0.01851762;0.4446775;0.5106637;0.7358483;-0.1149613;-0.7822099;0.6123083;-1
62560;-0.5343996;0.06876238;0.01783981;0.3611847;0.6201114;0.6963947;-0.04731091;-0.7336296;0.6778335;-1
62600;-0.529297;0.06493446;0.01680759;0.6390669;0.2892626;0.7126854;-0.192695;-0.8368247;0.5124381;-1
62640;-0.5257022;0.06285819;0.0133941;0.8319209;0.04176588;0.5533134;-0.3728398;-0.6964447;0.6131471;-1
62680;-0.5303321;0.06687178;0.01672195;0.5407615;0.4203174;0.7286331;-0.1600955;-0.7989485;0.5796954;-1
62720;-0.531548;0.06867185;0.01635942;0.4297297;0.5536541;0.7132927;-0.1109518;-0.7515903;0.6502236;-1
62760;-0.532948;0.07030188;0.01570394;0.3257132;0.6717883;0.6652751;-0.02287702;-0.6978418;0.7158738;-1
62800;-0.5266209;0.06508809;0.01413023;0.7536569;0.1873361;0.630003;-0.2903014;-0.7650785;0.5747842;-1
62840;-0.5276783;0.06709558;0.01442801;0.6562655;0.332214;0.6774577;-0.2328904;-0.7648287;0.6006648;-1
62880;-0.5288299;0.06890275;0.01438019;0.5396218;0.47696;0.6937668;-0.178634;-0.7404156;0.6479743;-1
62920;-0.5301775;0.07056168;0.01397563;0.4053545;0.6191199;0.6725804;-0.1058455;-0.699003;0.7072341;-1
62960;-0.5317854;0.0721073;0.01323228;0.2803989;0.7349932;0.6173664;-0.01789629;-0.6390542;0.7689423;-1
63000;-0.5336863;0.0734279;0.01219018;0.2108166;0.8122745;0.5438314;0.003884163;-0.5570267;0.8304788;-1
63040;-0.5357988;0.07467851;0.01098274;0.265444;0.8384948;0.4756901;-0.03636182;-0.4841509;0.8740929;-1
63080;-0.5329576;0.07487305;0.009567949;0.1511603;0.8657082;0.4771689;-0.02553619;-0.4791349;0.8773655;-1
63120;-0.5351285;0.07571304;0.008595447;0.2067848;0.8865927;0.4135414;-0.06220323;-0.4097928;0.9099892;-1
63160;-0.5308795;0.07391159;0.01053042;0.2347607;0.8012368;0.5503528;-0.01828633;-0.5624355;0.8266296;-1
63200;-0.5289462;0.07251091;0.01132362;0.3877917;0.6948142;0.6056701;-0.09094644;-0.6250409;0.7752686;-1
63240;-0.5275704;0.0710983;0.01171201;0.5482253;0.5553135;0.625357;-0.134037;-0.6797345;0.7211044;-1
63280;-0.5262629;0.06941146;0.011739;0.6861389;0.4037613;0.6051364;-0.2285754;-0.6700517;0.7062464;-1
63320;-0.5321772;0.07610027;0.006887601;0.1234551;0.9190208;0.3743589;-0.09720002;-0.3642298;0.9262175;-1
63360;-0.5345452;0.07667324;0.00605402;0.152549;0.9343962;0.3215188;-0.1170175;-0.3059148;0.9448196;-1
63400;-0.5280431;0.07444473;0.008286084;0.4012789;0.787364;0.4678972;-0.08406256;-0.4770029;0.8748568;-1
63440;-0.5300075;0.07546742;0.007649961;0.2340757;0.8730663;0.4277178;-0.05641025;-0.4269998;0.9024829;-1
63480;-0.5313507;0.07709248;0.003719651;0.1405354;0.9700133;0.1982662;-0.1027741;-0.184876;0.9773697;-1
63520;-0.5340697;0.07742164;0.003189605;0.128655;0.9763857;0.172745;-0.08205704;-0.1631149;0.9831853;-1
63560;-0.5264903;0.07315764;0.008587352;0.5760972;0.6556389;0.4881007;-0.1336837;-0.5135356;0.8475874;-1
63600;-0.5273449;0.07576577;0.004531964;0.4395931;0.8654261;0.2403659;-0.0744551;-0.2315772;0.9699565;-1
63640;-0.5293213;0.07663351;0.004150181;0.2753291;0.9355192;0.2213007;-0.07190756;-0.209509;0.975153;-1
63680;-0.527013;0.07619068;2.305699e-05;0.4541601;0.8908415;-0.0001505394;-0.0003928938;0.0003509442;0.9999981;-1
63720;-0.5310548;0.0773828;2.018269e-05;0.1562225;0.9877198;-0.0002011715;0.0004157964;0.0001388151;0.9999997;-1
63760;-0.5339317;0.07770364;2.362585e-05;0.1247536;0.9920155;-0.0006584736;-7.312595e-05;0.0006317861;0.9999958;-1
63800;-0.5340682;0.07741837;-0.003143014;0.1287314;0.9762123;-0.1737243;0.08160812;0.1640978;0.9830455;-1
63840;-0.5290133;0.07693683;2.358312e-05;0.3012267;0.9535477;-0.0003227504;0.0001242842;0.0003006972;0.9999991;-1
63880;-0.531352;0.07709092;-0.003680159;0.1404606;0.9699195;-0.1987746;0.1031107;0.1853422;0.9772471;-1
63920;-0.534539;0.0766675;-0.006009267;0.1528665;0.9340962;-0.3222801;0.1160816;0.3067938;0.9446324;-1
63960;-0.5255466;0.07457568;0.004753437;0.6084074;0.7498282;0.2599832;-0.1056803;-0.2481276;0.9629433;-1
64000;-0.5293215;0.07663153;-0.00411044;0.2753355;0.9353943;-0.2218179;0.0718447;0.2100696;0.9750378;-1
64040;-0.5321741;0.07609636;-0.00684642;0.1236017;0.9188152;-0.3748136;0.09685025;0.3647361;0.9260558;-1
64080;-0.5351212;0.07570826;-0.00855484;0.2071071;0.8863658;-0.4138666;0.06148976;0.410293;0.9098124;-1
64120;-0.5329497;0.07486777;-0.009525172;0.1515239;0.8654493;-0.477523;0.02487317;0.4796099;0.8771253;-1
64160;-0.5357894;0.07467237;-0.01094216;0.2658281;0.8382363;-0.4759311;0.03565034;0.4846273;0.8738582;-1
64200;-0.5300044;0.0754631;-0.007608312;0.2342376;0.8728211;-0.4281278;0.05607732;0.4275148;0.902261;-1
64240;-0.5336764;0.07342125;-0.01214763;0.2112482;0.8119761;-0.5441093;-0.0045617;0.5574855;0.8301674;-1
64280;-0.5366552;0.07361694;-0.01322152;0.3123975;0.7895663;-0.5280384;0.01709976;0.5508652;0.8341901;-1
64320;-0.5250873;0.07163729;0.008537539;0.7226768;0.4974599;0.4798625;-0.1994094;-0.5146814;0.833868;-1
64360;-0.5273426;0.07576352;-0.004488438;0.4397154;0.8652765;-0.2406794;0.0739232;0.2322003;0.9698488;-1
64400;-0.530872;0.07390596;-0.01048562;0.2351564;0.8009416;-0.5506134;0.01771139;0.5628747;0.8263435;-1
64440;-0.5347183;0.0720129;-0.0145494;0.2699941;0.7564314;-0.595704;-0.0181444;0.6225126;0.7823237;-1
64480;-0.5376578;0.07258305;-0.0153037;0.3564173;0.7421364;-0.5674276;0.02076462;0.6005906;0.7989585;-1
64520;-0.5280356;0.07443772;-0.00823744;0.4017026;0.7869934;-0.4681785;0.08333595;0.4776679;0.8745539;-1
64560;-0.5317743;0.07210009;-0.01318701;0.2808943;0.73466;-0.6175377;0.01729312;0.6394659;0.7686137;-1
64600;-0.5358762;0.07059702;-0.01674273;0.3257366;0.7002165;-0.6351912;0.0005873516;0.6715733;0.7407638;-1
64640;-0.5389146;0.07168344;-0.01727229;0.3983569;0.7000986;-0.5923545;0.03903755;0.6319849;0.7736;-1
64680;-0.5289378;0.07250516;-0.01127684;0.3882476;0.6944969;-0.6057417;0.09039678;0.6254341;0.7750161;-1
64720;-0.5329347;0.07029337;-0.01565861;0.3262604;0.671421;-0.665378;0.02230378;0.6982328;0.7155106;-1
64760;-0.5373436;0.06948531;-0.01868279;0.3801451;0.6528391;-0.6550656;0.02335183;0.7010735;0.7124392;-1
64800;-0.5403829;0.07092819;-0.01914952;0.4387162;0.6616375;-0.6078057;0.04880737;0.6575586;0.7514031;-1
64840;-0.5301663;0.07055417;-0.01392821;0.4058977;0.6187433;-0.6725994;0.1053022;0.6993881;0.7069344;-1
64880;-0.5275608;0.07109195;-0.01166267;0.5487439;0.5549601;-0.6252159;0.1334758;0.6801207;0.7208444;-1
64920;-0.5264831;0.07315256;-0.008538604;0.5765008;0.6553437;-0.4880208;0.1330152;0.5140262;0.8473954;-1
64960;-0.5343855;0.06875278;-0.01779481;0.3617288;0.6197376;-0.6964449;0.04678881;0.7339911;0.6774784;-1
65000;-0.5315346;0.06866308;-0.01631209;0.4302992;0.5532691;-0.7132483;0.1104442;0.7519366;0.6499096;-1
65040;-0.5288179;0.06889503;-0.0143307;0.540193;0.4765727;-0.6935888;0.1781267;0.7407624;0.6477175;-1
65080;-0.5390794;0.06863344;-0.02053659;0.4334821;0.614359;-0.6591637;0.03815395;0.7181499;0.6945894;-1
65120;-0.541966;0.07035322;-0.02098563;0.4863787;0.628583;-0.6066955;0.06912448;0.6643392;0.743957;-1
65160;-0.5255426;0.0745725;-0.004705283;0.6086282;0.7496508;-0.2599783;0.104892;0.2487624;0.9628658;-1
65200;-0.5262533;0.06940509;-0.01168769;0.6866364;0.4034202;-0.6047998;0.2280244;0.6704233;0.7060719;-1
65240;-0.5410007;0.06806044;-0.02234579;0.4937951;0.5814431;-0.6465603;0.05291086;0.7220351;0.6897631;-1
65280;-0.5437583;0.07029;-0.02262369;0.5147133;0.6131485;-0.5989595;0.07394116;0.6642272;0.7437058;-1
65320;-0.5251558;0.07508093;2.555922e-05;0.6182486;0.7859296;-5.796406e-06;-0.0005443511;0.0004222611;0.9999986;-1
65360;-0.52508;0.0716325;-0.008486981;0.7230864;0.4971559;-0.4795604;0.1987148;0.5151918;0.8337187;-1
65400;-0.5430813;0.06800485;-0.0241395;0.531234;0.5604206;-0.6353849;0.05447632;0.7258137;0.6857265;-1
65440;-0.5456276;0.07052252;-0.02398337;0.5190873;0.6114026;-0.5962687;0.06363709;0.6678922;0.7411267;-1
65480;-0.5240755;0.07309464;0.004702741;0.7647141;0.5878192;0.2639602;-0.1346015;-0.2548838;0.9575558;-1
65520;-0.5240713;0.07309201;-0.004652508;0.7649503;0.5876341;-0.2636881;0.1337279;0.2555759;0.9574936;-1
65560;-0.5452664;0.06831129;-0.02566531;0.5391143;0.5556043;-0.6329373;0.05022977;0.7289267;0.6826951;-1
65600;-0.5475926;0.071133;-0.02503618;0.5201401;0.6178098;-0.5883363;0.05516621;0.6629631;0.746058;-1
65640;-0.5236581;0.07362808;2.558966e-05;0.7808555;0.6247116;0.0001434628;-0.0004917241;0.0003853288;0.9999998;-1
65680;-0.5224425;0.07166161;2.643315e-05;0.8966995;0.4426388;0.0002833772;-0.000496164;0.0003667798;0.9999994;-1
65720;-0.5227935;0.07117854;0.004418403;0.8787148;0.4083487;0.247195;-0.1636358;-0.2287889;0.9596226;-1
65760;-0.5227899;0.07117635;-0.004365921;0.8789306;0.408186;-0.2466963;0.1627593;0.2294969;0.9596025;-1
65800;-0.5238518;0.0697521;0.008118647;0.833871;0.3291622;0.4430651;-0.2688934;-0.4587626;0.8468941;-1
65840;-0.5238448;0.06974755;-0.008065941;0.8342484;0.3288763;-0.4425669;0.2681843;0.4592884;0.8468341;-1
65880;-0.547511;0.06903157;-0.0268784;0.5382001;0.5613798;-0.6285981;0.04867813;0.7238898;0.6881544;-1
65920;-0.5495335;0.07180744;-0.02592139;0.5110931;0.6278498;-0.5853416;0.04880174;0.6585233;0.7502959;-1
65960;-0.5218655;0.06881893;0.003878645;0.9587322;0.1971522;0.2046991;-0.17435;-0.1607928;0.9714645;-1
66000;-0.5251126;0.06749521;0.01136965;0.7931814;0.2500106;0.5552989;-0.3134457;-0.6141843;0.7242436;-1
66040;-0.5218611;0.06881399;-0.003821605;0.9589095;0.1969854;-0.2040135;0.17354;0.1613586;0.9715151;-1
66080;-0.5228275;0.06752628;0.007322179;0.9140019;0.1507384;0.3765878;-0.302983;-0.3635607;0.8809179;-1
66120;-0.5241289;0.06533925;0.01053715;0.8724142;0.09445437;0.4795502;-0.3577354;-0.5451497;0.7581785;-1
66160;-0.5236434;0.06267436;0.009630469;0.9131827;-0.04986797;0.4044358;-0.3817315;-0.4519764;0.8062185;-1
66200;-0.5223358;0.06457655;0.006583002;0.9519433;-0.01919841;0.3055023;-0.299256;-0.2682232;0.9156922;-1
66240;-0.523898;0.05936489;0.009209489;0.9221575;-0.15358;0.3550136;-0.3867805;-0.3774424;0.841389;-1
66280;-0.5215527;0.06923673;2.298178e-05;0.9762947;0.2163254;0.0001497636;-0.0002144851;0.0002425874;0.9999974;-1
66320;-0.5215256;0.06562491;0.003401574;0.9869314;-0.001869142;0.1609369;-0.1604806;-0.08773473;0.9831296;-1
66360;-0.5212625;0.06596765;2.333132e-05;0.9999614;0.004263364;0.0001313917;-0.0001384774;0.0002071862;0.9999972;-1
66400;-0.5226822;0.06060673;0.00637373;0.9522197;-0.1494438;0.2662738;-0.2939378;-0.2125395;0.9318917;-1
66440;-0.5247189;0.05588935;0.009373559;0.9193823;-0.2264611;0.3216385;-0.3805037;-0.3046134;0.873171;-1
66480;-0.5218667;0.0613088;0.003294599;0.9794167;-0.1443505;0.1409257;-0.1500274;-0.05418105;0.9871941;-1
66520;-0.5215932;0.06158258;2.623658e-05;0.9900059;-0.1408599;0.0001839616;-0.0001595224;0.0002107398;0.9999976;-1
66560;-0.5215222;0.06562011;-0.003343037;0.9870512;-0.002015091;-0.1601797;0.1597275;0.08824459;0.983206;-1
66600;-0.5237108;0.05632676;0.006678119;0.9382985;-0.2426479;0.2462361;-0.2920462;-0.1752963;0.940194;-1
66640;-0.5250528;0.05220298;0.007276938;0.9290263;-0.2837515;0.2373406;-0.2994901;-0.2003389;0.9328263;-1
66680;-0.5228829;0.0567133;0.003484287;0.9585184;-0.2510203;0.1350058;-0.1501281;-0.04200779;0.9877726;-1
66720;-0.5225788;0.05691519;3.053294e-05;0.9675618;-0.252634;0.0004626649;-0.0004079508;0.0002689734;0.9999999;-1
66760;-0.5258039;0.04801092;0.004157097;0.9442917;-0.3028015;0.1282741;-0.1455141;-0.03500526;0.9887278;-1
66800;-0.5243301;0.05225487;0.003812118;0.9439583;-0.3029013;0.130864;-0.149824;-0.04011147;0.9878973;-1
66840;-0.5272558;0.04388875;4.5083e-05;0.9750652;-0.219673;-0.001496104;0.001271142;-0.001352307;0.9999438;-1
66880;-0.5239843;0.05234069;3.975455e-05;0.9509869;-0.3091297;0.0007060585;-0.0006469922;0.0003024271;0.9999983;-1
66920;-0.5255846;0.04810722;4.636345e-05;0.9511333;-0.3081385;-0.00046532;0.0003465817;-0.0004992703;0.9999806;-1
66960;-0.5218638;0.0613047;-0.003234463;0.9795148;-0.1444708;-0.1401035;0.1492679;0.05465196;0.9872826;-1
67000;-0.5228801;0.05671251;-0.003423898;0.9586341;-0.2510721;-0.1340866;0.1493336;0.04259777;0.9878675;-1
67040;-0.5243267;0.0522524;-0.003749498;0.9440591;-0.3029811;-0.1299284;0.1490268;0.04069447;0.9879927;-1
67080;-0.5258021;0.04800473;-0.004083567;0.9443058;-0.3029169;-0.12782;0.1450068;0.0348613;0.9888089;-1
67120;-0.5275203;0.04393096;-0.004432081;0.9630608;-0.2263089;-0.1425415;0.1819717;0.1643359;0.9694037;-1
67160;-0.5289961;0.03996801;-0.004629456;0.9822463;-0.02136793;-0.18109;0.1748065;0.3936541;0.9022993;-1
67200;-0.5223289;0.06456773;-0.006522446;0.9521716;-0.01944309;-0.304762;0.2985757;0.2685403;0.9158183;-1
67240;-0.522677;0.06060137;-0.006314134;0.9524134;-0.1496093;-0.2654816;0.2932363;0.2129677;0.9320139;-1
67280;-0.5237052;0.05632484;-0.006615429;0.938511;-0.2427259;-0.2453576;0.2912521;0.1756776;0.9403672;-1
67320;-0.5250467;0.05219944;-0.007215205;0.9292196;-0.283878;-0.2364237;0.2987433;0.2009493;0.9329324;-1
67360;-0.5265242;0.04810928;-0.007919407;0.9287611;-0.2861502;-0.2352558;0.3151477;0.2766692;0.9077987;-1
67400;-0.5282742;0.04407211;-0.008644484;0.938161;-0.2385561;-0.2491113;0.3348311;0.457561;0.8235123;-1
67440;-0.529942;0.03990148;-0.009035228;0.9518322;-0.07284038;-0.2948972;0.2691718;0.6518663;0.7085126;-1
67480;-0.5228207;0.06751946;-0.007265013;0.9143164;0.1504778;-0.3759232;0.3022901;0.363985;0.8809788;-1
67520;-0.5251032;0.06748903;-0.01131638;0.7936351;0.249692;-0.554794;0.3128784;0.614565;0.7241659;-1
67560;-0.5241205;0.06533353;-0.01048218;0.8727903;0.09418135;-0.4789195;0.3571546;0.5455473;0.7581666;-1
67600;-0.5276665;0.0670879;-0.0143769;0.6568142;0.3318325;-0.6771128;0.232417;0.7651569;0.6004301;-1
67640;-0.5304237;0.03611611;-0.008918899;0.9111919;0.2212228;-0.3447248;0.1115305;0.6752692;0.7286695;-1
67680;-0.5236355;0.06266738;-0.009572418;0.9134881;-0.05010698;-0.4037138;0.3811363;0.4523234;0.8063035;-1
67720;-0.5266098;0.06508096;-0.0140782;0.7541533;0.1869606;-0.6295204;0.2898352;0.7654356;0.5745444;-1
67760;-0.5303187;0.06686285;-0.01667266;0.5413443;0.4199155;-0.728432;0.1596488;0.7992594;0.57939;-1
67800;-0.5238911;0.05935998;-0.009151357;0.9224285;-0.153762;-0.3542306;0.3861382;0.3778903;0.8414831;-1
67840;-0.5256927;0.06285186;-0.01334086;0.8323304;0.04144376;-0.5527216;0.3723582;0.6968518;0.612978;-1
67880;-0.529283;0.06492548;-0.01675631;0.6396488;0.28887;-0.7123227;0.1922905;0.8370984;0.512143;-1
67920;-0.5331385;0.06697653;-0.01847064;0.4452799;0.5102619;-0.7357628;0.1144692;0.7825403;0.6119782;-1
67960;-0.5252222;0.06033483;-0.01235706;0.877686;-0.07839376;-0.4727243;0.4175659;0.6090071;0.6743314;-1
68000;-0.5247117;0.05588439;-0.009313677;0.9196444;-0.2266268;-0.3207721;0.3797943;0.3050857;0.8733149;-1
68040;-0.5282997;0.06273088;-0.01654229;0.7311518;0.1535395;-0.6647094;0.278834;0.8219845;0.4965761;-1
68080;-0.5320109;0.06501278;-0.01888244;0.5421306;0.3886274;-0.7450233;0.1528084;0.8262436;0.5421881;-1
68120;-0.5360473;0.06745863;-0.01973755;0.3991412;0.5822875;-0.7082065;0.06017533;0.7540271;0.6539441;-1
68160;-0.534951;0.06553595;-0.02050922;0.4578288;0.488717;-0.7426425;0.125746;0.7913156;0.5982822;-1
68200;-0.5379953;0.06647159;-0.02164842;0.4437858;0.555605;-0.7030508;0.07690041;0.7582165;0.6473115;-1
68240;-0.5310165;0.06283663;-0.01904064;0.6303758;0.2698493;-0.727879;0.206691;0.8454479;0.4924397;-1
68280;-0.527477;0.06028439;-0.01586356;0.8087105;0.01773068;-0.5879282;0.370244;0.7613297;0.5322452;-1
68320;-0.5339358;0.06335287;-0.02109068;0.537985;0.3808131;-0.7520205;0.1580645;0.8307182;0.5337468;-1
68360;-0.5300916;0.06038295;-0.01895154;0.7173262;0.1416083;-0.682192;0.3130756;0.8091944;0.4971743;-1
68400;-0.5370911;0.06432669;-0.02259095;0.4821436;0.4769161;-0.7348858;0.1382462;0.7868758;0.6013718;-1
68440;-0.5402139;0.06586204;-0.02358441;0.5005103;0.5293097;-0.6850671;0.08777254;0.7562147;0.648407;-1
68480;-0.5330082;0.06088464;-0.02146149;0.6204323;0.2675927;-0.7371637;0.2443597;0.8271726;0.5059882;-1
68520;-0.5362372;0.06183647;-0.02345651;0.5414033;0.3846356;-0.7476081;0.1764687;0.817399;0.5483608;-1
68560;-0.5395566;0.0634414;-0.0248143;0.5217963;0.4650524;-0.7151592;0.1481813;0.7761804;0.6128492;-1
68600;-0.5426026;0.06578337;-0.0255075;0.5387677;0.5098496;-0.670653;0.09149006;0.7559531;0.6481958;-1
68640;-0.5422215;0.06305978;-0.02708166;0.5517545;0.4550114;-0.6989487;0.1439302;0.773538;0.6171877;-1
68680;-0.5389503;0.06062581;-0.02603697;0.5580889;0.3870596;-0.7339767;0.1754901;0.8094779;0.5603113;-1
68720;-0.5354362;0.05904715;-0.02413965;0.6137177;0.2794113;-0.7383773;0.2740179;0.8016548;0.5312092;-1
68760;-0.5321715;0.05804192;-0.02154637;0.7028832;0.1398244;-0.6973892;0.3545655;0.7810332;0.5140172;-1
68800;-0.5450491;0.06614193;-0.02721093;0.5515003;0.5051231;-0.6637992;0.09441318;0.7527885;0.6513674;-1
68840;-0.5449331;0.06331074;-0.02910347;0.561901;0.4522599;-0.6924477;0.1362229;0.7750219;0.6168981;-1
68880;-0.5475123;0.06676552;-0.02877179;0.5451668;0.5119242;-0.6638474;0.09302741;0.7500427;0.6547896;-1
68920;-0.5292914;0.05764084;-0.01842403;0.7922017;0.002210349;-0.6102437;0.393799;0.7620525;0.5139872;-1
68960;-0.5476755;0.06406319;-0.0308343;0.548296;0.4606361;-0.6977921;0.1290831;0.7777197;0.6150064;-1
69000;-0.5269212;0.05764699;-0.01489684;0.8581558;-0.09819929;-0.5038875;0.4232126;0.6908971;0.5861217;-1
69040;-0.5252866;0.05762801;-0.01159798;0.8968761;-0.1545553;-0.4143869;0.4298002;0.5255274;0.7342272;-1
69080;-0.5500081;0.06774485;-0.02996226;0.5252108;0.5291725;-0.6662151;0.07580864;0.7506792;0.6561404;-1
69120;-0.550541;0.06522244;-0.03214616;0.5291209;0.4768712;-0.701727;0.1158248;0.7786335;0.6165682;-1
69160;-0.5497223;0.06997763;-0.0278232;0.523113;0.576268;-0.6276904;0.05245036;0.7133062;0.6987278;-1
69200;-0.5514972;0.07274093;-0.02648473;0.4961261;0.6430478;-0.5815077;0.03947492;0.6520177;0.7564542;-1
69240;-0.5519699;0.0710545;-0.02852959;0.5041627;0.5941794;-0.6265141;0.03944097;0.7088515;0.7041286;-1
69280;-0.553569;0.07394008;-0.02673093;0.4591547;0.6763731;-0.574346;0.006957866;0.6434456;0.7649485;-1
69320;-0.552572;0.06905527;-0.03081427;0.5036643;0.5549553;-0.6618765;0.06969925;0.7375314;0.6715571;-1
69360;-0.5542756;0.07254101;-0.02884228;0.4631214;0.6328631;-0.620486;0.0004602596;0.6999179;0.7142232;-1
69400;-0.5556706;0.07558875;-0.02629764;0.4055096;0.7254945;-0.5553052;-0.03926373;0.6206704;0.7829107;-1
69440;-0.5550425;0.07074127;-0.03112633;0.4623276;0.5978758;-0.6546385;0.060468;0.7152751;0.6960956;-1
69480;-0.556653;0.07434483;-0.02860479;0.4055924;0.6882405;-0.6014438;-0.04837055;0.6732403;0.7378079;-1
69520;-0.5578387;0.07741651;-0.02534001;0.3526104;0.7759479;-0.5228822;-0.03776965;0.5701357;0.8206379;-1
69560;-0.5534432;0.06685399;-0.03318587;0.4999831;0.5064846;-0.7023209;0.09566593;0.7736803;0.626161;-1
69600;-0.556282;0.06876093;-0.03370749;0.4576402;0.5507898;-0.6977821;0.07894516;0.7564769;0.6490537;-1
69640;-0.5592609;0.07632872;-0.02789222;0.354899;0.745217;-0.5643803;-0.05036487;0.6180488;0.7844833;-1
69680;-0.5577181;0.07283357;-0.03093778;0.4118719;0.6505588;-0.6379966;0.01033904;0.6967599;0.7171826;-1
69720;-0.5614806;0.0781564;-0.02670055;0.3067999;0.8013335;-0.5133679;-0.04041361;0.5498749;0.8342441;-1
69760;-0.5598832;0.07920328;-0.02381597;0.3032774;0.8212169;-0.4831466;-0.0322065;0.5156019;0.8561902;-1
69800;-0.5591241;0.07101122;-0.03360632;0.4149226;0.6097305;-0.6751161;0.04279443;0.7280692;0.6840085;-1
69840;-0.5606367;0.07527222;-0.03015257;0.3593787;0.7103921;-0.6050116;-0.02712166;0.6559975;0.7542237;-1
69880;-0.5636976;0.07999688;-0.02500695;0.2625276;0.8453456;-0.4651629;-0.05149253;0.4936696;0.868118;-1
69920;-0.5616836;0.08099841;-0.02172632;0.2571511;0.8558387;-0.4486171;-0.001973752;0.4647248;0.885434;-1
69960;-0.5660837;0.08191316;-0.02266751;0.2083509;0.8815193;-0.4236906;-0.01073147;0.4352318;0.9002546;-1
70000;-0.5631968;0.08299376;-0.01863171;0.2087162;0.8818893;-0.4225688;0.05272157;0.4213361;0.9053414;-1
70040;-0.5660461;0.08427225;-0.01734827;0.151774;0.9117543;-0.3814489;0.07380757;0.374443;0.924284;-1
70080;-0.5637365;0.08489017;-0.01466703;0.1559907;0.9002269;-0.405866;0.07241258;0.3994001;0.9138515;-1
70120;-0.5665048;0.08614299;-0.01284002;0.1146899;0.9148021;-0.3868506;0.1185451;0.3741418;0.9197515;-1
70160;-0.563477;0.08617887;-0.01160915;0.1376595;0.8964331;-0.420324;0.09291698;0.4108728;0.9068562;-1
70200;-0.565341;0.08692896;-0.01071894;0.1284132;0.8916445;-0.4336598;0.1495481;0.4149174;0.8974295;-1
70240;-0.5632134;0.08706872;-0.009529106;0.1294322;0.8786079;-0.4588026;0.1130273;0.4467121;0.8874354;-1
70280;-0.5647175;0.08773685;-0.008992527;0.1676751;0.8650605;-0.4722722;0.146957;0.4518312;0.879873;-1
70320;-0.5629466;0.08812435;-0.007384747;0.1320457;0.8564905;-0.4984454;0.08942059;0.4905875;0.866741;-1
70360;-0.5630571;0.0770928;-0.02920387;0.3110901;0.7713136;-0.5550771;-0.03226569;0.5922844;0.8050506;-1
70400;-0.5684643;0.08364359;-0.01983935;0.1450232;0.9119589;-0.3835117;0.07540938;0.3763474;0.9233934;-1
70440;-0.5623195;0.07372695;-0.03287816;0.3681286;0.6743248;-0.640081;0.001166888;0.6880825;0.7256001;-1
70480;-0.5704477;0.08493806;-0.01705759;0.1049581;0.9307295;-0.3497478;0.1190909;0.3375162;0.9337357;-1
70520;-0.5611178;0.06886193;-0.03663703;0.4144512;0.5475691;-0.7269002;0.06136899;0.7800971;0.6226283;-1
70560;-0.5580192;0.06620952;-0.03657855;0.4515729;0.4910009;-0.7449708;0.09055225;0.8054209;0.5857273;-1
70600;-0.5683113;0.08555192;-0.01490196;0.1049763;0.9275718;-0.3579698;0.1411179;0.3425657;0.9288125;-1
70640;-0.5681812;0.08694297;-0.01145521;0.1000071;0.9015098;-0.4204405;0.1547861;0.4034589;0.9017978;-1
70680;-0.5720179;0.08608685;-0.01435158;0.1060824;0.9285369;-0.3554862;0.1718641;0.3350581;0.9263787;-1
70720;-0.5603114;0.06272684;-0.04009458;0.4459163;0.4125079;-0.7943191;0.1190161;0.85223;0.5093901;-1
70760;-0.5547084;0.0639331;-0.0360053;0.4933154;0.4438481;-0.7480834;0.1053364;0.8232039;0.5578796;-1
70800;-0.5512741;0.06200932;-0.03470936;0.5310963;0.4078349;-0.742703;0.1331241;0.8254912;0.5484909;-1
70840;-0.5565686;0.06006491;-0.03928038;0.4846376;0.3554164;-0.7992497;0.1281664;0.8750116;0.4668196;-1
70880;-0.5637864;0.05721423;-0.04453078;0.4118447;0.3163912;-0.8545307;0.145514;0.9028805;0.4044316;-1
70920;-0.5480224;0.06072673;-0.03303635;0.5551487;0.389463;-0.734914;0.1455514;0.8244587;0.5468785;-1
70960;-0.5523668;0.05740945;-0.03778142;0.5262431;0.3135925;-0.7903761;0.2104298;0.8525569;0.4783895;-1
71000;-0.5449502;0.05995518;-0.03109024;0.5742643;0.3796861;-0.7252724;0.1575692;0.8180993;0.5530609;-1
71040;-0.5716935;0.05453089;-0.04865169;0.3225618;0.2700962;-0.9071913;0.1658519;0.9274663;0.3351016;-1
71080;-0.5590754;0.05280168;-0.04364245;0.4670784;0.2582117;-0.8456588;0.1981031;0.901525;0.3846989;-1
71120;-0.5534911;0.0495633;-0.04131168;0.5298327;0.1914582;-0.8261062;0.3167657;0.8589041;0.4023353;-1
71160;-0.5484388;0.0561512;-0.03556133;0.5608609;0.2967379;-0.7728593;0.2718387;0.8157539;0.5105193;-1
71200;-0.5675015;0.05062799;-0.04820258;0.3661793;0.2338382;-0.9006806;0.1803359;0.9317262;0.3152134;-1
71240;-0.5808094;0.05100316;-0.05238584;0.2345528;0.230373;-0.9444041;0.1786454;0.9447455;0.2748247;-1
71280;-0.5759903;0.04782242;-0.05176855;0.2820966;0.1996778;-0.938371;0.1740406;0.9512146;0.2547295;-1
71320;-0.584668;0.04482938;-0.05450408;0.2001971;0.1702605;-0.9648446;0.1945191;0.9582698;0.2094613;-1
71360;-0.5630252;0.04665792;-0.04717086;0.4277785;0.1791662;-0.885937;0.2614383;0.9137263;0.3110373;-1
71400;-0.5718114;0.04422453;-0.051088;0.3243414;0.1539002;-0.9333308;0.2349649;0.9426394;0.2370845;-1
71440;-0.5798975;0.04170671;-0.05391828;0.2463128;0.1290064;-0.9605598;0.21615;0.9588198;0.184197;-1
71480;-0.5884756;0.03846014;-0.05618633;0.1875563;0.1231374;-0.9745046;0.2391051;0.9565441;0.1668868;-1
71520;-0.5838442;0.03574379;-0.05544612;0.2273722;0.08229879;-0.9703215;0.2703415;0.9519178;0.1440843;-1
71560;-0.5756509;0.03838743;-0.05305697;0.2902056;0.08558228;-0.9531228;0.2632964;0.9504028;0.1655019;-1
71600;-0.5679553;0.04075697;-0.05020166;0.3704425;0.115587;-0.9216307;0.2791604;0.9324944;0.2291529;-1
71640;-0.5593982;0.0422834;-0.04607513;0.4894542;0.1071275;-0.8653351;0.3104428;0.9059131;0.2878593;-1
71680;-0.5936882;0.0411523;-0.05668056;0.1476433;0.1565267;-0.9765698;0.2423871;0.9515532;0.1891618;-1
71720;-0.5991619;0.0438195;-0.05694996;0.1039795;0.1888591;-0.9764763;0.2498543;0.9453534;0.209446;-1
71760;-0.6029613;0.05146363;-0.05551857;0.06473708;0.2806964;-0.9576093;0.2357793;0.9281495;0.2880014;-1
71800;-0.6055179;0.04595777;-0.0570118;0.07090393;0.2242852;-0.971935;0.2287364;0.9447672;0.2347022;-1
71840;-0.6103531;0.05303048;-0.05541733;0.06877015;0.2932872;-0.9535324;0.2309307;0.9250911;0.3011864;-1
71880;-0.6016318;0.03792384;-0.05826891;0.1109535;0.1681229;-0.9794886;0.2274102;0.9551312;0.1897016;-1
71920;-0.6124397;0.04813626;-0.05694363;0.0825009;0.2527209;-0.9639918;0.1949285;0.9444542;0.2642695;-1
71960;-0.6175193;0.05463874;-0.05564743;0.1053925;0.2936718;-0.9500473;0.2449773;0.9179972;0.3108783;-1
72000;-0.6076539;0.04046336;-0.05836841;0.08855624;0.2050595;-0.9747187;0.2050312;0.953857;0.2192976;-1
72040;-0.6197831;0.04999931;-0.05727644;0.1128007;0.2665574;-0.9571647;0.189151;0.9396744;0.2839183;-1
72080;-0.6244728;0.05666278;-0.05592477;0.1016479;0.3066562;-0.9463619;0.2660189;0.9080771;0.3227647;-1
72120;-0.6141981;0.04289497;-0.0584332;0.1043265;0.2335749;-0.9666948;0.1592756;0.9554874;0.2480477;-1
72160;-0.6273053;0.05232482;-0.05760125;0.0911646;0.2874847;-0.9534086;0.25676;0.9179171;0.3012325;-1
72200;-0.6306372;0.05959904;-0.0554993;0.05098262;0.3421293;-0.9382432;0.2749356;0.8980151;0.3422616;-1
72240;-0.6215965;0.04502088;-0.05891864;0.1228394;0.2531503;-0.9595728;0.1716965;0.9466856;0.2716921;-1
72280;-0.6345999;0.05548911;-0.05709656;0.02622022;0.3233876;-0.9458793;0.2778079;0.9061725;0.317368;-1
72320;-0.6358179;0.0632523;-0.05419967;-0.009133734;0.399373;-0.9167227;0.2735286;0.882335;0.3814996;-1
72360;-0.6296926;0.04743662;-0.05928287;0.08719102;0.2771888;-0.9568207;0.2436908;0.9250622;0.2901;-1
72400;-0.6154733;0.03755064;-0.05986659;0.1269095;0.2293116;-0.9650276;0.1477205;0.9576476;0.2469781;-1
72440;-0.6226596;0.03940399;-0.06052645;0.1360919;0.2459925;-0.9596387;0.1326919;0.9553049;0.2636815;-1
72480;-0.6313835;0.04166217;-0.06114945;0.0857816;0.2655769;-0.9602547;0.1727693;0.9451414;0.2768109;-1
72520;-0.6381401;0.05043712;-0.05887026;0.01529178;0.3135403;-0.9494384;0.2795926;0.9100567;0.3049492;-1
72560;-0.6409343;0.05981584;-0.05551841;-0.04256929;0.3780365;-0.924792;0.285588;0.8911904;0.3509982;-1
72600;-0.6092342;0.03548458;-0.05958464;0.1141661;0.2047842;-0.9721169;0.1697799;0.9600989;0.222191;-1
72640;-0.6441208;0.06578954;-0.05255391;-0.08039588;0.4422706;-0.893262;0.2450709;0.8770607;0.4121284;-1
72680;-0.6386632;0.06811708;-0.05169202;-0.0492871;0.4649013;-0.8839825;0.2429122;0.8636891;0.4406372;-1
72720;-0.6459076;0.07150672;-0.04919898;-0.09195901;0.5096673;-0.8554367;0.1478436;0.8562379;0.4942591;-1
72760;-0.6396425;0.07324263;-0.04873602;-0.06887921;0.5271448;-0.8469744;0.1925688;0.8398201;0.5070552;-1
72800;-0.6464154;0.07677366;-0.04563678;-0.09129469;0.5746443;-0.8132857;0.1034616;0.8174362;0.5660437;-1
72840;-0.6402909;0.07785581;-0.04553583;-0.0761942;0.5898505;-0.8039016;0.1620808;0.8025828;0.5735984;-1
72880;-0.6459398;0.0812542;-0.04228488;-0.08276702;0.633019;-0.7696781;0.07775629;0.7738084;0.6281557;-1
72920;-0.6401159;0.08184777;-0.04233391;-0.07257441;0.6430656;-0.7623404;0.1126017;0.7644414;0.6341752;-1
72960;-0.6453676;0.08504884;-0.03898873;-0.08079102;0.6903997;-0.7188698;0.0519467;0.7230014;0.6886166;-1
73000;-0.6396765;0.08547494;-0.03915717;-0.07421389;0.6884767;-0.7214196;0.06287543;0.725086;0.6855242;-1
73040;-0.6447335;0.08850519;-0.03551325;-0.08730619;0.7451485;-0.661116;0.04759418;0.6659017;0.7443117;-1
73080;-0.6390871;0.08892046;-0.03573448;-0.08249094;0.7423879;-0.664833;0.02820775;0.6685469;0.7430072;-1
73120;-0.6441326;0.09149832;-0.03196828;-0.09221213;0.8051077;-0.5858716;0.02846886;0.5902187;0.8066055;-1
73160;-0.6383508;0.09188035;-0.03222732;-0.08460069;0.8075272;-0.5836951;-0.002208583;0.5856084;0.8104729;-1
73200;-0.6435081;0.09410974;-0.02804499;-0.08869134;0.865568;-0.4928228;-0.006792802;0.4941948;0.8692085;-1
73240;-0.6495757;0.09369011;-0.02757594;-0.1093284;0.8628302;-0.493504;0.03090887;0.4991661;0.8659109;-1
73280;-0.6504561;0.09106992;-0.03140299;-0.1091017;0.8083504;-0.5784956;0.04479115;0.585382;0.8095008;-1
73320;-0.65119;0.08812854;-0.03500012;-0.105449;0.7494885;-0.6535462;0.02870824;0.6591637;0.7513538;-1
73360;-0.6520258;0.08467276;-0.03855236;-0.1062676;0.6912996;-0.714697;0.01932833;0.7199872;0.6935965;-1
73400;-0.6576783;0.08778945;-0.03425771;-0.1645295;0.7460231;-0.6452739;-0.01948405;0.6516039;0.7583089;-1
73440;-0.6528194;0.08070005;-0.04198354;-0.1145488;0.6228039;-0.7739377;0.03622711;0.7810552;0.6232162;-1
73480;-0.6584771;0.08418539;-0.03782576;-0.1797615;0.6866615;-0.7044019;-0.01499642;0.7140701;0.6999135;-1
73520;-0.6534713;0.0758625;-0.0454728;-0.1331667;0.557909;-0.8191419;0.1100455;0.8295803;0.5471553;-1
73560;-0.6641114;0.08355451;-0.03648663;-0.2604699;0.6761386;-0.689195;-0.08991659;0.6937453;0.7145844;-1
73600;-0.6593869;0.08039546;-0.04110564;-0.1961542;0.6166414;-0.7624134;0.06644398;0.7840741;0.6170726;-1
73640;-0.6649749;0.080075;-0.03937285;-0.2889246;0.6143171;-0.7342581;0.01457065;0.7697014;0.6382369;-1
73680;-0.6604068;0.07576978;-0.04411557;-0.2184674;0.5468342;-0.8082326;0.1417549;0.8372186;0.5281318;-1
73720;-0.6535149;0.06985447;-0.04934631;-0.1451297;0.4880343;-0.8606681;0.2317443;0.8623214;0.4498844;-1
73760;-0.6464518;0.05468687;-0.05720757;-0.07336253;0.3642625;-0.9283941;0.289223;0.8985226;0.3296316;-1
73800;-0.6407281;0.04448284;-0.06085695;-0.001665466;0.2837767;-0.9588794;0.2568321;0.9267412;0.273782;-1
73840;-0.6504643;0.04813728;-0.0594902;-0.09194821;0.3183486;-0.9435032;0.2684094;0.9203697;0.2843854;-1
73880;-0.6528953;0.03774412;-0.06222488;-0.0973613;0.2499939;-0.9633362;0.3051983;0.9288007;0.2101865;-1
73920;-0.6418707;0.03538674;-0.06346928;-0.01765455;0.2331654;-0.972272;0.2347096;0.9461922;0.2226416;-1
73960;-0.6643373;0.0287203;-0.06296418;-0.1878502;0.2199343;-0.9572572;0.3649183;0.9204729;0.1398721;-1
74000;-0.6327025;0.03402613;-0.06343585;0.07557452;0.2324118;-0.9696602;0.1497238;0.9587408;0.2414573;-1
74040;-0.6540357;0.02684793;-0.06460186;-0.09154198;0.1920949;-0.9770973;0.314625;0.936534;0.1546438;-1
74080;-0.6735491;0.01965015;-0.0623476;-0.3022619;0.1328414;-0.9439234;0.4218386;0.9066402;-0.007486183;-1
74120;-0.6232344;0.03314044;-0.06223546;0.1407441;0.2359118;-0.9615096;0.0865562;0.9644838;0.249301;-1
74160;-0.642726;0.02515411;-0.06556144;-0.02490246;0.1727672;-0.9846473;0.2156048;0.9627011;0.1634639;-1
74200;-0.6647627;0.01826109;-0.06476211;-0.18322;0.1215343;-0.9755306;0.3818236;0.9232203;0.04330483;-1
74240;-0.6164277;0.03212637;-0.06131762;0.1446349;0.2361883;-0.9608683;0.0922547;0.9636179;0.2507476;-1
74280;-0.6326986;0.02509986;-0.06542926;0.05637593;0.1811175;-0.9818401;0.06440064;0.9806852;0.1845979;-1
74320;-0.6546646;0.01695982;-0.06613906;-0.09229186;0.1135215;-0.9892398;0.3183582;0.9446973;0.07870848;-1
74360;-0.6225657;0.02622423;-0.06389397;0.1277446;0.2192477;-0.9672552;-0.004234612;0.975338;0.2205146;-1
74400;-0.6433725;0.01613617;-0.06681922;-0.02031993;0.1068933;-0.9940628;0.2137799;0.9717374;0.1001227;-1
74440;-0.6305139;0.01853314;-0.06628152;0.05283213;0.1183136;-0.9915691;-0.09078638;0.989413;0.1132191;-1
74480;-0.67272;0.007667378;-0.06354532;-0.2994787;-0.02131657;-0.9538649;0.4186775;0.8954157;-0.1514598;-1
74520;-0.6644744;0.007740632;-0.06545316;-0.1879515;-0.01166199;-0.9821091;0.3865864;0.9183382;-0.08488792;-1
74560;-0.6540378;0.007819161;-0.06680237;-0.09855068;0.006872164;-0.9951084;0.3592128;0.9328009;-0.02913284;-1
74600;-0.6804191;0.007721558;-0.06053754;-0.4071935;-0.01784748;-0.9131675;0.4526989;0.8644121;-0.218759;-1
74640;-0.6624236;-0.002037615;-0.06500371;-0.1834976;-0.1393971;-0.9730864;0.4193579;0.8841994;-0.2057434;-1
74680;-0.688482;0.01220572;-0.05596095;-0.5627418;0.04297192;-0.825515;0.4796758;0.8302933;-0.2837676;-1
74720;-0.6718099;-0.004658118;-0.06231264;-0.280293;-0.1554721;-0.9472405;0.4415603;0.8553126;-0.2710438;-1
74760;-0.6956745;0.01283845;-0.05031112;-0.662721;0.04610286;-0.747446;0.4851276;0.7867824;-0.381608;-1
74800;-0.6951592;0.0251072;-0.04888519;-0.6641207;0.1795552;-0.7257436;0.5310602;0.7965659;-0.2888907;-1
74840;-0.7021883;0.01283465;-0.04416217;-0.768728;0.0506984;-0.6375633;0.4681277;0.7238321;-0.5068762;-1
74880;-0.7010275;0.0264969;-0.04231647;-0.7615052;0.1935011;-0.618601;0.5363807;0.7239315;-0.4338422;-1
74920;-0.7096695;0.0130249;-0.03379344;-0.8790592;0.04063321;-0.4749779;0.4208189;0.5342727;-0.7331195;-1
74960;-0.7080733;0.02798985;-0.03203342;-0.8591747;0.1966947;-0.4723664;0.4962566;0.5452833;-0.6755706;-1
75000;-0.7007006;-0.0006899089;-0.04509958;-0.7488646;-0.1564241;-0.643998;0.4173623;0.6435194;-0.6416319;-1
75040;-0.6937537;0.0002821833;-0.05163741;-0.6381685;-0.1176635;-0.7608523;0.4564882;0.7379721;-0.4970069;-1
75080;-0.6866131;0.001769438;-0.05696816;-0.5186179;-0.1005274;-0.8490758;0.4635752;0.8013676;-0.378032;-1
75120;-0.7149349;0.01305354;-0.02104167;-0.9549954;0.02323616;-0.2957095;0.289463;0.2906941;-0.9119805;-1
75160;-0.7129474;0.02893203;-0.01997276;-0.9339399;0.1925682;-0.3011209;0.3499547;0.3212453;-0.8799621;-1
75200;-0.7080301;-0.002207279;-0.03503584;-0.8576403;-0.1985941;-0.4743561;0.3487467;0.4532852;-0.8203099;-1
75240;-0.6950865;-0.01454128;-0.04584995;-0.6692707;-0.3804532;-0.6382256;0.3596578;0.585748;-0.7263233;-1
75280;-0.7168159;0.01300596;-0.01102021;-0.9920202;0.004360683;-0.1260028;0.1260572;0.05257013;-0.9906291;-1
75320;-0.7149283;0.02941211;-0.0103974;-0.9730623;0.1864503;-0.1355952;0.1579007;0.110449;-0.9812586;-1
75360;-0.7132268;-0.003532737;-0.02193952;-0.927846;-0.2274715;-0.2955647;0.2431955;0.2318285;-0.941866;-1
75400;-0.7176477;0.0129811;-3.696932e-05;-0.999997;-0.002405636;-0.0004060974;0.0005316585;-0.05242296;-0.9986249;-1
75440;-0.7157301;0.02943444;-4.0624e-05;-0.9831396;0.1828565;-0.0004491735;0.0107339;0.05525893;-0.9984145;-1
75480;-0.7150283;-0.004318044;-0.01158366;-0.9615436;-0.2452252;-0.1236871;0.128142;-0.002230817;-0.9917533;-1
75520;-0.7156041;-0.004814938;-3.134162e-05;-0.9679527;-0.2511324;-0.0003260253;0.03023568;-0.11525;-0.9928763;-1
75560;-0.7017626;-0.01721604;-0.03551243;-0.7710508;-0.4290588;-0.4705203;0.2849278;0.4283459;-0.8575174;-1
75600;-0.6887408;-0.01128051;-0.05276337;-0.5755408;-0.3102556;-0.7566335;0.4024059;0.69802;-0.5923154;-1
75640;-0.7079686;-0.02195306;-0.01190251;-0.867495;-0.4770045;-0.1411353;0.1468593;0.02549028;-0.988829;-1
75680;-0.7085515;-0.02250828;-2.370425e-05;-0.8791631;-0.476521;-0.0002291624;0.0555574;-0.1020237;-0.9932294;-1
75720;-0.7061656;-0.02043329;-0.02254234;-0.8297032;-0.4659238;-0.3074211;0.2244563;0.2257745;-0.9479691;-1
75760;-0.6861663;-0.02603339;-0.04591587;-0.536674;-0.560766;-0.6304937;0.3102002;0.5637725;-0.765465;-1
75800;-0.6972466;-0.03689929;-0.01165745;-0.7364531;-0.6576954;-0.1583468;0.2101965;1.424178e-05;-0.9776592;-1
75840;-0.6980106;-0.03774446;-1.531013e-05;-0.7607697;-0.6490219;-0.000134513;0.1949107;-0.2282725;-0.9538876;-1
75880;-0.6850679;-0.04768614;-7.366296e-06;-0.5018872;-0.8649331;2.919008e-05;0.1213957;-0.07047461;-0.9900993;-1
75920;-0.6917745;-0.03122752;-0.03476089;-0.6219811;-0.6327686;-0.4612411;0.25285;0.3951865;-0.8831164;-1
75960;-0.6952835;-0.03493333;-0.0222723;-0.6783368;-0.6567608;-0.3294304;0.2473298;0.2180885;-0.9440686;-1
76000;-0.6831292;-0.04587398;-0.01775955;-0.4888352;-0.832766;-0.2598869;0.1862417;0.1914171;-0.9636772;-1
76040;-0.6794754;-0.04177417;-0.03173674;-0.4516357;-0.7766665;-0.4391064;0.2371734;0.3699412;-0.8982719;-1
76080;-0.6685539;-0.05362768;-0.01661618;-0.3403291;-0.9113959;-0.2313733;0.115239;0.2037802;-0.9722106;-1
76120;-0.6651294;-0.04932649;-0.03009083;-0.2927223;-0.854142;-0.4298315;0.2083998;0.3817269;-0.9004745;-1
76160;-0.6753743;-0.03548279;-0.04454756;-0.388075;-0.6942682;-0.6061266;0.2928571;0.5306893;-0.795364;-1
76200;-0.6473229;-0.05479863;-0.02798952;-0.1017958;-0.9098265;-0.4023103;0.1471623;0.3861893;-0.910605;-1
76240;-0.6609887;-0.0430496;-0.04248535;-0.2329885;-0.7766352;-0.5852813;0.2940252;0.5174202;-0.8036328;-1
76280;-0.6434584;-0.04812568;-0.04008005;-0.07126227;-0.8248485;-0.5608445;0.2628091;0.5268794;-0.808288;-1
76320;-0.6789403;-0.01977339;-0.05464346;-0.420628;-0.467258;-0.7776516;0.3731886;0.6921766;-0.6177556;-1
76360;-0.6691489;-0.02885656;-0.05345318;-0.2997876;-0.5750932;-0.7611802;0.3638721;0.668633;-0.6484806;-1
76400;-0.6557674;-0.03554511;-0.05191957;-0.1629779;-0.6666639;-0.7273221;0.3555014;0.6479817;-0.6736012;-1
76440;-0.6391585;-0.04048713;-0.04941764;-0.03070744;-0.7164551;-0.696957;0.3443675;0.6470113;-0.6802848;-1
76480;-0.6833142;-0.009077653;-0.05676873;-0.4656443;-0.2071637;-0.8603829;0.460151;0.7737788;-0.4353476;-1
76520;-0.6775318;-0.006819502;-0.05989409;-0.3773124;-0.1780392;-0.908811;0.4581139;0.8169821;-0.3502454;-1
76560;-0.6694762;-0.01525412;-0.06037363;-0.2740589;-0.3419672;-0.8988605;0.4222345;0.7969616;-0.4319378;-1
76600;-0.6608523;-0.02332893;-0.0593268;-0.1972635;-0.4597315;-0.865872;0.4114314;0.7628586;-0.4987696;-1
76640;-0.659465;-0.01170847;-0.06372356;-0.1689419;-0.2472628;-0.9541069;0.4333871;0.8507837;-0.297225;-1
76680;-0.6481254;-0.02902021;-0.0579381;-0.08101981;-0.5461992;-0.833728;0.3978882;0.7492121;-0.5294963;-1
76720;-0.6526643;-0.0004179627;-0.06644651;-0.09799899;-0.1074368;-0.9893703;0.4129598;0.9001334;-0.138651;-1
76760;-0.6509378;-0.01874195;-0.06287037;-0.0878769;-0.3572525;-0.9298647;0.4399877;0.823561;-0.3579919;-1
76800;-0.6436037;0.008244991;-0.06743806;-0.01672046;0.02296722;-0.9995965;0.3082516;0.9511583;0.01669807;-1
76840;-0.649075;-0.008363485;-0.06556488;-0.07657081;-0.1895704;-0.9788769;0.4731321;0.8572773;-0.2030312;-1
76880;-0.6334043;0.01059289;-0.06694286;0.05197569;0.03577892;-0.9980073;0.2347921;0.970907;0.0470352;-1
76920;-0.6322297;0.003811285;-0.06686929;0.08820131;-0.04482412;-0.9950936;0.4550646;0.8904585;-5.490493e-05;-1
76960;-0.6425997;0.00109221;-0.06723566;-0.01553212;-0.07555716;-0.9970206;0.3943577;0.9158462;-0.07554909;-1
77000;-0.6387066;-0.004588887;-0.06664371;0.008057924;-0.148353;-0.9889016;0.5073195;0.8528185;-0.1238044;-1
77040;-0.6422592;-0.01364143;-0.06474149;0.009335579;-0.270441;-0.9626914;0.5015616;0.8341358;-0.2294632;-1
77080;-0.6393752;-0.02268994;-0.06141121;0.009031758;-0.4178462;-0.908473;0.4205186;0.8258564;-0.3756666;-1
77120;-0.6343939;-0.03318539;-0.05558468;0.02973529;-0.5880724;-0.8082615;0.3747152;0.7562071;-0.5364135;-1
77160;-0.6247101;-0.04187081;-0.0466972;0.1586058;-0.7412769;-0.6521178;0.3113782;0.6642758;-0.679478;-1
77200;-0.6214833;-0.03515582;-0.05255059;0.2011733;-0.622331;-0.7564149;0.3360858;0.7691212;-0.54349;-1
77240;-0.6283375;-0.02659686;-0.05905297;0.1133074;-0.4551865;-0.8831573;0.3865399;0.8390497;-0.3828609;-1
77280;-0.6312633;-0.01698343;-0.0631666;0.09942269;-0.2954003;-0.9501863;0.4764642;0.8524591;-0.2151634;-1
77320;-0.6347281;-0.007071257;-0.06586445;0.08652851;-0.2077152;-0.9743547;0.5346276;0.8349482;-0.130518;-1
77360;-0.6090598;-0.03344485;-0.04851982;0.3466398;-0.6136838;-0.7092503;0.2864137;0.7891587;-0.543058;-1
77400;-0.6161161;-0.02824672;-0.05522359;0.2654889;-0.499951;-0.8243167;0.3442919;0.8477075;-0.4033344;-1
77440;-0.6050099;-0.02722178;-0.05117881;0.3954118;-0.5068219;-0.7658889;0.29471;0.8596231;-0.4168928;-1
77480;-0.6308631;-0.001116946;-0.06619847;0.1348991;-0.108955;-0.9848509;0.5199257;0.8538951;-0.02325091;-1
77520;-0.6231371;-0.008689359;-0.06387252;0.1629516;-0.2011271;-0.9659165;0.5271563;0.8452949;-0.08707874;-1
77560;-0.6208428;-0.02056587;-0.0603097;0.1896159;-0.3518677;-0.9166433;0.4273147;0.8701027;-0.2456086;-1
77600;-0.6014482;-0.02076337;-0.05309907;0.4321967;-0.411993;-0.8020456;0.3070763;0.9033227;-0.2987002;-1
77640;-0.6107818;-0.0219878;-0.05680335;0.31994;-0.4160089;-0.8511776;0.3678001;0.8823745;-0.2930831;-1
77680;-0.6144105;-0.01410541;-0.06115483;0.2467376;-0.259854;-0.9335935;0.4554275;0.8814569;-0.1249784;-1
77720;-0.605998;-0.01514606;-0.05757317;0.3643414;-0.3118214;-0.8774687;0.3668159;0.9139876;-0.1725417;-1
77760;-0.5981044;-0.01402511;-0.05422175;0.4575489;-0.3204885;-0.8293087;0.2926003;0.9347975;-0.1999341;-1
77800;-0.5855721;-0.01130872;-0.0477914;0.4863853;-0.2417626;-0.8393747;0.2345398;0.9610705;-0.1411029;-1
77840;-0.5743517;-0.008508235;-0.04255423;0.3891;-0.1490051;-0.9088486;0.289034;0.9555796;-0.03298335;-1
77880;-0.5658255;-0.006306149;-0.04009284;0.2782866;-0.08733692;-0.9563986;0.2819051;0.9580391;-0.005456977;-1
77920;-0.5632014;0.0006758273;-0.03960122;0.2887909;-0.02311838;-0.9569923;0.2210503;0.9729245;0.04333613;-1
77960;-0.5713078;-0.001798145;-0.0421062;0.3708161;-0.08268008;-0.9248309;0.2652721;0.96273;0.02035757;-1
78000;-0.5625088;0.007005401;-0.03954961;0.3760464;-0.1320788;-0.9169071;0.2058518;0.9756758;-0.05617297;-1
78040;-0.5808767;-0.003254391;-0.04645943;0.4891517;-0.1332898;-0.8616985;0.1871154;0.9804203;-0.04550258;-1
78080;-0.5694618;0.005264632;-0.04215384;0.3890218;-0.2246633;-0.8931606;0.2723625;0.9533535;-0.1213876;-1
78120;-0.5777171;0.004344791;-0.04560263;0.4491613;-0.2383147;-0.8608477;0.2005653;0.965284;-0.1627998;-1
78160;-0.5909485;-0.005487502;-0.05291387;0.538332;-0.2605935;-0.8012381;0.1548201;0.9649429;-0.2099912;-1
78200;-0.5860493;0.0009952039;-0.0506804;0.6078957;-0.2736711;-0.7450384;0.08236284;0.9548079;-0.2838244;-1
78240;-0.5966324;-0.008546084;-0.05521047;0.4659465;-0.2933065;-0.8346846;0.2248516;0.9514531;-0.2089309;-1
78280;-0.6028733;-0.009266332;-0.05798659;0.3757549;-0.27582;-0.8846852;0.2939061;0.9407126;-0.1685038;-1
78320;-0.6090745;-0.007764116;-0.06053801;0.2856374;-0.2161006;-0.9336551;0.3584818;0.9276096;-0.1050294;-1
78360;-0.6146899;-0.005205899;-0.06245172;0.2126971;-0.1634596;-0.9633488;0.4484928;0.8922507;-0.05237341;-1
78400;-0.6194675;-0.001778051;-0.06392978;0.177856;-0.1424297;-0.9736946;0.507432;0.8610495;-0.03326425;-1
78440;-0.6225727;0.002579689;-0.06517886;0.1685437;-0.1177783;-0.9786324;0.5345;0.8451134;-0.009655787;-1
78480;-0.5971537;-0.003470093;-0.05748705;0.4980535;-0.4924763;-0.7135928;0.1356278;0.856943;-0.496942;-1
78520;-0.6015735;-0.004365742;-0.05912722;0.3301583;-0.5374478;-0.7759209;0.1990578;0.8430946;-0.4993913;-1
78560;-0.6066391;-0.003481254;-0.06124721;0.1607786;-0.5282257;-0.8337433;0.279005;0.8346031;-0.4749673;-1
78600;-0.6107314;-0.00141865;-0.062586;0.008497018;-0.4957471;-0.8684254;0.2663099;0.8382142;-0.4758951;-1
78640;-0.6155492;0.00207673;-0.06414085;-0.05789629;-0.4976472;-0.8654451;0.0601871;0.8635824;-0.5006024;-1
78680;-0.5928838;-0.0002264529;-0.056165;0.6368481;-0.4724491;-0.6089955;0.1088559;0.8370508;-0.5358238;-1
78720;-0.5967732;-0.001591593;-0.06099052;0.4816274;-0.8399161;-0.2497325;0.3210563;0.4342732;-0.8415836;-1
78760;-0.6009384;-0.002416417;-0.06253649;0.1517303;-0.9309108;-0.3320862;0.2588965;0.3616607;-0.8956288;-1
78800;-0.6197908;0.004802436;-0.06501703;-0.1277826;-0.4306508;-0.893427;0.09414221;0.8914636;-0.4432042;-1
78840;-0.6222968;0.007748961;-0.06561697;-0.145016;-0.2521318;-0.9567654;0.01548703;0.9662902;-0.2569892;-1
78880;-0.6245111;0.006746307;-0.06592073;0.1391389;-0.04644661;-0.9891831;0.4903699;0.8710621;0.02807531;-1
78920;-0.6254048;0.01049921;-0.06603854;0.1138993;-0.005585096;-0.9934766;0.2614259;0.9649114;0.0245472;-1
78960;-0.6252321;0.01393196;-0.06608321;0.07572954;0.0285356;-0.9967201;-0.08340583;0.9962688;0.0221856;-1
79000;-0.62318;0.01094195;-0.06574073;-0.1983318;-0.05814669;-0.9784088;0.05766805;0.9958171;-0.07087111;-1
79040;-0.6230539;0.01788831;-0.06581414;0.05906147;0.11311;-0.9918249;-0.4368242;0.8963125;0.07620544;-1
79080;-0.6227806;0.01424828;-0.06607932;-0.4533805;0.3100292;-0.8356603;0.2139014;0.9480039;0.2356581;-1
79120;-0.6196764;0.02147201;-0.06481519;0.1094066;0.2377528;-0.9651377;-0.1621573;0.962228;0.2186544;-1
79160;-0.6162291;0.02605675;-0.06286328;0.1512249;0.2533757;-0.9554589;0.02236591;0.9654508;0.2595652;-1
79200;-0.6103855;0.0306319;-0.06084486;0.1400745;0.22512;-0.9642065;0.1019556;0.9653587;0.2401701;-1
79240;-0.6032966;0.03309214;-0.05930205;0.1320136;0.1653736;-0.9773419;0.1576852;0.9699134;0.1854149;-1
79280;-0.5961926;0.03573056;-0.05791121;0.1491893;0.133394;-0.9797605;0.2345135;0.9578068;0.1661142;-1
79320;-0.5913897;0.03331362;-0.05732786;0.1918495;0.09482619;-0.9768287;0.2613087;0.9544538;0.1439749;-1
79360;-0.5980594;0.03076904;-0.05887994;0.1630574;0.1252706;-0.9786205;0.1926563;0.968759;0.1561077;-1
79400;-0.6044601;0.0286556;-0.06030571;0.164462;0.2044547;-0.9649478;0.1159782;0.9674748;0.2247563;-1
79440;-0.6111636;0.02510484;-0.06240792;0.1558463;0.246068;-0.9566273;0.09207954;0.9606245;0.2620966;-1
79480;-0.6147799;0.02178486;-0.06395862;0.1596748;0.2934634;-0.9425321;0.006976798;0.954423;0.2983476;-1
79520;-0.5870836;0.03097351;-0.05652263;0.2266173;0.05753142;-0.9722813;0.3012491;0.9451622;0.1261403;-1
79560;-0.5994715;0.02657597;-0.05974594;0.1947013;0.1882249;-0.9626201;0.1656005;0.961006;0.2214033;-1
79600;-0.6061411;0.0235986;-0.06185708;0.1765912;0.2467118;-0.9528483;0.1484107;0.9503207;0.2735613;-1
79640;-0.5936732;0.02868247;-0.0582603;0.2050541;0.08920253;-0.97467;0.2324356;0.9629041;0.1370257;-1
79680;-0.6095512;0.02077721;-0.06326409;0.1736799;0.26278;-0.9490884;0.1460633;0.9462024;0.2887096;-1
79720;-0.5898985;0.02669071;-0.05752227;0.2383077;0.05800569;-0.9694461;0.2659357;0.9561533;0.1225917;-1
79760;-0.6175237;0.0196986;-0.06533422;0.05473558;0.4831063;-0.8738477;-0.07045057;0.8748469;0.479246;-1
79800;-0.6142055;0.019953;-0.06461794;0.1927002;0.459173;-0.8671924;-0.005539566;0.8842509;0.4669744;-1
79840;-0.6200055;0.0184295;-0.06585711;-0.1316506;0.4536436;-0.8814055;-0.02072387;0.8876906;0.4599738;-1
79880;-0.6214451;0.01683272;-0.06599071;-0.2771612;0.2898535;-0.9160605;0.04068967;0.9560973;0.2902108;-1
79920;-0.6205628;0.01675917;-0.0675062;-0.5805238;0.7855999;-0.2140674;0.5620171;0.5768344;0.5927891;-1
79960;-0.6186339;0.01806144;-0.06687081;-0.2680148;0.8162084;-0.5118322;0.3472866;0.5774015;0.7389178;-1
80000;-0.6165903;0.01875423;-0.06628044;0.02340978;0.7911921;-0.6111195;0.1639001;0.5999786;0.7830469;-1
80040;-0.5866038;0.0248533;-0.05675185;0.2597802;0.03727422;-0.9649363;0.2565327;0.9606712;0.1061865;-1
80080;-0.5832424;0.02877791;-0.05565187;0.2580533;0.02721399;-0.965744;0.3342139;0.9353676;0.1156583;-1
80120;-0.5797129;0.033029;-0.05454486;0.2665148;0.04251091;-0.9628887;0.3268822;0.9358236;0.1317877;-1
80160;-0.5716771;0.03389567;-0.05207063;0.3350165;0.0270114;-0.9418089;0.3184193;0.9375097;0.1401649;-1
80200;-0.5657613;0.0372169;-0.04960448;0.4258134;0.04608227;-0.903594;0.2861797;0.9405259;0.1828853;-1
80240;-0.5798878;0.02664505;-0.05471709;0.2997174;-0.01950994;-0.9538115;0.3383961;0.9369316;0.08718724;-1
80280;-0.5834318;0.02316269;-0.05592108;0.3040259;0.001296354;-0.9526486;0.2347839;0.9690337;0.07626096;-1
80320;-0.5760925;0.02995394;-0.05354935;0.3054112;-0.003923999;-0.9521962;0.367464;0.9229916;0.1140676;-1
80360;-0.5892352;0.02171971;-0.05771538;0.2914145;0.1216056;-0.9488328;0.1281587;0.9779779;0.1647014;-1
80400;-0.5852476;0.02059934;-0.05667389;0.304515;0.1677238;-0.9376206;0.05177751;0.9799991;0.1921176;-1
80440;-0.5920961;0.02328391;-0.058432;0.2780109;0.135393;-0.9509827;0.1765173;0.9659511;0.1891271;-1
80480;-0.5953465;0.02490239;-0.05911683;0.2396941;0.1616229;-0.9572919;0.1926747;0.958504;0.2100702;-1
80520;-0.5966003;0.02148946;-0.06038124;0.277478;0.3452294;-0.8965586;0.1393087;0.9088827;0.3930898;-1
80560;-0.6016235;0.0216262;-0.06161015;0.1677733;0.3221785;-0.9316887;0.1226725;0.9309162;0.3440013;-1
80600;-0.6045406;0.01889962;-0.06296267;0.1111138;0.3028598;-0.9465347;0.1369166;0.9386852;0.3164209;-1
80640;-0.5809956;0.02147104;-0.05487696;0.3565056;-0.06195097;-0.932219;0.294553;0.954342;0.04924054;-1
80680;-0.5819865;0.01964308;-0.05542161;0.4203841;0.1699874;-0.8912755;0.08457256;0.970669;0.2250144;-1
80720;-0.5772881;0.02443336;-0.05375073;0.3416052;-0.08479291;-0.9359818;0.393628;0.9172261;0.06060607;-1
80760;-0.5936379;0.0199095;-0.05977755;0.34623;0.3417465;-0.8736885;0.07528049;0.9181653;0.3889765;-1
80800;-0.5908892;0.01908138;-0.05910112;0.3235845;0.3959814;-0.8593543;0.005365163;0.9074346;0.4201568;-1
80840;-0.5991006;0.01919414;-0.06310011;0.1179586;0.5786217;-0.8070209;0.04234444;0.8090245;0.5862477;-1
80880;-0.6006123;0.01825012;-0.06369354;-0.06764779;0.4308161;-0.8999007;0.1065904;0.8999254;0.4228153;-1
80920;-0.6030205;0.0171151;-0.06359594;-0.1012549;0.04991313;-0.9936077;0.2192605;0.9753025;0.02664953;-1
80960;-0.6001884;0.01716481;-0.06403821;-0.07941998;0.06629543;-0.9946344;0.2256046;0.973092;0.04684535;-1
81000;-0.6061156;0.01735345;-0.06342494;0.1695447;0.1982428;-0.9653779;0.1835186;0.9560754;0.228563;-1
81040;-0.6104236;0.01909719;-0.06400352;0.2301399;0.3398685;-0.9118787;0.1231079;0.9193351;0.3737175;-1
81080;-0.6140646;0.01888029;-0.06558368;0.2345701;0.7135717;-0.6601458;0.02071894;0.6752688;0.7372806;-1
81120;-0.5966692;0.01922099;-0.06230142;0.3022864;0.601923;-0.7391289;0.0168428;0.7719108;0.6355077;-1
81160;-0.5982176;0.01764542;-0.06397754;0.1818413;0.3290935;-0.9266236;0.03385523;0.9396803;0.3403744;-1
81200;-0.5952535;0.01870914;-0.06180795;0.4492027;0.5381355;-0.713181;-0.05709395;0.8139094;0.5781796;-1
81240;-0.5963342;0.01778021;-0.06314959;0.3910731;0.4073997;-0.8252802;-0.07108119;0.9073844;0.4142475;-1
81280;-0.6019348;0.01584288;-0.06343365;-0.02264759;-0.4889103;-0.8720401;0.3605512;0.8095694;-0.4632499;-1
81320;-0.5998133;0.01623826;-0.06369749;-0.01794069;-0.5214873;-0.8530704;0.1753046;0.8383503;-0.5161756;-1
81360;-0.5978504;0.01656558;-0.06394253;0.1868924;-0.3181069;-0.929451;0.006355636;0.946493;-0.3226617;-1
81400;-0.6039994;0.01577309;-0.06335646;0.05062508;-0.2469597;-0.9677026;0.347617;0.912715;-0.2147413;-1
81440;-0.5940578;0.01760136;-0.0616231;0.4449253;0.356135;-0.8217112;-0.06091869;0.9274411;0.3689739;-1
81480;-0.5951746;0.0175467;-0.06244179;0.5550675;0.2750138;-0.7850271;-0.1378826;0.9611271;0.2392135;-1
81520;-0.5961155;0.01662008;-0.06327791;0.4563659;-0.188149;-0.8696724;-0.05925677;0.9687918;-0.2406884;-1
81560;-0.5924973;0.01772247;-0.06091311;0.2897466;0.462732;-0.8378103;-0.0405774;0.8805122;0.4722835;-1
81600;-0.5950427;0.01655278;-0.06237276;0.5848344;-0.2149358;-0.7821581;-0.1097638;0.9344161;-0.3388486;-1
81640;-0.593762;0.0164745;-0.06144339;0.3497097;-0.1630519;-0.9225603;-0.1090924;0.9709522;-0.2129577;-1
81680;-0.599387;0.01584527;-0.06299246;0.02987539;-0.897548;-0.4399036;0.1507844;0.4391106;-0.8856896;-1
81720;-0.597595;0.015817;-0.06319839;0.08918862;-0.8485857;-0.521486;0.04262231;0.5263447;-0.8492024;-1
81760;-0.5960552;0.01575479;-0.06265335;0.2884209;-0.7973862;-0.5300837;0.03937232;0.5630183;-0.8255061;-1
81800;-0.5950059;0.01574902;-0.06172457;0.3302753;-0.7674648;-0.5494689;-0.01374709;0.5781628;-0.8158057;-1
81840;-0.601365;0.01551792;-0.06274423;0.1188409;-0.8548129;-0.5051452;0.3655272;0.5106866;-0.778196;-1
81880;-0.6030039;0.01495221;-0.06252512;0.2634123;-0.6555686;-0.7077032;0.3205898;0.7514054;-0.5767255;-1
81920;-0.5917386;0.01584381;-0.06105927;-0.134646;0.2187034;-0.9664571;-0.02388491;0.9743391;0.2238147;-1
81960;-0.5936792;0.01555999;-0.06075475;0.04648955;-0.6851459;-0.7269208;-0.2799988;0.6895974;-0.6678745;-1
82000;-0.5903906;0.01753071;-0.06049858;0.1481282;0.5801979;-0.8008919;-0.08524992;0.8143026;0.5741456;-1
82040;-0.5890963;0.01852506;-0.05890916;0.3186609;0.5755287;-0.7531399;-0.1091334;0.8115535;0.5739915;-1
82080;-0.5879223;0.01926051;-0.05768953;0.3004764;0.4200958;-0.8562883;-0.06987872;0.9050577;0.4195004;-1
82120;-0.5882571;0.01748207;-0.06000214;0.1894949;0.7473176;-0.6368728;-0.1820759;0.66412;0.7251151;-1
82160;-0.5863307;0.01763405;-0.05869497;0.2081267;0.7215904;-0.6602942;-0.2021807;0.6922351;0.6927688;-1
82200;-0.5896119;0.01583025;-0.0614946;-0.1094291;0.55934;-0.8216838;-0.01642315;0.8255179;0.564137;-1
82240;-0.5840672;0.01803699;-0.05733898;0.2243825;0.7021098;-0.6757891;-0.2015382;0.7119113;0.6727229;-1
82280;-0.5874257;0.01607195;-0.06161774;0.1074079;0.716714;-0.6890463;-0.08792867;0.6971876;0.711476;-1
82320;-0.5852133;0.01614997;-0.06074917;0.1855459;0.7692593;-0.6114017;-0.1555799;0.6373559;0.7546997;-1
82360;-0.5872436;0.01454854;-0.06293685;0.06622329;0.6183743;-0.7830885;0.1154886;0.7747866;0.6215852;-1
82400;-0.5907434;0.01389369;-0.06217315;-0.4999487;0.5486601;-0.670092;0.1806025;0.822767;0.5389223;-1
82440;-0.589414;0.01386924;-0.0631334;-0.1819373;0.6490185;-0.7386975;0.2497799;0.7570983;0.6036657;-1
82480;-0.5923654;0.01505429;-0.06085093;-0.4782851;-0.232475;-0.8468759;-0.2442697;0.9614889;-0.1259825;-1
82520;-0.5817853;0.01825504;-0.05605794;0.4050038;0.7238383;-0.5585906;-0.2395066;0.6735916;0.6992105;-1
82560;-0.5826803;0.01635662;-0.05988878;0.1493933;0.7834176;-0.6032718;-0.2464742;0.6203633;0.7445773;-1
82600;-0.5849441;0.01442207;-0.06241881;0.188911;0.6404275;-0.7444228;-0.03144929;0.7616293;0.6472495;-1
82640;-0.5808122;0.01937389;-0.05484992;0.5040681;0.1416511;-0.8519534;0.111976;0.9673967;0.2270998;-1
82680;-0.5798776;0.02008757;-0.05430253;0.3869362;-0.1007674;-0.9165606;0.4496364;0.8884094;0.09216101;-1
82720;-0.5794348;0.01856932;-0.05408426;0.5070552;-0.107265;-0.8551847;0.3735586;0.9215074;0.1059076;-1
82760;-0.5755027;0.02218384;-0.05280218;0.3787336;-0.1408523;-0.914683;0.4748551;0.8778448;0.06149914;-1
82800;-0.5803619;0.01827772;-0.05492034;0.7079358;0.5783393;-0.4053726;-0.3980238;0.8008363;0.4474335;-1
82840;-0.5791183;0.01616929;-0.05338197;0.7028861;-0.3423743;-0.6233768;0.4487508;0.8934464;0.01531188;-1
82880;-0.5788509;0.01587626;-0.05583626;0.9703786;0.2328115;0.06157667;-0.2294661;0.8163823;0.5297108;-1
82920;-0.5790987;0.01094532;-0.05570557;0.8377547;-0.4438651;0.3169611;0.4412615;0.892989;0.08428892;-1
82960;-0.5800572;0.0167399;-0.05875773;0.525694;0.7356869;-0.4270877;-0.3342029;0.6403001;0.6915997;-1
83000;-0.5822896;0.01422125;-0.06183798;0.1761906;0.6534777;-0.7361545;-0.1460995;0.7569311;0.6369534;-1
83040;-0.5774494;0.01223168;-0.06004951;0.9805264;0.1906588;-0.04307673;-0.1641787;0.922903;0.3478197;-1
83080;-0.5733085;0.02704887;-0.05250916;0.3583913;-0.076901;-0.9303579;0.3701215;0.9265742;0.06604628;-1
83120;-0.5744322;0.01960658;-0.05190155;0.418642;-0.2195496;-0.8811599;0.526479;0.8492101;0.0386023;-1
83160;-0.5694311;0.02989104;-0.05112479;0.3981806;-0.06115387;-0.9152088;0.3423087;0.9355254;0.08649907;-1
83200;-0.5712233;0.02428257;-0.05133354;0.4122896;-0.1511402;-0.8983566;0.3832469;0.9233046;0.02066294;-1
83240;-0.5791504;0.01400559;-0.06145794;0.5811147;0.5824044;-0.5684264;-0.1934813;0.7773091;0.5986235;-1
83280;-0.5798784;0.01113451;-0.06369573;0.4716157;0.4281106;-0.7709085;-0.1239396;0.8977434;0.4227242;-1
83320;-0.5641286;0.03318322;-0.04893959;0.4593279;-0.03856848;-0.8873218;0.3164796;0.9404725;0.1231144;-1
83360;-0.582865;0.01214546;-0.06375743;0.1740992;0.5697405;-0.803172;-0.02222513;0.8176938;0.5752242;-1
83400;-0.5582445;0.03698842;-0.04574205;0.5200689;0.005917788;-0.8539264;0.3366252;0.9174351;0.2116238;-1
83440;-0.5854467;0.0126698;-0.06386095;0.1395752;0.563159;-0.8144758;0.1012039;0.8101069;0.5774812;-1
83480;-0.5528167;0.04072894;-0.04218211;0.5692532;0.04837547;-0.8205289;0.3579754;0.883861;0.3007239;-1
83520;-0.5877091;0.01290752;-0.06389882;0.09930189;0.5738687;-0.8129045;0.2198521;0.7840996;0.5803903;-1
83560;-0.5625929;0.02875884;-0.04759498;0.4976726;-0.1324153;-0.8570448;0.3375763;0.9397282;0.05107247;-1
83600;-0.5571014;0.03210033;-0.044698;0.546981;-0.1036785;-0.8305364;0.367608;0.9210778;0.1273636;-1
83640;-0.5520683;0.03535497;-0.04153707;0.6071296;-0.07343864;-0.7910502;0.3979036;0.8897966;0.2229898;-1
83680;-0.567268;0.02623661;-0.04972732;0.4546658;-0.1470738;-0.8783258;0.329465;0.9439287;0.012653;-1
83720;-0.5696956;0.0206458;-0.04987518;0.4496776;-0.237318;-0.8609912;0.4200363;0.9068112;-0.03044729;-1
83760;-0.5739483;0.01606192;-0.05060531;0.4210217;-0.4184413;-0.8047245;0.5662689;0.8142676;-0.1271124;-1
83800;-0.5558721;0.02679685;-0.04288212;0.5771731;-0.2038525;-0.7906937;0.4093945;0.9099923;0.06432099;-1
83840;-0.5609481;0.0237442;-0.04550713;0.5262243;-0.2241328;-0.8201208;0.3733049;0.9273666;-0.01370412;-1
83880;-0.5651475;0.0218986;-0.04759479;0.4903312;-0.2360701;-0.8388159;0.3477876;0.9354178;-0.05977482;-1
83920;-0.5512136;0.02997267;-0.03996281;0.6479255;-0.1774268;-0.7406211;0.4318659;0.8864067;0.1655284;-1
83960;-0.5685375;0.01639536;-0.04774345;0.4415947;-0.406994;-0.7994379;0.44452;0.873086;-0.1988251;-1
84000;-0.574916;0.01112014;-0.0477186;0.4072644;-0.4605156;-0.7886446;0.4959175;0.836515;-0.2324052;-1
84040;-0.5683891;0.01140161;-0.04460192;0.4161651;-0.429376;-0.801237;0.3868866;0.8805994;-0.2711738;-1
84080;-0.580397;0.01185974;-0.05152892;0.642719;-0.5666131;-0.5151923;0.5191615;0.8167406;-0.2507167;-1
84120;-0.5592505;0.01904297;-0.0426002;0.5605928;-0.349511;-0.7501657;0.3707671;0.9158655;-0.1492625;-1
84160;-0.5546851;0.02185833;-0.04004484;0.6204588;-0.3188576;-0.7155618;0.4148431;0.9077009;-0.04415464;-1
84200;-0.5639639;0.01727562;-0.04520714;0.5037079;-0.3732627;-0.7787424;0.353831;0.9113644;-0.2077523;-1
84240;-0.5631205;0.01242936;-0.04189512;0.4745183;-0.3514611;-0.8065668;0.2942247;0.9264351;-0.2306699;-1
84280;-0.5574618;0.01479392;-0.03855189;0.5329038;-0.2580884;-0.8054065;0.2538695;0.9565623;-0.1382989;-1
84320;-0.5528367;0.01772647;-0.03567435;0.5953912;-0.1814673;-0.7819368;0.2757601;0.9600385;-0.01239238;-1
84360;-0.5835983;0.006938145;-0.05003265;0.628723;-0.4669733;-0.6212976;0.2387328;0.8762873;-0.417461;-1
84400;-0.5488397;0.01438538;-0.03335424;0.4360226;0.1309702;-0.8899697;0.1065193;0.9734778;0.1961353;-1
84440;-0.5489033;0.02084914;-0.03286021;0.6490086;-0.1265175;-0.7489099;0.2973227;0.9478977;0.09833056;-1
84480;-0.544549;0.01793343;-0.03072609;0.4392924;0.226917;-0.868752;0.1407585;0.9367903;0.3167747;-1
84520;-0.5886492;0.004643247;-0.05571489;0.6723956;-0.6416491;-0.3684771;0.2663513;0.6743371;-0.6885366;-1
84560;-0.5504217;0.02516422;-0.03737596;0.6893604;-0.2773003;-0.6678861;0.4270098;0.9002461;0.06767327;-1
84600;-0.5409935;0.02131231;-0.02770169;0.4894005;0.2790724;-0.8254406;0.1478578;0.905258;0.3950627;-1
84640;-0.5451406;0.02424981;-0.02979911;0.6859888;-0.07251383;-0.722212;0.2890235;0.9377027;0.1816375;-1
84680;-0.5461411;0.0284189;-0.03368765;0.7396278;-0.2462964;-0.6245615;0.4276908;0.8884808;0.1570123;-1
84720;-0.5418781;0.02708378;-0.02717943;0.7258149;-0.03657289;-0.6849986;0.2621305;0.9352251;0.2291493;-1
84760;-0.5383924;0.02386921;-0.02495543;0.5521253;0.3018934;-0.7761534;0.1110362;0.8951972;0.4286547;-1
84800;-0.5466099;0.03312904;-0.03635347;0.7078801;-0.1679306;-0.6857345;0.4500925;0.8552183;0.2554079;-1
84840;-0.5336768;0.02256701;-0.02327412;0.3968152;0.5187587;-0.7566545;0.04040665;0.8132939;0.579558;-1
84880;-0.5426618;0.03143722;-0.03030572;0.7764204;-0.2152818;-0.5902892;0.4232733;0.8720676;0.2398191;-1
84920;-0.5473033;0.03837097;-0.03789676;0.6620679;-0.06157829;-0.7467008;0.4251642;0.851246;0.3070235;-1
84960;-0.5359728;0.02621672;-0.02203366;0.6154356;0.3210686;-0.7184677;0.1360226;0.8540369;0.4998201;-1
85000;-0.5289428;0.02265131;-0.02107375;0.3073176;0.6418192;-0.7019461;0.01678278;0.7335945;0.6788281;-1
85040;-0.5389013;0.02997807;-0.0240395;0.7726575;0.0009830818;-0.6323329;0.2669506;0.903756;0.3293159;-1
85080;-0.5427595;0.0359088;-0.03278501;0.7578788;-0.172373;-0.6289136;0.4587865;0.8260515;0.3266876;-1
85120;-0.5479606;0.04358736;-0.03847815;0.6126297;0.06586988;-0.7873911;0.3989569;0.8340895;0.3805159;-1
85160;-0.5320641;0.02451024;-0.02076576;0.4496849;0.5387197;-0.7112203;0.1185696;0.7526691;0.6465848;-1
85200;-0.5392776;0.03440356;-0.02667147;0.815589;-0.188604;-0.5452338;0.4172963;0.8441995;0.3333171;-1
85240;-0.5434002;0.04087777;-0.03452717;0.7150929;-0.06510131;-0.6957291;0.4413116;0.8136819;0.3777868;-1
85280;-0.5486205;0.04995276;-0.03783919;0.5795096;0.1853562;-0.7934589;0.3964918;0.7864066;0.4734929;-1
85320;-0.5339997;0.02843737;-0.01891341;0.6671718;0.3548484;-0.6527502;0.1413089;0.7999569;0.5813145;-1
85360;-0.5441048;0.04564948;-0.03506334;0.6614877;0.06268405;-0.7470741;0.4257841;0.7883698;0.4435655;-1
85400;-0.5392556;0.03892437;-0.02902578;0.7998583;-0.1742585;-0.5739221;0.4541655;0.8005716;0.3902278;-1
85440;-0.5447834;0.05088633;-0.03466528;0.6162978;0.1832846;-0.7657417;0.4135454;0.7520373;0.5130653;-1
85480;-0.5361645;0.03274761;-0.02054566;0.8258604;0.01786273;-0.5609645;0.2951409;0.8344529;0.4628246;-1
85520;-0.5397121;0.04359969;-0.03072747;0.7602856;-0.07567999;-0.6448568;0.4436852;0.7852344;0.4313687;-1
85560;-0.5360281;0.03774741;-0.02290938;0.8546137;-0.1753607;-0.4870351;0.4092349;0.8040271;0.4296576;-1
85600;-0.5449454;0.05578864;-0.0330844;0.5876348;0.2925014;-0.7543597;0.2953901;0.7904165;0.5366257;-1
85640;-0.54029;0.04768729;-0.03142595;0.7037447;0.0485999;-0.708508;0.4368786;0.7564315;0.4863028;-1
85680;-0.535949;0.04210436;-0.02518813;0.8352182;-0.1889324;-0.5164291;0.4576945;0.7593786;0.4624327;-1
85720;-0.5410255;0.05209169;-0.03130515;0.6481094;0.1764475;-0.7406949;0.4146471;0.7338762;0.5378665;-1
85760;-0.5415753;0.0563096;-0.03016359;0.6019754;0.2954073;-0.741823;0.2866776;0.7871013;0.5461225;-1
85800;-0.5363512;0.04624544;-0.02692008;0.7967187;-0.09536543;-0.596441;0.457254;0.7399199;0.49296;-1
85840;-0.5369756;0.05010872;-0.02773611;0.7408059;0.03110676;-0.6707152;0.4443239;0.7257137;0.5248883;-1
85880;-0.54192;0.05999364;-0.02866844;0.5731912;0.3834672;-0.7241559;0.1695144;0.8091334;0.5626414;-1
85920;-0.5383193;0.05743559;-0.02711821;0.6078981;0.292625;-0.7380939;0.2831871;0.7885066;0.5459065;-1
85960;-0.5376589;0.05391158;-0.02780185;0.6732109;0.1685015;-0.719877;0.4053985;0.7299127;0.5501855;-1
86000;-0.5346589;0.05585691;-0.02449128;0.6926846;0.1503517;-0.7052673;0.3820792;0.7527099;0.5359586;-1
86040;-0.5340123;0.05253989;-0.0242888;0.7642282;0.01068129;-0.6446348;0.4341274;0.7303246;0.5271249;-1
86080;-0.5314776;0.05496176;-0.02113917;0.7792263;-0.005255684;-0.6266293;0.4145615;0.7540646;0.5093215;-1
86120;-0.533478;0.04916427;-0.0233166;0.8197597;-0.1074258;-0.5621641;0.458228;0.7111533;0.5328202;-1
86160;-0.5287712;0.05473275;-0.01736479;0.8420013;-0.1250427;-0.524765;0.4414579;0.7187923;0.5370633;-1
86200;-0.5309896;0.05181901;-0.02006825;0.8328318;-0.1247402;-0.5391729;0.4492849;0.7211052;0.5272954;-1
86240;-0.5330414;0.04542938;-0.02156027;0.8568016;-0.1818139;-0.4820851;0.4424715;0.7385242;0.508374;-1
86280;-0.5267587;0.05505571;-0.01374857;0.8793688;-0.1831423;-0.439481;0.4453355;0.642899;0.6231748;-1
86320;-0.5306224;0.04866776;-0.01831267;0.8651021;-0.1843263;-0.4665002;0.4481744;0.7016982;0.5538586;-1
86360;-0.5285352;0.05195265;-0.01580318;0.8692036;-0.1990363;-0.4526042;0.4528744;0.6878505;0.5672374;-1
86400;-0.5328008;0.04085049;-0.01835225;0.8872048;-0.1715279;-0.4267443;0.377714;0.8003734;0.4643862;-1
86440;-0.5254885;0.05550428;-0.01113452;0.9032308;-0.2127313;-0.3727036;0.4290881;0.4336682;0.792347;-1
86480;-0.5299972;0.04584832;-0.01586335;0.8910832;-0.2158204;-0.3991825;0.41984;0.7259326;0.5447347;-1
86520;-0.5281644;0.04976103;-0.01386952;0.8923334;-0.231161;-0.3876576;0.439245;0.6423476;0.628046;-1
86560;-0.5265936;0.05311145;-0.01232078;0.8944166;-0.2352327;-0.3803423;0.4441073;0.5672385;0.6935435;-1
86600;-0.5259412;0.05238202;-0.01010809;0.9122089;-0.2627844;-0.3143249;0.397325;0.3802301;0.835197;-1
86640;-0.527418;0.04858764;-0.0112101;0.9115474;-0.2622268;-0.3165136;0.4092471;0.5077855;0.7580319;-1
86680;-0.5292009;0.04451846;-0.01248288;0.9147846;-0.2383368;-0.3251878;0.3957843;0.6839334;0.6125191;-1
86720;-0.5311659;0.04007767;-0.01335215;0.9237745;-0.1324972;-0.3570584;0.3066904;0.8141144;0.492081;-1
86760;-0.5320857;0.03569423;-0.01294793;0.895161;0.1290764;-0.4240182;0.1173388;0.8525774;0.50801;-1
86800;-0.5339274;0.03490044;-0.01685969;0.8722888;0.03564963;-0.4849533;0.2513331;0.8192571;0.513679;-1
86840;-0.528953;0.03312997;-0.008432391;0.7684537;0.532752;-0.3512594;-0.02391948;0.5734383;0.8184118;-1
86880;-0.532163;0.0305405;-0.01564741;0.7082818;0.4073043;-0.5741071;0.1056094;0.7434071;0.659299;-1
86920;-0.5304642;0.0321378;-0.01220574;0.7378666;0.4783738;-0.4736315;0.02243644;0.6848028;0.7276716;-1
86960;-0.5262806;0.0310862;-0.007705698;0.5269145;0.7769987;-0.3414383;-0.01234032;0.4087512;0.9122398;-1
87000;-0.5302119;0.02628505;-0.01797713;0.4806637;0.5835203;-0.6529936;0.1868587;0.6588501;0.727927;-1
87040;-0.52864;0.02820853;-0.01486668;0.5019835;0.6396539;-0.5804091;0.0908832;0.6280934;0.7721978;-1
87080;-0.5273175;0.0299462;-0.0113842;0.5167592;0.7103931;-0.4756899;0.01457493;0.5483786;0.8356625;-1
87120;-0.5221162;0.02992849;-0.007146695;0.3061916;0.8853715;-0.3479355;0.0008507031;0.3650065;0.9308966;-1
87160;-0.5290955;0.02413185;-0.01975212;0.3673195;0.6322316;-0.681361;0.09843925;0.7018027;0.7050123;-1
87200;-0.5268977;0.02514002;-0.01744205;0.357159;0.6850098;-0.6340601;0.09699081;0.6477489;0.7552181;-1
87240;-0.5232092;0.02857814;-0.01068011;0.3282715;0.8174504;-0.4720577;0.03465147;0.4886654;0.8715739;-1
87280;-0.5190471;0.02808173;-0.01034201;0.2123679;0.8503214;-0.4808104;-0.02793422;0.4969208;0.8672239;-1
87320;-0.5248697;0.02701052;-0.0142116;0.3429016;0.7455371;-0.5706167;0.07545871;0.5833059;0.8084395;-1
87360;-0.5247233;0.02399682;-0.01796004;0.2427696;0.7349814;-0.6326263;0.0122953;0.6494275;0.7600305;-1
87400;-0.5212027;0.02609695;-0.01415491;0.2172144;0.7917573;-0.5703667;0.01404467;0.5814717;0.8132587;-1
87440;-0.607729;0.08141825;0.02206926;0.7806903;-0.1978616;0.590847;-0.09834738;-0.9752705;-0.1973809;-1
87480;-0.6085251;0.08166438;0.02339724;0.8615301;-0.1906738;0.469031;-0.09968104;-0.9715086;-0.2126714;-1
87520;-0.6076568;0.08036338;0.02144109;0.7369916;-0.2173676;0.6382768;-0.1536448;-0.9756173;-0.1555807;-1
87560;-0.607162;0.08122221;0.02114838;0.6992916;-0.2476683;0.6679858;-0.1832939;-0.9684581;-0.1680207;-1
87600;-0.6063866;0.08007932;0.01981884;0.6086572;-0.1637077;0.7743901;-0.3503573;-0.9329197;0.07701629;-1
87640;-0.6067617;0.07923055;0.01979933;0.5499067;-0.1821059;0.8131551;-0.3810196;-0.9226182;0.05032961;-1
87680;-0.6060057;0.08090144;0.01973779;0.5882801;-0.2924896;0.7517692;-0.4551577;-0.8898691;0.008965189;-1
87720;-0.6053798;0.07832365;0.01886247;0.4466566;-0.08451961;0.8904361;-0.4059179;-0.9061273;0.1175635;-1
87760;-0.604284;0.08011249;0.01844609;0.4454672;0.0224166;0.8943568;-0.3567393;-0.9121062;0.200052;-1
87800;-0.6037548;0.07845205;0.01841431;-0.0190486;0.2234426;0.9744976;-0.2756525;-0.9379957;0.2097207;-1
87840;-0.6038388;0.0805586;0.0179111;0.5325023;-0.3293518;0.7795634;-0.7260591;-0.6507204;0.2211141;-1
87880;-0.6031092;0.08002476;0.01804227;-0.08863837;0.5134512;0.8534466;-0.3151111;-0.8272698;0.4649864;-1
87920;-0.6015438;0.07854657;0.01930185;-0.4078072;0.3747087;0.8326384;-0.02702183;-0.9164664;0.3991986;-1
87960;-0.6023833;0.08040296;0.0172209;-0.06944262;0.9649789;0.2522907;-0.3975403;-0.2588194;0.8801927;-1
88000;-0.6023962;0.08046095;0.01633489;0.7203854;-0.1257776;0.6819136;-0.6894863;-0.02689803;0.7236025;-1
88040;-0.6011847;0.07980283;0.01889998;-0.3895166;0.6123106;0.6878875;-0.09210125;-0.7691146;0.6324163;-1
88080;-0.6009213;0.07909396;0.01979222;-0.823357;0.3554865;0.4422428;-0.1112954;-0.8654453;0.4884687;-1
88120;-0.601675;0.08047278;0.01614797;-0.1701574;0.9666781;0.1904226;-0.4831233;-0.2504581;0.8387867;-1
88160;-0.6015366;0.08076866;0.01563248;0.5870925;-0.4536513;0.670252;-0.7953677;-0.4766092;0.3742688;-1
88200;-0.6006654;0.07975692;0.01946479;-0.8816699;0.3455774;0.3208682;-0.05036528;-0.7455138;0.6645401;-1
88240;-0.6003103;0.07966642;0.02074202;-0.9668504;0.121998;0.2237728;-0.03230744;-0.9294882;0.3673663;-1
88280;-0.6012082;0.08092606;0.01587999;-0.422456;0.811527;0.4031312;-0.5669403;-0.5839234;0.5809021;-1
88320;-0.6011302;0.0810397;0.01564415;0.4205639;-0.4976915;0.7583308;-0.8829269;-0.416068;0.2168505;-1
88360;-0.6008356;0.08117485;0.01581381;-0.5006704;0.09061211;0.8606297;-0.3811994;-0.9158608;-0.1251796;-1
88400;-0.6007032;0.08107761;0.01607557;-0.7046797;0.6058922;0.3685498;-0.3940179;-0.7666461;0.5068465;-1
88440;-0.6006413;0.08077748;0.01673849;-0.4378774;0.8809973;0.178167;-0.3516267;-0.3504719;0.8679392;-1
88480;-0.6007143;0.08039758;0.01810483;-0.4320928;0.8610397;0.2676769;-0.2490894;-0.3994005;0.8822017;-1
88520;-0.6005597;0.08035946;0.01900374;-0.9767272;0.1641979;0.136962;0.006987534;-0.6155224;0.7880206;-1
88560;-0.6002836;0.08067508;0.02053225;-0.9931561;-0.01308508;0.1153287;0.107282;-0.481843;0.8695898;-1
88600;-0.600334;0.080212;0.02074111;-0.9822664;0.1063289;0.1534395;0.01556897;-0.7721976;0.6351287;-1
88640;-0.5999547;0.08129422;0.02359968;-0.9838921;-0.04293089;0.1728081;0.1434981;-0.7656177;0.6270382;-1
88680;-0.6374643;0.09857161;0.01853481;-0.07086603;0.9542906;0.2901978;0.03131627;-0.2886619;0.9568024;-1
88720;-0.6327513;0.09914257;0.01784265;-0.02688293;0.9616812;0.2727095;0.05143835;-0.2711852;0.9610633;-1
88760;-0.6378912;0.1000992;0.01240816;-0.0513311;0.981953;0.1818437;0.01940574;-0.1810629;0.9831767;-1
88800;-0.6331995;0.1002656;0.01186281;0.003506638;0.989494;0.1441847;0.03240586;-0.1442339;0.9888391;-1
88840;-0.6381163;0.1009632;0.005969045;-0.01149832;0.9955444;0.09333789;0.0157658;-0.09312799;0.9954485;-1
88880;-0.6286526;0.09940489;0.01622275;0.07342029;0.9733799;0.2168638;0.06595001;-0.2218663;0.9726011;-1
88920;-0.6334837;0.1008133;0.005784206;0.04059896;0.9969915;0.06542076;0.0312978;-0.06667115;0.997132;-1
88960;-0.6292;0.1001678;0.0111003;0.08070848;0.990758;0.1086127;0.06377918;-0.1138915;0.991179;-1
89000;-0.6255665;0.09921989;0.01417909;0.1988737;0.9677762;0.1542301;0.1111577;-0.1787371;0.9774351;-1
89040;-0.6295797;0.1005194;0.005455969;0.08841792;0.9947532;0.050687;0.04488123;-0.05475471;0.9973173;-1
89080;-0.6263064;0.09979482;0.009969465;0.1633269;0.9826888;0.08713538;0.09126379;-0.1029363;0.9903352;-1
89120;-0.6227255;0.09889908;0.01224812;0.2818481;0.9487368;0.1425654;0.1235405;-0.1833139;0.9748185;-1
89160;-0.6267689;0.1002147;0.00501089;0.1501419;0.9874718;0.04778359;0.05259329;-0.0561355;0.9968525;-1
89200;-0.6234143;0.09941645;0.008714568;0.227088;0.9699518;0.08637356;0.08705106;-0.1085472;0.9895461;-1
89240;-0.6200939;0.09819824;0.01064372;0.4076892;0.8998722;0.1543322;0.1043461;-0.2139487;0.970394;-1
89280;-0.6239759;0.09972964;0.004404938;0.2027921;0.9779339;0.04881398;0.05068466;-0.06023187;0.9961376;-1
89320;-0.6205795;0.0987642;0.007494908;0.3248848;0.9388453;0.1057986;0.07295289;-0.1361896;0.9867476;-1
89360;-0.6174101;0.09700181;0.009069383;0.5227736;0.8241182;0.2152942;0.04151694;-0.276949;0.9585437;-1
89400;-0.6209011;0.09911045;0.003740876;0.2693751;0.9603608;0.05940357;0.03677864;-0.07187516;0.9953662;-1
89440;-0.6178236;0.09775957;0.006432795;0.4202066;0.8906378;0.16607;0.03612789;-0.1992299;0.9774089;-1
89480;-0.6145809;0.09545761;0.007538236;0.5514143;0.7575603;0.3470508;0.0161498;-0.4258677;0.9018722;-1
89520;-0.61811;0.09823601;0.003259093;0.3389086;0.9352599;0.09228947;0.01063714;-0.1020216;0.993161;-1
89560;-0.6149752;0.09646589;0.005470905;0.451148;0.8511512;0.2638609;0.01873669;-0.3046466;0.9499683;-1
89600;-0.615217;0.09713727;0.002917685;0.3608643;0.9202138;0.1503841;-0.01549567;-0.1550689;0.986281;-1
89640;-0.6119053;0.09400004;0.006604985;0.4898568;0.7148814;0.4971961;-0.03212251;-0.5555681;0.8289748;-1
89680;-0.6122924;0.09526612;0.004859217;0.4198602;0.8287466;0.3690728;-0.0539436;-0.3836011;0.9206368;-1
89720;-0.6124196;0.09607293;0.002646342;0.372442;0.904496;0.2071032;-0.01809699;-0.2161582;0.9755933;-1
89760;-0.6094253;0.09480947;0.002458259;0.3730817;0.8972093;0.235531;-0.0299318;-0.2425674;0.9691308;-1
89800;-0.6093562;0.09391233;0.004571382;0.3715777;0.8154908;0.4428732;-0.09945491;-0.4399801;0.8918403;-1
89840;-0.6062839;0.09365925;0.002379799;0.2472304;0.9276375;0.2794825;-0.05361301;-0.275192;0.9595411;-1
89880;-0.6091989;0.09266762;0.006081648;0.3814273;0.7002254;0.6025751;-0.1002051;-0.6174108;0.7795606;-1
89920;-0.606189;0.09270787;0.004338367;0.2556262;0.8169553;0.5163872;-0.1736396;-0.4870712;0.855633;-1
89960;-0.6060849;0.09149782;0.00570791;0.2668703;0.6975431;0.6645234;-0.1851428;-0.6399032;0.7456582;-1
90000;-0.5522263;0.07438216;0.01621235;0.6937468;-0.4063233;-0.5900358;0.6465521;0.7095938;0.2724001;-1
90040;-0.5526478;0.07377827;0.01611347;0.02277253;-0.3123486;-0.9492552;0.3825292;0.8793821;-0.2800425;-1
90080;-0.552501;0.07412441;0.01569468;0.7488178;-0.6372529;-0.182156;0.5097624;0.3781144;0.7727688;-1
90120;-0.5530521;0.07349995;0.01581181;0.6023316;-0.6659426;-0.4395786;0.7874514;0.585854;0.1915279;-1
90160;-0.553054;0.07312149;0.01623843;0.04883602;-0.3351888;-0.9404295;0.4904787;0.8281626;-0.2693934;-1
90200;-0.5524919;0.07346004;0.01578666;-0.8301741;-0.1230197;-0.5437623;-0.3376305;0.8870866;0.314775;-1
90240;-0.5527697;0.07410605;0.0147648;0.5943163;-0.7200339;-0.3566747;0.02793933;-0.4248954;0.9041936;-1
90280;-0.5524029;0.07412812;0.0158078;-0.9597311;0.19298;-0.2006141;-0.1031457;0.4217247;0.9004284;-1
90320;-0.5521122;0.07427323;0.01451759;-0.9233603;-0.1865942;-0.3340572;-0.1787279;-0.5596779;0.8088133;-1
90360;-0.5522263;0.07438216;0.01621235;0.6937468;-0.4063233;-0.5900358;0.6465521;0.7095938;0.2724001;-1
90400;-0.5522202;0.07457004;0.01495748;0.7467483;-0.6264763;-0.2210504;0.3056326;0.02859655;0.9512523;-1
90440;-0.5526334;0.07459009;0.01403393;0.5552548;-0.7288609;-0.4002389;0.05653475;-0.4470845;0.8925456;-1
90480;-0.5521596;0.07498218;0.01488538;-0.9870599;0.1470202;-0.03723168;-0.08673488;-0.35546;0.9302253;-1
90520;-0.5519903;0.07509019;0.01356695;-0.9394231;-0.2417614;-0.2377724;-0.01628044;-0.6646516;0.7461656;-1
90560;-0.5520906;0.07452743;0.01585404;0.8372728;-0.5374476;-0.09191272;0.4769065;0.6403393;0.6015317;-1
90600;-0.5520662;0.0750782;0.0142241;0.7685415;-0.5808342;-0.2682831;0.2079523;-0.1697814;0.9632914;-1
90640;-0.552498;0.07517119;0.01315782;0.5465266;-0.7308623;-0.4088155;0.1086572;-0.4221696;0.8999676;-1
90680;-0.5520982;0.07469759;0.01596756;-0.8817027;0.4559997;0.09081092;0.2829188;0.3659967;0.8853803;-1
90720;-0.5522263;0.07438216;0.01621235;0.6937468;-0.4063233;-0.5900358;0.6465521;0.7095938;0.2724001;-1
90760;-0.5520559;0.07578539;0.01405109;-0.9889317;0.1230217;0.04832842;-0.02632013;-0.5522823;0.8323795;-1
90800;-0.5520027;0.07590507;0.01267332;-0.9635685;-0.2131945;-0.1557035;0.03239919;-0.6780611;0.7337641;-1
90840;-0.551809;0.07507993;0.01525397;0.8903511;-0.4381572;-0.1172325;0.3032522;0.3829939;0.8720744;-1
90880;-0.5519242;0.07565577;0.01334556;0.811649;-0.5128371;-0.2776943;0.141313;-0.2886028;0.9467729;-1
90920;-0.5523977;0.07581438;0.01206232;0.5595515;-0.7093593;-0.4285905;0.1588018;-0.4157887;0.8954734;-1
90960;-0.5519311;0.07547323;0.01522975;-0.8827009;0.4008405;0.2309018;0.1358794;-0.2557207;0.956768;-1
91000;-0.5520145;0.07661977;0.01321251;-0.978294;0.1568068;0.1230807;-0.003463078;-0.6341408;0.7724972;-1
91040;-0.5520323;0.07674783;0.01166637;-0.9835889;-0.1647561;-0.07354429;0.07215939;-0.7328098;0.6765965;-1
91080;-0.551657;0.07560454;0.01455088;0.9361436;-0.3279764;-0.1221199;0.1879337;0.1779742;0.9656612;-1
91120;-0.5518337;0.07643124;0.01229391;0.8521684;-0.442168;-0.2787293;0.1386834;-0.3221675;0.9362801;-1
91160;-0.5524228;0.07662621;0.01070856;0.5766705;-0.6938115;-0.4313254;0.2112094;-0.3833982;0.8990618;-1
91200;-0.551797;0.0762883;0.01451176;-0.8653064;0.3916534;0.3006126;0.06350817;-0.5172105;0.8526407;-1
91240;-0.5520021;0.07761617;0.01226927;-0.9598485;0.2023351;0.1924601;-0.005652297;-0.7035112;0.7104673;-1
91280;-0.5521089;0.07759547;0.01061599;-0.994603;-0.1033234;-0.009314767;0.07235084;-0.7551903;0.6515002;-1
91320;-0.5515205;0.07630926;0.01370528;0.9603043;-0.248741;-0.1216822;0.1143593;-0.04217449;0.9923266;-1
91360;-0.551792;0.07735419;0.01104757;0.864662;-0.4220134;-0.2725155;0.1274794;-0.3403911;0.9316023;-1
91400;-0.5525379;0.07744911;0.009241123;0.5918546;-0.6971169;-0.4045979;0.2354469;-0.3305429;0.9138991;-1
91440;-0.5517008;0.07720272;0.01375814;-0.8261545;0.4196492;0.3694555;0.05029266;-0.6027437;0.7955826;-1
91480;-0.5520062;0.0786123;0.01122745;-0.9376982;0.2574937;0.2331008;-0.0290786;-0.7270331;0.6859633;-1
91520;-0.5521601;0.07855208;0.009430976;-0.9981244;-0.02023308;0.05763945;0.05302099;-0.755551;0.6529357;-1
91560;-0.5515857;0.07828821;0.0128377;-0.7858511;0.4522919;0.4199949;0.0112975;-0.6698356;0.7420989;-1
91600;-0.5511778;0.07750402;0.01424848;-0.6256583;0.5746398;0.522216;0.07534768;-0.6238767;0.7770084;-1
91640;-0.551932;0.07971641;0.01006294;-0.9054474;0.3300624;0.266717;-0.05369274;-0.7126366;0.699443;-1
91680;-0.5522409;0.07962246;0.008071539;-0.9911618;0.07604739;0.1086963;0.02513181;-0.696892;0.7167355;-1
91720;-0.551435;0.07940519;0.01182955;-0.7516334;0.4953406;0.4353965;-0.05074162;-0.7017428;0.7105794;-1
91760;-0.5518535;0.08090204;0.008627629;-0.8734353;0.4003794;0.2770398;-0.07202803;-0.6690177;0.7397;-1
91800;-0.552304;0.08064681;0.00638973;-0.9795318;0.1683867;0.1100891;-0.01159609;-0.5932588;0.804822;-1
91840;-0.5513759;0.07653619;0.01504609;-0.7140865;0.5335827;0.4418601;0.1526847;-0.5010579;0.8510662;-1
91880;-0.5509143;0.07865062;0.01330155;-0.5487608;0.6018505;0.5788418;0.03335959;-0.6766436;0.7352163;-1
91920;-0.5512158;0.08064523;0.01065853;-0.7147003;0.5506838;0.4311116;-0.08775818;-0.6822325;0.7257994;-1
91960;-0.5517336;0.08217238;0.006901658;-0.8367755;0.4916268;0.2409124;-0.07515501;-0.5389065;0.8388761;-1
92000;-0.5522539;0.08163151;0.004464382;-0.9656339;0.2540345;0.05493316;-0.03088697;-0.3220225;0.9462282;-1
92040;-0.5515113;0.07570532;0.0157246;-0.7759784;0.5151243;0.3480231;0.3045534;-0.1758438;0.9358421;-1
92080;-0.5505579;0.07756813;0.01480277;-0.5081758;0.6512985;0.5583504;0.0204807;-0.6406245;0.7664533;-1
92120;-0.5506424;0.07988001;0.01233531;-0.4740983;0.642978;0.6014076;-0.03054551;-0.6947533;0.7185546;-1
92160;-0.5509985;0.08199415;0.009209668;-0.6656778;0.6206809;0.4141929;-0.09414575;-0.6205036;0.7784467;-1
92200;-0.5515206;0.08314252;0.004823148;-0.803168;0.5778336;0.144963;-0.04263141;-0.2983898;0.9534211;-1
92240;-0.552104;0.08212997;0.002286839;-0.9610552;0.2729215;-0.04276095;-0.04764209;-0.01102045;0.9987532;-1
92280;-0.5516516;0.07506312;0.01631461;-0.7705574;0.6055776;0.1711936;0.4940937;0.4087216;0.7650378;-1
92320;-0.5500685;0.07878835;0.0138189;-0.3754032;0.6769379;0.6323205;-0.02497762;-0.6895996;0.7235032;-1
92360;-0.550303;0.0812057;0.01113754;-0.4114819;0.6938496;0.5909062;-0.0663049;-0.6694797;0.7398152;-1
92400;-0.5507552;0.0832773;0.007364877;-0.614553;0.7139945;0.3353311;-0.07535356;-0.4762224;0.8759491;-1
92440;-0.5518078;0.07492489;0.01642548;0.9052725;-0.133729;-0.3934505;0.3684745;0.6966529;0.6113603;-1
92480;-0.5517123;0.07501671;0.01626693;0.9349812;-0.3421124;-0.06534895;0.2732221;0.6066521;0.7453838;-1
92520;-0.5495492;0.07998984;0.01274071;-0.2482841;0.702155;0.6672578;-0.07257316;-0.7004398;0.7099688;-1
92560;-0.5514677;0.07527108;0.01680643;0.5388789;0.5555692;-0.6263012;0.2342223;0.6134777;0.7501997;-1
92600;-0.5515085;0.07564748;0.01573726;0.9822541;-0.1727868;-0.03618413;0.1015304;0.3901072;0.91455;-1
92640;-0.5515128;0.07541674;0.0167181;0.9958543;0.03542896;-0.04309663;0.01985325;0.4806494;0.8761568;-1
92680;-0.5514823;0.07631467;0.01510278;0.9979251;-0.03177723;0.01701561;-0.01006069;0.2244331;0.9741055;-1
92720;-0.5514941;0.07610764;0.01625631;0.9871935;0.1290055;0.05827602;-0.08639741;0.2161313;0.9722338;-1
92760;-0.5516742;0.0764832;0.01689927;0.9486907;0.3023039;0.06016901;-0.09867337;0.110674;0.9887861;-1
92800;-0.5516075;0.07688285;0.01569761;0.9684207;0.2074067;0.1235661;-0.1386632;0.05669896;0.9885003;-1
92840;-0.5514399;0.07704715;0.01424309;0.9975595;0.007218584;0.0583187;-0.05874526;0.01422881;0.9980109;-1
92880;-0.5516071;0.07777075;0.01489365;0.9540862;0.2254017;0.1941463;-0.1740247;-0.1068171;0.9788166;-1
92920;-0.5514882;0.07722338;0.01267119;0.9688438;-0.2108966;-0.1277288;0.08367085;-0.2051524;0.9750161;-1
92960;-0.5513307;0.07801391;0.01319546;0.9971741;0.03603315;0.06519561;-0.0591115;-0.1497384;0.986865;-1
93000;-0.551422;0.07823692;0.01144417;0.9751802;-0.1867289;-0.11878;0.06410047;-0.275375;0.9591665;-1
93040;-0.5517761;0.07820018;0.009687059;0.8637755;-0.4265179;-0.2682668;0.1380551;-0.3117042;0.9400903;-1
93080;-0.5526607;0.07809386;0.007847554;0.6094499;-0.7098297;-0.3531024;0.258895;-0.2427744;0.9348602;-1
93120;-0.5518283;0.07904698;0.008160881;0.8655468;-0.4355255;-0.2472779;0.1518311;-0.2423174;0.958243;-1
93160;-0.5527866;0.07873864;0.006152632;0.633561;-0.7151757;-0.2951459;0.1380666;-0.2708474;0.9526601;-1
93200;-0.5513898;0.07920404;0.01005197;0.9807445;-0.1632028;-0.1071894;0.05740224;-0.2837204;0.9571806;-1
93240;-0.551312;0.07910159;0.01188354;0.9949269;0.08213064;0.05767168;-0.03781608;-0.2254841;0.9734674;-1
93280;-0.5519001;0.07983962;0.006294969;0.8724222;-0.4329683;-0.226747;0.1161118;-0.2670473;0.9566596;-1
93320;-0.5529206;0.079275;0.00431266;0.6573951;-0.7365074;-0.1593013;-0.04296406;-0.2476978;0.9678769;-1
93360;-0.5513465;0.08027048;0.008487909;0.9852244;-0.1435302;-0.09341682;0.0458811;-0.3043244;0.9514623;-1
93400;-0.5521153;0.08041604;0.004352195;0.8780766;-0.470703;-0.08614209;-0.04438914;-0.259364;0.9647589;-1
93440;-0.5528648;0.07953866;0.00219581;0.6421561;-0.766557;-0.0003831949;-0.1949612;-0.1638136;0.9670221;-1
93480;-0.551577;0.07880452;0.01380392;0.9379907;0.2615;0.2274449;-0.1812713;-0.1891472;0.965018;-1
93520;-0.5513512;0.08025315;0.01044078;0.9891973;0.1260449;0.07470322;-0.03708768;-0.2775584;0.9599861;-1
93560;-0.5513812;0.08125724;0.006591575;0.9845943;-0.1356239;-0.1098505;0.05929949;-0.3319119;0.9414375;-1
93600;-0.5515751;0.08001904;0.01243005;0.9259969;0.3107063;0.2143622;-0.1458912;-0.2291625;0.9623581;-1
93640;-0.5520952;0.07960726;0.01450483;0.845377;0.4197721;0.3302262;-0.2354924;-0.2619816;0.935834;-1
93680;-0.5513774;0.08147928;0.008823443;0.9839364;0.1579879;0.08302861;-0.02342504;-0.346869;0.9376193;-1
93720;-0.5516934;0.0812799;0.01086397;0.9159266;0.338632;0.2153621;-0.1182077;-0.2851813;0.9511409;-1
93760;-0.5519838;0.07840081;0.01560983;0.8835713;0.3862595;0.263689;-0.2145929;-0.1660744;0.9623947;-1
93800;-0.5521853;0.08100136;0.01304944;0.8257923;0.4597338;0.3265988;-0.2178411;-0.2741392;0.9366534;-1
93840;-0.5518485;0.07741192;0.0164071;0.918996;0.3548059;0.1601656;-0.1845051;0.03403302;0.9821234;-1
93880;-0.5528454;0.08028534;0.01517893;0.7262561;0.5468459;0.4164515;-0.2583572;-0.3442726;0.9025658;-1
93920;-0.5525377;0.07895654;0.01637246;0.7846742;0.529564;0.3221325;-0.2531928;-0.2005201;0.9463486;-1
93960;-0.5521743;0.07787178;0.01720105;0.8434576;0.5000131;0.1882053;-0.2341868;0.02950625;0.9716683;-1
94000;-0.5514449;0.08260472;0.006860867;0.9850693;0.1671069;0.03957745;0.02270846;-0.355258;0.934484;-1
94040;-0.5517612;0.0826661;0.009119686;0.9142975;0.346836;0.2091382;-0.07700758;-0.3580923;0.9305007;-1
94080;-0.5523551;0.08243355;0.01134839;0.8157536;0.4797243;0.323085;-0.2004188;-0.2895384;0.9359339;-1
94120;-0.5531358;0.08193457;0.01370589;0.6888642;0.5790287;0.4360564;-0.2541261;-0.3704758;0.8933761;-1
94160;-0.5515425;0.08190122;0.004647854;0.9828553;-0.1842002;0.007333302;-0.05619273;-0.2614749;0.9635712;-1
94200;-0.5518488;0.08069666;0.002262855;0.863004;-0.5022463;0.05432453;-0.1628453;-0.1747898;0.9710391;-1
94240;-0.5516278;0.08073501;1.229404e-05;0.8596055;-0.5109582;0.0005156427;-0.001023765;-0.0007136922;0.9999993;-1
94280;-0.552726;0.07942797;1.090666e-05;0.6239119;-0.7814888;-0.000727091;0.0002251051;-0.0007470973;0.9999933;-1
94320;-0.5528619;0.0795397;-0.002173566;0.6421566;-0.7665573;0.0009547749;0.1935633;0.1633675;0.9673769;-1
94360;-0.5511888;0.08224432;0.002368878;0.967164;-0.2307769;0.1063468;-0.1558685;-0.2082797;0.9655635;-1
94400;-0.5515386;0.08340709;0.004866409;0.9825599;0.1303097;0.1319104;-0.08297122;-0.3272237;0.9412897;-1
94440;-0.551843;0.0839538;0.007083734;0.9257115;0.346623;0.1508487;-0.007953539;-0.3811118;0.9244844;-1
94480;-0.5524484;0.08393095;0.009447523;0.8134078;0.4901243;0.313105;-0.1557244;-0.3351447;0.9291998;-1
94520;-0.5533975;0.08357501;0.01187497;0.6678185;0.6074777;0.4300879;-0.2732712;-0.3373677;0.9008331;-1
94560;-0.5510682;0.08402601;0.002630586;0.978924;0.09152675;0.1821118;-0.1501953;-0.2800372;0.9481574;-1
94600;-0.5520299;0.08499514;0.005046208;0.9215749;0.3270336;0.2085591;-0.06316763;-0.4039526;0.9125824;-1
94640;-0.5525329;0.08529288;0.007302955;0.8281378;0.4946445;0.2632369;-0.06448639;-0.3825115;0.9216851;-1
94680;-0.5509444;0.08243418;1.451443e-05;0.9717966;-0.2358001;0.001257864;-0.001418397;-0.0005131024;0.9999973;-1
94720;-0.5535349;0.08519118;0.009794042;0.6609975;0.6266299;0.4127915;-0.2478463;-0.3369241;0.9083208;-1
94760;-0.554573;0.08430469;0.01223627;0.451729;0.7170978;0.5307579;-0.2763506;-0.4531898;0.8474939;-1
94800;-0.5549186;0.08607025;0.01010828;0.4338073;0.7391955;0.5151662;-0.2845064;-0.4301358;0.8567602;-1
94840;-0.5541248;0.08251034;0.01414631;0.5098971;0.6775507;0.5300103;-0.2266001;-0.4885759;0.8425717;-1
94880;-0.553691;0.08076185;0.01574204;0.5851163;0.6495172;0.4854931;-0.245158;-0.4290021;0.8693531;-1
94920;-0.5551139;0.0828183;0.01447353;0.3453632;0.744566;0.571267;-0.197289;-0.5375168;0.8198493;-1
94960;-0.553171;0.07936335;0.01703019;0.6600302;0.6437169;0.3872225;-0.2956292;-0.2513057;0.9216183;-1
95000;-0.5556376;0.08455956;0.01244771;0.227318;0.7800232;0.5829985;-0.2286323;-0.5391918;0.8105534;-1
95040;-0.5545154;0.08105414;0.0162485;0.4573996;0.7203434;0.521376;-0.2398186;-0.4646699;0.8523522;-1
95080;-0.5560877;0.08293134;0.01479523;0.2400746;0.8003038;0.549419;-0.1764719;-0.5205649;0.8353847;-1
95120;-0.5536023;0.08661833;0.007503159;0.6831636;0.6254828;0.3767428;-0.1728292;-0.3627536;0.9157094;-1
95160;-0.5550473;0.08774026;0.007768561;0.4756882;0.7287653;0.4924905;-0.2474911;-0.4263664;0.870025;-1
95200;-0.5560279;0.08624148;0.01026102;0.1377427;0.8020196;0.5811986;-0.2609147;-0.5366848;0.8024295;-1
95240;-0.5566466;0.08459869;0.01267944;0.1163576;0.8222501;0.5570897;-0.1818011;-0.5337949;0.825837;-1
95280;-0.552639;0.08653075;0.005208972;0.8290238;0.487303;0.273973;-0.0575659;-0.4130345;0.9088812;-1
95320;-0.5516036;0.08597313;0.002755218;0.9166753;0.3278431;0.2281015;-0.1208361;-0.316668;0.9407933;-1
95360;-0.5507291;0.08416247;6.479328e-06;0.9973502;0.07172195;0.001098354;-0.001081706;-0.0003781892;0.9999933;-1
95400;-0.5536733;0.08782594;0.005400024;0.725215;0.5958565;0.3448449;-0.09106697;-0.4134498;0.9059536;-1
95440;-0.5524124;0.0875096;0.002742048;0.8319274;0.4936211;0.2532406;-0.08276645;-0.34091;0.9364362;-1
95480;-0.5549414;0.08913857;0.005586556;0.5611677;0.7057257;0.4324752;-0.1670854;-0.4151576;0.8942724;-1
95520;-0.5510952;0.08627658;1.269754e-05;0.9426292;0.3335912;0.0008562005;-0.0009357113;4.059691e-05;0.9999894;-1
95560;-0.5562353;0.08799285;0.007897068;0.1189444;0.8013848;0.5861514;-0.2236744;-0.553547;0.8022141;-1
95600;-0.5561319;0.08973181;0.005617187;0.1855925;0.8464218;0.4991248;-0.186992;-0.4682452;0.8635859;-1
95640;-0.556999;0.08617267;0.01040563;0.005801223;0.8297788;0.5578746;-0.2125945;-0.5441384;0.8116063;-1
95680;-0.5571496;0.08786041;0.007933009;-0.08759071;0.8155545;0.5717719;-0.2015421;-0.5766676;0.7917176;-1
95720;-0.5510663;0.08402631;-0.002609917;0.9790847;0.09154087;-0.1812542;0.1493614;0.2799158;0.9483148;-1
95760;-0.5516017;0.08597289;-0.002735765;0.9168658;0.3278238;-0.2273867;0.1200438;0.3167571;0.9408526;-1
95800;-0.551186;0.08224492;-0.002342881;0.9673041;-0.2307647;-0.1050777;0.1545423;0.2080251;0.9658298;-1
95840;-0.551846;0.08069751;-0.002238481;0.863073;-0.5022373;-0.05330267;0.1614744;0.1744096;0.9713346;-1
95880;-0.5521122;0.08041373;-0.00432782;0.8779978;-0.4706718;0.08711223;0.04360097;0.2598734;0.964658;-1
95920;-0.5529171;0.07927324;-0.004288602;0.6572517;-0.736442;0.1601944;0.04210192;0.2481023;0.9678111;-1
95960;-0.5515389;0.0818987;-0.004623658;0.9828544;-0.1842391;-0.006412523;0.05539685;0.2619921;0.963477;-1
96000;-0.551537;0.08340561;-0.004849427;0.9826174;0.1302521;-0.1315807;0.08260032;0.3275064;0.9412131;-1
96040;-0.551895;0.07983622;-0.006270113;0.8722302;-0.4328599;0.2276908;-0.1168898;0.2675589;0.9564219;-1
96080;-0.5527817;0.07873537;-0.006127908;0.6333214;-0.7150149;0.2960489;-0.1388466;0.2713596;0.9524011;-1
96120;-0.551378;0.08125471;-0.006571381;0.9845297;-0.1356359;0.1104249;-0.05979049;0.3322681;0.941276;-1
96160;-0.5518214;0.07904258;-0.008135538;0.865347;-0.4353872;0.248219;-0.1526129;0.2428358;0.9579876;-1
96200;-0.5526541;0.07808962;-0.007822371;0.6091719;-0.709629;0.3539843;-0.2596613;0.2432771;0.934517;-1
96240;-0.552028;0.084994;-0.00503122;0.9216493;0.3269919;-0.2083394;0.0628364;0.404159;0.9124952;-1
96280;-0.551442;0.08260237;-0.006842172;0.9850967;0.167054;-0.03918371;-0.02314143;0.3555835;0.9343423;-1
96320;-0.5513394;0.08026594;-0.008462828;0.9851457;-0.143493;0.09429865;-0.04665384;0.3048376;0.9512604;-1
96360;-0.5517682;0.07819499;-0.009661209;0.8635468;-0.4263933;0.2691991;-0.1388181;0.3122039;0.9398121;-1
96400;-0.5525308;0.07744411;-0.009215495;0.5915291;-0.6968966;0.4054523;-0.2361962;0.3310273;0.9135304;-1
96440;-0.55184;0.08395159;-0.007066389;0.9257811;0.3465761;-0.1505574;0.007528774;0.3814056;0.9243579;-1
96480;-0.5513701;0.08147457;-0.008799023;0.9840068;0.1579273;-0.08230729;0.02266173;0.3473767;0.9374502;-1
96520;-0.5513816;0.07919864;-0.01002634;0.9806573;-0.1631392;0.1080802;-0.05818745;0.2842354;0.9569805;-1
96560;-0.5517832;0.07734826;-0.01102127;0.8644167;-0.4219152;0.2734435;-0.1282278;0.3408781;0.9313215;-1
96600;-0.5524144;0.07662041;-0.01068239;0.5763099;-0.6935937;0.4321565;-0.2119432;0.3838643;0.8986902;-1
96640;-0.5517536;0.08266124;-0.009096203;0.914466;0.3467316;-0.2085731;0.07623858;0.3585959;0.9303701;-1
96680;-0.5513427;0.08024757;-0.01041568;0.9892536;0.1260421;-0.07395741;0.03629459;0.2780757;0.9598666;-1
96720;-0.5514128;0.07823077;-0.01141803;0.9750785;-0.1866838;0.1196808;-0.06488347;0.2758869;0.9589669;-1
96760;-0.5518238;0.07642466;-0.01226717;0.8519274;-0.4420491;0.2796629;-0.1394326;0.322688;0.9359913;-1
96800;-0.5523877;0.07580779;-0.0120357;0.5591925;-0.709144;0.429414;-0.1595373;0.4162468;0.8951296;-1
96840;-0.5516847;0.08127406;-0.01083968;0.9160939;0.3385426;-0.2147908;0.1174183;0.2856935;0.9510851;-1
96880;-0.5513023;0.07909524;-0.01185777;0.9949701;0.08214451;-0.05689875;0.03700697;0.2260039;0.9733779;-1
96920;-0.5514779;0.07721654;-0.01264457;0.9687444;-0.2108009;0.1286367;-0.08447798;0.2056662;0.9748381;-1
96960;-0.5519133;0.07564852;-0.01331845;0.8114315;-0.512671;0.2786341;-0.1421081;0.2890881;0.9465058;-1
97000;-0.5524872;0.07516401;-0.01313096;0.5461913;-0.7306497;0.4096424;-0.1094118;0.4226254;0.8996621;-1
97040;-0.5515653;0.08001234;-0.01240498;0.9261639;0.3106164;-0.21377;0.1450998;0.2296734;0.962356;-1
97080;-0.55132;0.07800679;-0.01316912;0.9972257;0.03604138;-0.06439692;0.05829595;0.1502582;0.9868344;-1
97120;-0.5515093;0.07630186;-0.01367818;0.9602171;-0.2486206;0.1226112;-0.1151876;0.04268587;0.992209;-1
97160;-0.5520543;0.07507046;-0.01419682;0.7683151;-0.5807004;0.2692189;-0.2087646;0.1702584;0.9630312;-1
97200;-0.5526217;0.0745824;-0.01400689;0.5549197;-0.7286613;0.4010661;-0.05728085;0.447529;0.8922753;-1
97240;-0.5515655;0.07879704;-0.0137782;0.9381703;0.261399;-0.2268205;0.1804866;0.1896485;0.9650666;-1
97280;-0.5514281;0.07703942;-0.01421632;0.9976068;0.007216573;-0.05749993;0.05792272;-0.01371295;0.9980662;-1
97320;-0.5516448;0.07559671;-0.01452353;0.9360455;-0.3279004;0.1230709;-0.188741;-0.1774884;0.9655932;-1
97360;-0.5522078;0.07456194;-0.01493007;0.7465657;-0.6263605;0.2219934;-0.306422;-0.02810687;0.951013;-1
97400;-0.5527583;0.07409644;-0.01473762;0.5939233;-0.7195992;0.3581994;-0.02911326;0.4258665;0.9036984;-1
97440;-0.5515948;0.07776271;-0.0148674;0.9542429;0.2253049;-0.1934875;0.1732304;0.1073172;0.9789027;-1
97480;-0.5514698;0.07630651;-0.01507565;0.9979401;-0.03173707;-0.01616973;0.00926155;-0.2239334;0.9742285;-1
97520;-0.5520831;0.0795994;-0.01447994;0.8456412;0.4196033;-0.3297643;0.2347422;0.2624625;0.9358876;-1
97560;-0.5517964;0.07507169;-0.01522646;0.8902444;-0.4381135;0.1181986;-0.3039853;-0.3825418;0.8720177;-1
97600;-0.5524876;0.07412018;-0.01566728;0.7487155;-0.6364648;0.1849612;-0.5111523;-0.3767973;0.7724646;-1
97640;-0.5530394;0.07348979;-0.01578437;0.6018245;-0.6654395;0.4409982;-0.7876422;-0.5857269;0.1911316;-1
97680;-0.5514953;0.07563902;-0.0157098;0.9822243;-0.1727606;0.03709205;-0.1022899;-0.3896356;0.9146667;-1
97720;-0.5520774;0.07451889;-0.01582649;0.8371737;-0.5374353;0.09288169;-0.4774274;-0.640004;0.6014757;-1
97760;-0.5526348;0.07376955;-0.01608597;0.02201521;-0.3118024;0.9494529;-0.3822925;-0.8795485;-0.2798429;-1
97800;-0.5530404;0.07311274;-0.01621089;0.04807276;-0.3346823;0.9406496;-0.490241;-0.8283174;-0.2693493;-1
97840;-0.552479;0.07345155;-0.01575884;-0.8306077;-0.1227966;0.5431501;0.3374262;-0.8869098;0.3154915;-1
97880;-0.552213;0.07437336;-0.01618481;0.6931984;-0.4061346;0.5908097;-0.6468643;-0.7093962;0.2721727;-1
97920;-0.5523902;0.07411961;-0.01578025;-0.9599086;0.1930111;0.1997348;0.1024455;-0.4212533;0.9007291;-1
97960;-0.5520982;0.07426471;-0.01449054;-0.9236709;-0.1864576;0.3332638;0.177913;0.5601382;0.8086719;-1
98000;-0.5516989;0.07500793;-0.01623933;0.9349118;-0.3421172;0.06629871;-0.2738641;-0.6062583;0.7454687;-1
98040;-0.5521473;0.07497412;-0.01485807;-0.9870916;0.1470264;0.03635504;0.08597631;0.355946;0.93011;-1
98080;-0.5519791;0.07508278;-0.01353957;-0.9396084;-0.241665;0.2371373;0.01565598;0.6650429;0.7458307;-1
98120;-0.5517942;0.07491597;-0.01639787;0.904961;-0.1336025;0.3942078;-0.3689817;-0.6963658;0.6113808;-1
98160;-0.5520852;0.07468886;-0.01594004;-0.8816227;0.4559641;-0.09176824;-0.2836448;-0.3655294;0.8853415;-1
98200;-0.5520445;0.07577769;-0.01402412;-0.9888942;0.1229795;-0.04919349;0.02563804;0.5527241;0.832108;-1
98240;-0.5519923;0.07589817;-0.01264641;-0.9636855;-0.2131551;0.155032;-0.03302561;0.6784462;0.7333805;-1
98280;-0.5516382;0.07505414;-0.01628691;-0.7704432;0.6054509;-0.1721546;-0.4947063;-0.408333;0.7648491;-1
98320;-0.5514538;0.07526191;-0.01677869;0.5384266;0.5558327;0.6264564;-0.2348411;-0.6131082;0.7503076;-1
98360;-0.551499;0.07540777;-0.01669052;0.9958176;0.03544501;0.04390546;-0.02058427;-0.4801959;0.8763885;-1
98400;-0.5519186;0.07546491;-0.01520249;-0.882515;0.4007145;-0.2318299;-0.1366591;0.256221;0.9565232;-1
98440;-0.5520036;0.07661258;-0.01318598;-0.978196;0.1567259;-0.1239578;0.002828017;0.6345565;0.772159;-1
98480;-0.5520225;0.07674152;-0.01163995;-0.9836463;-0.1647294;0.07283118;-0.07272;0.7331724;0.6761437;-1
98520;-0.5514987;0.07569662;-0.0156971;-0.7756978;0.514945;-0.3489136;-0.3053046;0.1763304;0.9355059;-1
98560;-0.5517851;0.07628033;-0.01448484;-0.8650475;0.3915334;-0.3015122;-0.06417555;0.5176512;0.8523238;-1
98600;-0.5519919;0.07760954;-0.01224329;-0.9596922;0.2022296;-0.1933489;0.005075283;0.7038966;0.7100902;-1
98640;-0.5521001;0.07758974;-0.01059009;-0.99461;-0.1033219;0.008559895;-0.07288408;0.755541;0.6510341;-1
98680;-0.5514807;0.0760989;-0.01622907;0.9872394;0.1289895;-0.05752216;0.08559197;-0.2156272;0.9724172;-1
98720;-0.5516605;0.07647412;-0.0168724;0.9487337;0.3022902;-0.05954449;0.09786162;-0.1101636;0.9889241;-1
98760;-0.5515944;0.07687435;-0.0156709;0.9685214;0.2073424;-0.1228808;0.1378551;-0.05619552;0.9886422;-1
98800;-0.5519707;0.07839231;-0.01558423;0.8837792;0.3861302;-0.2631816;0.2138312;0.1665518;0.9624816;-1
98840;-0.5513638;0.07652788;-0.01501895;-0.7137122;0.5333818;-0.4427071;-0.1533542;0.5014955;0.8506886;-1
98880;-0.5519969;0.07860626;-0.01120202;-0.9374996;0.2574014;-0.2340001;0.02854718;0.7273993;0.6855974;-1
98920;-0.5521525;0.07854702;-0.009405628;-0.9980776;-0.02024639;-0.05844186;-0.05353927;0.7559037;0.6524851;-1
98960;-0.5518351;0.07740302;-0.01638089;0.9191207;0.3547321;-0.159611;0.1837217;-0.03354052;0.9822873;-1
99000;-0.5519239;0.07971101;-0.01003806;-0.9052156;0.3299612;-0.2676278;0.05315688;0.7130059;0.6991076;-1
99040;-0.5522348;0.07961814;-0.008046833;-0.9910691;0.07604082;-0.1095438;-0.02567871;0.6972765;0.7163422;-1
99080;-0.5518468;0.08089744;-0.008603319;-0.8732156;0.4002174;-0.2779655;0.07141983;0.6694207;0.7393943;-1
99120;-0.552299;0.08064374;-0.006365687;-0.97945;0.1683171;-0.1109238;0.01096987;0.593659;0.8045347;-1
99160;-0.5517281;0.08216862;-0.006878057;-0.8366159;0.4914427;-0.241842;0.0744694;0.5393835;0.8386304;-1
99200;-0.5522499;0.0816291;-0.004440779;-0.9656126;0.2539299;-0.0557825;0.03017402;0.3225704;0.9460645;-1
99240;-0.5515164;0.08314025;-0.0047999;-0.803104;0.5777006;-0.1458441;0.04190511;0.2988675;0.9533023;-1
99280;-0.5521015;0.08213085;-0.00226445;-0.9611028;0.2728677;0.04202352;0.04678187;0.01066846;0.9987887;-1
99320;-0.5515749;0.0782813;-0.01281175;-0.7855169;0.4520479;-0.4208818;-0.01190739;0.6702468;0.7417186;-1
99360;-0.5514253;0.07939884;-0.0118041;-0.7512766;0.4951073;-0.436277;0.0501708;0.7021317;0.7102357;-1
99400;-0.5512075;0.0806396;-0.01063319;-0.7143567;0.5504532;-0.431975;0.08718836;0.6826261;0.725498;-1
99440;-0.5509913;0.08198921;-0.009185286;-0.6653627;0.6204318;-0.4150714;0.09349992;0.620936;0.7781793;-1
99480;-0.5507495;0.08327405;-0.007340902;-0.6143296;0.7138093;-0.3361346;0.07465059;0.4766276;0.8757882;-1
99520;-0.5516893;0.07719522;-0.01373166;-0.8258428;0.4194791;-0.3703445;-0.050919;0.6031623;0.7952257;-1
99560;-0.5511662;0.07749625;-0.01422174;-0.6252115;0.5744013;-0.5230132;-0.07594939;0.624274;0.7766315;-1
99600;-0.5509033;0.07864344;-0.01327526;-0.5482914;0.6015362;-0.579613;-0.0339492;0.6770455;0.7348195;-1
99640;-0.5506324;0.07987338;-0.01230951;-0.473621;0.6426305;-0.6021545;0.02995985;0.6951621;0.7181837;-1
99680;-0.5505459;0.07756007;-0.01477557;-0.5077066;0.6510244;-0.5590965;-0.02107808;0.641022;0.7661054;-1
99720;-0.5502943;0.08119982;-0.01111155;-0.4110302;0.6935223;-0.5916046;0.06572858;0.6698859;0.7394986;-1
99760;-0.5500572;0.0787809;-0.01379203;-0.3748786;0.6766106;-0.6329812;0.02440767;0.6899814;0.7231584;-1
99800;-0.5509158;0.07660908;-0.01553635;-0.6424718;0.6154383;-0.4432454;-0.1481673;0.4715433;0.8683912;-1
99840;-0.5495389;0.07998303;-0.0127141;-0.247744;0.7017896;-0.6678427;0.07200279;0.7008289;0.7096429;-1
99880;-0.5511031;0.07589822;-0.01614194;-0.764124;0.5728931;-0.2745509;-0.2472813;0.1339675;0.959182;-1
99920;-0.5512591;0.07540227;-0.01661804;-0.7601954;0.6412331;0.004624896;-0.3388973;-0.4008263;0.8486208;-1
99960;-0.5494491;0.07863334;-0.01420861;-0.2195643;0.7304568;-0.6461875;0.0979017;0.6756033;0.7305485;-1
100000;-0.5487953;0.07978503;-0.01306301;-0.09880909;0.7247037;-0.6819008;0.1354981;0.6886975;0.7122517;-1
100040;-0.5500576;0.07749908;-0.01528367;-0.3883499;0.7337621;-0.5522875;0.02666171;0.609282;0.7913049;-1
100080;-0.5504589;0.07666148;-0.01609198;-0.5790899;0.7198116;-0.3653902;-0.08699924;0.3955962;0.9130895;-1
100120;-0.5508088;0.07616543;-0.01670809;-0.7096432;0.6849117;-0.1314537;-0.1692467;0.01873885;0.9845795;-1
100160;-0.551006;0.07587165;-0.01706132;-0.6568423;0.7338598;0.1526894;-0.2100016;-0.3702715;0.9028125;-1
100200;-0.5490531;0.0812881;-0.01141738;-0.1579627;0.7340199;-0.6604507;0.06021208;0.6746829;0.7356054;-1
100240;-0.5512183;0.07565174;-0.01726265;0.0819722;0.8614788;0.493142;-0.1459717;-0.4772061;0.8633661;-1
100280;-0.5514621;0.07569466;-0.01729206;0.9047944;0.3987854;0.1384465;0.006604541;-0.3402849;0.9398894;-1
100320;-0.5514762;0.07608408;-0.01797158;0.7944651;0.5839248;0.1636325;-0.01155393;-0.255105;0.966625;-1
100360;-0.5500869;0.07672904;-0.01671056;-0.2992409;0.8604071;-0.3957762;-0.09730164;0.3877172;0.9154508;-1
100400;-0.5505121;0.07637429;-0.0172939;-0.3827674;0.9025521;-0.174639;-0.2074209;0.1026047;0.9723631;-1
100440;-0.5507579;0.07621337;-0.01767326;-0.3204368;0.9449031;0.04253223;-0.1946344;-0.1088585;0.9742044;-1
100480;-0.5510664;0.07602656;-0.01790367;0.09780046;0.9507464;0.2815892;-0.089991;-0.2724305;0.9552632;-1
100520;-0.5495317;0.07730787;-0.01586847;-0.1905666;0.8068482;-0.5540815;-0.01926714;0.56191;0.8259802;-1
100560;-0.5488478;0.0783024;-0.01466089;-0.07486685;0.7669939;-0.6372718;0.06289179;0.641425;0.7646037;-1
100600;-0.5481667;0.0794383;-0.01342769;0.03524303;0.7273042;-0.6854042;0.1275823;0.6769452;0.7248896;-1
100640;-0.5482225;0.08109708;-0.01167279;-0.004754022;0.7422981;-0.6700208;0.1266006;0.6651011;0.7359179;-1
100680;-0.548639;0.08269669;-0.009862415;-0.08812745;0.8024626;-0.5900999;0.01144112;0.5931999;0.8049116;-1
100720;-0.5499127;0.08258422;-0.009601888;-0.3590146;0.7631404;-0.5372563;0.0503806;0.5906647;0.8052545;-1
100760;-0.5495534;0.08388138;-0.007656218;-0.3189686;0.8543797;-0.4100871;0.03851787;0.4439932;0.8950641;-1
100800;-0.5483702;0.08397387;-0.007837608;-0.05599203;0.8905835;-0.4512393;0.003004681;0.4520901;0.8918748;-1
100840;-0.5472179;0.08375116;-0.00792869;0.126266;0.8736241;-0.4698896;-0.02014341;0.4758407;0.879263;-1
100880;-0.5476454;0.08246599;-0.01000933;0.08343161;0.7984701;-0.5962071;0.0500409;0.594195;0.8027436;-1
100920;-0.5474088;0.08074333;-0.01200008;0.1341174;0.724182;-0.6764348;0.1485148;0.6602041;0.7362541;-1
100960;-0.5472079;0.07884996;-0.01395537;0.1686555;0.7233621;-0.669526;0.04959784;0.6721172;0.7387283;-1
101000;-0.5480769;0.08493707;-0.00541248;-0.06175652;0.95789;-0.2801552;0.01088644;0.2813024;0.9594628;-1
101040;-0.5493659;0.08474259;-0.005264763;-0.3013056;0.9212735;-0.2456245;0.03240551;0.2672999;0.9629449;-1
101080;-0.5466257;0.0820736;-0.01020797;0.2205207;0.7670935;-0.6024433;0.08410424;0.6003935;0.7952699;-1
101120;-0.5479427;0.07784243;-0.01531498;0.07293966;0.7707829;-0.6324584;-0.01780117;0.6350204;0.7721635;-1
101160;-0.548713;0.0769182;-0.01656795;0.009877335;0.8218706;-0.5651435;-0.08968434;0.5637892;0.8202543;-1
101200;-0.5504588;0.08420691;-0.005088505;-0.5715477;0.7945043;-0.2050104;0.05540099;0.2865613;0.9563403;-1
101240;-0.5463881;0.08005485;-0.01237147;0.2771256;0.6868596;-0.6718556;0.1066239;0.6728861;0.7319621;-1
101280;-0.546887;0.0770792;-0.01598888;0.2215296;0.7601688;-0.6094693;-0.0355612;0.6307005;0.7747116;-1
101320;-0.5493894;0.07644565;-0.01746179;-0.01149951;0.8921587;-0.4369898;-0.177321;0.4295532;0.8845103;-1
101360;-0.5513664;0.0836233;-0.002432421;-0.7961493;0.604735;-0.01904891;0.01543583;0.05164839;0.9984778;-1
101400;-0.5461113;0.07800244;-0.01456388;0.3032318;0.711188;-0.6336544;0.00141675;0.6644351;0.7469318;-1
101440;-0.5477749;0.07631151;-0.01731874;0.1651815;0.8162436;-0.5494497;-0.08790693;0.566974;0.8181733;-1
101480;-0.5500342;0.07637382;-0.01801857;-8.600578e-05;0.9490942;-0.2990419;-0.2178508;0.2934329;0.9304816;-1
101520;-0.550542;0.07624076;-0.01837432;0.04329182;0.9823732;-0.1818488;-0.1377164;0.1861497;0.9728221;-1
101560;-0.5493554;0.07588822;-0.01896175;0.2033561;0.8973762;-0.3758844;-0.1701032;0.4113789;0.8942379;-1
101600;-0.5510057;0.07617927;-0.01865686;0.2778054;0.9568212;0.01523255;-0.04263765;-0.003319402;0.9966609;-1
101640;-0.5485848;0.07595637;-0.01831319;0.1622164;0.8693065;-0.4557267;-0.1391774;0.4778443;0.8661374;-1
101680;-0.5501757;0.07596034;-0.01939332;0.2456356;0.9067996;-0.3358766;-0.08661339;0.3660228;0.9262685;-1
101720;-0.5446886;0.07663283;-0.01543786;0.3833942;0.7099665;-0.589696;-0.07585673;0.6602865;0.7465306;-1
101760;-0.5456492;0.07588714;-0.0170069;0.3237241;0.7485051;-0.5768639;-0.09187268;0.6314412;0.7691956;-1
101800;-0.5467272;0.0753662;-0.01836647;0.2941836;0.7846618;-0.5419473;-0.09822422;0.588638;0.80138;-1
101840;-0.5477828;0.07512887;-0.01939349;0.3020445;0.8196881;-0.4792685;-0.1133045;0.5300117;0.8390783;-1
101880;-0.5487625;0.07517724;-0.02006329;0.330107;0.8411617;-0.4151044;-0.1092224;0.4710128;0.8737327;-1
101920;-0.5452631;0.07909667;-0.01283653;0.403792;0.6653885;-0.6277174;0.05152621;0.6683214;0.7417845;-1
101960;-0.5454664;0.08138816;-0.01051492;0.4001743;0.6942915;-0.5980321;0.08710366;0.620638;0.7791188;-1
102000;-0.5460255;0.08336149;-0.008075893;0.2753096;0.8312466;-0.482938;-0.01210041;0.5053029;0.8628439;-1
102040;-0.5442752;0.07432603;-0.01820957;0.3974537;0.7209654;-0.5659134;-0.003393874;0.6176043;0.7856826;-1
102080;-0.545574;0.07393944;-0.01967417;0.3859269;0.7417384;-0.5455027;-0.0003705658;0.5910818;0.8055236;-1
102120;-0.5468609;0.07390584;-0.02083264;0.398378;0.7670278;-0.4979829;-0.01748324;0.5488408;0.834403;-1
102160;-0.5431281;0.07495324;-0.01648733;0.4288281;0.7077125;-0.5604977;-0.01699046;0.6264871;0.7787515;-1
102200;-0.5436968;0.07756276;-0.01358576;0.4683745;0.6720932;-0.5729617;-0.04593095;0.6658721;0.7441298;-1
102240;-0.5442986;0.08033753;-0.01083203;0.5350664;0.6375851;-0.553921;0.04310222;0.633798;0.7719185;-1
102280;-0.5447746;0.08267075;-0.008286513;0.5119691;0.7183344;-0.4707651;0.04209118;0.5260191;0.8492914;-1
102320;-0.5420845;0.07578439;-0.01445381;0.4736292;0.6973547;-0.5374243;-0.04202079;0.6272379;0.7773532;-1
102360;-0.5414389;0.07738668;-0.01150624;0.5337443;0.6987448;-0.4759094;-0.02992473;0.5778924;0.8154267;-1
102400;-0.5456502;0.08440332;-0.005585304;0.3048205;0.8969275;-0.3203213;-0.0003472418;0.3364318;0.9417078;-1
102440;-0.5428616;0.07876177;-0.01122174;0.5698262;0.6468807;-0.5062946;-0.01224501;0.6223528;0.7821939;-1
102480;-0.5425243;0.08016667;-0.008650763;0.683915;0.6281928;-0.3700169;0.01851288;0.4918915;0.8701966;-1
102520;-0.5437121;0.08158126;-0.008451535;0.6698962;0.6155045;-0.4144655;0.03782525;0.5288447;0.8475894;-1
102560;-0.5468648;0.08477798;-0.005463904;0.1337614;0.9425898;-0.3058581;0.004841637;0.3080015;0.9513257;-1
102600;-0.5443201;0.0837712;-0.005728321;0.5883029;0.7467997;-0.3096634;0.04812918;0.3497439;0.935536;-1
102640;-0.545428;0.08498649;-0.002858101;0.3070822;0.9415867;-0.1381013;0.009701663;0.1419831;0.9898007;-1
102680;-0.5466667;0.0853321;-0.002845202;0.1038235;0.9877464;-0.1162451;0.005693549;0.116267;0.9931749;-1
102720;-0.5478982;0.08542162;-0.002802659;-0.09583821;0.9916278;-0.08597358;-0.01402866;0.08498401;0.9962459;-1
102760;-0.5478132;0.08535591;1.104316e-05;-0.1088612;0.9940434;-0.0008145894;-0.004251616;0.0003463686;0.9999787;-1
102800;-0.5491942;0.08519217;-0.00273095;-0.296759;0.9524466;-0.06839766;-0.007204056;0.06934133;0.9975174;-1
102840;-0.5503014;0.08467005;-0.002621704;-0.5520266;0.8319894;-0.0546849;-0.00527646;0.06204388;0.9980018;-1
102880;-0.5491613;0.08511414;1.649605e-05;-0.2958815;0.9552007;-0.0001333659;-0.002935728;-0.0007845699;0.9999826;-1
102920;-0.5503154;0.08458176;1.775892e-05;-0.5551502;0.8317263;-4.741858e-05;-0.001649504;-0.001056538;0.9999885;-1
102960;-0.5465374;0.08536692;1.076981e-05;0.0814129;0.9966744;-0.0008819113;-0.006090341;0.00137644;0.9999747;-1
103000;-0.5511627;0.08362187;1.433725e-05;-0.8016556;0.597765;2.743502e-05;-0.0007557066;-0.001068741;0.9999943;-1
103040;-0.5517934;0.08216693;1.216639e-05;-0.9650451;0.262084;-9.714639e-05;-0.0003110184;-0.0007745464;0.9999997;-1
103080;-0.5513694;0.08362217;0.00245457;-0.7961531;0.6047502;0.01842544;-0.01654905;-0.0520908;0.9984437;-1
103120;-0.5503082;0.0846701;0.002637428;-0.5521478;0.8320009;0.05323004;0.002719352;-0.06200661;0.998018;-1
103160;-0.550463;0.08420812;0.005112641;-0.5716537;0.7945951;0.2043681;-0.0561249;-0.2862956;0.9563806;-1
103200;-0.5492081;0.08519487;0.002738135;-0.2970839;0.9525158;0.06592899;0.002161526;-0.06834228;0.9976075;-1
103240;-0.54937;0.08474424;0.005289407;-0.3014555;0.9213731;0.2450684;-0.03315578;-0.2669594;0.963015;-1
103280;-0.5479165;0.08542641;0.002812011;-0.09638729;0.9917735;0.08364949;0.007631474;-0.08328902;0.9964554;-1
103320;-0.5495597;0.08388504;0.007680789;-0.3192714;0.854584;0.4094253;-0.03923464;-0.4435627;0.8952467;-1
103360;-0.5466865;0.08533834;0.002861826;0.1030016;0.9880034;0.1147766;-0.01260999;-0.1141007;0.9933674;-1
103400;-0.5480823;0.08493961;0.005437192;-0.06202248;0.9580304;0.279613;-0.01187837;-0.2808252;0.9595914;-1
103440;-0.5499205;0.08258913;0.009626809;-0.3594441;0.7634088;0.5365871;-0.05103203;-0.5902639;0.8055074;-1
103480;-0.5483766;0.08397771;0.007863108;-0.05634288;0.890799;0.4507694;-0.003731348;-0.451665;0.8920877;-1
103520;-0.5472243;0.08375512;0.007955287;0.1258919;0.8738487;0.4695715;0.01941649;-0.4754168;0.8795084;-1
103560;-0.5486468;0.08270203;0.00988831;-0.08860448;0.8027703;0.5896099;-0.01210404;-0.5927808;0.8052108;-1
103600;-0.5468687;0.0847806;0.005490268;0.1335231;0.942737;0.3055069;-0.00562297;-0.3075368;0.9514717;-1
103640;-0.5454511;0.0849942;0.002884221;0.3059617;0.941958;0.1380109;-0.01759331;-0.1393596;0.9900733;-1
103680;-0.5490623;0.08129421;0.01144366;-0.1584934;0.734384;0.6599184;-0.06081318;-0.6742778;0.7359273;-1
103720;-0.5488058;0.07979207;0.0130903;-0.09935866;0.7250842;0.6814163;-0.1360726;-0.6882999;0.7125264;-1
103760;-0.5482321;0.08110338;0.01169984;-0.005293064;0.7426656;0.6696093;-0.1272039;-0.6646964;0.7361795;-1
103800;-0.5494607;0.07864103;0.01423604;-0.2200862;0.7308173;0.645602;-0.09848484;-0.6751946;0.7308477;-1
103840;-0.5456543;0.08440636;0.005612795;0.3045589;0.897101;0.3200842;-0.0004407056;-0.335916;0.9418918;-1
103880;-0.5452908;0.08513026;1.324434e-05;0.301732;0.9533927;2.522022e-06;-0.007164941;0.002264247;0.9999717;-1
103920;-0.5476537;0.08247145;0.01003618;0.08295184;0.7987785;0.595861;-0.05070812;-0.5937778;0.8030105;-1
103960;-0.5481776;0.07944556;0.01345567;0.03469542;0.7276986;0.6850137;-0.1281672;-0.6765274;0.7251765;-1
104000;-0.5474185;0.08074981;0.01202799;0.1335704;0.7245666;0.6761312;-0.1491165;-0.6597843;0.7365089;-1
104040;-0.5466341;0.08207917;0.01023587;0.2200356;0.7674024;0.6022273;-0.08476806;-0.5999805;0.7955112;-1
104080;-0.5460318;0.08336595;0.008103637;0.2749186;0.8314984;0.4827272;0.01137834;-0.5048474;0.8631203;-1
104120;-0.5440198;0.08438082;-0.002931056;0.6180159;0.772918;-0.1425109;0.03446351;0.1543343;0.9873788;-1
104160;-0.5488595;0.07831033;0.01468897;-0.07537077;0.767371;0.6367584;-0.0635033;-0.6409723;0.7649328;-1
104200;-0.5472192;0.0788575;0.01398445;0.1681194;0.7237311;0.6692621;-0.05019679;-0.6717087;0.7390594;-1
104240;-0.5463982;0.0800615;0.01240058;0.2765819;0.6872296;0.6717014;-0.1072223;-0.6724813;0.7322467;-1
104280;-0.5454749;0.08139384;0.01054414;0.3996893;0.6946071;0.5979902;-0.08774771;-0.6202222;0.7793777;-1
104320;-0.5447813;0.08267525;0.008315672;0.51158;0.7185885;0.4708003;-0.04279684;-0.5255589;0.849541;-1
104360;-0.55007;0.07750741;0.01531128;-0.3887909;0.7340741;0.5515619;-0.02729876;-0.6088359;0.7916256;-1
104400;-0.5443276;0.08377525;0.005758003;0.5878646;0.7470282;0.3099381;-0.04942013;-0.3490717;0.9357204;-1
104440;-0.5509285;0.07661772;0.01556383;-0.6428525;0.6156393;0.4424133;0.1474856;-0.4710946;0.8687497;-1
104480;-0.5511163;0.07590728;0.01616967;-0.7643468;0.5730264;0.2736501;0.2465224;-0.133471;0.9594461;-1
104520;-0.550472;0.07667045;0.01611979;-0.5793959;0.7199976;0.3645373;0.08627141;-0.3951046;0.9133704;-1
104560;-0.5495445;0.07731654;0.01589661;-0.1909985;0.8071816;0.5534471;0.01859901;-0.561417;0.8263303;-1
104600;-0.5512728;0.07541156;0.01664588;-0.7601308;0.6413019;-0.005581683;0.3382406;0.4012381;0.8486893;-1
104640;-0.5508223;0.0761749;0.01673595;-0.7097337;0.6849941;0.1305337;0.1684677;-0.01822671;0.9847224;-1
104680;-0.55102;0.07588128;0.01708917;-0.6566532;0.7338403;-0.1535897;0.2093056;0.3707089;0.9027955;-1
104720;-0.5501004;0.07673837;0.01673863;-0.2995632;0.8606254;0.3950562;0.09656647;-0.3872075;0.9157433;-1
104760;-0.5479552;0.07785073;0.01534404;0.07243611;0.7711449;0.6320748;0.01718441;-0.634578;0.7725412;-1
104800;-0.5487263;0.07692726;0.01659696;0.009430572;0.8221983;0.564674;0.08902763;-0.5633134;0.8206524;-1
104840;-0.5505263;0.07638414;0.01732191;-0.3829177;0.9026369;0.1738684;0.2066521;-0.1020984;0.9725797;-1
104880;-0.5512325;0.07566122;0.01729038;0.0823667;0.8612379;-0.4934964;0.145271;0.4776295;0.8632508;-1
104920;-0.5468997;0.07708789;0.01601925;0.2210449;0.7604955;0.6092379;0.03493398;-0.6302835;0.7750795;-1
104960;-0.5494034;0.07645536;0.01749056;-0.01184398;0.8924051;0.4364767;0.1766128;-0.4290546;0.8848934;-1
105000;-0.5507724;0.07622349;0.01770115;-0.3203921;0.9448842;-0.04328083;0.193861;0.1093659;0.9743016;-1
105040;-0.5514761;0.07570395;0.01731952;0.9049107;0.3987115;-0.1379002;-0.007385357;0.3407713;0.9397072;-1
105080;-0.5514906;0.0760937;0.01799883;0.7946124;0.5838246;-0.1632749;0.0107547;0.255607;0.9665015;-1
105120;-0.5461228;0.07801032;0.01459435;0.3027218;0.7115345;0.6335093;-0.002022646;-0.6640254;0.7472947;-1
105160;-0.5452736;0.07910362;0.01286709;0.4032838;0.6657245;0.6276878;-0.05213473;-0.6679215;0.7421023;-1
105200;-0.5500489;0.07638403;0.01804695;-0.0003217198;0.9492555;0.298528;0.2171108;-0.2929292;0.9308125;-1
105240;-0.5510811;0.07603646;0.01793136;0.09803861;0.950599;-0.2820033;0.08922008;0.2729262;0.9551945;-1
105280;-0.5505571;0.0762513;0.0184024;0.04314715;0.9824687;0.1813665;0.1369462;-0.1856381;0.9730283;-1
105320;-0.55182;0.07684585;0.01769818;0.8877561;0.4539233;0.03376883;-0.06823943;0.05806429;0.9958854;-1
105360;-0.551021;0.07618955;0.01868453;0.2778142;0.9568144;-0.01550424;0.04183107;0.003837432;0.9966933;-1
105400;-0.5493708;0.0758988;0.01899088;0.203071;0.8975721;0.3755709;0.1693845;-0.4109069;0.8945906;-1
105440;-0.5443076;0.08034338;0.01086276;0.5346172;0.6378759;0.55402;-0.04373914;-0.6333871;0.7722199;-1
105480;-0.5526949;0.07826743;0.01805084;0.7114512;0.6427726;0.2809345;-0.2700367;-0.1182888;0.9555076;-1
105520;-0.5515144;0.07642137;0.01879665;0.681441;0.731822;0.00866114;-0.06761057;0.0511636;0.996399;-1
105560;-0.5501915;0.07597136;0.01942182;0.2453769;0.9069713;0.3356028;0.08587752;-0.3655455;0.9265253;-1
105600;-0.5437188;0.08158582;0.008482143;0.6695631;0.6157197;0.4146841;-0.03852722;-0.528388;0.8478424;-1
105640;-0.5538848;0.0796178;0.01768325;0.5275431;0.7166177;0.4561833;-0.3306839;-0.3214257;0.8872824;-1
105680;-0.552062;0.07728912;0.01859254;0.7630218;0.6232507;0.1557276;-0.1475083;-0.06576002;0.9868261;-1
105720;-0.5532834;0.07845487;0.01881292;0.5596051;0.7270616;0.3977735;-0.2912226;-0.2768414;0.915723;-1
105760;-0.5554206;0.08122683;0.0167974;0.358493;0.780337;0.5123623;-0.2363162;-0.4551158;0.8584766;-1
105800;-0.5525018;0.07745128;0.01951955;0.5994648;0.7291721;0.3227737;-0.1842789;-0.2657693;0.9460157;-1
105840;-0.5547335;0.07972963;0.01835055;0.4502926;0.7649952;0.4603797;-0.3364832;-0.3322252;0.8810977;-1
105880;-0.5579501;0.08300903;0.01557325;0.2158588;0.8373581;0.5021102;-0.1513152;-0.4793586;0.8644696;-1
105920;-0.5539491;0.07845081;0.01957455;0.5006096;0.7607306;0.4131023;-0.2635881;-0.3205988;0.9097837;-1
105960;-0.5571005;0.08140545;0.0177309;0.3049624;0.8215867;0.481575;-0.2359948;-0.4247121;0.8740063;-1
106000;-0.5585645;0.08459222;0.01309457;0.1203488;0.8547356;0.5044812;-0.15623;-0.4855739;0.860096;-1
106040;-0.5562221;0.07993422;0.01965077;0.3822706;0.803452;0.4555858;-0.2518651;-0.3836192;0.8882804;-1
106080;-0.5588467;0.08609566;0.0104931;0.02335141;0.8576351;0.5130052;-0.1707738;-0.5022593;0.8476496;-1
106120;-0.5600556;0.08300546;0.01668613;0.2073894;0.8701208;0.4468824;-0.1182654;-0.4311914;0.8944355;-1
106160;-0.5607157;0.08462346;0.01379593;0.1574105;0.8816531;0.4440574;-0.1035095;-0.4325482;0.8956177;-1
106200;-0.5609351;0.08614698;0.01065379;0.09013193;0.8811654;0.462963;-0.1119808;-0.4530942;0.8843628;-1
106240;-0.5588994;0.08774644;0.0078412;-0.0663323;0.8402244;0.5373523;-0.1688226;-0.5403967;0.8242782;-1
106280;-0.5591115;0.08145541;0.01909449;0.2607744;0.8514515;0.4548402;-0.1386191;-0.4332662;0.8905168;-1
106320;-0.5569873;0.08969301;0.005509844;-0.1422573;0.8725265;0.4670136;-0.1781942;-0.4867499;0.8551612;-1
106360;-0.5637335;0.08488967;0.01467825;0.1560822;0.9002113;0.4058117;-0.07222176;-0.3994281;0.9138889;-1
106400;-0.5634688;0.08617528;0.01161988;0.1379488;0.8963068;0.4204439;-0.09228893;-0.4111403;0.9068521;-1
106440;-0.5632121;0.08300388;0.01864564;0.2083742;0.882116;0.4222647;-0.05346046;-0.4208495;0.9055243;-1
106480;-0.5632103;0.08706757;0.009539947;0.1295893;0.8785585;0.4588255;-0.112707;-0.4468069;0.8874717;-1
106520;-0.5617014;0.08101015;0.02174258;0.2567881;0.8560815;0.4483619;0.001252584;-0.4642446;0.8856871;-1
106560;-0.5610188;0.08773947;0.007657738;0.02463548;0.8597818;0.5089461;-0.124861;-0.5026548;0.8553907;-1
106600;-0.562947;0.08812508;0.007395681;0.1320169;0.8565481;0.4983473;-0.08944353;-0.4904896;0.8668228;-1
106640;-0.5578777;0.07989725;0.02116349;0.3118244;0.8262002;0.4690464;-0.07423318;-0.4709946;0.8789665;-1
106680;-0.5599024;0.07921614;0.02383466;0.3028859;0.8214794;0.4829459;0.03150782;-0.5151357;0.8564969;-1
106720;-0.5586553;0.08948471;0.005221211;-0.1137944;0.8818679;0.4564253;-0.1770217;-0.4702698;0.8645514;-1
106760;-0.5607623;0.08938959;0.004944019;0.007869974;0.8854812;0.4634815;-0.1503486;-0.4573589;0.8764253;-1
106800;-0.5626504;0.08955261;0.005020376;0.1418914;0.8679338;0.4759783;-0.133114;-0.4597353;0.8779945;-1
106840;-0.5620182;0.09082392;0.00219471;0.2173841;0.9497882;0.2245295;-0.1306481;-0.1996235;0.9710495;-1
106880;-0.5602996;0.09050141;0.002349053;0.04414877;0.9889647;0.1374928;-0.0907337;-0.1332542;0.9868544;-1
106920;-0.5617399;0.09042493;7.431954e-07;0.2960362;0.9550597;0.002057751;0.009036007;-0.004992062;0.9999436;-1
106960;-0.5563546;0.07827452;0.02275717;0.3681338;0.7925887;0.4853687;-0.007867455;-0.5193102;0.8544139;-1
107000;-0.5578593;0.07743017;0.02536128;0.3521914;0.7762234;0.5227561;0.03708879;-0.569697;0.8209739;-1
107040;-0.555101;0.07848392;0.0210869;0.4443157;0.7833186;0.4335618;-0.1454296;-0.4142659;0.8982265;-1
107080;-0.5579571;0.09050275;0.002621625;-0.1279583;0.9862863;0.09940947;-0.1033166;-0.1131921;0.9881348;-1
107120;-0.560127;0.09006496;-7.015653e-06;0.07923703;0.9962842;0.002168799;0.005460854;-0.002767652;0.9999084;-1
107160;-0.5546255;0.07669201;0.02382813;0.4203382;0.755186;0.5008296;0.01702486;-0.5581653;0.8291457;-1
107200;-0.5556917;0.07560289;0.02632166;0.4050654;0.7257816;0.5552542;0.03859974;-0.620253;0.7832745;-1
107240;-0.5535907;0.07395443;0.0267576;0.4586976;0.6766698;0.574362;-0.007607784;-0.6430342;0.7652884;-1
107280;-0.5538438;0.07706864;0.02219149;0.4736186;0.7734526;0.4168148;-0.05339767;-0.4466597;0.8924888;-1
107320;-0.5530968;0.07730016;0.02064489;0.524053;0.766711;0.3660861;-0.1403629;-0.3456454;0.9275123;-1
107360;-0.5528472;0.07527334;0.02432616;0.453573;0.7237116;0.5153819;-0.01503892;-0.5713066;0.8194781;-1
107400;-0.5515186;0.07275504;0.02651379;0.4956543;0.6433628;0.581562;-0.04010002;-0.6516028;0.7567788;-1
107440;-0.552345;0.07592057;0.02264158;0.4702563;0.7770963;0.4099145;-0.04331058;-0.4427806;0.8943362;-1
107480;-0.5511109;0.07421953;0.02433471;0.4769198;0.701705;0.5239053;-0.04568422;-0.5746137;0.8157287;-1
107520;-0.5495549;0.07182127;0.02595258;0.5106152;0.6281723;0.585413;-0.04940871;-0.6581128;0.7506162;-1
107560;-0.5519572;0.07631885;0.02102399;0.4861352;0.8114843;0.316212;-0.05920741;-0.3299996;0.9414505;-1
107600;-0.5494245;0.07343211;0.02396354;0.4898545;0.6905103;0.5273925;-0.06035332;-0.5759205;0.8139896;-1
107640;-0.5476127;0.07114632;0.0250693;0.5196634;0.6181251;0.5884265;-0.05576374;-0.662567;0.7463655;-1
107680;-0.5508653;0.0751139;0.02262711;0.4559086;0.7790104;0.4200245;-0.03133538;-0.4566734;0.8873428;-1
107720;-0.5517094;0.07649255;0.01975876;0.5595286;0.7970376;0.2231347;-0.09231547;-0.2074916;0.9738122;-1
107760;-0.5477723;0.072812;0.02330502;0.4876147;0.6892174;0.5317419;-0.07090272;-0.5751523;0.8138257;-1
107800;-0.5456467;0.07053538;0.02401837;0.5186043;0.6117225;0.5963609;-0.06421959;-0.6675038;0.7414266;-1
107840;-0.549507;0.07451148;0.02229163;0.4487165;0.7748287;0.4349125;-0.01805511;-0.4779558;0.8765447;-1
107880;-0.5508965;0.07576103;0.02097981;0.4177447;0.8422386;0.3264807;0.004767276;-0.360981;0.9306238;-1
107920;-0.5509099;0.07614611;0.01971488;0.3662554;0.9020298;0.2124633;-0.002289007;-0.2273768;0.9715518;-1
107960;-0.5498474;0.0753569;0.02058848;0.3664866;0.8416058;0.3819472;0.04700174;-0.4266123;0.9016142;-1
108000;-0.5461234;0.07241527;0.02238473;0.4748602;0.6889575;0.5444377;-0.06684035;-0.5882466;0.8049651;-1
108040;-0.5437766;0.0703022;0.02266031;0.5142264;0.6134715;0.5990471;-0.07452073;-0.6638387;0.743995;-1
108080;-0.5481703;0.07410982;0.02168188;0.4268221;0.7752196;0.4573234;-0.00272358;-0.5041843;0.8621807;-1
108120;-0.548779;0.07518828;0.02009325;0.3297963;0.8413638;0.4149434;0.1085101;-0.4705731;0.874058;-1
108160;-0.5445933;0.072379;0.02108672;0.4622544;0.6825274;0.5639595;-0.07302184;-0.6041653;0.7926235;-1
108200;-0.5419832;0.07036461;0.02102363;0.4858843;0.6289108;0.6067517;-0.06970961;-0.663947;0.7442525;-1
108240;-0.5468776;0.07391711;0.02086483;0.3979813;0.7672905;0.4978961;0.01680491;-0.5483966;0.8347093;-1
108280;-0.5477986;0.07513949;0.01942426;0.3016639;0.8199429;0.4790731;0.1126225;-0.5295628;0.8394533;-1
108320;-0.5431321;0.07265252;0.01948479;0.4519133;0.6801893;0.575905;-0.06811092;-0.617081;0.7832578;-1
108360;-0.5403985;0.07093856;0.0191885;0.4382212;0.6619635;0.607808;-0.04940944;-0.6571599;0.7517127;-1
108400;-0.5455898;0.07395009;0.01970738;0.3854793;0.7420452;0.5454024;-0.000273861;-0.590635;0.8058516;-1
108440;-0.5485995;0.07596645;0.01834287;0.1618567;0.8695528;0.4553846;0.1384789;-0.4773743;0.8665081;-1
108480;-0.5418727;0.07327941;0.01763809;0.4427444;0.6940939;0.567301;-0.05651625;-0.6096969;0.7903818;-1
108520;-0.538929;0.07169287;0.01731203;0.3978744;0.7004191;0.5923001;-0.03966259;-0.6315683;0.7739084;-1
108560;-0.54429;0.07433592;0.0182436;0.3969897;0.721281;0.565837;0.002762292;-0.6171703;0.7860262;-1
108600;-0.5467421;0.07537621;0.01839795;0.2937419;0.7849688;0.541743;0.09757896;-0.5881863;0.8017907;-1
108640;-0.5477889;0.07632095;0.01734885;0.1647479;0.8165312;0.5491527;0.08724341;-0.5665442;0.8185421;-1
108680;-0.5456631;0.07589639;0.01703894;0.3232581;0.748818;0.5767192;0.0912482;-0.6310233;0.7696128;-1
108720;-0.5407107;0.07403888;0.01566067;0.4376022;0.716418;0.543276;-0.05308401;-0.5824602;0.8110079;-1
108760;-0.5376703;0.07259148;0.01534394;0.3559535;0.7424481;0.567311;-0.02141049;-0.6001539;0.7992697;-1
108800;-0.5431417;0.07496221;0.01652193;0.4283693;0.7080227;0.5604568;0.01636119;-0.6260589;0.7791094;-1
108840;-0.5447012;0.07664119;0.01547026;0.3829147;0.7102925;0.5896151;0.07525311;-0.6598746;0.7469559;-1
108880;-0.5395642;0.07480602;0.01358618;0.4389792;0.7356607;0.5155205;-0.02090692;-0.5649597;0.8245614;-1
108920;-0.5366662;0.07362428;0.013262;0.3119673;0.7898557;0.52786;-0.01777686;-0.5504088;0.8344771;-1
108960;-0.5420963;0.07579227;0.01448878;0.4731856;0.6976586;0.5374207;0.041398;-0.6268057;0.7777354;-1
109000;-0.5414484;0.07739283;0.01154092;0.5333503;0.6990125;0.4759583;0.02926765;-0.5774429;0.8157692;-1
109040;-0.5437079;0.0775701;0.01361845;0.4679067;0.6724109;0.5729713;0.0453278;-0.665461;0.7445345;-1
109080;-0.5385657;0.0754247;0.01178374;0.4262962;0.7685757;0.4764562;-0.0542693;-0.5036094;0.8618966;-1
109120;-0.5357988;0.07467851;0.01098274;0.265444;0.8384948;0.4756901;-0.03636182;-0.4841509;0.8740929;-1
109160;-0.5428706;0.07876778;0.0112545;0.5694162;0.647151;0.5064103;0.01160442;-0.6219313;0.7825388;-1
109200;-0.5425314;0.08017125;0.008683094;0.6836199;0.6283817;0.3702414;-0.0192253;-0.4914272;0.8704433;-1
109240;-0.5378145;0.0761345;0.009775304;0.3754394;0.8266849;0.4182141;-0.05351629;-0.4306495;0.9006474;-1
109280;-0.5351285;0.07571304;0.008595447;0.2067848;0.8865927;0.4135414;-0.06220323;-0.4097928;0.9099892;-1
109320;-0.53945;0.07691763;0.009992423;0.5137105;0.7521836;0.4120187;-0.04646455;-0.4548074;0.8891761;-1
109360;-0.5374078;0.07680285;0.007741906;0.359652;0.8638831;0.3514885;-0.07101575;-0.3498033;0.9339174;-1
109400;-0.5345452;0.07667324;0.00605402;0.152549;0.9343962;0.3215188;-0.1170175;-0.3059148;0.9448196;-1
109440;-0.5411697;0.0788704;0.008589737;0.6279877;0.696429;0.3469931;-0.02107231;-0.4303846;0.9023435;-1
109480;-0.5395457;0.07793635;0.007906815;0.5299893;0.7842306;0.3217224;-0.05547357;-0.3461844;0.9363947;-1
109520;-0.536935;0.07744647;0.005441519;0.3068094;0.9142596;0.2624806;-0.1122681;-0.2388227;0.9644448;-1
109560;-0.5340697;0.07742164;0.003189605;0.128655;0.9763857;0.172745;-0.08205704;-0.1631149;0.9831853;-1
109600;-0.5409353;0.07969867;0.005751298;0.6836354;0.6999809;0.2055503;-0.06499113;-0.2220911;0.9727756;-1
109640;-0.5392435;0.07851419;0.005451672;0.5112826;0.8312874;0.2158124;-0.1153043;-0.1822881;0.9763608;-1
109680;-0.5366352;0.07793326;0.00284458;0.2500744;0.957117;0.1412067;-0.07256497;-0.1268973;0.9892365;-1
109720;-0.5339317;0.07770364;2.362585e-05;0.1247536;0.9920155;-0.0006584736;-7.312595e-05;0.0006317861;0.9999958;-1
109760;-0.5424356;0.08134639;0.005883914;0.7668401;0.6019461;0.22041;-0.05338915;-0.2820096;0.9577692;-1
109800;-0.5388707;0.07875399;0.002832222;0.4716986;0.8742674;0.1096216;-0.108056;-0.06605308;0.9919099;-1
109840;-0.540731;0.08001846;0.002938052;0.696975;0.7097464;0.09993727;-0.07804741;-0.06347174;0.9948665;-1
109880;-0.5406491;0.08008768;1.195353e-05;0.6954623;0.718434;0.00117885;-0.008342021;0.006411019;0.9999332;-1
109920;-0.5433424;0.0825919;0.005845361;0.7675246;0.5838291;0.2628649;-0.06805491;-0.3330894;0.9402618;-1
109960;-0.5422617;0.08187488;0.002998667;0.8066236;0.5804456;0.1068103;-0.06091678;-0.09791004;0.9932491;-1
110000;-0.5386479;0.07879716;3.171619e-05;0.4455173;0.8948071;-0.002165205;-0.007613905;0.00608843;0.999945;-1
110040;-0.5365237;0.07815059;3.359793e-05;0.2227946;0.9740704;-0.002210609;-0.003279606;0.002821166;0.9999741;-1
110080;-0.5366207;0.07792095;-0.002782825;0.2508059;0.9564938;-0.1444092;0.06755234;0.1311846;0.9889781;-1
110120;-0.5340682;0.07741837;-0.003143014;0.1287314;0.9762123;-0.1737243;0.08160812;0.1640978;0.9830455;-1
110160;-0.5431355;0.08318076;0.002992562;0.8163908;0.5623892;0.1274297;-0.05726691;-0.1404896;0.9883457;-1
110200;-0.5388374;0.07872775;-0.002775024;0.4730214;0.87323;-0.1124476;0.09632769;0.07528169;0.9924483;-1
110240;-0.536921;0.07743473;-0.005392568;0.3074754;0.9136958;-0.2638085;0.1098222;0.2408894;0.9641734;-1
110280;-0.534539;0.0766675;-0.006009267;0.1528665;0.9340962;-0.3222801;0.1160816;0.3067938;0.9446324;-1
110320;-0.5374023;0.07679868;-0.007703178;0.3598894;0.8636974;-0.351705;0.07038416;0.3502976;0.9337784;-1
110360;-0.5351212;0.07570826;-0.00855484;0.2071071;0.8863658;-0.4138666;0.06148976;0.410293;0.9098124;-1
110400;-0.5392123;0.07848993;-0.005406496;0.5124889;0.8303384;-0.2167736;0.1097968;0.1866176;0.9761856;-1
110440;-0.5378063;0.07612915;-0.009737083;0.3757787;0.826458;-0.418358;0.05278387;0.4311391;0.9004564;-1
110480;-0.5357894;0.07467237;-0.01094216;0.2658281;0.8382363;-0.4759311;0.03565034;0.4846273;0.8738582;-1
110520;-0.544047;0.08439062;0.002966303;0.6166867;0.7733904;0.1455753;-0.04349139;-0.1510865;0.9875243;-1
110560;-0.5438619;0.08449387;1.916476e-05;0.6298934;0.7764615;0.002541388;-0.007298187;0.002620498;0.999969;-1
110600;-0.5429658;0.0833331;1.893379e-05;0.8290359;0.558326;0.004117359;-0.006727768;0.002585753;0.9999467;-1
110640;-0.5421138;0.08199197;1.018681e-05;0.8190261;0.5729063;0.003063231;-0.006699811;0.004166287;0.9999339;-1
110680;-0.5431073;0.08316744;-0.002962541;0.817615;0.5617932;-0.1222595;0.0478794;0.1449076;0.9882159;-1
110720;-0.5422316;0.08185562;-0.002981222;0.8076811;0.5797696;-0.1025843;0.05097226;0.1042932;0.9931836;-1
110760;-0.5433319;0.08258379;-0.005820963;0.7680307;0.5834544;-0.2622928;0.0662746;0.3344001;0.9399028;-1
110800;-0.5424178;0.08133297;-0.005860177;0.7675105;0.6014421;-0.2195521;0.05047727;0.2842034;0.9572691;-1
110840;-0.5406948;0.07999058;-0.002912835;0.6981788;0.7088274;-0.09817042;0.06575438;0.07289837;0.9951499;-1
110880;-0.5409037;0.07967455;-0.00572076;0.6847444;0.6991241;-0.2048659;0.05971205;0.2261708;0.9722113;-1
110920;-0.5411626;0.07886589;-0.008555606;0.62827;0.696242;-0.346857;0.02033746;0.4308709;0.9021283;-1
110960;-0.5395396;0.07793221;-0.007870539;0.5302317;0.7840584;-0.3217455;0.05476794;0.346686;0.936249;-1
111000;-0.5394419;0.07691228;-0.009955877;0.5140542;0.7519511;-0.4120146;0.04574706;0.4552957;0.8889635;-1
111040;-0.538556;0.07541827;-0.01174572;0.4266946;0.7683033;-0.4765392;0.0535763;0.5040904;0.8616588;-1
111080;-0.5366552;0.07361694;-0.01322152;0.3123975;0.7895663;-0.5280384;0.01709976;0.5508652;0.8341901;-1
111120;-0.5395532;0.07479864;-0.01354863;0.4394078;0.7353679;-0.5155733;0.02024421;0.5654186;0.8242634;-1
111160;-0.5376578;0.07258305;-0.0153037;0.3564173;0.7421364;-0.5674276;0.02076462;0.6005906;0.7989585;-1
111200;-0.5406981;0.07403037;-0.01562361;0.4380501;0.716116;-0.5433131;0.0524305;0.5829048;0.8107308;-1
111240;-0.5389146;0.07168344;-0.01727229;0.3983569;0.7000986;-0.5923545;0.03903755;0.6319849;0.7736;-1
111280;-0.5418584;0.07326984;-0.01760156;0.4432087;0.6937828;-0.567319;0.05588027;0.6101255;0.7900959;-1
111320;-0.5403829;0.07092819;-0.01914952;0.4387162;0.6616375;-0.6078057;0.04880737;0.6575586;0.7514031;-1
111360;-0.5431164;0.072642;-0.0194489;0.4523823;0.6798787;-0.5759034;0.06748365;0.6174983;0.7829829;-1
111400;-0.541966;0.07035322;-0.02098563;0.4863787;0.628583;-0.6066955;0.06912448;0.6643392;0.743957;-1
111440;-0.5445762;0.07236763;-0.02105186;0.4627128;0.6822252;-0.563949;0.07238999;0.6045835;0.7923621;-1
111480;-0.5437583;0.07029;-0.02262369;0.5147133;0.6131485;-0.5989595;0.07394116;0.6642272;0.7437058;-1
111520;-0.5461054;0.07240323;-0.02235115;0.4753008;0.6886668;-0.5444206;0.06620056;0.58867;0.8047081;-1
111560;-0.5456276;0.07052252;-0.02398337;0.5190873;0.6114026;-0.5962687;0.06363709;0.6678922;0.7411267;-1
111600;-0.5481525;0.07409805;-0.02165089;0.4271775;0.774987;-0.4573843;0.002028948;0.5046306;0.861921;-1
111640;-0.5477534;0.07279946;-0.02327301;0.4880436;0.6889316;-0.5317181;0.07025922;0.575582;0.8135772;-1
111680;-0.5475926;0.071133;-0.02503618;0.5201401;0.6178098;-0.5883363;0.05516621;0.6629631;0.746058;-1
111720;-0.5498308;0.07534549;-0.02055947;0.3667834;0.841409;-0.3820937;-0.04771916;0.4270796;0.9013553;-1
111760;-0.549405;0.07341929;-0.02393318;0.4902803;0.690226;-0.5273682;0.05970501;0.5763534;0.8137304;-1
111800;-0.5495335;0.07180744;-0.02592139;0.5110931;0.6278498;-0.5853416;0.04880174;0.6585233;0.7502959;-1
111840;-0.5494891;0.0744994;-0.02226195;0.4490636;0.7745997;-0.4349606;0.01735916;0.4784129;0.8763086;-1
111880;-0.5508935;0.07613534;-0.01968711;0.3664325;0.9019153;-0.212642;0.001500708;0.2278905;0.9714329;-1
111920;-0.5510913;0.07420652;-0.02430615;0.4773413;0.7014262;-0.5238941;0.04502709;0.5750472;0.8154594;-1
111960;-0.5514972;0.07274093;-0.02648473;0.4961261;0.6430478;-0.5815077;0.03947492;0.6520177;0.7564542;-1
112000;-0.5508794;0.07574963;-0.02095187;0.4180078;0.8420676;-0.3265831;-0.005514566;0.361464;0.9304317;-1
112040;-0.5508468;0.0751017;-0.02259886;0.4562441;0.7787909;-0.4200656;0.03063078;0.4571317;0.8871307;-1
112080;-0.5514991;0.07641132;-0.0187696;0.6814468;0.7318186;-0.008478798;0.06678592;-0.05064387;0.9964812;-1
112120;-0.5528275;0.07526032;-0.0242996;0.4539824;0.723446;-0.5153939;0.01436944;0.571736;0.8191903;-1
112160;-0.553569;0.07394008;-0.02673093;0.4591547;0.6763731;-0.574346;0.006957866;0.6434456;0.7649485;-1
112200;-0.552327;0.07590847;-0.02261497;0.470584;0.7768827;-0.4099419;0.04260399;0.443239;0.8941417;-1
112240;-0.5519403;0.07630747;-0.02099722;0.4863806;0.811273;-0.3163441;0.05848594;0.33058;0.9412854;-1
112280;-0.5516934;0.076482;-0.01973192;0.5597205;0.7969118;-0.2230993;0.09152388;0.2080032;0.9737776;-1
112320;-0.5546064;0.07667933;-0.02380377;0.4207326;0.7549322;-0.5008807;-0.017698;0.5585924;0.8288434;-1
112360;-0.5556706;0.07558875;-0.02629764;0.4055096;0.7254945;-0.5553052;-0.03926373;0.6206704;0.7829107;-1
112400;-0.5578387;0.07741651;-0.02534001;0.3526104;0.7759479;-0.5228822;-0.03776965;0.5701357;0.8206379;-1
112440;-0.5538257;0.07705677;-0.02216669;0.4739557;0.7732317;-0.416841;0.05270785;0.4471146;0.8923013;-1
112480;-0.5563365;0.07826234;-0.02273502;0.3685192;0.7923359;-0.4854877;0.007179625;0.5197569;0.8541477;-1
112520;-0.5598832;0.07920328;-0.02381597;0.3032774;0.8212169;-0.4831466;-0.0322065;0.5156019;0.8561902;-1
112560;-0.552486;0.07744079;-0.0194939;0.5997213;0.7290066;-0.3226686;0.1835441;0.2662327;0.9460272;-1
112600;-0.55308;0.07728913;-0.02061963;0.5243576;0.7665083;-0.3660735;0.1396653;0.3461071;0.9274443;-1
112640;-0.5578603;0.07988589;-0.02114347;0.3122028;0.8259508;-0.4692335;0.07351729;0.4714635;0.8787748;-1
112680;-0.5616836;0.08099841;-0.02172632;0.2571511;0.8558387;-0.4486171;-0.001973752;0.4647248;0.885434;-1
112720;-0.5550838;0.07847266;-0.0210638;0.4446666;0.7830905;-0.433614;0.1447342;0.4147215;0.8981279;-1
112760;-0.5590957;0.08144508;-0.01907636;0.2611406;0.8512098;-0.4550824;0.1378848;0.4337445;0.8903977;-1
112800;-0.5631968;0.08299376;-0.01863171;0.2087162;0.8818893;-0.4225688;0.05272157;0.4213361;0.9053414;-1
112840;-0.553933;0.07844034;-0.01955049;0.500944;0.7605129;-0.4130977;0.262918;0.3210328;0.9098243;-1
112880;-0.556206;0.07992364;-0.0196294;0.3826362;0.8032135;-0.4556996;0.251144;0.3840888;0.8882814;-1
112920;-0.5600411;0.08299598;-0.01666965;0.2077669;0.8698702;-0.4471942;0.1174928;0.4316963;0.8942938;-1
112960;-0.5637365;0.08489017;-0.01466703;0.1559907;0.9002269;-0.405866;0.07241258;0.3994001;0.9138515;-1
113000;-0.5570856;0.08139582;-0.01771111;0.3053505;0.8213291;-0.4817682;0.2352647;0.4251897;0.8739709;-1
113040;-0.5547184;0.07971975;-0.01832778;0.4506648;0.7647508;-0.4604214;0.3357971;0.3326753;0.8811892;-1
113080;-0.5532681;0.07844469;-0.01878837;0.5599126;0.7268677;-0.3976951;0.2905516;0.2772577;0.91581;-1
113120;-0.5607192;0.08462435;-0.01378556;0.157286;0.8816823;-0.4441037;0.1037438;0.4324957;0.8955777;-1
113160;-0.563477;0.08617887;-0.01160915;0.1376595;0.8964331;-0.420324;0.09291698;0.4108728;0.9068562;-1
113200;-0.5579374;0.08300056;-0.01555508;0.2162638;0.8370841;-0.5023926;0.1505879;0.4798382;0.8643308;-1
113240;-0.5554068;0.08121781;-0.01677611;0.3589067;0.780064;-0.5124885;0.2356;0.455584;0.858425;-1
113280;-0.5609422;0.08615018;-0.01064477;0.08981215;0.8813016;-0.4628238;0.1125926;0.4528384;0.8843622;-1
113320;-0.5632134;0.08706872;-0.009529106;0.1294322;0.8786079;-0.4588026;0.1130273;0.4467121;0.8874354;-1
113360;-0.552047;0.07727912;-0.01856645;0.7631435;0.6231717;-0.1554377;0.1467256;0.06625448;0.9869094;-1
113400;-0.5538705;0.07960823;-0.01765973;0.5279012;0.7163907;-0.4561256;0.3300016;0.321856;0.88738;-1
113440;-0.5518053;0.07683633;-0.01767165;0.8877662;0.4539365;-0.03328271;0.06743492;-0.05755499;0.99597;-1
113480;-0.5526804;0.07825762;-0.01802576;0.7116689;0.6426328;-0.280701;0.2693158;0.1187366;0.9556552;-1
113520;-0.5521601;0.07786241;-0.01717537;0.8436006;0.4999232;-0.1877998;0.2334369;-0.02903182;0.9718631;-1
113560;-0.553157;0.07935406;-0.017006;0.6603269;0.643536;-0.3870175;0.2949177;0.2517419;0.9217269;-1
113600;-0.5525241;0.07894759;-0.01634758;0.7849219;0.5294096;-0.3217833;0.2524625;0.2009781;0.9464464;-1
113640;-0.5545019;0.0810454;-0.01622632;0.4578142;0.7200817;-0.5213736;0.2391161;0.4651125;0.8523077;-1
113680;-0.5528328;0.08027709;-0.01515498;0.7265822;0.5466453;-0.4161465;0.2576304;0.3447316;0.902598;-1
113720;-0.553678;0.08075333;-0.01571902;0.5854942;0.6492879;-0.4853442;0.2444462;0.4294411;0.8693364;-1
113760;-0.5560755;0.08292335;-0.01477548;0.2405157;0.8000091;-0.5496551;0.1757547;0.521027;0.8352478;-1
113800;-0.5551019;0.08281055;-0.01445291;0.3458196;0.7442796;-0.571364;0.1965742;0.5379533;0.8197347;-1
113840;-0.5521749;0.08099434;-0.01302538;0.8260617;0.4595536;-0.3261714;0.2170787;0.2746398;0.9366835;-1
113880;-0.554113;0.08250277;-0.01412467;0.5103199;0.6772893;-0.5299377;0.2258757;0.489026;0.8425049;-1
113920;-0.5523456;0.08242744;-0.01132525;0.8160169;0.4795525;-0.322675;0.1996472;0.2900493;0.9359405;-1
113960;-0.5531244;0.08192721;-0.01368309;0.6892187;0.5788029;-0.4357962;0.2533818;0.3709577;0.8933873;-1
114000;-0.5545629;0.08429804;-0.01221598;0.4521511;0.7168274;-0.5307639;0.2756314;0.4536496;0.8474821;-1
114040;-0.5556275;0.08455279;-0.01242843;0.2277879;0.7797095;-0.5832347;0.2279513;0.5396371;0.8104489;-1
114080;-0.5524431;0.08392723;-0.009428626;0.8135787;0.4900092;-0.3128601;0.1551933;0.3355212;0.9291451;-1
114120;-0.5533878;0.08356863;-0.0118533;0.6681682;0.6072514;-0.4298644;0.272516;0.3378652;0.9008753;-1
114160;-0.5525307;0.08529095;-0.007288159;0.8282113;0.4945953;-0.2631398;0.06417391;0.3827622;0.9215856;-1
114200;-0.5549101;0.08606476;-0.01008923;0.4342315;0.7388991;-0.5152341;0.2838116;0.4306224;0.8567461;-1
114240;-0.5535267;0.08518612;-0.009773851;0.6613237;0.6264157;-0.4125944;0.2471169;0.3374071;0.9083403;-1
114280;-0.5566363;0.08459176;-0.01266101;0.1168092;0.8219379;-0.5574558;0.1811141;0.5342609;0.8256864;-1
114320;-0.5526364;0.08652931;-0.005193529;0.8291605;0.4872387;-0.2737083;0.05707761;0.4132974;0.9087764;-1
114360;-0.5560194;0.0862359;-0.01024297;0.1382126;0.8016819;-0.5815527;0.2602674;0.5371504;0.802328;-1
114400;-0.5535981;0.08661561;-0.007487216;0.6833616;0.6253356;-0.3766538;0.1723474;0.3631117;0.9156461;-1
114440;-0.5550426;0.08773704;-0.007752888;0.4759846;0.7285357;-0.4925639;0.2469838;0.4267613;0.8699633;-1
114480;-0.558561;0.08458917;-0.01308134;0.1204751;0.8546134;-0.5046932;0.1559994;0.4857859;0.8599946;-1
114520;-0.5524092;0.0875088;-0.002720145;0.8322341;0.4935465;-0.2523884;0.08161739;0.3412054;0.936424;-1
114560;-0.5569903;0.08616701;-0.01038834;0.006252781;0.8294585;-0.5583458;0.2119384;0.544604;0.8114654;-1
114600;-0.553669;0.08782353;-0.005382845;0.7254946;0.5956931;-0.3445579;0.09033278;0.413879;0.9058221;-1
114640;-0.5519788;0.08796459;6.553077e-06;0.8601825;0.5099021;0.0001698001;-0.0003068566;0.0001662226;0.9999886;-1
114680;-0.5588464;0.08609442;-0.01048148;0.02337437;0.8575694;-0.5131541;0.170739;0.5023684;0.8475586;-1
114720;-0.5562288;0.08798856;-0.007880139;0.1194168;0.8010425;-0.5865236;0.2230177;0.554018;0.8020718;-1
114760;-0.5549362;0.08913514;-0.005569076;0.5615746;0.7054489;-0.4323985;0.1662368;0.415735;0.8941626;-1
114800;-0.5533535;0.08887064;-0.002746966;0.7595885;0.5917028;-0.2699808;0.09143358;0.3138345;0.9450621;-1
114840;-0.5533576;0.08887285;0.002768206;0.7591803;0.5919212;0.2706509;-0.09285091;-0.3130813;0.945173;-1
114880;-0.557143;0.0878561;-0.007916751;-0.08712827;0.8152274;-0.5723088;0.2008921;0.5771208;0.7915525;-1
114920;-0.5561274;0.08972877;-0.005601103;0.1859947;0.8461382;-0.4994559;0.1862722;0.468742;0.8634719;-1
114960;-0.5544452;0.09020498;-0.002853584;0.6198758;0.73453;-0.2760689;0.09011404;0.2828527;0.9549203;-1
115000;-0.5528955;0.0893281;1.009123e-05;0.7882389;0.6153538;0.000308882;-0.0007233088;0.0004266437;0.9999976;-1
115040;-0.553996;0.09037536;8.489005e-06;0.6472914;0.7622408;0.0001247595;-0.0008569169;0.0005628907;0.9999995;-1
115080;-0.5544492;0.09020767;0.002871156;0.6194723;0.7347929;0.2762757;-0.09150098;-0.2819503;0.9550548;-1
115120;-0.5554414;0.09078984;-0.002909592;0.2641712;0.9311409;-0.2512693;0.09008422;0.2355829;0.9676676;-1
115160;-0.5549577;0.09080535;8.080387e-06;0.2897174;0.9571121;-0.0002921672;-0.0009085066;0.0005799537;0.9999996;-1
115200;-0.5554457;0.09079249;0.002925183;0.2638145;0.9313723;0.2507861;-0.09147038;-0.234688;0.9677545;-1
115240;-0.5557061;0.09073482;6.605871e-06;-0.1818231;0.983236;-0.0005165917;-0.0005695541;0.0003973008;0.9999878;-1
115280;-0.556291;0.09081891;0.002827263;-0.1729068;0.9774665;0.1193899;-0.1112506;-0.1399277;0.9838747;-1
115320;-0.5575411;0.09008811;-1.491979e-06;-0.1286351;0.9911895;0.0005111779;0.001345762;-0.0004369815;0.9999133;-1
115360;-0.5562898;0.09081796;-0.002818386;-0.1728581;0.9774233;-0.1198705;0.1108384;0.1402791;0.9838572;-1
115400;-0.557962;0.09050517;-0.00262208;-0.1281421;0.986374;-0.09844236;0.1051315;0.1123035;0.9880021;-1
115440;-0.5569847;0.08969101;-0.005496269;-0.1420331;0.8723458;-0.4674359;0.1777591;0.4870789;0.8550507;-1
115480;-0.5603181;0.09051153;-0.002354305;0.04309542;0.989537;-0.1338819;0.09839689;0.1290874;0.9865548;-1
115520;-0.5620458;0.09083924;-0.002184292;0.2145569;0.9513461;-0.2207105;0.1429045;0.1928753;0.9705301;-1
115560;-0.5586565;0.08948478;-0.005211404;-0.1138781;0.8818631;-0.456453;0.1771683;0.4702767;0.8644773;-1
115600;-0.558893;0.08774224;-0.007826356;-0.06589672;0.8399282;-0.5378689;0.1681586;0.5408502;0.8241163;-1
115640;-0.5607701;0.08939354;-0.004936557;0.007149056;0.8858384;-0.4628493;0.1517243;0.4566817;0.8764583;-1
115680;-0.5626529;0.08955392;-0.005009569;0.1416272;0.8680412;-0.4758556;0.133631;0.4595354;0.8779726;-1
115720;-0.5629466;0.08812435;-0.007384747;0.1320457;0.8564905;-0.4984454;0.08942059;0.4905875;0.866741;-1
115760;-0.5610195;0.08773926;-0.00764706;0.0245979;0.8597577;-0.5090097;0.1249418;0.5026944;0.8553201;-1
115800;-0.6077106;0.08135574;-0.02201925;0.7793845;-0.1973985;-0.5928741;0.09540354;0.9749915;-0.2001327;-1
115840;-0.6076322;0.08029607;-0.0213959;0.7365274;-0.2170606;-0.6390458;0.1499878;0.9756182;-0.1593242;-1
115880;-0.6085097;0.08160464;-0.02333852;0.8610719;-0.1894965;-0.4703848;0.09890201;0.9718912;-0.2112634;-1
115920;-0.6071389;0.08116513;-0.02110502;0.6974998;-0.2485339;-0.6696876;0.1790666;0.9681933;-0.1739081;-1
115960;-0.6063506;0.0800266;-0.01978617;0.6079534;-0.1662682;-0.7745205;0.344655;0.9357495;0.06841478;-1
116000;-0.6067235;0.07917807;-0.01976258;0.5496235;-0.1848838;-0.8128269;0.3761395;0.92502;0.04314224;-1
116040;-0.6059679;0.08086033;-0.01971153;0.5883488;-0.29539;-0.7507264;0.4487364;0.8932057;-0.000862455;-1
116080;-0.6053472;0.07829288;-0.01884646;0.4470287;-0.08706231;-0.8900543;0.4029697;0.9080502;0.1134825;-1
116120;-0.6042541;0.08009571;-0.01843835;0.4457791;0.0192667;-0.8943097;0.3531965;0.9146142;0.1952031;-1
116160;-0.6037328;0.07844657;-0.01841517;-0.01744187;0.2211855;-0.9750563;0.2745611;0.9387315;0.2080599;-1
116200;-0.6038125;0.08053505;-0.01790752;0.5350187;-0.3319434;-0.7767469;0.7222513;0.6565207;0.2170127;-1
116240;-0.6030931;0.08000848;-0.0180493;-0.08763929;0.5116111;-0.854679;0.3138466;0.8284816;0.4637456;-1
116280;-0.601531;0.07853146;-0.01931234;-0.4058225;0.3740647;-0.8338968;0.02682032;0.916889;0.3982405;-1
116320;-0.6023664;0.08039196;-0.01722615;-0.07116777;0.9638991;-0.2561792;0.3960721;0.2631213;0.8796459;-1
116360;-0.6023853;0.08045486;-0.01633903;0.7219504;-0.1274233;-0.6799212;0.6880296;0.03091958;0.7248889;-1
116400;-0.6011734;0.07978685;-0.01890708;-0.3882681;0.6114997;-0.6893308;0.09157291;0.7699805;0.6314399;-1
116440;-0.6009099;0.07907581;-0.01979499;-0.822573;0.3551834;-0.4439663;0.1108252;0.8660284;0.4875403;-1
116480;-0.6016616;0.08046603;-0.01615535;-0.1709614;0.9659446;-0.1935512;0.482621;0.2535505;0.8381964;-1
116520;-0.6015226;0.08076039;-0.01564333;0.5879638;-0.455396;-0.6683061;0.7948484;0.4777446;0.3739344;-1
116560;-0.6006557;0.07973816;-0.01946542;-0.8813813;0.3451848;-0.3221514;0.04997033;0.7466041;0.6633465;-1
116600;-0.6002993;0.07964176;-0.0207367;-0.966678;0.1216972;-0.2247395;0.03196368;0.9298942;0.3663452;-1
116640;-0.6011965;0.08091845;-0.01588966;-0.4226918;0.8104659;-0.4050395;0.5670521;0.5854443;0.5792863;-1
116680;-0.6011202;0.08103211;-0.01565562;0.4210044;-0.4995159;-0.7569014;0.8827329;0.4168938;0.2161114;-1
116720;-0.6008239;0.08116728;-0.01582336;-0.5008395;0.08857842;-0.8607681;0.3815634;0.9153751;-0.1276553;-1
116760;-0.6006916;0.08106898;-0.01608414;-0.7044733;0.6053015;-0.3699819;0.3946603;0.7678061;0.5046037;-1
116800;-0.6006323;0.08076519;-0.01674424;-0.4370668;0.8809379;-0.1805144;0.3523744;0.3525835;0.866797;-1
116840;-0.6007078;0.08038108;-0.01810781;-0.4316588;0.8606964;-0.2695072;0.2496364;0.4012384;0.8812273;-1
116880;-0.6005514;0.080341;-0.01900359;-0.9767753;0.1639134;-0.1371628;-0.006819718;0.6173009;0.7866349;-1
116920;-0.6002765;0.08065312;-0.02052422;-0.9931659;-0.01382443;-0.1153049;-0.1075206;0.4836006;0.8685901;-1
116960;-0.6003255;0.08018743;-0.02073456;-0.9822602;0.1058686;-0.1539314;-0.01594994;0.7731177;0.6339895;-1
117000;-0.5999483;0.0812694;-0.0235762;-0.98361;-0.04312026;-0.1744367;-0.1447177;0.7653002;0.627145;-1
117040;-0.6058047;0.09009163;-0.006760679;0.268812;0.6065103;-0.7481427;0.03820326;0.7694059;0.6374153;-1
117080;-0.605979;0.09145966;-0.00557703;0.27948;0.6931933;-0.6641853;0.1709628;0.6447979;0.7446216;-1
117120;-0.6029519;0.09093413;-0.005257916;0.1011096;0.6851119;-0.721275;0.2347745;0.6881104;0.6864333;-1
117160;-0.6026426;0.08950284;-0.006434227;0.09224278;0.6184563;-0.7803007;0.08125875;0.7763556;0.6249884;-1
117200;-0.5994712;0.09108371;-0.005059073;-0.09166272;0.6494601;-0.754802;0.2038635;0.7542013;0.6241414;-1
117240;-0.6055672;0.08864507;-0.007745171;0.2535228;0.5913336;-0.7654719;-0.091783;0.8024536;0.5895306;-1
117280;-0.5984918;0.08932479;-0.006623662;-0.1408806;0.5955764;-0.7908008;0.03365796;0.8011981;0.5974287;-1
117320;-0.6023855;0.08800673;-0.007506276;0.09270564;0.6026865;-0.7924895;-0.1460444;0.7955464;0.5879894;-1
117360;-0.6051357;0.08712974;-0.008815289;0.2323108;0.6427869;-0.7299205;-0.1615867;0.7655252;0.6227612;-1
117400;-0.5992143;0.08762155;-0.007734749;-0.08712813;0.6060571;-0.7905818;-0.1213373;0.7812396;0.6122984;-1
117440;-0.6020581;0.08654171;-0.008707257;0.09712096;0.6616599;-0.7433957;-0.257101;0.738263;0.6235605;-1
117480;-0.6045018;0.08567809;-0.01001388;0.2006135;0.7252617;-0.6584546;-0.2186182;0.6882358;0.6911724;-1
117520;-0.5959926;0.0862413;-0.009534546;-0.2237116;0.6378666;-0.7369065;-0.1276685;0.7303845;0.6709875;-1
117560;-0.594512;0.08762494;-0.008946291;-0.256635;0.6007416;-0.7571186;-0.04489128;0.7751017;0.6302339;-1
117600;-0.6017404;0.08514626;-0.01008956;0.1037645;0.7536449;-0.6489542;-0.3041272;0.6452748;0.700783;-1
117640;-0.6037397;0.08470935;-0.01115933;0.1622899;0.8474362;-0.5053292;-0.2440034;0.5303748;0.8109257;-1
117680;-0.5996199;0.08584152;-0.00918684;-0.04374799;0.6769724;-0.7346451;-0.2388375;0.7069426;0.6657028;-1
117720;-0.5935448;0.08494055;-0.01187655;-0.3293331;0.7246456;-0.6053303;-0.1467518;0.5940213;0.7909495;-1
117760;-0.5920543;0.08627117;-0.01127347;-0.3208363;0.6926208;-0.6460154;-0.06309345;0.6649287;0.7442358;-1
117800;-0.6014829;0.08449316;-0.01109158;0.1086576;0.8666342;-0.4869;-0.3309015;0.4934046;0.8043904;-1
117840;-0.6029586;0.08422592;-0.01206034;0.1222015;0.9280035;-0.351762;-0.295478;0.3719977;0.8792209;-1
117880;-0.5969054;0.08478503;-0.01059849;-0.175019;0.7149792;-0.676847;-0.2351364;0.6372157;0.7339205;-1
117920;-0.5997438;0.084664;-0.01045739;0.01695256;0.7825811;-0.62226;-0.3136607;0.5950981;0.7399013;-1
117960;-0.5918;0.08381973;-0.01484665;-0.3376574;0.8375356;-0.4295576;-0.1616349;0.3979889;0.9030387;-1
118000;-0.5902644;0.08498035;-0.01400464;-0.3172274;0.8051817;-0.5010418;-0.1086462;0.4939959;0.8626486;-1
118040;-0.5885093;0.08396997;-0.01714645;-0.2655633;0.8900617;-0.3704841;-0.1239417;0.3495761;0.9286733;-1
118080;-0.6011484;0.08406039;-0.01204261;0.1043775;0.9313261;-0.3488682;-0.3107581;0.3637642;0.8781226;-1
118120;-0.6020955;0.08373679;-0.0131926;0.09828626;0.9630426;-0.2506148;-0.3376408;0.2689675;0.9017038;-1
118160;-0.5996847;0.08408071;-0.01148289;0.1005322;0.9044912;-0.4144174;-0.288194;0.4251478;0.8580081;-1
118200;-0.5947671;0.08367179;-0.01276392;-0.2800835;0.8072116;-0.5195664;-0.2222953;0.471983;0.8531116;-1
118240;-0.5974966;0.08378558;-0.01174136;-0.06944946;0.8372793;-0.5423173;-0.2557357;0.5105219;0.8209419;-1
118280;-0.5903044;0.08296344;-0.01838361;-0.2651831;0.9192193;-0.2910443;-0.1396727;0.2620466;0.954894;-1
118320;-0.5869192;0.08309428;-0.02089552;-0.2071691;0.9360637;-0.2843575;-0.1367476;0.2601032;0.9558483;-1
118360;-0.5930648;0.08290489;-0.0157495;-0.2823077;0.9018701;-0.3269999;-0.1674881;0.2892936;0.9424716;-1
118400;-0.5956951;0.08290704;-0.01378001;-0.1474906;0.9181482;-0.3677405;-0.1743959;0.3418428;0.9234235;-1
118440;-0.5978565;0.08337429;-0.01269854;0.08296927;0.9344914;-0.3461437;-0.2045067;0.3559172;0.9118559;-1
118480;-0.5995584;0.08354092;-0.01297484;0.1426759;0.9533715;-0.26591;-0.2233167;0.2927271;0.9297159;-1
118520;-0.5888351;0.0823615;-0.02229745;-0.1912517;0.9520519;-0.2387691;-0.1418958;0.2138882;0.9664971;-1
118560;-0.5854862;0.08240414;-0.02445273;-0.1365694;0.9484442;-0.2860098;-0.102281;0.2736719;0.9563691;-1
118600;-0.5918286;0.08228676;-0.0195401;-0.2075006;0.9555592;-0.2093764;-0.1258337;0.1861835;0.9744094;-1
118640;-0.5942233;0.08238012;-0.01680933;-0.1504027;0.9661014;-0.2097702;-0.1039061;0.195556;0.9751438;-1
118680;-0.5964231;0.08259144;-0.01474714;0.01435066;0.9733869;-0.2286903;-0.1425123;0.2283733;0.9630774;-1
118720;-0.5876054;0.08165759;-0.02602536;-0.1298954;0.9524747;-0.2755301;-0.09092432;0.2652718;0.9598769;-1
118760;-0.5843731;0.08141829;-0.0278261;-0.07591421;0.9391084;-0.3351208;-0.04616268;0.3324208;0.9419979;-1
118800;-0.5906677;0.08181663;-0.02346294;-0.1387584;0.9693106;-0.2028936;-0.1192658;0.187028;0.9750737;-1
118840;-0.5931612;0.08189964;-0.02054113;-0.08322327;0.9878211;-0.1314195;-0.1020098;0.1227388;0.9871604;-1
118880;-0.5866678;0.08062361;-0.02947977;-0.08562326;0.9370271;-0.3385972;-0.06394638;0.3339762;0.9404096;-1
118920;-0.5835729;0.08011696;-0.03131918;-0.03477658;0.9166155;-0.3982326;-0.05801571;0.3959521;0.916429;-1
118960;-0.589727;0.08104375;-0.02709211;-0.08528346;0.9611068;-0.2626592;-0.0923923;0.2548555;0.9625549;-1
119000;-0.5858622;0.07940182;-0.03267819;-0.04752193;0.9102406;-0.4113255;-0.06779121;0.407904;0.9104982;-1
119040;-0.5826796;0.07851622;-0.03460544;0.02546351;0.8687047;-0.494647;-0.05412088;0.49528;0.8670314;-1
119080;-0.5982644;0.08303557;-0.01406292;0.1843429;0.9584167;-0.2177901;-0.1704906;0.2494108;0.9532611;-1
119120;-0.5953524;0.08206905;-0.01786588;0.01681542;0.9943923;-0.104305;-0.1036146;0.1054851;0.9889805;-1
119160;-0.5922064;0.08154775;-0.02431313;-0.001390435;0.9879364;-0.1547781;-0.107902;0.1537244;0.982181;-1
119200;-0.5890361;0.08010897;-0.03046288;-0.05487713;0.939748;-0.3374172;-0.07438673;0.3331392;0.9399366;-1
119240;-0.5852932;0.07785173;-0.03573814;-0.0023949;0.8686025;-0.4954799;-0.0326298;0.4951531;0.868183;-1
119280;-0.5819178;0.07623008;-0.03813349;0.09612801;0.7913723;-0.6037077;-0.005853467;0.6069595;0.7947;-1
119320;-0.5971705;0.08245334;-0.0159361;0.1705325;0.9778899;-0.1210204;-0.131549;0.1443161;0.9807438;-1
119360;-0.5944775;0.08190718;-0.02146854;0.1002002;0.9936392;-0.0512439;-0.1182692;0.06303815;0.9909512;-1
119400;-0.5914358;0.08082888;-0.02776026;0.0576611;0.9712213;-0.2310243;-0.0833486;0.2352749;0.9683379;-1
119440;-0.5884879;0.07888976;-0.03347097;-0.02979422;0.9121268;-0.4088006;-0.06957483;0.4061008;0.9111699;-1
119480;-0.5853291;0.07576324;-0.03907598;0.05489295;0.8000538;-0.5973976;0.03027958;0.5966935;0.801891;-1
119520;-0.5813543;0.0728635;-0.04186754;0.1665917;0.6802422;-0.7137892;0.05516426;0.7163447;0.6955517;-1
119560;-0.5882874;0.07753567;-0.03636935;-0.001692079;0.8751742;-0.4837784;-0.01953629;0.4836611;0.8750263;-1
119600;-0.5906166;0.07876147;-0.03370138;0.07757895;0.9093576;-0.4086586;-0.05031994;0.4129508;0.9093426;-1
119640;-0.5963302;0.08215731;-0.01880972;0.2068024;0.9783514;0.007376455;-0.1057561;0.01474061;0.9942726;-1
119680;-0.5936486;0.08156423;-0.02503237;0.1872381;0.9772879;-0.09908111;-0.1224026;0.1232891;0.984777;-1
119720;-0.5909417;0.07988942;-0.03091088;0.08694333;0.9419594;-0.3242142;-0.04834858;0.3290592;0.9430609;-1
119760;-0.5930861;0.08099677;-0.02830504;0.2412737;0.9512506;-0.1920054;-0.05154121;0.2101315;0.9762945;-1
119800;-0.5953818;0.08214577;-0.02207277;0.3160167;0.9480149;0.03742728;-0.1268854;0.003136016;0.9919124;-1
119840;-0.5928943;0.08022679;-0.03130933;0.2595346;0.91504;-0.3086956;0.003240282;0.3188362;0.9477909;-1
119880;-0.5946273;0.08188348;-0.02548247;0.4079573;0.9122325;-0.03742063;-0.1162445;0.09255064;0.9888989;-1
119920;-0.5942492;0.08140139;-0.02864406;0.4386572;0.8852013;-0.1549053;-0.01046564;0.1773951;0.9840841;-1
119960;-0.5909979;0.07749788;-0.03642843;0.06173956;0.8718368;-0.4858327;-0.005935054;0.4870806;0.8733087;-1
120000;-0.5930004;0.07914694;-0.03392703;0.2524505;0.8753625;-0.4122665;-0.0178505;0.4302186;0.9025256;-1
120040;-0.5942393;0.08066697;-0.03146955;0.4433049;0.8487626;-0.2881909;0.03745979;0.3036823;0.9520258;-1
120080;-0.5886965;0.07574628;-0.03934746;0.02073652;0.8192297;-0.5730664;0.09069291;0.5692897;0.8171092;-1
120120;-0.5861772;0.07300007;-0.04260753;0.0796755;0.7281088;-0.6808111;0.1126428;0.6720321;0.7319022;-1
120160;-0.586127;0.06877404;-0.04631672;0.1336994;0.5470236;-0.8263666;0.1683469;0.8091987;0.5628967;-1
120200;-0.5820074;0.06814718;-0.04586722;0.200456;0.5189953;-0.8309283;0.1540933;0.8208873;0.5498985;-1
120240;-0.5868319;0.06242463;-0.05007046;0.1610003;0.4019561;-0.9013836;0.2429464;0.8690574;0.4309382;-1
120280;-0.5914916;0.06414422;-0.04991557;0.09512345;0.4517674;-0.8870431;0.2622325;0.8482394;0.4601278;-1
120320;-0.5919761;0.05633475;-0.0531009;0.1229521;0.3150625;-0.9410616;0.2449435;0.9092872;0.336431;-1
120360;-0.5989051;0.05895795;-0.05283813;0.06697541;0.3691741;-0.9269346;0.2844553;0.8834002;0.3723927;-1
120400;-0.5960978;0.04992694;-0.0553686;0.1061473;0.2468509;-0.9632151;0.227787;0.9368919;0.2652096;-1
120440;-0.6029613;0.05146363;-0.05551857;0.06473708;0.2806964;-0.9576093;0.2357793;0.9281495;0.2880014;-1
120480;-0.590113;0.069821;-0.04603669;0.05888842;0.6209505;-0.781632;0.199895;0.7597976;0.6186646;-1
120520;-0.5905953;0.07356372;-0.04230759;0.02239644;0.7558774;-0.6543055;0.1870064;0.6397567;0.7454685;-1
120560;-0.5918669;0.07593873;-0.03906256;0.04440195;0.8226231;-0.5667911;0.1026707;0.5606033;0.82167;-1
120600;-0.5947921;0.06626403;-0.04882563;0.03126442;0.5397162;-0.8412548;0.2828601;0.8024627;0.5253448;-1
120640;-0.5932753;0.07099582;-0.04510588;0.005128056;0.6838017;-0.7296209;0.240094;0.7074338;0.6647079;-1
120680;-0.6081972;0.05813953;-0.0535888;0.06767241;0.3580063;-0.9312493;0.3174599;0.8770718;0.3602501;-1
120720;-0.6103531;0.05303048;-0.05541733;0.06877015;0.2932872;-0.9535324;0.2309307;0.9250911;0.3011864;-1
120760;-0.6154481;0.05879737;-0.05406469;0.1109989;0.335999;-0.9352399;0.3344709;0.8733073;0.3533812;-1
120800;-0.6175193;0.05463874;-0.05564743;0.1053925;0.2936718;-0.9500473;0.2449773;0.9179972;0.3108783;-1
120840;-0.6129395;0.06289037;-0.05218727;0.1503613;0.3914636;-0.9076971;0.4133461;0.809076;0.4173453;-1
120880;-0.6072502;0.06214143;-0.05169694;0.08666085;0.4644753;-0.8812814;0.4102215;0.7894474;0.4564286;-1
120920;-0.6110063;0.06630167;-0.05023288;0.2348607;0.4503507;-0.8612493;0.4156934;0.7544414;0.5078059;-1
120960;-0.6006513;0.06301364;-0.05089641;0.03049552;0.5002694;-0.8653073;0.3553774;0.8036792;0.4771791;-1
121000;-0.6066065;0.06546097;-0.04946115;0.1257203;0.5547269;-0.8224114;0.4177305;0.7222843;0.551057;-1
121040;-0.6096722;0.06900112;-0.04823364;0.3168865;0.4843151;-0.8153256;0.4482037;0.6811367;0.5787621;-1
121080;-0.5971704;0.06827159;-0.04736526;-0.02128793;0.6222458;-0.7824994;0.3096974;0.7482572;0.5866085;-1
121120;-0.6061848;0.06818402;-0.04739414;0.148982;0.5799801;-0.8008376;0.4241266;0.6941084;0.5815852;-1
121160;-0.6083367;0.0706915;-0.04671073;0.3550436;0.4926447;-0.7942036;0.3932906;0.6914888;0.6048447;-1
121200;-0.6017323;0.06615217;-0.04872664;0.004375488;0.5992161;-0.8005323;0.4017684;0.7319955;0.5501302;-1
121240;-0.6058918;0.07044488;-0.04596047;0.1438016;0.5650629;-0.8124029;0.4155031;0.7105967;0.5677943;-1
121280;-0.6080457;0.07204948;-0.04569662;0.3645422;0.5280542;-0.7665762;0.3948932;0.6569069;0.6405848;-1
121320;-0.6072041;0.07285027;-0.04483968;0.2945018;0.5403839;-0.787837;0.4439478;0.6512464;0.612944;-1
121360;-0.6020796;0.06861345;-0.04683154;0.0124014;0.6238996;-0.7813574;0.3903395;0.716384;0.5782202;-1
121400;-0.5956856;0.07228151;-0.04374276;0.005925819;0.7109981;-0.7031134;0.2384223;0.6818448;0.6915045;-1
121440;-0.5986007;0.07024528;-0.04562627;-0.02203408;0.6589651;-0.7517955;0.2982145;0.7220615;0.6241763;-1
121480;-0.6024703;0.07096785;-0.04505849;0.05468452;0.5904381;-0.8051959;0.3291242;0.750684;0.5728137;-1
121520;-0.6053023;0.0721125;-0.04469027;0.1456242;0.5248626;-0.8386011;0.3834347;0.7513159;0.5368046;-1
121560;-0.593363;0.07414754;-0.04152359;0.02753183;0.7703593;-0.6369639;0.1730288;0.623924;0.7620646;-1
121600;-0.5997549;0.07220449;-0.04406787;0.04930834;0.6189508;-0.7838444;0.2155984;0.7597098;0.6134416;-1
121640;-0.5975101;0.07363363;-0.04262456;0.1056595;0.6672387;-0.7372591;0.1382284;0.7243593;0.6753615;-1
121680;-0.5955905;0.07507287;-0.04084943;0.150476;0.7227073;-0.6745252;0.1036372;0.6669918;0.7377708;-1
121720;-0.5943766;0.07661995;-0.03866047;0.1982839;0.773991;-0.6012953;0.06337465;0.6020706;0.7958908;-1
121760;-0.6026729;0.07274303;-0.04401661;0.1072035;0.5133421;-0.8514165;0.2320475;0.8197766;0.5234787;-1
121800;-0.5934334;0.07795642;-0.03632479;0.2300251;0.8306748;-0.5069648;0.001183156;0.5206993;0.8537043;-1
121840;-0.5945273;0.07975028;-0.03400541;0.4377522;0.8013949;-0.4075951;0.02903009;0.4405055;0.8972769;-1
121880;-0.5951394;0.0787573;-0.03640112;0.4085311;0.7459922;-0.5258886;0.03392998;0.5633445;0.825509;-1
121920;-0.5961094;0.07750313;-0.0385861;0.3499596;0.6897892;-0.6337914;0.04538668;0.6632836;0.7469708;-1
121960;-0.597407;0.07616845;-0.04042369;0.2812064;0.6381912;-0.7166602;0.04777182;0.7365617;0.6746438;-1
122000;-0.59894;0.07503296;-0.04185453;0.220825;0.5837609;-0.7812782;0.05639671;0.7920778;0.6077458;-1
122040;-0.6006474;0.07389937;-0.04307312;0.1415958;0.5352517;-0.8327302;0.1063074;0.8281218;0.5503613;-1
122080;-0.5952048;0.08131328;-0.03160054;0.5478728;0.7930962;-0.2660962;0.04831762;0.2875407;0.9565398;-1
122120;-0.595538;0.0805303;-0.03396502;0.5200837;0.754166;-0.4008959;0.06960797;0.430374;0.8999572;-1
122160;-0.5962496;0.07956807;-0.0363104;0.452129;0.7170833;-0.5304235;0.07612879;0.5614739;0.8239794;-1
122200;-0.5973493;0.07834466;-0.0384723;0.3856415;0.6627007;-0.6419299;0.04948383;0.6798897;0.731623;-1
122240;-0.5984747;0.07716399;-0.04014951;0.3392281;0.5985148;-0.7256848;0.03909502;0.761799;0.6465632;-1
122280;-0.5952066;0.08194573;-0.02890459;0.5334721;0.8348594;-0.1355943;0.01150583;0.153134;0.9881319;-1
122320;-0.5954388;0.0823766;-0.02587133;0.4855632;0.8741173;-0.01082195;-0.08969541;0.06213451;0.9940236;-1
122360;-0.5961446;0.08254938;-0.02263828;0.3968577;0.9142063;0.08194895;-0.1292337;-0.03273478;0.9910621;-1
122400;-0.5970145;0.08246572;-0.01951135;0.2933972;0.9520549;0.08662801;-0.1095368;-0.05653565;0.9923515;-1
122440;-0.5977969;0.08250935;-0.01690923;0.2552258;0.9663247;-0.03277729;-0.1207166;0.06548098;0.9905223;-1
122480;-0.5985502;0.08297415;-0.01520049;0.2393282;0.9609041;-0.1391463;-0.1411874;0.1762322;0.9741424;-1
122520;-0.5995391;0.08336268;-0.01423133;0.1878865;0.9715419;-0.1441463;-0.2065374;0.1825396;0.9612057;-1
122560;-0.6006982;0.08357064;-0.01335768;0.1020804;0.9699642;-0.2207726;-0.2604347;0.2402414;0.9351036;-1
122600;-0.5968856;0.08288963;-0.02312878;0.329102;0.9401112;0.08857561;-0.1243682;-0.04981596;0.9909341;-1
122640;-0.5976511;0.08271387;-0.02011939;0.2464819;0.9621678;0.1159416;-0.09110826;-0.09609071;0.9911417;-1
122680;-0.5982972;0.0825935;-0.0176438;0.1788155;0.9835872;0.02333322;-0.1289411;-7.089972e-05;0.9916318;-1
122720;-0.5989777;0.08294265;-0.01615085;0.1198727;0.9832863;-0.1368994;-0.1048428;0.1496642;0.983117;-1
122760;-0.5995823;0.08302771;-0.01545984;0.06998138;0.964392;-0.2549943;-0.1378339;0.2625125;0.9549769;-1
122800;-0.5962802;0.08281443;-0.0261877;0.412628;0.9108392;-0.007117659;-0.05650357;0.03340882;0.9978168;-1
122840;-0.5960366;0.08246683;-0.02902955;0.4631342;0.8763117;-0.1324207;0.008093906;0.1452296;0.9893537;-1
122880;-0.5960725;0.0818813;-0.03161871;0.4693811;0.8421597;-0.2653413;0.04353666;0.2780562;0.9595672;-1
122920;-0.5964219;0.08119313;-0.03387199;0.4339737;0.8046413;-0.4052024;0.08515203;0.4111041;0.9075942;-1
122960;-0.5972697;0.08027159;-0.03609712;0.37639;0.7622254;-0.5266072;0.1029816;0.5304604;0.8414225;-1
123000;-0.5983711;0.07918824;-0.03821;0.3158249;0.7172483;-0.6211225;0.06107769;0.6378968;0.7676909;-1
123040;-0.5978828;0.08328766;-0.02360587;0.1665882;0.9826489;0.08135205;-0.08272847;-0.06825087;0.9941545;-1
123080;-0.597384;0.08323488;-0.02657543;0.2660553;0.9637741;-0.0173839;-0.04733578;0.03111666;0.9983356;-1
123120;-0.5970877;0.08293118;-0.02917384;0.3123448;0.9389375;-0.1442466;0.0003016405;0.1517481;0.9884117;-1
123160;-0.597192;0.08242232;-0.03157103;0.2981431;0.9162673;-0.2674934;0.04301184;0.267056;0.9627118;-1
123200;-0.5976133;0.08179331;-0.03370798;0.265583;0.883206;-0.3865332;0.08654246;0.37747;0.9219657;-1
123240;-0.598398;0.08096053;-0.03577951;0.2310875;0.8395138;-0.4917367;0.1123091;0.4790191;0.8705887;-1
123280;-0.5985723;0.08298656;-0.02068564;0.05957562;0.9910612;0.1190921;-0.05218913;-0.1160034;0.991784;-1
123320;-0.5990213;0.08279379;-0.01838563;-0.01009753;0.9978624;0.06388362;-0.06097617;-0.06433652;0.9960239;-1
123360;-0.5994678;0.08273573;-0.01681425;-0.1396759;0.9873111;-0.07480913;-0.1319017;0.05633228;0.989611;-1
123400;-0.5998256;0.08274816;-0.01609392;-0.2720622;0.9037858;-0.3303568;-0.06879506;0.3241504;0.9434658;-1
123440;-0.5996947;0.08289011;-0.02111175;-0.3483935;0.9335256;0.08414081;-0.05518117;-0.1100141;0.9923444;-1
123480;-0.5998704;0.08257172;-0.01876054;-0.4712438;0.8795766;0.06484286;0.04190717;-0.05108572;0.9977916;-1
123520;-0.5999453;0.08251028;-0.01732302;-0.5676107;0.8231078;-0.01063659;-0.05052976;-0.02194817;0.9984433;-1
123560;-0.6000639;0.0824081;-0.0165204;-0.6776677;0.7083308;-0.1973472;0.002244188;0.2703406;0.9627455;-1
123600;-0.5989721;0.0833724;-0.02398444;-0.1979457;0.9797403;0.03010105;-0.09063056;-0.04885294;0.9946468;-1
123640;-0.5983636;0.08340803;-0.02690175;-0.1004718;0.9923034;-0.07205713;-0.08290751;0.0638864;0.9944352;-1
123680;-0.5995995;0.08302279;-0.02418189;-0.8006512;0.5873432;-0.1182618;-0.1618381;-0.02196673;0.9865729;-1
123720;-0.5980759;0.08310451;-0.02928576;-0.07849529;0.9814417;-0.1749449;0.007374529;0.1760548;0.9843519;-1
123760;-0.6002784;0.08237743;-0.02118283;-0.8831471;0.4663424;-0.05021053;-0.1185223;-0.1183102;0.9858497;-1
123800;-0.5989189;0.0830445;-0.02704858;-0.7405992;0.6522995;-0.1608932;-0.1080167;0.1208166;0.9867103;-1
123840;-0.6003857;0.08230694;-0.01620823;-0.4840825;0.5472497;-0.6825979;-0.1339996;0.7245561;0.6759466;-1
123880;-0.6003069;0.08196729;-0.01668575;-0.9457406;0.2949544;-0.135463;-0.02516782;0.3492066;0.9366621;-1
123920;-0.6002365;0.08196318;-0.01747639;-0.9319841;0.3610929;0.02907042;0.04192842;0.02770284;0.9987134;-1
123960;-0.6004052;0.08191359;-0.01876639;-0.925965;0.3752475;0.04138702;0.03054234;-0.0348172;0.998899;-1
124000;-0.600274;0.08270417;-0.01588439;-0.07361296;0.7568785;-0.649366;-0.2374741;0.6191187;0.7484765;-1
124040;-0.6003721;0.08325417;-0.01537701;0.1307864;0.9252651;-0.3560296;-0.3364481;0.3792288;0.8618748;-1
124080;-0.6005355;0.0834813;-0.0144586;0.1140799;0.9813995;-0.1543277;-0.25893;0.1793308;0.9490418;-1
124120;-0.6015614;0.08356008;-0.01439312;0.07958819;0.9863041;-0.1443547;-0.34424;0.1631011;0.9245246;-1
124160;-0.6011497;0.08335131;-0.01523767;0.08530577;0.9480249;-0.3064825;-0.3998636;0.3143302;0.8608624;-1
124200;-0.6008193;0.08295147;-0.01586719;0.1370298;0.7030226;-0.6977298;-0.4053181;0.6825615;0.6079597;-1
124240;-0.6006306;0.08226629;-0.01611068;-0.03613317;0.2890873;-0.9564459;-0.2762404;0.9169676;0.2875616;-1
124280;-0.602562;0.08356404;-0.01459022;0.1337202;0.9801286;-0.1457559;-0.3833279;0.1863538;0.9039197;-1
124320;-0.6035313;0.08384091;-0.01352244;0.1654701;0.9669178;-0.1934111;-0.3706242;0.241985;0.8955328;-1
124360;-0.6018947;0.08337465;-0.01541626;0.1426788;0.9498057;-0.2782452;-0.4349135;0.3126854;0.8442426;-1
124400;-0.6013365;0.08299278;-0.01596942;0.2669802;0.7405998;-0.6164841;-0.4256053;0.6646188;0.6138835;-1
124440;-0.6041087;0.08378042;-0.01511924;0.2147925;0.9676648;-0.1302555;-0.3858834;0.2055777;0.8977079;-1
124480;-0.6053052;0.08406863;-0.01427539;0.2540978;0.9582499;-0.1277661;-0.3510364;0.2123266;0.9085078;-1
124520;-0.603153;0.08342282;-0.01588478;0.2237204;0.952279;-0.2067389;-0.3960127;0.2821074;0.872739;-1
124560;-0.6057831;0.08406854;-0.01594924;0.3069573;0.9469891;-0.08786814;-0.3980732;0.209096;0.8891833;-1
124600;-0.6069087;0.08448595;-0.01526605;0.3753803;0.9238365;-0.05863426;-0.3403161;0.1925716;0.9139541;-1
124640;-0.6004421;0.081884;-0.01631541;-0.7931261;0.1833067;-0.5805219;-0.1098353;0.8946877;0.4327773;-1
124680;-0.6004348;0.08149366;-0.01634693;-0.9466368;0.2152179;-0.2391681;-0.113759;0.4711007;0.8746018;-1
124720;-0.6010832;0.08232999;-0.01614717;0.3976948;0.3242467;-0.8580921;-0.2663116;0.9359397;0.2301183;-1
124760;-0.6022223;0.08303504;-0.01631314;0.3638707;0.8300951;-0.4222164;-0.4548296;0.5539683;0.6970155;-1
124800;-0.6047599;0.08361956;-0.01669096;0.2874419;0.9471572;-0.139718;-0.3417694;0.2358287;0.9068799;-1
124840;-0.6070386;0.08452506;-0.01687447;0.4092274;0.9097981;-0.04675009;-0.270673;0.1656574;0.9419691;-1
124880;-0.6081281;0.08511171;-0.01623876;0.461555;0.8851364;-0.03818649;-0.2857291;0.1862732;0.9353861;-1
124920;-0.6006871;0.08182751;-0.01611888;-0.3614329;-0.08047686;-0.9287356;-0.2850999;0.9579493;0.02809311;-1
124960;-0.6010331;0.08187078;-0.01611781;0.5272965;-0.06723876;-0.8467356;-0.1879398;0.9628306;-0.1934636;-1
125000;-0.6017415;0.08234857;-0.0165819;0.5799333;0.5175675;-0.6290665;-0.2337976;0.8454863;0.4799717;-1
125040;-0.6038788;0.0833236;-0.0173308;0.3844261;0.8955318;-0.2233653;-0.3010998;0.3498182;0.8862187;-1
125080;-0.6060151;0.084012;-0.0174247;0.3604623;0.9305117;-0.05429658;-0.2177353;0.1378493;0.9627608;-1
125120;-0.6007628;0.08146931;-0.01593442;-0.3829314;-0.2912694;-0.8765054;-0.4847094;0.8710257;-0.07752146;-1
125160;-0.6015732;0.08183788;-0.01662522;0.7294436;0.09432741;-0.6773925;-0.01592126;0.9925097;0.1210336;-1
125200;-0.6030905;0.08268;-0.01779716;0.6053452;0.5995281;-0.5233783;0.002342008;0.6562331;0.7544584;-1
125240;-0.6049157;0.08366309;-0.01807061;0.3808289;0.9192175;-0.09771892;-0.07747421;0.1361336;0.9866816;-1
125280;-0.6026495;0.08186835;-0.01780884;0.6993632;0.1311049;-0.7024382;0.4357396;0.7007377;0.5648216;-1
125320;-0.6042732;0.08320163;-0.01865828;0.5745471;0.6912118;-0.4382221;0.2622499;0.3512011;0.8983418;-1
125360;-0.6039578;0.0822866;-0.01894121;0.6464494;0.201567;-0.7356855;0.6639199;0.3252279;0.6724333;-1
125400;-0.6010123;0.08142619;-0.01598346;0.5189601;-0.4768096;-0.7091851;-0.1509571;0.7655933;-0.6250749;-1
125440;-0.6014624;0.08129731;-0.01637473;0.6597087;-0.5121289;-0.5498694;0.2032397;0.826104;-0.5254772;-1
125480;-0.6023823;0.08126132;-0.01748059;0.600831;-0.5074933;-0.6174595;0.7341271;0.6557013;0.1756645;-1
125520;-0.6008239;0.08116728;-0.01582336;-0.5008395;0.08857842;-0.8607681;-0.2383449;0.9420049;0.2357867;-1
125560;-0.6011202;0.08103211;-0.01565562;0.4210044;-0.4995159;-0.7569014;0.06379338;0.848828;-0.5245148;-1
125600;-0.6015226;0.08076039;-0.01564333;0.5879638;-0.455396;-0.6683061;0.1336963;0.8697178;-0.4748777;-1
125640;-0.6023853;0.08045486;-0.01633903;0.7219504;-0.1274233;-0.6799212;0.2343426;0.9697521;0.06718458;-1
125680;-0.6006916;0.08106898;-0.01608414;-0.7044733;0.6053015;-0.3699819;-0.4616879;0.004649673;0.8867822;-1
125720;-0.6038125;0.08053505;-0.01790752;0.5350187;-0.3319434;-0.7767469;0.8405231;0.2998118;0.450947;-1
125760;-0.6006323;0.08076519;-0.01674424;-0.4370668;0.8809379;-0.1805144;-0.1495801;0.1267587;0.9804268;-1
125800;-0.6038451;0.08152518;-0.01883609;0.5084352;-0.4266322;-0.7476867;0.8605403;0.2307573;0.4535541;-1
125840;-0.6059679;0.08086033;-0.01971153;0.5883488;-0.29539;-0.7507264;0.8033956;0.1309209;0.5780694;-1
125880;-0.6003441;0.08122644;-0.0173516;-0.9713117;0.2364168;-0.01873107;0.009961734;0.1193659;0.9927113;-1
125920;-0.6007078;0.08038108;-0.01810781;-0.4316588;0.8606964;-0.2695072;-0.09177095;0.2553905;0.9623684;-1
125960;-0.6004691;0.0811128;-0.01841883;-0.9935225;0.1125196;0.007269063;0.008572532;0.01085151;0.9998206;-1
126000;-0.6005514;0.080341;-0.01900359;-0.9767753;0.1639134;-0.1371628;-0.1656561;-0.1752617;0.9703664;-1
126040;-0.6002765;0.08065312;-0.02052422;-0.9931659;-0.01382443;-0.1153049;-0.1124287;-0.1337195;0.9845282;-1
126080;-0.6004408;0.08151822;-0.02101999;-0.9921239;0.01499864;-0.1238965;-0.1247871;-0.1182107;0.9850363;-1
126120;-0.5999483;0.0812694;-0.0235762;-0.98361;-0.04312026;-0.1744367;-0.1693002;-0.102636;0.9800951;-1
126160;-0.5997744;0.08223601;-0.02417274;-0.9726418;0.1516713;-0.1755601;-0.1830549;-0.0368803;0.9823439;-1
126200;-0.5994201;0.08154178;-0.02704623;-0.9747865;0.1640045;-0.1507335;-0.1303618;0.1286865;0.9830137;-1
126240;-0.5992445;0.08235249;-0.02707868;-0.9477344;0.2742417;-0.1624608;-0.1269613;0.1427496;0.9815058;-1
126280;-0.5990592;0.08200736;-0.02924556;-0.9316148;0.353085;-0.08612519;0.001780707;0.2414045;0.9704197;-1
126320;-0.5992275;0.08124146;-0.02921407;-0.973923;0.2214308;-0.04921095;0.006127356;0.2425636;0.9701052;-1
126360;-0.5986727;0.08273219;-0.02929138;-0.7155018;0.6820998;-0.1509866;0.01238593;0.2284757;0.973471;-1
126400;-0.5992106;0.0814914;-0.03115205;-0.9255984;0.3770713;0.03268859;0.1321238;0.2409754;0.961485;-1
126440;-0.5993959;0.08076736;-0.03105124;-0.9694272;0.2300245;0.0852701;0.1494315;0.2780445;0.9488552;-1
126480;-0.5987916;0.08225633;-0.03132629;-0.6968749;0.7104633;-0.09794486;0.08304827;0.2155888;0.9729378;-1
126520;-0.5996168;0.08093104;-0.03287612;-0.9108437;0.3919924;0.129215;0.2064152;0.1615223;0.9650339;-1
126560;-0.5997245;0.08020647;-0.03269779;-0.9525529;0.2250414;0.2048902;0.2474279;0.1806525;0.9519036;-1
126600;-0.5981305;0.08255592;-0.0314663;-0.09797122;0.9653681;-0.2417873;0.04629337;0.2471112;0.9678717;-1
126640;-0.5991979;0.08172965;-0.03319954;-0.6699847;0.7397985;-0.06179678;0.1252822;0.1947214;0.9728248;-1
126680;-0.6002093;0.08033295;-0.03457324;-0.8916775;0.4089237;0.1941292;0.2397329;0.06282739;0.9688001;-1
126720;-0.6003036;0.07961847;-0.0342803;-0.9326987;0.2171323;0.2879329;0.3059672;0.05385942;0.9505056;-1
126760;-0.5985008;0.08195874;-0.03346531;-0.1069319;0.9486117;-0.2978261;0.07470763;0.3063624;0.9489788;-1
126800;-0.5997874;0.08107223;-0.0349967;-0.6411872;0.7651194;-0.05887175;0.1327439;0.1861475;0.9735129;-1
126840;-0.6008875;0.07973154;-0.03608479;-0.8797216;0.4003319;0.2565572;0.2659335;-0.0330347;0.9634213;-1
126880;-0.6008974;0.07893287;-0.03570892;-0.9142463;0.1714743;0.3670548;0.3583612;-0.08029695;0.9301115;-1
126920;-0.5991719;0.08118998;-0.03535341;-0.1028809;0.925886;-0.3635145;0.08369485;0.3722154;0.9243644;-1
126960;-0.6016021;0.0791515;-0.03731415;-0.8617682;0.379111;0.3368633;0.2868009;-0.1836347;0.9401993;-1
127000;-0.6014844;0.07815036;-0.03691066;-0.8693599;0.132819;0.4758365;0.4141625;-0.3292097;0.8485503;-1
127040;-0.6005212;0.08034734;-0.03661477;-0.6059619;0.7923276;-0.07090387;0.1207219;0.1796926;0.9762872;-1
127080;-0.6000402;0.08035976;-0.0370693;-0.09690967;0.8965268;-0.4322558;0.08034547;0.439929;0.8944309;-1
127120;-0.6023168;0.07858707;-0.03827862;-0.8177662;0.3896327;0.4233664;0.3592104;-0.2291773;0.9046531;-1
127160;-0.6021516;0.07765354;-0.03786555;-0.8002777;0.1290893;0.5852888;0.4911694;-0.4184718;0.763885;-1
127200;-0.6013294;0.07964659;-0.0378805;-0.5744218;0.8120481;-0.1022456;0.1164071;0.2046173;0.9718502;-1
127240;-0.5994413;0.08002056;-0.03759294;0.1838615;0.8000284;-0.5710859;0.07990663;0.5669001;0.8198999;-1
127280;-0.603081;0.07805455;-0.03905809;-0.7634402;0.4248988;0.4863775;0.4187623;-0.2476578;0.873663;-1
127320;-0.6028984;0.07708041;-0.03872744;-0.7237951;0.1562192;0.6718346;0.5498132;-0.4574246;0.6988041;-1
127360;-0.6020631;0.07899445;-0.03887681;-0.515923;0.8450574;-0.1396782;0.1147058;0.229678;0.9664304;-1
127400;-0.6008993;0.07954305;-0.03835143;-0.09727542;0.8612022;-0.4987121;0.04326534;0.5042492;0.8624105;-1
127440;-0.6003672;0.07914174;-0.03894893;0.1348351;0.7668305;-0.6274171;0.04001964;0.628457;0.7767501;-1
127480;-0.6037865;0.07761912;-0.03979454;-0.6941859;0.4837841;0.5325757;0.4451413;-0.2926288;0.8461964;-1
127520;-0.6036984;0.07669385;-0.03941089;-0.635059;0.1874539;0.7490846;0.4681779;-0.6777195;0.5667521;-1
127560;-0.6028703;0.07839334;-0.03970966;-0.4798478;0.8641837;-0.1514365;0.1639444;0.2578859;0.9521645;-1
127600;-0.6016554;0.07882574;-0.03936606;-0.08587684;0.8397998;-0.5358353;0.0451569;0.5405162;0.840019;-1
127640;-0.5994443;0.07817616;-0.03969621;0.2718059;0.6699755;-0.6907485;0.02706072;0.7121751;0.7014114;-1
127680;-0.6043509;0.07755911;-0.04034659;-0.4621211;0.5368968;0.7054598;0.3397136;-0.6275519;0.7003834;-1
127720;-0.6045796;0.07623632;-0.04011387;-0.3421213;0.1618464;0.9252874;-0.1843552;-0.9769744;0.1030121;-1
127760;-0.6046692;0.07766648;-0.04030818;0.3633938;0.3695772;0.8548998;-0.3634068;-0.7885249;0.4957192;-1
127800;-0.6053708;0.07618397;-0.04011721;0.202516;0.006349999;0.9789281;-0.9735256;-0.097667;0.2022872;-1
127840;-0.6057056;0.07659376;-0.03986433;0.490125;-0.1212833;0.8626453;-0.4154674;0.8367791;0.3535721;-1
127880;-0.6036519;0.07787067;-0.04043346;-0.4436576;0.8734816;-0.1995995;0.2279627;0.3253444;0.9175499;-1
127920;-0.6011971;0.07835336;-0.0400435;0.1057105;0.736235;-0.6681786;0.06870662;0.6649137;0.7436058;-1
127960;-0.6025023;0.07819065;-0.04025146;-0.08604916;0.811623;-0.5776907;0.1320959;0.5840019;0.8008794;-1
128000;-0.6004723;0.077308;-0.04088721;0.2229221;0.6198395;-0.7522339;0.07204668;0.7590934;0.6468558;-1
128040;-0.6042543;0.0776543;-0.04112218;-0.1279855;0.954311;-0.2694867;0.1771051;0.2893215;0.9406254;-1
128080;-0.6034276;0.0775436;-0.04102993;-0.1096486;0.7667894;-0.6323261;0.1928146;0.6404136;0.743324;-1
128120;-0.6021363;0.07760839;-0.04095421;0.05566454;0.6827874;-0.7282123;0.1217157;0.7192441;0.6838084;-1
128160;-0.599802;0.07620454;-0.04142009;0.2825684;0.5375924;-0.7943901;0.07514479;0.8132042;0.5770391;-1
128200;-0.6016129;0.07645482;-0.04184061;0.1372706;0.5627548;-0.8149091;0.1232375;0.8065747;0.5778173;-1
128240;-0.6011803;0.07519232;-0.04246977;0.1811474;0.4957181;-0.8493012;0.1146667;0.8470037;0.5188368;-1
128280;-0.6031795;0.0767547;-0.04178913;0.02941187;0.634603;-0.7719799;0.1767567;0.7567239;0.6289513;-1
128320;-0.6042238;0.07725766;-0.04175746;0.08939449;0.7178087;-0.6902233;0.2292692;0.6593397;0.7155851;-1
128360;-0.602829;0.07421222;-0.0432955;0.1421604;0.4695875;-0.8712062;0.1989908;0.8484986;0.4898126;-1
128400;-0.6029827;0.0755313;-0.04260836;0.1136833;0.5332614;-0.8379992;0.1760379;0.8191022;0.5451614;-1
128440;-0.6049776;0.07366467;-0.04398868;0.1394696;0.4523487;-0.8806559;0.3265743;0.8181432;0.4717475;-1
128480;-0.6045178;0.07612312;-0.0425328;0.1526262;0.6067027;-0.7798222;0.2618645;0.7354397;0.6235271;-1
128520;-0.6047322;0.07493849;-0.04333193;0.14527;0.5089563;-0.8481463;0.2983897;0.7942339;0.5275325;-1
128560;-0.6045941;0.07804838;-0.04133603;0.4875055;0.8346973;-0.2561401;0.1798695;0.1910627;0.9649566;-1
128600;-0.606618;0.07402632;-0.04393062;0.1969958;0.5078101;-0.8383993;0.31349;0.7763807;0.5435504;-1
128640;-0.6048498;0.0776404;-0.04200688;0.3105452;0.6510395;-0.6925084;0.2653258;0.6397492;0.7206538;-1
128680;-0.605584;0.07636417;-0.04277826;0.1958412;0.5648836;-0.8014135;0.2733731;0.752101;0.5968341;-1
128720;-0.6061442;0.0750457;-0.04335299;0.1024563;0.4883008;-0.8664382;0.2833387;0.8193867;0.494688;-1
128760;-0.6049326;0.07822847;-0.04118635;0.6427901;0.6971227;-0.3167518;0.1618899;0.2800472;0.9459397;-1
128800;-0.6078651;0.07468304;-0.0438941;0.350482;0.5527714;-0.7555008;0.2600775;0.7171699;0.6455114;-1
128840;-0.6085259;0.07367507;-0.04489253;0.4158194;0.5403166;-0.7303773;0.4246075;0.5938438;0.6815137;-1
128880;-0.607329;0.07545061;-0.04323694;0.1958471;0.5329267;-0.8231472;0.2307735;0.7905219;0.5666052;-1
128920;-0.6065793;0.07647979;-0.04269433;0.1203659;0.5467548;-0.8284976;0.2621068;0.786265;0.5564956;-1
128960;-0.6054851;0.07783188;-0.04195504;0.2316407;0.6113616;-0.7566188;0.2797376;0.7020929;0.6531487;-1
129000;-0.6048941;0.07779387;-0.04017416;0.7286661;0.1889021;0.6576151;-0.6826625;0.1409477;0.7163625;-1
129040;-0.6059371;0.07699928;-0.03963397;0.5969875;-0.165129;0.7843221;0.1261815;0.9849129;0.1105874;-1
129080;-0.6087233;0.07565799;-0.0434747;0.4200171;0.5548054;-0.7156879;0.2204205;0.7036088;0.6750084;-1
129120;-0.6095672;0.07509385;-0.04436295;0.4762182;0.5322886;-0.6961787;0.3769659;0.5917267;0.7108438;-1
129160;-0.6081949;0.0760805;-0.04294668;0.3198274;0.5614728;-0.7616882;0.1202332;0.7739959;0.6212925;-1
129200;-0.6073897;0.07687797;-0.04236968;0.1357468;0.5547945;-0.8200533;0.08428691;0.8176671;0.5664989;-1
129240;-0.6061642;0.07816052;-0.04162503;0.2094966;0.5928043;-0.7771284;-0.1370793;0.8037999;0.5757912;-1
129280;-0.6053375;0.07856482;-0.04091238;0.6743035;0.6441772;-0.3602097;-0.3324906;0.7005084;0.630619;-1
129320;-0.6051456;0.07809193;-0.03994256;0.8525947;0.1896436;0.4855678;-0.3250042;0.9211933;0.2106765;-1
129360;-0.6061181;0.07752758;-0.03919646;0.6762538;-0.1555713;0.7192882;0.2779258;0.9584031;-0.05476956;-1
129400;-0.6094816;0.07687325;-0.04287799;0.4751144;0.5490302;-0.6836819;0.06129717;0.7559477;0.6499287;-1
129440;-0.6102509;0.07659993;-0.04374041;0.5338165;0.5250144;-0.6595165;0.2727549;0.6328018;0.7242836;-1
129480;-0.6088984;0.07713404;-0.0424064;0.3808956;0.5645202;-0.7292367;-0.11186;0.8121499;0.569989;-1
129520;-0.6079693;0.0776678;-0.04183276;0.2109419;0.5672901;-0.7942623;-0.2248169;0.8189074;0.5239061;-1
129560;-0.6056846;0.07910436;-0.04058575;0.6742428;0.6261735;-0.39154;-0.6395563;0.7601848;0.1143974;-1
129600;-0.6054281;0.07850623;-0.03961107;0.8883334;0.2046704;0.4097776;-0.1856884;0.978417;-0.08636645;-1
129640;-0.6064067;0.07807699;-0.03875482;0.7226207;-0.132737;0.6777015;0.2157468;0.9751824;-0.03952504;-1
129680;-0.6066459;0.07866144;-0.0412235;0.2075998;0.5983479;-0.7730287;-0.5832466;0.7090274;0.3912848;-1
129720;-0.6100889;0.07832044;-0.04217166;0.5112913;0.5598657;-0.648132;-0.09219015;0.7876136;0.6060345;-1
129760;-0.6108246;0.07831366;-0.04294711;0.5664725;0.5339611;-0.6270283;0.1162014;0.7019087;0.702724;-1
129800;-0.6094918;0.07843128;-0.04170984;0.3978485;0.5773471;-0.7093731;-0.2180174;0.8122071;0.5365652;-1
129840;-0.6058056;0.07898848;-0.03921898;0.915221;0.204819;0.3459893;-0.192664;0.9785033;-0.06963914;-1
129880;-0.6068081;0.07863037;-0.03815155;0.7850811;-0.1719741;0.5940474;0.07705227;0.9800987;0.1820007;-1
129920;-0.6061631;0.07966512;-0.04015207;0.6833802;0.6113553;-0.3986825;-0.6397271;0.764544;0.07553419;-1
129960;-0.6072025;0.07941574;-0.04065694;0.2232064;0.6058484;-0.7625462;-0.6203479;0.6910181;0.3662418;-1
130000;-0.6084088;0.07878676;-0.04109089;0.2450115;0.5780047;-0.7759147;-0.3460903;0.8003029;0.4844626;-1
130040;-0.6107017;0.07998957;-0.04119235;0.5183402;0.5954539;-0.6100865;-0.1811187;0.7761719;0.599922;-1
130080;-0.6115447;0.08016452;-0.04187952;0.5699486;0.5733953;-0.5878783;0.01570104;0.7067318;0.7054322;-1
130120;-0.6062807;0.07949311;-0.03863324;0.9402433;0.1751792;0.2907231;-0.2277171;0.9604965;0.1578921;-1
130160;-0.607406;0.07968175;-0.03694045;0.8184352;-0.2148446;0.5322263;-0.06662503;0.8852858;0.459882;-1
130200;-0.6066938;0.08031349;-0.03953071;0.7024674;0.6190683;-0.3507337;-0.5566425;0.7851061;0.2706198;-1
130240;-0.609946;0.07991777;-0.04072883;0.3910743;0.6123616;-0.6833154;-0.2428956;0.7871928;0.5621322;-1
130280;-0.6077123;0.08033499;-0.03993677;0.2568038;0.6646969;-0.7008613;-0.5241444;0.7050523;0.4755731;-1
130320;-0.6088548;0.0800688;-0.04028012;0.259581;0.6232122;-0.7352224;-0.3459605;0.7719971;0.5288719;-1
130360;-0.6112478;0.08184606;-0.03965415;0.5241746;0.6381525;-0.5590283;-0.1196804;0.7073727;0.6933181;-1
130400;-0.6120057;0.08209652;-0.04018337;0.5706072;0.619899;-0.5375379;0.004348561;0.6522973;0.756989;-1
130440;-0.6123623;0.0839324;-0.03815407;0.5797045;0.6605387;-0.4730552;-0.008016512;0.5860847;0.8091637;-1
130480;-0.6073998;0.08151484;-0.03822608;0.7134881;0.632592;-0.3012545;-0.435611;0.7372395;0.5164225;-1
130520;-0.6104282;0.08177663;-0.03922361;0.3808878;0.6745161;-0.6282071;-0.2086263;0.7280836;0.650061;-1
130560;-0.6115567;0.08355993;-0.0377052;0.535892;0.6912723;-0.4776529;-0.1168915;0.6240123;0.7705677;-1
130600;-0.612627;0.0855422;-0.03586242;0.6032056;0.702673;-0.3711787;-0.04855023;0.4985872;0.8646519;-1
130640;-0.6083922;0.08169895;-0.03856;0.3086555;0.7307208;-0.6079674;-0.3885956;0.6809048;0.6201454;-1
130680;-0.6094075;0.08176425;-0.03888385;0.2755343;0.6978239;-0.6584733;-0.2910025;0.7151212;0.6329442;-1
130720;-0.6119484;0.08510208;-0.03551257;0.5628541;0.7349464;-0.3650016;-0.1088905;0.5078874;0.8530104;-1
130760;-0.6127879;0.08677933;-0.033301;0.6190888;0.7438406;-0.2423729;-0.09840439;0.3809905;0.9177083;-1
130800;-0.6089432;0.08310859;-0.03694903;0.3549261;0.7944402;-0.4919141;-0.2871464;0.5939744;0.7513021;-1
130840;-0.6099237;0.08332488;-0.03716949;0.3090369;0.7858024;-0.5328736;-0.2327017;0.6078069;0.7577657;-1
130880;-0.610873;0.08343521;-0.03738067;0.403932;0.7516592;-0.5158081;-0.1929867;0.6251248;0.7546057;-1
130920;-0.6122413;0.0862875;-0.03303955;0.595936;0.7594298;-0.2392419;-0.1026247;0.3707254;0.9211933;-1
130960;-0.6129514;0.08751765;-0.03055708;0.6257764;0.7645446;-0.1324863;-0.113811;0.257475;0.9573283;-1
131000;-0.6113532;0.08487697;-0.03525176;0.4507448;0.8029403;-0.3798103;-0.1663632;0.4977648;0.8498328;-1
131040;-0.6103761;0.08463041;-0.03499967;0.3477598;0.8461662;-0.3989844;-0.17614;0.479224;0.8589066;-1
131080;-0.6094464;0.0844437;-0.0348005;0.380879;0.8467787;-0.3700054;-0.1850008;0.4624259;0.8670416;-1
131120;-0.6079887;0.08293018;-0.03640671;0.7352754;0.6383482;-0.2277248;-0.3144054;0.6188834;0.7197733;-1
131160;-0.6124163;0.08705693;-0.03033686;0.6009563;0.7802485;-0.1348119;-0.06904989;0.2195353;0.970956;-1
131200;-0.6128938;0.08779773;-0.0276694;0.607199;0.7864606;-0.05758867;-0.101257;0.147336;0.9813905;-1
131240;-0.6117346;0.08597973;-0.032834;0.4852322;0.8304067;-0.2563668;-0.1230032;0.3581366;0.9239544;-1
131280;-0.6107697;0.08567797;-0.0326417;0.3605458;0.8870786;-0.2826831;-0.1191076;0.3461224;0.9297315;-1
131320;-0.6097898;0.08544457;-0.03252118;0.4229918;0.8695688;-0.2531201;-0.09391837;0.3203995;0.9423745;-1
131360;-0.6123878;0.0874134;-0.02744658;0.5775437;0.8056175;-0.06603104;0.005058357;0.07374032;0.9947954;-1
131400;-0.6125923;0.08769885;-0.02493585;0.5946356;0.7981049;-0.002630704;-0.06750348;0.05020861;0.9940222;-1
131440;-0.6119056;0.08676079;-0.03015656;0.502113;0.8465328;-0.1458758;-0.05555164;0.20061;0.9767055;-1
131480;-0.6120555;0.08732268;-0.02468077;0.556607;0.8231952;-0.004162536;0.08079214;-0.05542784;0.9929711;-1
131520;-0.6121103;0.08730197;-0.02253867;0.5770569;0.8095659;0.0218727;-0.05089378;0.004902959;0.9962242;-1
131560;-0.6118379;0.08712271;-0.0272089;0.5127431;0.8508126;-0.06082751;0.0408141;0.04359796;0.9963081;-1
131600;-0.6110012;0.08643107;-0.0300506;0.3868713;0.9079909;-0.1499306;-0.0472362;0.1822217;0.9811566;-1
131640;-0.611403;0.08680063;-0.02227353;0.5271716;0.8427828;0.03358977;0.122248;-0.121545;0.9820834;-1
131680;-0.6114018;0.08675313;-0.02054153;0.5505277;0.8281595;0.01574002;-0.08714427;0.03401841;0.9916324;-1
131720;-0.6099925;0.0861785;-0.03005073;0.4789527;0.8695421;-0.1204064;-0.009324785;0.1421854;0.9897844;-1
131760;-0.6114028;0.08697225;-0.02445234;0.5108458;0.8549432;0.004733791;0.1454738;-0.09704329;0.9826089;-1
131800;-0.6109484;0.08666813;-0.02708076;0.4241336;0.9026833;-0.04378275;0.07074481;0.01365485;0.9967635;-1
131840;-0.6105132;0.08624989;-0.02045201;0.4905297;0.8663926;0.02932873;0.1123929;-0.1029066;0.9845332;-1
131880;-0.6105039;0.08621603;-0.01884043;0.5276043;0.8448361;-0.002699798;-0.1503836;0.09287313;0.9791318;-1
131920;-0.6106988;0.08643399;-0.02215781;0.475809;0.8748642;0.04085239;0.2445249;-0.1819377;0.9498277;-1
131960;-0.6105251;0.0864436;-0.02431637;0.4275725;0.9019378;0.02222628;0.1952725;-0.1185187;0.9726325;-1
132000;-0.6093779;0.08569008;-0.01888184;0.4763858;0.8763604;0.01099701;0.01381926;-0.02619011;0.9942459;-1
132040;-0.6093823;0.08569106;-0.01733774;0.4982926;0.8644197;-0.02382982;-0.2342845;0.1584488;0.9544213;-1
132080;-0.6096298;0.08581437;-0.02049838;0.4450873;0.8913057;0.04796264;0.3033598;-0.2064974;0.9265825;-1
132120;-0.6082963;0.08510397;-0.01780244;0.4532756;0.8889578;-0.03259153;-0.1310741;0.09731458;0.9803491;-1
132160;-0.6083331;0.08510214;-0.01923791;0.439974;0.8950233;0.04451913;0.1483217;-0.1275003;0.9759653;-1
132200;-0.6073065;0.08454768;-0.01834408;0.4101833;0.9106848;-0.01166539;-0.04049459;0.02649155;0.9943008;-1
132240;-0.6097773;0.08598578;-0.02221369;0.3966258;0.9138053;0.06614569;0.3616236;-0.2249486;0.902923;-1
132280;-0.610045;0.08634564;-0.02704725;0.5102165;0.858901;-0.03506929;0.1098834;-0.02507929;0.9935431;-1
132320;-0.60868;0.08542372;-0.02070725;0.4034494;0.9087627;0.09309224;0.4439526;-0.2870098;0.846041;-1
132360;-0.6062367;0.08411786;-0.01891851;0.3959399;0.917464;-0.02982407;0.1514507;-0.03464538;0.9864189;-1
132400;-0.6073416;0.0846833;-0.01961993;0.4300352;0.8998268;0.06111708;0.2979428;-0.2085305;0.9289955;-1
132440;-0.6095988;0.08612958;-0.02422742;0.5067824;0.8612102;-0.01103175;0.2735498;-0.1496636;0.9497864;-1
132480;-0.6055446;0.08373171;-0.01949669;0.558376;0.7675101;-0.3146246;0.4383052;0.04845564;0.8968524;-1
132520;-0.608727;0.08565767;-0.02225113;0.4976342;0.8666746;-0.01152036;0.4649036;-0.2568989;0.8463175;-1
132560;-0.6076555;0.08505152;-0.02105206;0.5394197;0.8409125;-0.03206368;0.5373632;-0.3167302;0.7798895;-1
132600;-0.60669;0.08433983;-0.02026332;0.5735889;0.8088045;-0.1275909;0.505075;-0.2284947;0.8307755;-1
132640;-0.6051809;0.08293433;-0.01983481;0.6632329;0.2976639;-0.6866673;0.6899242;0.1123302;0.7150555;-1
132680;-0.6062656;0.08371866;-0.02071594;0.7447284;0.3805777;-0.5477819;0.6399363;-0.1777198;0.7468982;-1
132720;-0.6071128;0.08440262;-0.02154287;0.7883921;0.4346327;-0.4345665;0.5898384;-0.3393843;0.7318374;-1
132760;-0.6079108;0.0849299;-0.02257659;0.8184437;0.4778568;-0.3185238;0.4957078;-0.3087496;0.811391;-1
132800;-0.6086753;0.08535059;-0.02420319;0.8487321;0.5067099;-0.1512294;0.2980087;-0.2221127;0.928349;-1
132840;-0.6051621;0.08215183;-0.01982672;0.5715793;-0.296744;-0.7641988;0.8163679;0.1216783;0.5633153;-1
132880;-0.6061945;0.08264071;-0.02077439;0.694548;-0.152343;-0.7028036;0.6914917;-0.1265123;0.710825;-1
132920;-0.6071389;0.08116513;-0.02110502;0.6974998;-0.2485339;-0.6696876;0.6283502;-0.2313275;0.7407174;-1
132960;-0.6077106;0.08135574;-0.02201925;0.7793845;-0.1973985;-0.5928741;0.4976805;-0.3767609;0.780203;-1
133000;-0.6070487;0.0831134;-0.02182353;0.7965758;-0.05115286;-0.6016011;0.551777;-0.341515;0.76034;-1
133040;-0.6085097;0.08160464;-0.02333852;0.8610719;-0.1894965;-0.4703848;0.3381952;-0.4755443;0.8118642;-1
133080;-0.6078883;0.08349273;-0.02299452;0.8846747;-0.03062601;-0.4641826;0.4148029;-0.3983832;0.817791;-1
133120;-0.6083909;0.08384137;-0.02439802;0.9733317;0.0008942261;-0.2292024;0.215461;-0.3444786;0.9136969;-1
133160;-0.6089898;0.08206798;-0.02492891;0.9464269;-0.236644;-0.2155889;0.1054402;-0.4039178;0.908513;-1
133200;-0.6086928;0.08411933;-0.02701904;0.9973966;0.03849392;-0.06048189;0.06711809;-0.2048084;0.9764787;-1
133240;-0.6091388;0.08244322;-0.02727656;0.9598005;-0.2734731;-0.04794227;-0.02799872;-0.265976;0.9634761;-1
133280;-0.6091948;0.08560896;-0.02700035;0.8454927;0.5305687;-0.05479217;0.1325761;-0.1099208;0.9850034;-1
133320;-0.6091893;0.08544543;-0.02993367;0.8272372;0.561094;-0.02914423;0.02227082;0.01907455;0.9995619;-1
133360;-0.6085962;0.0839709;-0.02980512;0.9972897;0.05580586;0.04765188;-0.04297674;-0.08238515;0.9956592;-1
133400;-0.6091366;0.08250396;-0.02988271;0.9428958;-0.3200977;0.08892067;-0.1309805;-0.1122334;0.9847354;-1
133440;-0.6083256;0.08355068;-0.03194296;0.9897484;0.06425359;0.1260603;-0.1350355;0.1631163;0.9771106;-1
133480;-0.6089755;0.08218908;-0.03185416;0.8966655;-0.3692622;0.2427606;-0.1979012;0.1555382;0.9674557;-1
133520;-0.608907;0.08495778;-0.03231827;0.7891434;0.6086723;-0.08224384;-0.08608402;0.2421568;0.9663757;-1
133560;-0.6085024;0.08406501;-0.03452453;0.7543235;0.6364253;-0.1611149;-0.2048973;0.4613768;0.8632089;-1
133600;-0.607952;0.08275476;-0.0339858;0.9818949;0.07067599;0.1756837;-0.1884207;0.4574292;0.869038;-1
133640;-0.6085286;0.08156775;-0.03378228;0.8639756;-0.3537492;0.3582063;-0.1739022;0.4579825;0.8717427;-1
133680;-0.6075111;0.08177261;-0.03574149;0.9701929;0.116994;0.2120381;-0.2325047;0.6949377;0.6803809;-1
133720;-0.6080584;0.08074218;-0.03542855;0.841854;-0.2854226;0.4579332;-0.132803;0.7128806;0.688516;-1
133760;-0.6069194;0.08056243;-0.03740427;0.956827;0.160959;0.2417791;-0.2536572;0.8685123;0.4256961;-1
133800;-0.6080457;0.07204948;-0.04569662;0.3645422;0.5280542;-0.7665762;0.3948932;0.6569069;0.6405848;-1
133840;-0.6085259;0.07367507;-0.04489253;0.4158194;0.5403166;-0.7303773;0.4246075;0.5938438;0.6815137;-1
133880;-0.6072041;0.07285027;-0.04483968;0.2945018;0.5403839;-0.787837;0.4439478;0.6512464;0.612944;-1
133920;-0.6094853;0.07303117;-0.0458703;0.4272586;0.5086313;-0.7462436;0.4529723;0.592816;0.6637712;-1
133960;-0.6083367;0.0706915;-0.04671073;0.3550436;0.4926447;-0.7942036;0.3932906;0.6914888;0.6048447;-1
134000;-0.6095672;0.07509385;-0.04436295;0.4762182;0.5322886;-0.6961787;0.3769659;0.5917267;0.7108438;-1
134040;-0.6105204;0.07211277;-0.04703273;0.3949801;0.4663149;-0.7908872;0.4789046;0.6296828;0.6104838;-1
134080;-0.6096722;0.06900112;-0.04823364;0.3168865;0.4843151;-0.8153256;0.4482037;0.6811367;0.5787621;-1
134120;-0.6106707;0.07449557;-0.04563205;0.4663616;0.4897701;-0.7332799;0.4541032;0.5783401;0.6750218;-1
134160;-0.6102509;0.07659993;-0.04374041;0.5338165;0.5250144;-0.6595165;0.2727549;0.6328018;0.7242836;-1
134200;-0.6120224;0.07056366;-0.04858106;0.3273549;0.4300096;-0.8413589;0.4504663;0.7116185;0.5389991;-1
134240;-0.6110063;0.06630167;-0.05023288;0.2348607;0.4503507;-0.8612493;0.4156934;0.7544414;0.5078059;-1
134280;-0.6121379;0.07360825;-0.04704437;0.3871526;0.4623409;-0.7960463;0.4896355;0.6285478;0.6030243;-1
134320;-0.6115164;0.07624407;-0.04513867;0.4793263;0.4952813;-0.7210508;0.4108523;0.5999044;0.6838891;-1
134360;-0.6108246;0.07831366;-0.04294711;0.5664725;0.5339611;-0.6270283;0.1162014;0.7019087;0.702724;-1
134400;-0.6142508;0.06801215;-0.05054469;0.2194525;0.3821787;-0.8975549;0.4376514;0.7836444;0.4404237;-1
134440;-0.6129395;0.06289037;-0.05218727;0.1503613;0.3914636;-0.9076971;0.4133461;0.809076;0.4173453;-1
134480;-0.613891;0.07229187;-0.04856144;0.2552724;0.4283078;-0.8664998;0.4675213;0.7298412;0.4985995;-1
134520;-0.6123368;0.07824597;-0.04429246;0.4701969;0.5228949;-0.7068022;0.332536;0.6375837;0.6924323;-1
134560;-0.6115447;0.08016452;-0.04187952;0.5699486;0.5733953;-0.5878783;0.01570104;0.7067318;0.7054322;-1
134600;-0.6132978;0.07555453;-0.04652414;0.3452978;0.4842802;-0.8024859;0.47357;0.648514;0.5952562;-1
134640;-0.6177458;0.06460933;-0.05231233;0.1397674;0.3556219;-0.9240016;0.4398866;0.8136976;0.3794064;-1
134680;-0.6154481;0.05879737;-0.05406469;0.1109989;0.335999;-0.9352399;0.3344709;0.8733073;0.3533812;-1
134720;-0.6169221;0.06996398;-0.05021068;0.1454361;0.3902218;-0.9090696;0.4335096;0.8007389;0.4129792;-1
134760;-0.6152401;0.07445964;-0.04780919;0.1910949;0.4510617;-0.8717146;0.4435039;0.7526335;0.4866679;-1
134800;-0.6144661;0.07780328;-0.04559203;0.307811;0.5223016;-0.7935784;0.3941694;0.6888775;0.6075129;-1
134840;-0.6130339;0.08044675;-0.04301569;0.4763307;0.5746989;-0.6605681;0.2396361;0.6389396;0.7301138;-1
134880;-0.6212672;0.06074944;-0.05410296;0.1136031;0.3368072;-0.9346939;0.3657301;0.8605306;0.35453;-1
134920;-0.6175193;0.05463874;-0.05564743;0.1053925;0.2936718;-0.9500473;0.2449773;0.9179972;0.3108783;-1
134960;-0.6244728;0.05666278;-0.05592477;0.1016479;0.3066562;-0.9463619;0.2660189;0.9080771;0.3227647;-1
135000;-0.6215701;0.06669995;-0.05193089;0.09924816;0.3794164;-0.9198644;0.4225267;0.8205676;0.3838982;-1
135040;-0.62668;0.06298168;-0.05398498;0.07843379;0.3661494;-0.9272299;0.3598428;0.8567549;0.3686555;-1
135080;-0.6306372;0.05959904;-0.0554993;0.05098262;0.3421293;-0.9382432;0.2749356;0.8980151;0.3422616;-1
135120;-0.6189814;0.07235339;-0.04934202;0.09119809;0.4265826;-0.8998359;0.3965198;0.8131976;0.4256583;-1
135160;-0.6134837;0.08257446;-0.04127963;0.4646398;0.6377433;-0.6084892;0.1591467;0.617526;0.7693895;-1
135200;-0.6120057;0.08209652;-0.04018337;0.5706072;0.619899;-0.5375379;0.004348561;0.6522973;0.756989;-1
135240;-0.630529;0.06628282;-0.05279665;0.02511405;0.4197327;-0.9072842;0.3490759;0.8464533;0.4011037;-1
135280;-0.6358179;0.0632523;-0.05419967;-0.009133734;0.399373;-0.9167227;0.2735286;0.882335;0.3814996;-1
135320;-0.6240753;0.06959981;-0.05094485;0.05653947;0.4249557;-0.9034222;0.3923694;0.8221578;0.4110794;-1
135360;-0.6166813;0.07694037;-0.04677197;0.1387884;0.4918289;-0.8595327;0.3603283;0.7833802;0.506436;-1
135400;-0.6153286;0.08032811;-0.04424788;0.3031777;0.5820089;-0.7512439;0.2783892;0.7001348;0.6563919;-1
135440;-0.6329834;0.07043552;-0.05071243;-0.0156946;0.4798911;-0.8771871;0.3125903;0.8356353;0.4515664;-1
135480;-0.6386632;0.06811708;-0.05169202;-0.0492871;0.4649013;-0.8839825;0.2429122;0.8636891;0.4406372;-1
135520;-0.6396425;0.07324263;-0.04873602;-0.06887921;0.5271448;-0.8469744;0.1925688;0.8398201;0.5070552;-1
135560;-0.6211089;0.07506409;-0.0481176;0.04051544;0.4753736;-0.8788444;0.334951;0.8219364;0.4599544;-1
135600;-0.6266267;0.07281244;-0.04937431;0.009629745;0.4812471;-0.8765199;0.345286;0.8205342;0.4541346;-1
135640;-0.6342465;0.0748415;-0.04802019;-0.0401881;0.5379702;-0.8420023;0.2618121;0.8188871;0.5107124;-1
135680;-0.6402909;0.07785581;-0.04553583;-0.0761942;0.5898505;-0.8039016;0.1620808;0.8025828;0.5735984;-1
135720;-0.6179854;0.0796116;-0.04536547;0.117435;0.5490956;-0.8265632;0.268971;0.78392;0.5588563;-1
135760;-0.6226867;0.07824712;-0.04632518;0.0006257966;0.5283911;-0.8489891;0.2654194;0.8181151;0.5093274;-1
135800;-0.6283249;0.07649633;-0.04713983;-0.02977075;0.5347111;-0.8444959;0.3027728;0.8096223;0.5019181;-1
135840;-0.6348886;0.07887371;-0.04517122;-0.06154323;0.5958848;-0.8007081;0.231187;0.7889228;0.5693446;-1
135880;-0.6401159;0.08184777;-0.04233391;-0.07257441;0.6430656;-0.7623404;0.1126017;0.7644414;0.6341752;-1
135920;-0.6160798;0.08272447;-0.04244794;0.3089761;0.6481894;-0.6922559;0.1948514;0.6703029;0.7153654;-1
135960;-0.6290733;0.08015145;-0.04466033;-0.06566925;0.5849789;-0.8083619;0.2343181;0.7961946;0.5571625;-1
136000;-0.6347778;0.08253635;-0.04219053;-0.07958937;0.6432607;-0.7614948;0.1368865;0.7634304;0.63052;-1
136040;-0.6396765;0.08547494;-0.03915717;-0.07421389;0.6884767;-0.7214196;0.06287543;0.725086;0.6855242;-1
136080;-0.6187055;0.08232635;-0.04348525;0.1209711;0.6161844;-0.777427;0.1891089;0.7549317;0.6277063;-1
136120;-0.6235343;0.08151646;-0.04417245;-0.01815348;0.5853891;-0.8105295;0.1854302;0.7982883;0.5724261;-1
136160;-0.6291945;0.08359581;-0.04204733;-0.09201306;0.6360843;-0.7660694;0.1329755;0.7699569;0.6233492;-1
136200;-0.6345306;0.08602071;-0.0391263;-0.09532692;0.6854994;-0.7218058;0.04148892;0.7272137;0.6851562;-1
136240;-0.6390871;0.08892046;-0.03573448;-0.08249094;0.7423879;-0.664833;0.02820775;0.6685469;0.7430072;-1
136280;-0.6190846;0.08492093;-0.0412159;0.1543027;0.6891374;-0.707278;0.1076124;0.7001114;0.7055951;-1
136320;-0.6162255;0.08495499;-0.04017374;0.3327008;0.7071729;-0.619583;0.1304664;0.6171548;0.775317;-1
136360;-0.6239265;0.08456798;-0.04187049;-0.009132423;0.6532977;-0.7570066;0.09819758;0.7536784;0.6493239;-1
136400;-0.6290797;0.08690816;-0.03921065;-0.09522131;0.6942829;-0.7133093;0.0379684;0.7183452;0.694199;-1
136440;-0.6338874;0.08946018;-0.03579697;-0.09990506;0.747769;-0.6563926;-0.001823351;0.6595483;0.7516372;-1
136480;-0.6383508;0.09188035;-0.03222732;-0.08460069;0.8075272;-0.5836951;-0.002208583;0.5856084;0.8104729;-1
136520;-0.6239951;0.08754103;-0.03912314;0.03103045;0.728195;-0.6846069;0.02554583;0.6839852;0.7287842;-1
136560;-0.6286538;0.09012683;-0.03598281;-0.06353594;0.7703108;-0.6343951;-0.01707789;0.6346429;0.7723609;-1
136600;-0.6328942;0.09248833;-0.03214046;-0.08390109;0.8209295;-0.5648319;-0.04273937;0.5633429;0.8251153;-1
136640;-0.6376604;0.09447494;-0.0283072;-0.07655136;0.8730395;-0.4815542;-0.03348698;0.4804128;0.8762887;-1
136680;-0.6192419;0.08731154;-0.0385249;0.2095759;0.7545773;-0.6206529;0.02853357;0.6299924;0.7758352;-1
136720;-0.623682;0.09012391;-0.03599438;0.1010126;0.7986388;-0.5931824;-0.02261983;0.5978394;0.8010332;-1
136760;-0.6320273;0.09465896;-0.02875751;-0.05309802;0.8828207;-0.4665987;-0.05685819;0.4639079;0.8839887;-1
136800;-0.6373645;0.09666504;-0.02385984;-0.07145551;0.9208321;-0.3832537;-0.04353349;0.3809918;0.9234403;-1
136840;-0.6279123;0.09273237;-0.0325032;-0.006542765;0.841809;-0.5396039;-0.06251796;0.5381447;0.840274;-1
136880;-0.6163238;0.08699711;-0.03762013;0.3752783;0.7607702;-0.5235894;0.01888371;0.5595537;0.8280851;-1
136920;-0.6191498;0.0894572;-0.03553541;0.2912672;0.8064477;-0.5129876;-0.0482213;0.5481677;0.834698;-1
136960;-0.6231576;0.09215941;-0.03277328;0.1911212;0.8497558;-0.4911939;-0.07665429;0.5117999;0.8554229;-1
137000;-0.6270705;0.09454156;-0.02929186;0.0685331;0.8918208;-0.4469619;-0.09598984;0.4518547;0.8866523;-1
137040;-0.6305451;0.09682791;-0.0244643;-0.01539504;0.9259586;-0.3772089;-0.07543053;0.3751801;0.9238105;-1
137080;-0.6137332;0.08459428;-0.03913103;0.4800973;0.685136;-0.5397938;0.1074966;0.566313;0.8162048;-1
137120;-0.6123623;0.0839324;-0.03815407;0.5797045;0.6605387;-0.4730552;-0.008016512;0.5860847;0.8091637;-1
137160;-0.6138829;0.08632883;-0.0366402;0.5124025;0.734278;-0.4341022;0.0005917475;0.5070434;0.8609455;-1
137200;-0.612627;0.0855422;-0.03586242;0.6032056;0.702673;-0.3711787;-0.04855023;0.4985872;0.8646519;-1
137240;-0.6162894;0.08863799;-0.03465325;0.4440989;0.8012235;-0.3930218;-0.07981282;0.4738989;0.8764893;-1
137280;-0.6139366;0.08768573;-0.03377452;0.5422247;0.7782734;-0.2996198;-0.08503847;0.4069426;0.9079259;-1
137320;-0.6127879;0.08677933;-0.033301;0.6190888;0.7438406;-0.2423729;-0.09840439;0.3809905;0.9177083;-1
137360;-0.6188986;0.09091049;-0.03243815;0.4004714;0.8288386;-0.3884474;-0.1161078;0.4663501;0.8765922;-1
137400;-0.614052;0.08841929;-0.03081686;0.5791674;0.7899269;-0.1704213;-0.1922414;0.3354048;0.9194992;-1
137440;-0.6129514;0.08751765;-0.03055708;0.6257764;0.7645446;-0.1324863;-0.113811;0.257475;0.9573283;-1
137480;-0.6161374;0.0896474;-0.03151417;0.5305203;0.8044376;-0.2535121;-0.1883013;0.4035728;0.8939763;-1
137520;-0.6223534;0.09353653;-0.02975579;0.2959915;0.8678879;-0.3987557;-0.1304598;0.4503794;0.8830016;-1
137560;-0.6139062;0.08865577;-0.02785866;0.6129948;0.7779528;-0.0814577;-0.2446806;0.2844988;0.9236415;-1
137600;-0.6128938;0.08779773;-0.0276694;0.607199;0.7864606;-0.05758867;-0.101257;0.147336;0.9813905;-1
137640;-0.6185243;0.0918296;-0.02926396;0.5223829;0.8011376;-0.2885482;-0.1701599;0.4292437;0.8864413;-1
137680;-0.615833;0.09007564;-0.02840598;0.6213285;0.7610901;-0.1561877;-0.2483076;0.3794045;0.8888605;-1
137720;-0.6258144;0.09608397;-0.02566639;0.1520654;0.9131114;-0.3779853;-0.1368638;0.3983459;0.9066434;-1
137760;-0.6137222;0.08854729;-0.02513708;0.6463485;0.7541552;-0.03255239;-0.2461553;0.2461886;0.9335667;-1
137800;-0.6125923;0.08769885;-0.02493585;0.5946356;0.7981049;-0.002630704;-0.06750348;0.05020861;0.9940222;-1
137840;-0.6213097;0.09445982;-0.02655364;0.404187;0.8512342;-0.3342526;-0.1759086;0.431219;0.8845831;-1
137880;-0.6180325;0.0921804;-0.02644732;0.6275539;0.7432701;-0.227073;-0.1895861;0.42809;0.8827865;-1
137920;-0.6153666;0.0900445;-0.02569328;0.7043474;0.6926184;-0.1039256;-0.2489443;0.3782943;0.8884192;-1
137960;-0.6132593;0.08809963;-0.02270285;0.6625946;0.7394791;-0.02957947;-0.2288021;0.2374011;0.9396533;-1
138000;-0.6121103;0.08730197;-0.02253867;0.5770569;0.8095659;0.0218727;-0.05089378;0.004902959;0.9962242;-1
138040;-0.6149957;0.08984187;-0.02331738;0.7638609;0.6241158;-0.1130638;-0.1985695;0.3951349;0.89272;-1
138080;-0.6175063;0.09234546;-0.02397155;0.7102479;0.6681126;-0.2114076;-0.1768196;0.4592547;0.8687969;-1
138120;-0.6203248;0.09477933;-0.02399535;0.5127988;0.8049616;-0.2979182;-0.1946547;0.4473082;0.8725926;-1
138160;-0.6240936;0.09695432;-0.02237981;0.2645882;0.9085636;-0.322734;-0.1564317;0.3709644;0.9149133;-1
138200;-0.6126743;0.08764341;-0.02069639;0.6683972;0.732873;-0.05402126;-0.2526767;0.2936527;0.916044;-1
138240;-0.6114018;0.08675313;-0.02054153;0.5505277;0.8281595;0.01574002;-0.08714427;0.03401841;0.9916324;-1
138280;-0.6142761;0.0893715;-0.02105371;0.7891942;0.5814667;-0.1552411;-0.1894796;0.4758838;0.8522543;-1
138320;-0.6167835;0.09220076;-0.02155741;0.7647151;0.5985827;-0.2241584;-0.1678973;0.5213087;0.8337311;-1
138360;-0.6191354;0.09483537;-0.02136232;0.6132383;0.7364873;-0.2849315;-0.2101944;0.5002154;0.8397266;-1
138400;-0.6118822;0.08711389;-0.01877126;0.6554172;0.7430476;-0.08196007;-0.2817228;0.3437482;0.8885859;-1
138440;-0.6105039;0.08621603;-0.01884043;0.5276043;0.8448361;-0.002699798;-0.1503836;0.09287313;0.9791318;-1
138480;-0.6134413;0.08881032;-0.01894625;0.7913978;0.567872;-0.1912716;-0.2134199;0.5566399;0.7933474;-1
138520;-0.615685;0.09159707;-0.01916015;0.7979069;0.5454543;-0.239438;-0.2055693;0.6233361;0.7491416;-1
138560;-0.6107095;0.08644453;-0.01694737;0.624128;0.7681447;-0.1116359;-0.2695261;0.3473648;0.8916494;-1
138600;-0.6093823;0.08569106;-0.01733774;0.4982926;0.8644197;-0.02382982;-0.2342845;0.1584488;0.9544213;-1
138640;-0.6124293;0.08810359;-0.01687124;0.7665101;0.5815431;-0.2474175;-0.1739831;0.5634623;0.7970933;-1
138680;-0.6093839;0.08574712;-0.01549947;0.5676148;0.8097548;-0.1370493;-0.2180049;0.3088951;0.9224911;-1
138720;-0.6081281;0.08511171;-0.01623876;0.461555;0.8851364;-0.03818649;-0.2857291;0.1862732;0.9353861;-1
138760;-0.6220374;0.09709851;-0.01973189;0.4130279;0.8665082;-0.2795926;-0.1811775;0.3794581;0.9068007;-1
138800;-0.6179165;0.09449574;-0.01883523;0.6987904;0.6605887;-0.273575;-0.2314492;0.5711567;0.7871981;-1
138840;-0.6144856;0.09077628;-0.01687413;0.8057357;0.51991;-0.2663472;-0.1740341;0.6422381;0.7394102;-1
138880;-0.6106743;0.08696389;-0.01478753;0.703401;0.6375497;-0.2983289;-0.1027888;0.5083065;0.8450079;-1
138920;-0.6078586;0.08503851;-0.01437803;0.4718626;0.866222;-0.1600558;-0.1977276;0.2785999;0.934754;-1
138960;-0.6069087;0.08448595;-0.01526605;0.3753803;0.9238365;-0.05863426;-0.3403161;0.1925716;0.9139541;-1
139000;-0.6198286;0.09666739;-0.0174868;0.5344675;0.803467;-0.261472;-0.209727;0.4261119;0.8795529;-1
139040;-0.6165148;0.09381688;-0.01628838;0.7610549;0.5906434;-0.2678131;-0.1933634;0.6008773;0.7754587;-1
139080;-0.6127181;0.08954223;-0.01428865;0.7735832;0.5316176;-0.3316051;-0.07279205;0.5956985;0.7915805;-1
139120;-0.6090866;0.08603644;-0.01332991;0.5944655;0.7116376;-0.3686852;-0.03195972;0.4779288;0.8703763;-1
139160;-0.6064078;0.0845103;-0.01347166;0.3395991;0.9150921;-0.2156079;-0.2530383;0.3067775;0.9113852;-1
139200;-0.6053052;0.08406863;-0.01427539;0.2540978;0.9582499;-0.1277661;-0.3510364;0.2123266;0.9085078;-1
139240;-0.6177807;0.09576158;-0.01526829;0.6545547;0.7137459;-0.2486783;-0.1655456;0.4564546;0.8739574;-1
139280;-0.6145852;0.09224947;-0.01384091;0.7797859;0.5400974;-0.3118134;-0.09977488;0.5996218;0.791242;-1
139320;-0.6106555;0.08820519;-0.01215865;0.6794721;0.5832344;-0.4379896;0.02864449;0.5747875;0.8084562;-1
139360;-0.6075457;0.08533514;-0.01245132;0.4537147;0.7858976;-0.4183775;-0.1008992;0.5101513;0.8464913;-1
139400;-0.6046998;0.08430922;-0.01248222;0.2166724;0.9314721;-0.2918243;-0.2868463;0.3451836;0.8910037;-1
139440;-0.6035313;0.08384091;-0.01352244;0.1654701;0.9669178;-0.1934111;-0.3706242;0.241985;0.8955328;-1
139480;-0.6029586;0.08422592;-0.01206034;0.1222015;0.9280035;-0.351762;-0.295478;0.3719977;0.8792209;-1
139520;-0.6020955;0.08373679;-0.0131926;0.09828626;0.9630426;-0.2506148;-0.3376408;0.2689675;0.9017038;-1
139560;-0.6037397;0.08470935;-0.01115933;0.1622899;0.8474362;-0.5053292;-0.2440034;0.5303748;0.8109257;-1
139600;-0.6057509;0.08492677;-0.01155097;0.2990302;0.8286054;-0.4730363;-0.2114204;0.5399026;0.8106694;-1
139640;-0.6045018;0.08567809;-0.01001388;0.2006135;0.7252617;-0.6584546;-0.2186182;0.6882358;0.6911724;-1
139680;-0.6069534;0.08632541;-0.01039494;0.3638268;0.6990462;-0.614997;-0.08284941;0.6817322;0.7230517;-1
139720;-0.6051357;0.08712974;-0.008815289;0.2323108;0.6427869;-0.7299205;-0.1615867;0.7655252;0.6227612;-1
139760;-0.6087899;0.08712815;-0.01106309;0.5290853;0.652861;-0.5396041;0.01942214;0.6257428;0.7725912;-1
139800;-0.6077352;0.08793785;-0.009264458;0.3890597;0.6158715;-0.6845956;-0.01554283;0.7474571;0.6617404;-1
139840;-0.6055672;0.08864507;-0.007745171;0.2535228;0.5913336;-0.7654719;-0.091783;0.8024536;0.5895306;-1
139880;-0.6097906;0.08892117;-0.009927791;0.5659027;0.5838237;-0.5806293;0.0460478;0.6809012;0.7262161;-1
139920;-0.6082851;0.08957313;-0.008167272;0.3955273;0.5727953;-0.7175424;-0.03730436;0.7906561;0.609162;-1
139960;-0.6058047;0.09009163;-0.006760679;0.268812;0.6065103;-0.7481427;0.03820326;0.7694059;0.6374153;-1
140000;-0.6118849;0.09023094;-0.01117629;0.715993;0.5351626;-0.4415097;0.03866019;0.601175;0.7913762;-1
140040;-0.6086891;0.09118076;-0.007154569;0.4007564;0.5998096;-0.6922525;0.001935333;0.7549817;0.6542934;-1
140080;-0.605979;0.09145966;-0.00557703;0.27948;0.6931933;-0.6641853;0.1709628;0.6447979;0.7446216;-1
140120;-0.6089512;0.09258303;-0.005903713;0.406166;0.6918292;-0.5968387;0.06843537;0.6282061;0.7743073;-1
140160;-0.610478;0.09067373;-0.008822609;0.5713321;0.5653956;-0.5937661;0.005442426;0.7211233;0.6894039;-1
140200;-0.6110142;0.09232399;-0.007760532;0.5585665;0.6096237;-0.5616155;-0.01927432;0.6859632;0.724651;-1
140240;-0.6115503;0.0938793;-0.00652951;0.5166281;0.7057804;-0.4841077;-0.01197558;0.5705106;0.8198393;-1
140280;-0.612879;0.09227939;-0.0102611;0.7073364;0.5637299;-0.420874;0.009365037;0.5880938;0.8032994;-1
140320;-0.613759;0.09405693;-0.009151429;0.6550707;0.6534292;-0.3771532;-0.02264006;0.5157247;0.8536186;-1
140360;-0.6142511;0.0953466;-0.007619955;0.566686;0.7522796;-0.3346405;-0.05491398;0.4391719;0.8950084;-1
140400;-0.6171657;0.09691744;-0.00922218;0.5289666;0.8219602;-0.2091433;-0.0669662;0.2857018;0.9556715;-1
140440;-0.6166504;0.09593226;-0.01126835;0.635242;0.7326891;-0.2440402;-0.09282714;0.3861266;0.9176405;-1
140480;-0.6199386;0.0981438;-0.01079117;0.4101362;0.8990024;-0.153167;-0.1183756;0.2189479;0.9682885;-1
140520;-0.6157789;0.09432573;-0.0129531;0.7286045;0.6244125;-0.2814953;-0.09223087;0.4966837;0.8630146;-1
140560;-0.619091;0.09725714;-0.01337784;0.520523;0.8294803;-0.2020059;-0.1578686;0.3260516;0.9317716;-1
140600;-0.6226558;0.0988728;-0.01234442;0.2827209;0.9483998;-0.1431239;-0.1289088;0.1854339;0.9739169;-1
140640;-0.6214698;0.09801173;-0.01534979;0.3809657;0.9004842;-0.207622;-0.1681258;0.2885858;0.9421065;-1
140680;-0.625555;0.09921223;-0.01422472;0.1989998;0.9676902;-0.1546072;-0.1117254;0.1792395;0.977279;-1
140720;-0.6241152;0.09832087;-0.01735717;0.2689452;0.9360592;-0.2262961;-0.1282046;0.2676545;0.9542793;-1
140760;-0.6286465;0.09939747;-0.01626964;0.07349998;0.9732795;-0.2172934;-0.06613926;0.2223067;0.9724811;-1
140800;-0.6269714;0.09831923;-0.01989986;0.10938;0.9484283;-0.2971717;-0.09858645;0.3080797;0.9459456;-1
140840;-0.6327467;0.09913485;-0.01788988;-0.02682084;0.9615614;-0.2731452;-0.05157453;0.2716098;0.9609314;-1
140880;-0.6374574;0.09856316;-0.01858444;-0.07076436;0.9541553;-0.2906704;-0.03165773;0.2891068;0.9566528;-1
140920;-0.6327513;0.09914257;0.01784265;-0.02688293;0.9616812;0.2727095;0.05143835;-0.2711852;0.9610633;-1
140960;-0.6374643;0.09857161;0.01853481;-0.07086603;0.9542906;0.2901978;0.03131627;-0.2886619;0.9568024;-1
141000;-0.6373731;0.09667601;0.02381112;-0.07158603;0.9210095;0.3828005;0.04319219;-0.3805668;0.9236376;-1
141040;-0.6305603;0.09684025;0.02441689;-0.01562535;0.92615;0.3767264;0.07495254;-0.3747071;0.9240443;-1
141080;-0.6320423;0.09467301;0.02871091;-0.05333462;0.8830466;0.4661431;0.05638568;-0.4634817;0.8842495;-1
141120;-0.6376756;0.09448887;0.02825755;-0.07679746;0.8732748;0.481088;0.03298593;-0.4799893;0.8765451;-1
141160;-0.6269874;0.09832978;0.01985305;0.1091263;0.9486035;0.2967081;0.09796197;-0.3075374;0.9461894;-1
141200;-0.6286526;0.09940489;0.01622275;0.07342029;0.9733799;0.2168638;0.06595001;-0.2218663;0.9726011;-1
141240;-0.6329204;0.09250566;0.03209272;-0.0843627;0.8212294;0.564327;0.04200108;-0.5629106;0.8254482;-1
141280;-0.6383774;0.09189776;0.03217537;-0.08507688;0.807841;0.5831914;0.001503393;-0.5851755;0.8107873;-1
141320;-0.6241286;0.09832966;0.01731182;0.2687374;0.9362234;0.2258742;0.1275578;-0.2670273;0.9545487;-1
141360;-0.6255665;0.09921989;0.01417909;0.1988737;0.9677762;0.1542301;0.1111577;-0.1787371;0.9774351;-1
141400;-0.6339169;0.08947951;0.03575002;-0.1004451;0.7481182;0.655912;0.001195952;-0.6591491;0.751989;-1
141440;-0.6391166;0.0889397;0.03568369;-0.08303391;0.7427444;0.664367;-0.02882336;-0.6681488;0.7433418;-1
141480;-0.6214825;0.0980202;0.01530686;0.3807955;0.900612;0.2073365;0.1673147;-0.287935;0.9424559;-1
141520;-0.6227255;0.09889908;0.01224812;0.2818481;0.9487368;0.1425654;0.1235405;-0.1833139;0.9748185;-1
141560;-0.6345621;0.08604179;0.0390807;-0.09591518;0.6858817;0.7213645;-0.0420224;-0.7268498;0.6855097;-1
141600;-0.6397086;0.08549593;0.03910776;-0.07480165;0.6888624;0.7209905;-0.06224609;-0.7247121;0.6859767;-1
141640;-0.6191368;0.09727545;0.01332007;0.5197275;0.8298329;0.2025152;0.1545851;-0.3245893;0.932695;-1
141680;-0.6200939;0.09819824;0.01064372;0.4076892;0.8998722;0.1543322;0.1043461;-0.2139487;0.970394;-1
141720;-0.6348118;0.08255899;0.04214664;-0.08020841;0.6436638;0.7610891;-0.1373884;-0.7630968;0.630814;-1
141760;-0.6401505;0.08187036;0.04228606;-0.07319472;0.6434706;0.7619392;-0.1143325;-0.764055;0.634331;-1
141800;-0.6167502;0.09596853;0.01120335;0.6327619;0.7336128;0.2472082;0.0845179;-0.3830261;0.9192601;-1
141840;-0.6174101;0.09700181;0.009069383;0.5227736;0.8241182;0.2152942;0.04151694;-0.276949;0.9585437;-1
141880;-0.6349255;0.07889777;0.04512922;-0.06219479;0.596306;0.8003442;-0.2316557;-0.7886223;0.5695702;-1
141920;-0.6403282;0.07788011;0.04548994;-0.0768482;0.590276;0.803527;-0.1625923;-0.8022752;0.5738841;-1
141960;-0.6139761;0.09413022;0.009116078;0.6456876;0.6568523;0.3865737;0.002604138;-0.5085516;0.8576095;-1
142000;-0.6145809;0.09545761;0.007538236;0.5514143;0.7575603;0.3470508;0.0161498;-0.4258677;0.9018722;-1
142040;-0.6119053;0.09400004;0.006604985;0.4898568;0.7148814;0.4971961;-0.03212251;-0.5555681;0.8289748;-1
142080;-0.6112297;0.09239767;0.007814032;0.5427873;0.6151827;0.5701996;-0.0006016642;-0.6790029;0.7313545;-1
142120;-0.6091989;0.09266762;0.006081648;0.3814273;0.7002254;0.6025751;-0.1002051;-0.6174108;0.7795606;-1
142160;-0.6129406;0.09229855;0.01023856;0.7046423;0.5650434;0.4235065;-0.01419796;-0.5859051;0.8047814;-1
142200;-0.6158325;0.09434702;0.01291132;0.7272521;0.6249779;0.2834341;0.08853206;-0.4951231;0.8640786;-1
142240;-0.6088299;0.09122939;0.007236255;0.3872543;0.6045633;0.6953573;-0.01467494;-0.7505051;0.6594469;-1
142280;-0.6060849;0.09149782;0.00570791;0.2668703;0.6975431;0.6645234;-0.1851428;-0.6399032;0.7456582;-1
142320;-0.6058581;0.09011132;0.006802101;0.2628444;0.6086907;0.7483456;-0.04342375;-0.767525;0.639471;-1
142360;-0.6105753;0.09070712;0.008836068;0.5648717;0.5679466;0.5972669;-0.01287089;-0.7182108;0.6924122;-1
142400;-0.6083471;0.08959533;0.008186419;0.3901361;0.5749208;0.7186329;0.03262851;-0.7888401;0.6119125;-1
142440;-0.6055882;0.08865401;0.007740845;0.2513905;0.5922474;0.7654235;0.08993934;-0.8017364;0.5908296;-1
142480;-0.6077709;0.08795126;0.009262551;0.3865336;0.6171225;0.6848445;0.01294606;-0.7462221;0.6632919;-1
142520;-0.605143;0.08713402;0.00879273;0.231664;0.6432253;0.7297389;0.1608293;-0.7651436;0.6234257;-1
142560;-0.609845;0.08894001;0.009924311;0.5629097;0.5853906;0.5819337;-0.04982094;-0.678992;0.7278991;-1
142600;-0.6118951;0.0902362;0.0111501;0.7156236;0.5358801;0.4414179;-0.03907244;-0.6003749;0.7920284;-1
142640;-0.6069642;0.08633159;0.01037312;0.3634483;0.6997852;0.6144181;0.08233901;-0.6808702;0.7239594;-1
142680;-0.6045101;0.08568293;0.009992832;0.1999119;0.7257661;0.6581094;0.2178419;-0.6877018;0.6919552;-1
142720;-0.6088145;0.08713892;0.01105125;0.5279375;0.6542341;0.5392193;-0.02082143;-0.6240761;0.7740633;-1
142760;-0.6057634;0.08493358;0.01153164;0.2987446;0.829314;0.4719993;0.2109813;-0.5387092;0.811616;-1
142800;-0.603749;0.08471458;0.01113957;0.1615906;0.8479419;0.5046964;0.2431528;-0.5295573;0.811727;-1
142840;-0.614597;0.0922585;0.0138104;0.7794353;0.5405098;0.3121199;0.0991727;-0.5990647;0.7917703;-1
142880;-0.6106637;0.08820935;0.01214163;0.6789283;0.5845737;0.437445;-0.02890699;-0.5733353;0.8095323;-1
142920;-0.6075583;0.0853423;0.01243322;0.4535194;0.7872384;0.4162585;0.1010517;-0.5078144;0.8479488;-1
142960;-0.6047127;0.08431755;0.01246449;0.216432;0.9318883;0.2906792;0.286272;-0.3439379;0.8916957;-1
143000;-0.6029689;0.08423142;0.01204083;0.1215266;0.928417;0.3508925;0.2944942;-0.370956;0.8800007;-1
143040;-0.6035438;0.08385037;0.01350493;0.1651027;0.9671908;0.1923545;0.3697813;-0.2407843;0.8962184;-1
143080;-0.6021068;0.0837436;0.01317432;0.09761378;0.9633579;0.2496576;0.3365186;-0.2678306;0.9024655;-1
143120;-0.6053197;0.08408353;0.01426146;0.2542605;0.9584405;0.1262209;0.3506708;-0.2108645;0.9090264;-1
143160;-0.6064209;0.08452114;0.01345491;0.3398981;0.9156045;0.2131077;0.2529092;-0.3043814;0.9122958;-1
143200;-0.6069215;0.08450732;0.01525426;0.3760497;0.9238561;0.05535005;0.3405176;-0.1897728;0.9145364;-1
143240;-0.6078722;0.08505005;0.01436189;0.4716213;0.8671306;0.156127;0.198528;-0.274646;0.9357929;-1
143280;-0.6081399;0.08514014;0.01623052;0.4616874;0.8853564;0.03373724;0.2868103;-0.1822772;0.935827;-1
143320;-0.6090957;0.08604181;0.01331618;0.5939195;0.7134697;0.3664356;0.03231163;-0.4750175;0.872009;-1
143360;-0.6093904;0.0857656;0.01549067;0.566763;0.8110723;0.1334496;0.2186239;-0.3045893;0.9238085;-1
143400;-0.6093894;0.08572501;0.01734239;0.4980796;0.8647984;0.02026648;0.2348413;-0.1547364;0.9549143;-1
143440;-0.6106761;0.08697248;0.01478191;0.7022985;0.639569;0.2973799;0.1027194;-0.5058728;0.846496;-1
143480;-0.6107806;0.08652845;0.01694115;0.6178777;0.7739201;0.107647;0.2755176;-0.3420796;0.8912166;-1
143520;-0.610507;0.08625817;0.01886123;0.5272564;0.8453593;0.0004919083;0.1501041;-0.08998652;0.9794455;-1
143560;-0.6127271;0.08955117;0.0142705;0.7728103;0.5328041;0.3319741;0.0723948;-0.5949036;0.7922623;-1
143600;-0.6118866;0.08714625;0.01878399;0.6534549;0.7452453;0.08051665;0.282901;-0.3411682;0.8891143;-1
143640;-0.611404;0.08680061;0.02057345;0.5499096;0.8289391;-0.0168817;0.0860296;-0.03172305;0.9917646;-1
143680;-0.6124302;0.08811107;0.01686871;0.7650313;0.5835918;0.2481128;0.1733545;-0.5618492;0.7983558;-1
143720;-0.6145495;0.09080817;0.01685409;0.804245;0.521139;0.268613;0.1716909;-0.6412116;0.7409601;-1
143760;-0.6126758;0.08767682;0.02071646;0.6677719;0.7338724;0.054401;0.2509242;-0.2920375;0.917049;-1
143800;-0.6121569;0.08736458;0.02252426;0.5649025;0.817504;-0.02893172;0.06176365;-0.002562402;0.9950152;-1
143840;-0.6134506;0.08882779;0.01894287;0.7898305;0.5700265;0.1924093;0.21296;-0.5555384;0.7942635;-1
143880;-0.6165276;0.09382536;0.01625335;0.760781;0.5908589;0.2681192;0.1926197;-0.6002971;0.7760943;-1
143920;-0.6132669;0.08813193;0.02272247;0.6621283;0.7403325;0.03045869;0.2264799;-0.2362282;0.9405079;-1
143960;-0.6126434;0.08777007;0.0248978;0.5773923;0.8096603;-0.004343521;0.07902969;-0.0473576;0.9928396;-1
144000;-0.6142982;0.08939588;0.02105428;0.7877189;0.5835568;0.1562238;0.1892723;-0.4753837;0.8526412;-1
144040;-0.6158054;0.09164678;0.0191311;0.7959346;0.5467246;0.2428877;0.2014171;-0.6217946;0.751637;-1
144080;-0.6177924;0.09576902;0.01523041;0.6542901;0.7139555;0.2487784;0.1647148;-0.4557916;0.8744637;-1
144120;-0.6137418;0.08857489;0.025156;0.6455121;0.7552222;0.0335963;0.244265;-0.2455021;0.9342525;-1
144160;-0.6129374;0.08787492;0.02767223;0.5888517;0.7993125;0.05964733;0.1091746;-0.1501762;0.979763;-1
144200;-0.6150233;0.08986485;0.02332181;0.7625048;0.6259937;0.1138188;0.19876;-0.3953428;0.8927082;-1
144240;-0.616851;0.09223084;0.02152943;0.7636131;0.5994747;0.2256714;0.1655518;-0.5202895;0.8349028;-1
144280;-0.6179304;0.09450479;0.01879868;0.6984487;0.6608688;0.2737814;0.2305693;-0.5704288;0.7879881;-1
144320;-0.619841;0.09667541;0.01744589;0.534161;0.8037109;0.2613582;0.2088379;-0.4253671;0.8801339;-1
144360;-0.6139339;0.08868098;0.0278783;0.6121473;0.7788584;0.08250902;0.2435904;-0.2846004;0.9239234;-1
144400;-0.6129997;0.08758441;0.0305609;0.6005007;0.7814819;0.1396289;0.1243888;-0.2639523;0.9537373;-1
144440;-0.6153955;0.09006396;0.02569546;0.703116;0.6940959;0.1045538;0.2491027;-0.3784897;0.8884367;-1
144480;-0.6175289;0.09235989;0.02394701;0.7096897;0.6687121;0.2116965;0.175936;-0.4585287;0.8694404;-1
144520;-0.6191513;0.09484561;0.02132411;0.6127878;0.7368607;0.2849435;0.2090903;-0.4992504;0.840583;-1
144560;-0.6220521;0.09710802;0.01968824;0.4126951;0.8667663;0.2792939;0.1802886;-0.3786943;0.9073098;-1
144600;-0.6140829;0.08843935;0.03083582;0.5782326;0.7907001;0.1714073;0.1923677;-0.3363408;0.9191788;-1
144640;-0.6128167;0.08681944;0.03333315;0.594198;0.7579238;0.2537958;0.09355459;-0.3802834;0.9182779;-1
144680;-0.615862;0.09009302;0.02839792;0.6203017;0.7620604;0.1566355;0.2480025;-0.3792577;0.8891187;-1
144720;-0.6203442;0.09479237;0.02395594;0.5123089;0.8053367;0.2977543;0.1935931;-0.4463838;0.873313;-1
144760;-0.6241112;0.09696603;0.02233539;0.2642173;0.9088116;0.322348;0.1556833;-0.3703256;0.9153093;-1
144800;-0.6180569;0.09219649;0.02641821;0.6270247;0.7437342;0.2271554;0.1884914;-0.427169;0.883507;-1
144840;-0.6139846;0.08770257;0.03378399;0.5410427;0.7785735;0.3012688;0.08493502;-0.4087794;0.9072934;-1
144880;-0.6126659;0.08558241;0.03590879;0.575788;0.7179046;0.3815869;0.05183034;-0.5000124;0.8630728;-1
144920;-0.6258353;0.09609745;0.02562222;0.151646;0.9133457;0.3775927;0.1362122;-0.3978154;0.9069779;-1
144960;-0.621332;0.09447484;0.02651427;0.403632;0.8515888;0.3340273;0.1750243;-0.430476;0.8851305;-1
145000;-0.618551;0.09184715;0.02923411;0.521724;0.8015965;0.288565;0.169274;-0.4285496;0.8869744;-1
145040;-0.6161677;0.08966467;0.03149872;0.5295608;0.8050883;0.2539096;0.1877653;-0.40338;0.8942258;-1
145080;-0.6139211;0.08631122;0.03668387;0.5222422;0.7282435;0.4329638;0.002248697;-0.5112463;0.8588457;-1
145120;-0.6123829;0.08394814;0.03818484;0.5660138;0.666133;0.4801531;0.01152548;-0.5900015;0.8058792;-1
145160;-0.6270939;0.09455673;0.02924793;0.06808124;0.8920617;0.446552;0.0953282;-0.4513797;0.8869664;-1
145200;-0.6223776;0.09355231;0.02971709;0.295379;0.8681881;0.3985605;0.1297743;-0.4498626;0.8833678;-1
145240;-0.6163207;0.08865419;0.03463453;0.443072;0.8016815;0.3934866;0.07933065;-0.4739092;0.8765354;-1
145280;-0.6189265;0.09092818;0.03240789;0.3996816;0.8292404;0.3884652;0.1154552;-0.4659114;0.8769236;-1
145320;-0.6137933;0.08460584;0.03912535;0.4972743;0.6742051;0.5379528;-0.1134875;-0.5658683;0.8161607;-1
145360;-0.6120331;0.08210441;0.04018693;0.5589659;0.6195941;0.5475497;-0.007517546;-0.6570581;0.7518865;-1
145400;-0.6279385;0.09274922;0.03245956;-0.007064126;0.8420874;0.5391631;0.06182098;-0.5377051;0.8406072;-1
145440;-0.6231841;0.09217642;0.03273459;0.1904843;0.8500467;0.4909395;0.07595711;-0.511345;0.8557562;-1
145480;-0.6163562;0.08701208;0.03760027;0.3741983;0.7611173;0.5240149;-0.0191986;-0.5597073;0.827994;-1
145520;-0.6191795;0.08947538;0.03550479;0.290458;0.8067783;0.5129672;0.04756075;-0.547832;0.8349593;-1
145560;-0.6135577;0.08258682;0.04124379;0.4816338;0.627261;0.6059189;-0.169046;-0.6132805;0.7708087;-1
145600;-0.6115637;0.08016461;0.04185009;0.5565878;0.5757007;0.5964181;-0.02343082;-0.707184;0.7045405;-1
145640;-0.6286829;0.09014599;0.03593957;-0.06413529;0.770645;0.6339293;0.01640347;-0.6342325;0.7727137;-1
145680;-0.623711;0.09014277;0.03595593;0.1003386;0.7989529;0.5928738;0.02188367;-0.5974259;0.8013616;-1
145720;-0.6192735;0.08733043;0.03849505;0.2087635;0.7548673;0.6205927;-0.02918159;-0.6297337;0.7760256;-1
145760;-0.6162574;0.08496971;0.04015352;0.3318054;0.7073658;0.6199136;-0.1305428;-0.6174412;0.7750998;-1
145800;-0.6291112;0.08692892;0.03916886;-0.09586702;0.6946473;0.7128677;-0.03853001;-0.7179871;0.694539;-1
145840;-0.6240267;0.08756158;0.03908554;0.03029723;0.7285437;0.6842681;-0.02622449;-0.6836176;0.7291061;-1
145880;-0.6191185;0.08494127;0.04118666;0.153543;0.6894242;0.7071621;-0.1080367;-0.6999055;0.7057404;-1
145920;-0.6292285;0.08361785;0.04200759;-0.09266505;0.6364723;0.7656685;-0.1334339;-0.7696431;0.6236373;-1
145960;-0.6239607;0.08458979;0.04183469;-0.009872019;0.6536694;0.7566761;-0.09869985;-0.7533681;0.6496096;-1
146000;-0.6291094;0.08017488;0.04462254;-0.06633045;0.5853965;0.8080056;-0.2347405;-0.7959105;0.5573879;-1
146040;-0.6235702;0.08153941;0.0441386;-0.01886802;0.5857781;0.8102317;-0.1857993;-0.7980319;0.5726635;-1
146080;-0.6161112;0.08273841;0.04242736;0.3082044;0.6482883;0.6925437;-0.1947947;-0.6706538;0.7150863;-1
146120;-0.6187397;0.08234708;0.04345713;0.1202826;0.6164483;0.7773208;-0.1892865;-0.7548236;0.6277907;-1
146160;-0.6227239;0.0782713;0.0462936;-7.878989e-05;0.5288088;0.8487291;-0.2657452;-0.8178859;0.509523;-1
146200;-0.6283631;0.07652128;0.04710443;-0.03045799;0.5351604;0.8441867;-0.3031886;-0.8093529;0.5021003;-1
146240;-0.618022;0.07963361;0.04533768;0.1166508;0.5494353;0.8264618;-0.2693172;-0.7837667;0.5589272;-1
146280;-0.6153616;0.08034286;0.04422591;0.3022889;0.5821788;0.7515196;-0.2785456;-0.7004011;0.6561186;-1
146320;-0.6342854;0.0748671;0.04798082;-0.04087255;0.5384184;0.841683;-0.2622394;-0.8186126;0.5109331;-1
146360;-0.6396825;0.07326864;0.04869309;-0.06956813;0.5275928;0.8466392;-0.1929884;-0.8395509;0.5073415;-1
146400;-0.6266667;0.07283852;0.04934227;0.008908689;0.4817114;0.8762723;-0.3456575;-0.8202934;0.4542851;-1
146440;-0.6330247;0.07046261;0.05067645;-0.01640774;0.4803672;0.8769135;-0.3129826;-0.8353833;0.4517611;-1
146480;-0.6387055;0.06814469;0.05165257;-0.05000667;0.4653756;0.8836923;-0.2432857;-0.8634495;0.4409004;-1
146520;-0.6358622;0.06328136;0.05416522;-0.009880573;0.3998708;0.9164979;-0.2738582;-0.8821228;0.3817533;-1
146560;-0.6305721;0.066311;0.0527649;0.02437513;0.4202216;0.9070778;-0.3494139;-0.8462329;0.4012734;-1
146600;-0.6306828;0.05962892;0.05547106;0.05021654;0.3426377;0.938099;-0.2752237;-0.8978274;0.3425229;-1
146640;-0.6211476;0.07508937;0.04808888;0.03978858;0.4758144;0.8786387;-0.3352669;-0.8217266;0.460098;-1
146680;-0.626724;0.06301069;0.05395805;0.07767279;0.3666483;0.9270969;-0.3601452;-0.8565565;0.3688209;-1
146720;-0.6245187;0.05669309;0.05590305;0.100876;0.3071661;0.9462793;-0.2662812;-0.9079036;0.3230371;-1
146760;-0.6241164;0.06962669;0.05091657;0.05579534;0.4254297;0.9032456;-0.392685;-0.8219507;0.4111898;-1
146800;-0.6167192;0.07696523;0.04674582;0.1380891;0.4922665;0.8593947;-0.3606977;-0.7831401;0.5065446;-1
146840;-0.6213115;0.0607789;0.05408157;0.112842;0.3373131;0.9346038;-0.3660123;-0.8603415;0.3546981;-1
146880;-0.6175647;0.05466901;0.05563249;0.1046236;0.2941857;0.9499735;-0.2452333;-0.9178281;0.3111767;-1
146920;-0.6154906;0.0588249;0.05404952;0.1102713;0.3364733;0.9351558;-0.3346967;-0.8731467;0.353564;-1
146960;-0.6190214;0.07237951;0.04931635;0.09046926;0.4270456;0.8996899;-0.3968289;-0.8129938;0.4257589;-1
147000;-0.621612;0.06672777;0.05190609;0.09849893;0.379905;0.9197433;-0.4228208;-0.8203719;0.3839909;-1
147040;-0.6177888;0.06463727;0.05229164;0.1390004;0.3561068;0.9239307;-0.4401892;-0.8135054;0.3794685;-1
147080;-0.6129788;0.06291479;0.05217262;0.149686;0.3918877;0.9076272;-0.4135354;-0.8089409;0.4174218;-1
147120;-0.6169627;0.06999078;0.05018792;0.1446992;0.3906958;0.9089836;-0.4338067;-0.8005428;0.4130471;-1
147160;-0.6142918;0.06803939;0.05052521;0.2187229;0.3826553;0.8975301;-0.4379667;-0.7834346;0.4404832;-1
147200;-0.6110439;0.0663248;0.05021827;0.2342236;0.4507542;0.8612138;-0.415916;-0.7542878;0.5078564;-1
147240;-0.6152789;0.07448514;0.04778548;0.1903859;0.4515173;0.8716339;-0.4438553;-0.7524037;0.4867031;-1
147280;-0.6120619;0.07058997;0.04856207;0.3266542;0.4304624;0.8413994;-0.4508662;-0.7113615;0.5390065;-1
147320;-0.6097087;0.06902315;0.04821899;0.3162782;0.4847086;0.8153303;-0.4484701;-0.6809674;0.5787629;-1
147360;-0.6139296;0.07231684;0.04853986;0.2545872;0.4287212;0.8664937;-0.4678301;-0.7296662;0.4985775;-1
147400;-0.6145009;0.07782264;0.04556862;0.3070648;0.5225893;0.7936947;-0.3944382;-0.688913;0.6073604;-1
147440;-0.6105698;0.07213211;0.04701037;0.3938992;0.4670064;0.791;-0.4798027;-0.6291078;0.6103661;-1
147480;-0.6083757;0.0707161;0.04669572;0.3543587;0.4931057;0.7942247;-0.3938558;-0.6911123;0.6049221;-1
147520;-0.6133324;0.07557535;0.04650169;0.3446898;0.4845359;0.8025844;-0.4738149;-0.6485154;0.5950955;-1
147560;-0.6121736;0.07362962;0.0470235;0.386497;0.462594;0.7962183;-0.4899926;-0.6285139;0.6028158;-1
147600;-0.6130536;0.08044711;0.04300432;0.4757368;0.574246;0.6614084;-0.2384082;-0.6407561;0.7289802;-1
147640;-0.6123653;0.07825623;0.04427396;0.4693971;0.5227224;0.7074868;-0.3326577;-0.6383619;0.69178;-1
147680;-0.6108594;0.07832693;0.04293212;0.5652928;0.5336903;0.6283185;-0.1176122;-0.7021608;0.7022371;-1
147720;-0.6115505;0.07625899;0.04511917;0.4784066;0.4952391;0.7217197;-0.4115029;-0.6002233;0.6833142;-1
147760;-0.6102872;0.0766159;0.04372357;0.5325847;0.5250081;0.6605099;-0.274174;-0.6327779;0.72378;-1
147800;-0.6107074;0.07451487;0.04561332;0.4654131;0.4899825;0.7337687;-0.4549079;-0.5782994;0.6746012;-1
147840;-0.6096039;0.07511375;0.04434524;0.4750036;0.5326386;0.6967474;-0.3782013;-0.5914321;0.7104854;-1
147880;-0.6095245;0.07305597;0.04585284;0.4263608;0.5091389;0.7464156;-0.4538388;-0.5923228;0.6636537;-1
147920;-0.6085642;0.0736991;0.04487544;0.4146347;0.5409243;0.7306002;-0.4257537;-0.5932503;0.681343;-1
147960;-0.608084;0.07207452;0.04568119;0.3638125;0.5285714;0.7665664;-0.3956079;-0.6564075;0.6406761;-1
148000;-0.6072416;0.07287459;0.04482488;0.2935852;0.541003;0.7877548;-0.4447559;-0.6507033;0.6129649;-1
148040;-0.6327467;0.09913485;-0.01788988;-0.02682084;0.9615614;-0.2731452;-0.05157453;0.2716098;0.9609314;-1
148080;-0.6374574;0.09856316;-0.01858444;-0.07076436;0.9541553;-0.2906704;-0.03165773;0.2891068;0.9566528;-1
148120;-0.6378982;0.1000956;-0.01244815;-0.0514387;0.9818969;-0.1821248;-0.01884153;0.1813629;0.9831239;-1
148160;-0.6332122;0.1002633;-0.01190143;0.003347225;0.989464;-0.1444094;-0.03122783;0.1444375;0.9888301;-1
148200;-0.6381275;0.1009628;-0.00599446;-0.01167841;0.9955361;-0.09341824;-0.01391436;0.09321328;0.9954578;-1
148240;-0.6286465;0.09939747;-0.01626964;0.07349998;0.9732795;-0.2172934;-0.06613926;0.2223067;0.9724811;-1
148280;-0.6335051;0.1008147;-0.005804727;0.04035011;0.9970072;-0.06536487;-0.0275217;0.06643492;0.9972205;-1
148320;-0.6292098;0.1001651;-0.0111439;0.0806099;0.990732;-0.1089377;-0.06272937;0.1141192;0.9911799;-1
148360;-0.625555;0.09921223;-0.01422472;0.1989998;0.9676902;-0.1546072;-0.1117254;0.1792395;0.977279;-1
148400;-0.629615;0.1005233;-0.005483085;0.08808428;0.9947895;-0.05059841;-0.03833092;0.05405205;0.9975459;-1
148440;-0.6263213;0.09979336;-0.01001622;0.1631869;0.982677;-0.08754363;-0.08956215;0.103054;0.9903945;-1
148480;-0.6226558;0.0988728;-0.01234442;0.2827209;0.9483998;-0.1431239;-0.1289088;0.1854339;0.9739169;-1
148520;-0.6268141;0.1002203;-0.00505687;0.1496934;0.9875283;-0.04806167;-0.04349702;0.05500535;0.9972216;-1
148560;-0.623319;0.09937948;-0.008904602;0.2281068;0.9695582;-0.0881625;-0.09754086;0.1126805;0.9884196;-1
148600;-0.6199386;0.0981438;-0.01079117;0.4101362;0.8990024;-0.153167;-0.1183756;0.2189479;0.9682885;-1
148640;-0.6239331;0.09970878;-0.004660603;0.2033008;0.9776893;-0.05167788;-0.05989463;0.06478105;0.9954864;-1
148680;-0.6203925;0.09869654;-0.007759184;0.327773;0.9377891;-0.1063676;-0.09669388;0.1446326;0.9842287;-1
148720;-0.6171657;0.09691744;-0.00922218;0.5289666;0.8219602;-0.2091433;-0.0669662;0.2857018;0.9556715;-1
148760;-0.6207536;0.09905592;-0.004163317;0.2718749;0.9594417;-0.06279163;-0.0731696;0.0849778;0.992897;-1
148800;-0.6174906;0.09764382;-0.006734535;0.4289997;0.8875889;-0.160751;-0.08460377;0.215686;0.9721872;-1
148840;-0.6142511;0.0953466;-0.007619955;0.566686;0.7522796;-0.3346405;-0.05491398;0.4391719;0.8950084;-1
148880;-0.6178716;0.09815241;-0.003708012;0.3455069;0.9329687;-0.09160055;-0.07739193;0.1248458;0.9883502;-1
148920;-0.6145579;0.0963245;-0.005647652;0.4707104;0.8444921;-0.2520311;-0.08800846;0.3280067;0.9392793;-1
148960;-0.6149092;0.09703505;-0.003209606;0.3755454;0.9152387;-0.1451777;-0.08094472;0.1877063;0.9776343;-1
149000;-0.6115503;0.0938793;-0.00652951;0.5166281;0.7057804;-0.4841077;-0.01197558;0.5705106;0.8198393;-1
149040;-0.611852;0.0951187;-0.004789725;0.4526928;0.8176852;-0.3554572;-0.02820555;0.4112734;0.9101869;-1
149080;-0.612132;0.09597714;-0.002618261;0.394322;0.8971387;-0.1988963;-0.08604915;0.2511619;0.9633347;-1
149120;-0.6092809;0.09476048;-0.002240896;0.3874935;0.8923482;-0.2313043;-0.02943498;0.2626047;0.9638136;-1
149160;-0.6090758;0.09381767;-0.004321173;0.3992182;0.8061682;-0.4365846;0.0439334;0.4587167;0.8868243;-1
149200;-0.6062192;0.09363693;-0.002196783;0.2551639;0.9249176;-0.2816922;0.02650254;0.2844799;0.9578857;-1
149240;-0.6089512;0.09258303;-0.005903713;0.406166;0.6918292;-0.5968387;0.06843537;0.6282061;0.7743073;-1
149280;-0.6060565;0.09266058;-0.004114715;0.2719906;0.8113954;-0.5171855;0.1465483;0.4962769;0.855204;-1
149320;-0.605979;0.09145966;-0.00557703;0.27948;0.6931933;-0.6641853;0.1709628;0.6447979;0.7446216;-1
149360;-0.6154906;0.0588249;0.05404952;0.1102713;0.3364733;0.9351558;-0.3346967;-0.8731467;0.353564;-1
149400;-0.6175647;0.05466901;0.05563249;0.1046236;0.2941857;0.9499735;-0.2452333;-0.9178281;0.3111767;-1
149440;-0.6103981;0.0530604;0.05540919;0.06799677;0.2938034;0.9534288;-0.2311889;-0.9249247;0.3014998;-1
149480;-0.6082408;0.05816843;0.05357974;0.06692234;0.358514;0.9311082;-0.3177686;-0.8768691;0.3604716;-1
149520;-0.6030063;0.05149353;0.05551716;0.06395841;0.2812122;0.9575102;-0.2360259;-0.9279912;0.2883095;-1
149560;-0.5989453;0.0589847;0.05283506;0.06626572;0.3696074;0.9268132;-0.284649;-0.8832551;0.3725931;-1
149600;-0.5961426;0.04995669;0.0553736;0.1053642;0.2473697;0.9631679;-0.2280116;-0.9367467;0.2655293;-1
149640;-0.6129788;0.06291479;0.05217262;0.149686;0.3918877;0.9076272;-0.4135354;-0.8089409;0.4174218;-1
149680;-0.592019;0.05636327;0.05310578;0.1221874;0.3155681;0.9409916;-0.2452233;-0.9091045;0.3367208;-1
149720;-0.607287;0.06216455;0.0516867;0.08602415;0.4648458;0.8811501;-0.4103788;-0.7893341;0.4564891;-1
149760;-0.6110439;0.0663248;0.05021827;0.2342236;0.4507542;0.8612138;-0.415916;-0.7542878;0.5078564;-1
149800;-0.6066415;0.06548175;0.04945023;0.1251341;0.5550582;0.8222805;-0.4178782;-0.722178;0.5510914;-1
149840;-0.6097087;0.06902315;0.04821899;0.3162782;0.4847086;0.8153303;-0.4484701;-0.6809674;0.5787629;-1
149880;-0.5915323;0.06417109;0.04991661;0.09440271;0.45224;0.8868793;-0.2626071;-0.847994;0.4603665;-1
149920;-0.5868727;0.06245159;0.05007623;0.1602677;0.4024398;0.9012983;-0.2432994;-0.8688252;0.431207;-1
149960;-0.6006928;0.06304158;0.05089104;0.02976975;0.5007476;0.8650558;-0.3556486;-0.8034608;0.477345;-1
150000;-0.6062195;0.0682043;0.04738247;0.1484207;0.580322;0.8006979;-0.4243078;-0.6939717;0.5816232;-1
150040;-0.6083757;0.0707161;0.04669572;0.3543587;0.4931057;0.7942247;-0.3938558;-0.6911123;0.6049221;-1
150080;-0.5861649;0.06879896;0.04631965;0.1330279;0.5474654;0.8261824;-0.1688047;-0.8088974;0.5631923;-1
150120;-0.582045;0.06817193;0.04587381;0.1997802;0.5194461;0.8308094;-0.1545413;-0.8205886;0.5502185;-1
150160;-0.5813885;0.07288606;0.04187216;0.1660118;0.6806274;0.7135569;-0.05572894;-0.7159691;0.6958932;-1
150200;-0.5948309;0.06628996;0.04882257;0.03058583;0.5401219;0.8410201;-0.2831832;-0.8022372;0.525518;-1
150240;-0.6017659;0.06617458;0.04871844;0.003684558;0.5995122;0.800317;-0.4016493;-0.7320061;0.5502066;-1
150280;-0.6059282;0.07046746;0.04594722;0.1432233;0.5655026;0.8122004;-0.4158428;-0.7103207;0.5678932;-1
150320;-0.608084;0.07207452;0.04568119;0.3638125;0.5285714;0.7665664;-0.3956079;-0.6564075;0.6406761;-1
150360;-0.6072416;0.07287459;0.04482488;0.2935852;0.541003;0.7877548;-0.4447559;-0.6507033;0.6129649;-1
150400;-0.5901508;0.06984547;0.04603603;0.0582484;0.6213587;0.7813555;-0.2004205;-0.7594707;0.6188959;-1
150440;-0.586212;0.07302308;0.04260816;0.07912213;0.7284748;0.680484;-0.113237;-0.6716386;0.7321717;-1
150480;-0.5972103;0.06829533;0.04735937;-0.02204886;0.6225309;0.7822529;-0.3099829;-0.7481171;0.5866377;-1
150520;-0.6021092;0.06863193;0.04682241;0.01162603;0.6241;0.781214;-0.3896978;-0.7166522;0.5783223;-1
150560;-0.5933164;0.07101941;0.04510324;0.004400127;0.6840751;0.7293714;-0.2406175;-0.7072153;0.6647528;-1
150600;-0.585361;0.07578433;0.03907583;0.05440744;0.8003743;0.5970125;-0.03093098;-0.5962629;0.8021862;-1
150640;-0.5819488;0.0762507;0.03813586;0.0956377;0.791698;0.6033584;0.005207956;-0.6065304;0.7950319;-1
150680;-0.5906337;0.07358538;0.04230704;0.02178638;0.7561505;0.6540127;-0.1877764;-0.6394387;0.7455482;-1
150720;-0.5853223;0.07787102;0.0357369;-0.002798192;0.8688675;0.4950126;0.03192437;-0.4946882;0.8684741;-1
150760;-0.5827079;0.07853493;0.03460595;0.02506052;0.8689684;0.4942042;0.05341611;-0.4948174;0.8673392;-1
150800;-0.5887305;0.07576616;0.03934674;0.02025193;0.8194843;0.5727214;-0.09149231;-0.5689219;0.8172764;-1
150840;-0.5858887;0.07941945;0.03267563;-0.04785877;0.9104588;0.410803;0.06705134;-0.4074202;0.9107695;-1
150880;-0.5835983;0.08013391;0.03131811;-0.03510441;0.9168257;0.3977197;0.05727089;-0.3954675;0.916685;-1
150920;-0.5883176;0.07755387;0.03636811;-0.002064653;0.8753998;0.48337;0.01866664;-0.4832566;0.8752688;-1
150960;-0.5866918;0.08063953;0.0294759;-0.08589709;0.9372091;0.3380235;0.06318138;-0.3334706;0.9406406;-1
151000;-0.5843958;0.08143336;0.02782368;-0.07618744;0.9392884;0.3345542;0.0453979;-0.3319145;0.9422135;-1
151040;-0.5885158;0.07890697;0.03346854;-0.03006499;0.9123238;0.4083436;0.06872834;-0.4056779;0.9114224;-1
151080;-0.5890614;0.08012313;0.03046027;-0.05482243;0.9399215;0.336948;0.07348149;-0.332743;0.9401482;-1
151120;-0.5876266;0.08167168;0.02602018;-0.1301159;0.9526244;0.2749077;0.09014203;-0.2647515;0.9600942;-1
151160;-0.585506;0.08241738;0.02444889;-0.136801;0.9485977;0.2853895;0.1015041;-0.2731585;0.9565985;-1
151200;-0.5906469;0.07877441;0.03370331;0.07763946;0.9094239;0.408508;0.04905168;-0.4127412;0.9095078;-1
151240;-0.5910311;0.07751134;0.03643167;0.0614582;0.8718581;0.4858376;0.004525684;-0.4870044;0.8733624;-1
151280;-0.5897493;0.08105613;0.0270895;-0.085035;0.9612646;0.2621693;0.09145123;-0.2544831;0.9627432;-1
151320;-0.5888531;0.08237328;0.02229148;-0.1913909;0.9521866;0.2381215;0.1410885;-0.2133992;0.9667234;-1
151360;-0.5869362;0.08310553;0.02089015;-0.2074033;0.9362149;0.2836878;0.1359687;-0.2595917;0.9560983;-1
151400;-0.5919052;0.07595423;0.03906511;0.04392183;0.8227094;0.5667088;-0.1040394;-0.5604219;0.8216224;-1
151440;-0.5906861;0.08182748;0.0234588;-0.13835;0.9694927;0.2023138;0.1184119;-0.1866251;0.9752523;-1
151480;-0.5903197;0.08297339;0.01837555;-0.2654261;0.9193727;0.2903376;0.1388891;-0.2615384;0.9551476;-1
151520;-0.5885234;0.08397923;0.01713932;-0.2658701;0.8902583;0.3697912;0.1231827;-0.3490797;0.928961;-1
151560;-0.5934051;0.07416487;0.04152362;0.0268589;0.7704216;0.6369236;-0.1740667;-0.6238294;0.7619085;-1
151600;-0.5918441;0.08229582;0.01953365;-0.2071386;0.9557999;0.208641;0.1249876;-0.1856688;0.9746137;-1
151640;-0.5918122;0.08382775;0.01483691;-0.3380075;0.8377675;0.4288294;0.1608893;-0.3975045;0.9033853;-1
151680;-0.5902759;0.08498789;0.01399555;-0.3176341;0.8054531;0.5003474;0.1079356;-0.4935316;0.8630036;-1
151720;-0.5920637;0.08627723;0.01126221;-0.321361;0.6929702;0.6453797;0.06247165;-0.6645311;0.7446434;-1
151760;-0.595719;0.07230018;0.04373627;0.005199149;0.7108401;0.7032906;-0.2379096;-0.6822357;0.6913124;-1
151800;-0.5930771;0.08291277;0.01574156;-0.2822697;0.9022121;0.3260909;0.1665602;-0.2886624;0.9428305;-1
151840;-0.5935546;0.0849468;0.01186487;-0.3298353;0.7250048;0.604627;0.1460816;-0.5935571;0.7914221;-1
151880;-0.5945196;0.08762968;0.008932314;-0.2572537;0.6011482;0.7565858;0.04434309;-0.7747695;0.6306809;-1
151920;-0.5986292;0.07026234;0.04561828;-0.02270392;0.6587985;0.7519335;-0.2972344;-0.7225532;0.6240885;-1
151960;-0.5947766;0.08367757;0.01275427;-0.2803974;0.8078178;0.5184587;0.221397;-0.4711359;0.8538153;-1
152000;-0.5959992;0.08624631;0.009521468;-0.2243507;0.6383412;0.7363018;0.1270374;-0.7299653;0.671564;-1
152040;-0.5984975;0.08932784;0.006605246;-0.1414906;0.5960419;0.7903399;-0.03418271;-0.80085;0.5978655;-1
152080;-0.6025022;0.070986;0.0450488;0.05383815;0.5907521;0.8050247;-0.3281401;-0.7509605;0.5730128;-1
152120;-0.5969122;0.08478919;0.01058628;-0.1754804;0.7157642;0.6759022;0.2342425;-0.6364851;0.7348414;-1
152160;-0.6053391;0.07213585;0.04467632;0.1450185;0.5253736;0.8383858;-0.3839022;-0.7509532;0.5369797;-1
152200;-0.5975333;0.0736445;0.04261694;0.1048304;0.6667213;0.7378575;-0.1355601;-0.7254474;0.6747567;-1
152240;-0.5997811;0.07221818;0.04405939;0.04839557;0.6187749;0.7840487;-0.2133129;-0.7604649;0.613318;-1
152280;-0.6027325;0.07273245;0.04400692;0.1055577;0.5143844;0.8509495;-0.2315271;-0.8195172;0.5240598;-1
152320;-0.595621;0.07508504;0.04084487;0.1496131;0.7221733;0.6752977;-0.1020485;-0.6680625;0.7370443;-1
152360;-0.5944177;0.07663244;0.03866465;0.1976109;0.7736829;0.6019213;-0.06472389;-0.6024034;0.7955377;-1
152400;-0.5934701;0.07796718;0.03633217;0.2297466;0.8303143;0.5076886;-0.003355552;-0.5209712;0.853539;-1
152440;-0.5930303;0.0791588;0.03393479;0.2523605;0.8750942;0.4128993;0.01579871;-0.4303909;0.9024817;-1
152480;-0.5989703;0.0750418;0.04184977;0.2201334;0.5835722;0.7816241;-0.05335231;-0.7928855;0.6069888;-1
152520;-0.5974346;0.07617447;0.040422;0.2805433;0.6377158;0.7173483;-0.04383035;-0.7380735;0.6732711;-1
152560;-0.5961455;0.07751422;0.03858749;0.349052;0.6894604;0.6346509;-0.04257967;-0.664883;0.7457247;-1
152600;-0.5951792;0.07876979;0.03640891;0.407841;0.7455184;0.5271012;-0.03490787;-0.5641507;0.8249252;-1
152640;-0.5945582;0.07976046;0.03401776;0.4376926;0.8006725;0.4090784;-0.03186344;-0.4408768;0.8969985;-1
152680;-0.6006823;0.07391573;0.04306447;0.1407576;0.5355387;0.8326901;-0.1038978;-0.8284318;0.5503596;-1
152720;-0.5929218;0.08023846;0.03131659;0.2610093;0.9145452;0.3089412;-0.004789896;-0.3188182;0.947791;-1
152760;-0.5942654;0.08067921;0.03148282;0.4448752;0.8476303;0.2891211;-0.03958815;-0.3038967;0.9518714;-1
152800;-0.5909683;0.07990155;0.03091179;0.08757642;0.9419685;0.3240315;0.04720197;-0.3288473;0.9431934;-1
152840;-0.5914595;0.08084123;0.02776108;0.05856764;0.9711813;0.2309894;0.08230232;-0.2352909;0.9684283;-1
152880;-0.5931097;0.08100981;0.02831258;0.2431202;0.9507121;0.1923768;0.05025515;-0.2104109;0.9763066;-1
152920;-0.5922256;0.08155861;0.02431242;-0.0001620352;0.9880229;0.1542581;0.1069453;-0.1533615;0.982338;-1
152960;-0.5942715;0.08141476;0.02865993;0.4412782;0.8837653;0.1556645;0.008893149;-0.1777659;0.9840326;-1
153000;-0.5936689;0.081579;0.02503818;0.1893495;0.9768842;0.09910256;0.121254;-0.1234219;0.9849063;-1
153040;-0.5931776;0.08190921;0.02053782;-0.0820192;0.9880281;0.1306372;0.1010869;-0.122162;0.9873221;-1
153080;-0.5946459;0.08189979;0.02549359;0.4107981;0.9109488;0.03763385;0.1149312;-0.09268907;0.9890397;-1
153120;-0.5944937;0.08191948;0.02146931;0.1025706;0.9934443;0.05037469;0.1172902;-0.06237829;0.9911035;-1
153160;-0.5942357;0.08238913;0.01680456;-0.1496454;0.9664881;0.2085541;0.1028861;-0.194563;0.9754529;-1
153200;-0.595397;0.08216216;0.02207765;0.3191755;0.946932;-0.03803235;0.1258405;-0.002571965;0.9920471;-1
153240;-0.5953648;0.08208095;0.0178646;0.01825666;0.9945481;0.1026342;0.1025418;-0.1039726;0.989255;-1
153280;-0.5957038;0.08291398;0.01377408;-0.1473993;0.9188517;0.3660278;0.1733407;-0.3403481;0.9241776;-1
153320;-0.5963417;0.08217442;0.0188108;0.2086339;0.9779496;-0.009251582;0.1046562;-0.01279527;0.9944193;-1
153360;-0.5964311;0.0825993;0.01474323;0.01464656;0.9739289;0.2263706;0.1414165;-0.2261403;0.9637692;-1
153400;-0.5975025;0.08378911;0.01173242;-0.06962208;0.8382914;0.5407385;0.2546037;-0.5091725;0.8221358;-1
153440;-0.5971781;0.08246316;0.01593295;0.1707177;0.9782299;0.117986;0.1304278;-0.1411274;0.9813592;-1
153480;-0.5978621;0.08337691;0.01269018;0.08303654;0.9352789;0.3440054;0.2033086;-0.3538388;0.9129358;-1
153520;-0.5982702;0.08303927;0.01405543;0.1842657;0.9590518;0.2150526;0.1693317;-0.2465032;0.9542257;-1
153560;-0.5970246;0.08248718;0.01951341;0.2948688;0.9514153;-0.08866202;0.108442;0.0588665;0.9923394;-1
153600;-0.597805;0.08252187;0.01690542;0.2553799;0.9663909;0.02946088;0.119534;-0.06179468;0.9909027;-1
153640;-0.5985575;0.08298196;0.01519245;0.2388468;0.9614175;0.1364012;0.1400923;-0.1731092;0.9748608;-1
153680;-0.5961563;0.08257127;0.02264795;0.3996842;0.9129557;-0.08219681;0.1279901;0.03320722;0.9912102;-1
153720;-0.5954534;0.08239658;0.02589095;0.4881634;0.872664;0.01175151;0.08785801;-0.06253595;0.9941655;-1
153760;-0.5952258;0.08196121;0.02892979;0.5355752;0.8332517;0.1372358;-0.01366276;-0.1539351;0.9879824;-1
153800;-0.5952294;0.08132467;0.03162301;0.5489175;0.7917162;0.2680673;-0.05110715;-0.2883036;0.9561648;-1
153840;-0.5955744;0.08054109;0.03398374;0.5196066;0.7534294;0.4029035;-0.07154917;-0.4315371;0.8992491;-1
153880;-0.5962958;0.07957885;0.03632398;0.4508729;0.7168678;0.5317824;-0.07449441;-0.5634825;0.82276;-1
153920;-0.5973899;0.07834865;0.03848184;0.3846687;0.6623964;0.642826;-0.04626859;-0.6817068;0.7301437;-1
153960;-0.5985128;0.07716718;0.04015395;0.3385009;0.5982661;0.7262343;-0.03640335;-0.7629083;0.6454278;-1
154000;-0.5968935;0.08291614;0.02314976;0.3308526;0.9395497;-0.08809578;0.1225683;0.0497603;0.9911668;-1
154040;-0.5962931;0.08283733;0.02622045;0.4144256;0.9100198;0.009009756;0.05409688;-0.03453082;0.9979202;-1
154080;-0.596054;0.08248121;0.02907016;0.464599;0.8751009;0.1353448;-0.0112339;-0.1470079;0.9890653;-1
154120;-0.5961005;0.08188966;0.03165738;0.4697606;0.840968;0.2684609;-0.04674207;-0.2799797;0.9588578;-1
154160;-0.596464;0.08119906;0.03390663;0.4329749;0.8037287;0.4080791;-0.08702694;-0.4133282;0.906406;-1
154200;-0.5973207;0.080273;0.0361257;0.3747033;0.761426;0.5289544;-0.1023396;-0.5330721;0.8398442;-1
154240;-0.5984168;0.07918519;0.03823;0.3145804;0.7166488;0.6224427;-0.06004044;-0.6394061;0.7665187;-1
154280;-0.5976582;0.0827378;0.02012572;0.2474484;0.9616995;-0.1177825;0.08997864;0.09821926;0.9910383;-1
154320;-0.5983062;0.08260877;0.01763861;0.1788009;0.9835041;-0.02661975;0.1281261;0.003535829;0.9917287;-1
154360;-0.5989867;0.08295393;0.01614176;0.1189426;0.9837874;0.1340733;0.1038119;-0.1466075;0.983687;-1
154400;-0.5972208;0.08242506;0.03162747;0.2979239;0.9150965;0.2717158;-0.04727553;-0.2701486;0.9616484;-1
154440;-0.5976565;0.08179139;0.03376008;0.2641806;0.8818963;0.3904626;-0.08982965;-0.3805887;0.9203661;-1
154480;-0.5984465;0.08095397;0.03581853;0.2294996;0.8383002;0.4945387;-0.1145342;-0.4813131;0.869028;-1
154520;-0.5971051;0.0829421;0.02923277;0.3132681;0.9379827;0.148442;-0.004374588;-0.1548838;0.98792;-1
154560;-0.5973938;0.08325665;0.02662117;0.2670937;0.9634403;0.02013771;0.04418125;-0.03316043;0.9984258;-1
154600;-0.5978874;0.08331385;0.0236363;0.1674472;0.9825889;-0.08035927;0.08054589;0.06756653;0.9943876;-1
154640;-0.5985765;0.08301044;0.02069431;0.06025185;0.9907858;-0.1210607;0.05165686;0.1179701;0.9915711;-1
154680;-0.5990303;0.08281036;0.0183787;-0.01007212;0.9976416;-0.06717578;0.06144245;0.0676115;0.9957694;-1
154720;-0.5994779;0.08274831;0.0168041;-0.1410024;0.9873225;0.07188396;0.1312524;-0.05333376;0.989861;-1
154760;-0.5983716;0.08342764;0.02695158;-0.09970161;0.9922224;0.07417697;0.07947471;-0.06643096;0.9945613;-1
154800;-0.5989755;0.08339612;0.02401691;-0.1974254;0.9798626;-0.02956922;0.08840213;0.0478177;0.9949022;-1
154840;-0.5997;0.08291262;0.02112218;-0.3475908;0.9336362;-0.08624209;0.05517802;0.1121586;0.9920989;-1
154880;-0.5998777;0.08258884;0.01875609;-0.4710109;0.8795333;-0.06702269;-0.04041661;0.05435422;0.997677;-1
154920;-0.599604;0.08304493;0.02421254;-0.8006946;0.5875015;0.1171777;0.1597529;0.02087885;0.9869362;-1
154960;-0.5980915;0.08311287;0.02935109;-0.07765312;0.9808941;0.1783651;-0.01213614;-0.1798223;0.9836241;-1
155000;-0.5999562;0.08252357;0.01731246;-0.5685449;0.8224593;0.008508286;0.05095153;0.02487227;0.9983496;-1
155040;-0.6002841;0.08239955;0.02119512;-0.8826867;0.4673073;0.04926739;0.1188008;0.1204958;0.9855489;-1
155080;-0.5989268;0.0830633;0.02709644;-0.7404978;0.6526282;0.1600128;0.1044912;-0.1234393;0.9867781;-1
155120;-0.599254;0.08237168;0.0271231;-0.9480379;0.2746539;0.1600064;0.1235536;-0.1453796;0.9815644;-1
155160;-0.5997787;0.08225912;0.02420071;-0.972946;0.1518252;0.1737009;0.1810464;0.03589596;0.9827497;-1
155200;-0.5986888;0.08274062;0.02935411;-0.7151024;0.6826494;0.150395;-0.01727321;-0.2323424;0.9724807;-1
155240;-0.5981591;0.08255763;0.03152666;-0.09819302;0.9645597;0.2449025;-0.05091588;-0.2506384;0.9667321;-1
155280;-0.5988193;0.08225887;0.03138381;-0.6966494;0.7107648;0.09736035;-0.08779841;-0.2191614;0.9717218;-1
155320;-0.5990764;0.082017;0.02930268;-0.9314768;0.3541417;0.08322176;-0.00661285;-0.2452053;0.9694446;-1
155360;-0.5985405;0.0819553;0.0335202;-0.1079052;0.9475871;0.3007233;-0.07907477;-0.3097123;0.9475359;-1
155400;-0.5992356;0.08172695;0.03325148;-0.6698985;0.7399163;0.0613183;-0.1299427;-0.1981579;0.9715187;-1
155440;-0.5992169;0.08118249;0.03539237;-0.1038874;0.9250382;0.3653786;-0.08694793;-0.3744062;0.9231743;-1
155480;-0.5994329;0.08156236;0.02708519;-0.9751377;0.1644189;0.1480199;0.1271085;-0.1311931;0.9831151;-1
155520;-0.5999547;0.08129422;0.02359968;-0.9838921;-0.04293089;0.1728081;0.1677286;0.1021567;0.9804057;-1
155560;-0.5992492;0.08123818;0.02926152;-0.9738549;0.2225196;0.04527631;-0.01107825;-0.24569;0.9692538;-1
155600;-0.5992407;0.08148238;0.03120221;-0.9250559;0.3780541;-0.03618227;-0.1372943;-0.2440593;0.9599652;-1
155640;-0.5994287;0.08075394;0.03109343;-0.9688181;0.2309635;-0.08940286;-0.1543381;-0.2806942;0.9472632;-1
155680;-0.6004468;0.08154093;0.02103219;-0.9920878;0.01610725;0.1239663;0.1249955;0.1202762;0.9847524;-1
155720;-0.6002836;0.08067508;0.02053225;-0.9931561;-0.01308508;0.1153287;0.1124977;0.135716;0.9842347;-1
155760;-0.5996566;0.0809186;0.03292031;-0.909974;0.3928469;-0.1326226;-0.2114191;-0.1644601;0.9634386;-1
155800;-0.5997658;0.08019087;0.03273715;-0.9514292;0.2260161;-0.2089435;-0.2522197;-0.1833676;0.9501039;-1
155840;-0.6002564;0.0803133;0.03460389;-0.8906516;0.4096949;-0.1971274;-0.2438376;-0.06447726;0.9676476;-1
155880;-0.600353;0.07959287;0.03430807;-0.9313361;0.2179224;-0.2916709;-0.3101969;-0.05546336;0.9490123;-1
155920;-0.6004776;0.08112976;0.01841784;-0.9934934;0.1126468;-0.006447035;-0.007410672;-0.007960167;0.9998438;-1
155960;-0.6005597;0.08035946;0.01900374;-0.9767272;0.1641979;0.136962;0.1658266;0.1774563;0.9699181;-1
156000;-0.6007143;0.08039758;0.01810483;-0.4320928;0.8610397;0.2676769;0.09224521;-0.2531583;0.9628974;-1
156040;-0.6004125;0.08193098;0.01876457;-0.9258436;0.375597;-0.04089933;-0.02864588;0.03815943;0.9988312;-1
156080;-0.6002474;0.08197658;0.0174669;-0.9322494;0.3603475;-0.02901552;-0.04060793;-0.0245537;0.9988488;-1
156120;-0.6003545;0.08123958;0.01734474;-0.9713904;0.2359528;0.0189782;-0.008913345;-0.1164048;0.9930636;-1
156160;-0.6006413;0.08077748;0.01673849;-0.4378774;0.8809973;0.178167;0.1501284;-0.1238091;0.9807004;-1
156200;-0.600446;0.0815032;0.0163375;-0.9466998;0.2150168;0.2389668;0.114567;-0.468537;0.8758694;-1
156240;-0.6007032;0.08107761;0.01607557;-0.7046797;0.6058922;0.3685498;0.4619875;-0.001940973;0.8866196;-1
156280;-0.6008356;0.08117485;0.01581381;-0.5006704;0.09061211;0.8606297;0.2388404;-0.9412584;0.2382217;-1
156320;-0.6003175;0.08197832;0.01667479;-0.9461867;0.2937334;0.134765;0.02580724;-0.3467605;0.9375579;-1
156360;-0.6000739;0.08241986;0.01650818;-0.6797091;0.7069476;0.1951973;-0.002511667;-0.2683645;0.9632999;-1
156400;-0.5998355;0.08275975;0.01608192;-0.2746705;0.9038196;0.3280886;0.06828565;-0.321996;0.9442391;-1
156440;-0.6003961;0.08231647;0.01619536;-0.485441;0.5479587;0.6810398;0.1349756;-0.7226965;0.6777331;-1
156480;-0.599592;0.08303727;0.01544835;0.06840613;0.9650826;0.2527969;0.1369694;-0.2600571;0.9557713;-1
156520;-0.6004534;0.0818933;0.01630444;-0.7931111;0.1841846;0.5802168;0.1107602;-0.893378;0.4352244;-1
156560;-0.600284;0.08271413;0.01587019;-0.07672536;0.7578395;0.647891;0.2381505;-0.6170747;0.7499399;-1
156600;-0.599548;0.08336823;0.01421891;0.1870668;0.9720061;0.1420806;0.205451;-0.1801256;0.9618938;-1
156640;-0.600641;0.08227481;0.01609705;-0.03727251;0.2912716;0.9557408;0.2774261;-0.9158563;0.2899024;-1
156680;-0.6006986;0.08183578;0.01610716;-0.3614315;-0.07824472;0.9289107;0.2857679;-0.9576594;0.03068053;-1
156720;-0.6003832;0.08326285;0.01536185;0.1284011;0.9261607;0.3545702;0.3360113;-0.3769934;0.8630176;-1
156760;-0.6007743;0.08147712;0.01592381;-0.3827474;-0.2891333;0.8772744;0.4852268;-0.8709282;-0.07516182;-1
156800;-0.6010448;0.0818785;0.0161045;0.5268857;-0.06483928;0.8471716;0.1884541;-0.963234;-0.1909195;-1
156840;-0.6010242;0.08143374;0.01597135;0.5186983;-0.4749821;0.7105823;0.1511901;-0.7671847;-0.6230604;-1
156880;-0.6011302;0.0810397;0.01564415;0.4205639;-0.4976915;0.7583308;-0.06383923;-0.8501502;-0.5223567;-1
156920;-0.6014757;0.0813054;0.01636106;0.6587471;-0.5103466;0.5527233;-0.2021358;-0.8277717;-0.5233517;-1
156960;-0.6015366;0.08076866;0.01563248;0.5870925;-0.4536513;0.670252;-0.1332461;-0.8709964;-0.4726748;-1
157000;-0.6023962;0.08046095;0.01633489;0.7203854;-0.1257776;0.6819136;-0.2359591;-0.9690588;0.07063027;-1
157040;-0.6008307;0.08295941;0.01585111;0.1351553;0.7046543;0.6964676;0.4056349;-0.6806921;0.6098148;-1
157080;-0.6010945;0.08233768;0.01613208;0.3968002;0.3266618;0.8576012;0.2667734;-0.9351708;0.232636;-1
157120;-0.6024029;0.08127475;0.01747776;0.5977063;-0.506546;0.6212546;-0.7375098;-0.6507384;0.1791863;-1
157160;-0.6038388;0.0805586;0.0179111;0.5325023;-0.3293518;0.7795634;-0.8424465;-0.2917094;0.4523484;-1
157200;-0.6015868;0.08184657;0.01660978;0.7290912;0.09554423;0.6776034;0.01493492;-0.9921829;0.1237891;-1
157240;-0.6038707;0.08156009;0.01884027;0.5044494;-0.4231892;0.7522746;-0.862538;-0.2182279;0.4556747;-1
157280;-0.6060057;0.08090144;0.01973779;0.5882801;-0.2924896;0.7517692;-0.8025434;-0.1194941;0.5814999;-1
157320;-0.602668;0.08187783;0.0178018;0.6996928;0.1324714;0.7018475;-0.442454;-0.6906513;0.5718322;-1
157360;-0.6017554;0.08235624;0.01656492;0.5804333;0.5186456;0.6276948;0.2322776;-0.8443466;0.4827384;-1
157400;-0.6013491;0.08299921;0.01595209;0.2663862;0.7421212;0.6149225;0.4251558;-0.6630855;0.6158383;-1
157440;-0.6011619;0.08335845;0.0152202;0.0842322;0.948615;0.3049548;0.3990108;-0.3125289;0.8619061;-1
157480;-0.6005466;0.08348864;0.01444341;0.1126796;0.9817831;0.1528823;0.2578553;-0.1774569;0.9496836;-1
157520;-0.6051891;0.08219823;0.01984194;0.5731435;-0.2932402;0.7642764;-0.8143021;-0.1094443;0.5686414;-1
157560;-0.6039781;0.08231904;0.01893665;0.6497596;0.2039012;0.732062;-0.6665042;-0.3088004;0.6774606;-1
157600;-0.6031017;0.08269258;0.0177817;0.6110782;0.5996425;0.5164703;-0.01000241;-0.6465591;0.76268;-1
157640;-0.6022348;0.08303829;0.01629556;0.3666002;0.8309011;0.4181128;0.4525608;-0.552003;0.7000564;-1
157680;-0.6019084;0.08338147;0.01539858;0.1429741;0.950371;0.2761837;0.4341015;-0.3110018;0.8452772;-1
157720;-0.6015747;0.08356658;0.01437528;0.07894661;0.9865515;0.1429974;0.3431818;-0.1615689;0.9251802;-1
157760;-0.6007083;0.0835772;0.01334208;0.101149;0.9703315;0.2195798;0.2592538;-0.2387815;0.935804;-1
157800;-0.6062145;0.08270329;0.02080442;0.6975105;-0.1514489;0.699998;-0.6869848;0.1344541;0.7136949;-1
157840;-0.607162;0.08122221;0.02114838;0.6992916;-0.2476683;0.6679858;-0.6243298;0.2375447;0.7420324;-1
157880;-0.607729;0.08141825;0.02206926;0.7806903;-0.1978616;0.590847;-0.494267;0.3799001;0.7807631;-1
157920;-0.5995663;0.08354463;0.01296236;0.1423114;0.9539469;0.2640476;0.2221936;-0.2907344;0.9306111;-1
157960;-0.5996912;0.08408515;0.0114696;0.1002353;0.9051247;0.4131135;0.2870556;-0.4238604;0.8590286;-1
158000;-0.6011572;0.08406657;0.01202608;0.1037077;0.9317537;0.3479291;0.309614;-0.3626805;0.8789755;-1
158040;-0.6021068;0.0837436;0.01317432;0.09761378;0.9633579;0.2496576;0.3365186;-0.2678306;0.9024655;-1
158080;-0.5997497;0.08466855;0.01044315;0.01647864;0.7833693;0.6212866;0.3126216;-0.5942576;0.7410192;-1
158120;-0.6025759;0.08357053;0.01457145;0.1338628;0.9803773;0.1439575;0.382578;-0.1847102;0.9045699;-1
158160;-0.6029689;0.08423142;0.01204083;0.1215266;0.928417;0.3508925;0.2944942;-0.370956;0.8800007;-1
158200;-0.6035438;0.08385037;0.01350493;0.1651027;0.9671908;0.1923545;0.3697813;-0.2407843;0.8962184;-1
158240;-0.6014905;0.08449946;0.01107457;0.108;0.8671231;0.4861795;0.3298626;-0.4925962;0.8053136;-1
158280;-0.603749;0.08471458;0.01113957;0.1615906;0.8479419;0.5046964;0.2431528;-0.5295573;0.811727;-1
158320;-0.6017461;0.08515219;0.01007275;0.102987;0.7541868;0.6484498;0.3032512;-0.6446963;0.7016969;-1
158360;-0.6045101;0.08568293;0.009992832;0.1999119;0.7257661;0.6581094;0.2178419;-0.6877018;0.6919552;-1
158400;-0.5996256;0.08584517;0.009170633;-0.04437139;0.6776969;0.7339431;0.2379965;-0.7063475;0.6666386;-1
158440;-0.602064;0.08654612;0.008688743;0.09630749;0.6621753;0.7430422;0.2564312;-0.7378283;0.6243516;-1
158480;-0.605143;0.08713402;0.00879273;0.231664;0.6432253;0.7297389;0.1608293;-0.7651436;0.6234257;-1
158520;-0.59922;0.08762412;0.007716651;-0.08783717;0.6066414;0.7900563;0.1207456;-0.7807937;0.6129852;-1
158560;-0.6023909;0.08801092;0.007486568;0.09196162;0.6031324;0.7922363;0.1454214;-0.7952183;0.5885864;-1
158600;-0.6055882;0.08865401;0.007740845;0.2513905;0.5922474;0.7654235;0.08993934;-0.8017364;0.5908296;-1
158640;-0.6026468;0.08950694;0.006413634;0.09158808;0.6188599;0.780057;-0.08191489;-0.7760146;0.6253246;-1
158680;-0.5994881;0.09109075;0.005075074;-0.09406874;0.6504719;0.7536124;-0.205878;-0.7533602;0.6245199;-1
158720;-0.6058581;0.09011132;0.006802101;0.2628444;0.6086907;0.7483456;-0.04342375;-0.767525;0.639471;-1
158760;-0.602985;0.0909467;0.005301009;0.09653551;0.6868356;0.7201906;-0.2392134;-0.6864481;0.6866283;-1
158800;-0.6060849;0.09149782;0.00570791;0.2668703;0.6975431;0.6645234;-0.1851428;-0.6399032;0.7456582;-1
158840;-0.5933086;0.001342565;0.06034362;0.6257282;-0.7751039;0.08627173;-0.4822977;-0.4714982;-0.7382224;-1
158880;-0.5935633;0.0007424951;0.06355911;0.3952479;-0.8690242;-0.2976172;-0.7138199;-0.08665763;-0.6949472;-1
158920;-0.5968018;-0.001046017;0.06475902;0.3007917;-0.9517571;-0.06068619;-0.4548548;-0.08724011;-0.8862824;-1
158960;-0.5892209;0.004361466;0.06013616;0.4737659;-0.85041;-0.2284445;-0.7167546;-0.2217595;-0.6610523;-1
159000;-0.5898299;0.002397925;0.06269825;0.1808372;-0.7768887;-0.6031102;-0.8197858;0.2197245;-0.5288407;-1
159040;-0.5832312;0.007764816;0.05766465;0.5972202;-0.7813134;-0.1800811;-0.7858993;-0.5259655;-0.3245145;-1
159080;-0.5842382;0.0050264;0.06033131;0.2471046;-0.8102018;-0.5314139;-0.9495672;-0.09348211;-0.2990672;-1
159120;-0.5800973;0.005864665;0.06030205;0.4086661;-0.7328147;-0.5438952;-0.9118839;-0.3509381;-0.2123743;-1
159160;-0.5863231;0.002376765;0.0624208;0.1270414;-0.717152;-0.6852397;-0.8979404;0.2103336;-0.3866045;-1
159200;-0.5777521;0.008786291;0.05945142;0.7874396;-0.4320476;-0.4392528;-0.5304876;-0.8379017;-0.1268917;-1
159240;-0.5783367;0.009220362;0.06301317;0.8490138;0.07464559;0.5229766;0.04019415;-0.9961568;0.07694131;-1
159280;-0.5784794;0.007167354;0.06237996;0.8906223;-0.4211952;0.1710533;-0.351457;-0.8765827;-0.3285792;-1
159320;-0.5816103;0.003934547;0.06217223;0.4713175;-0.7916235;-0.3888342;-0.8748376;-0.3636917;-0.3199805;-1
159360;-0.5818673;0.008816823;0.06565485;0.3196104;0.3187014;0.8923444;0.0234143;-0.9441084;0.3288027;-1
159400;-0.5836993;0.001617059;0.06426457;0.5372828;-0.8067095;-0.2460632;-0.7931803;-0.3841337;-0.4725531;-1
159440;-0.580296;0.005338192;0.06440676;0.7804797;-0.5394656;0.3159563;-0.4016742;-0.819972;-0.4078037;-1
159480;-0.5802946;0.006993935;0.06516013;0.61125;0.007470518;0.7914022;-0.02045216;-0.9994725;0.02523117;-1
159520;-0.5831617;0.005026162;0.06661942;0.3967013;0.02400893;0.9176338;0.001972429;-0.9996779;0.02530287;-1
159560;-0.5844051;0.01009217;0.06542022;0.1345862;0.4555153;0.8799956;-0.02045654;-0.886609;0.4620672;-1
159600;-0.5828493;0.003387645;0.06625242;0.6980394;-0.4862733;0.5256229;-0.3075653;-0.866497;-0.3931747;-1
159640;-0.5845509;0.006561756;0.06672566;0.1694402;0.2383046;0.9562954;0.02183678;-0.9709955;0.2380987;-1
159680;-0.5863166;-0.0006336123;0.06606637;0.5762788;-0.8059316;-0.1355623;-0.7464848;-0.4515657;-0.4887218;-1
159720;-0.5860144;0.001124769;0.06771429;0.6625355;-0.3827205;0.6438724;-0.1842396;-0.9164656;-0.3551711;-1
159760;-0.5863117;0.002671495;0.06780837;0.3235807;0.1379185;0.9360951;0.1476469;-0.984561;0.09402199;-1
159800;-0.5873493;0.004247725;0.06764722;0.1281776;0.3096802;0.9421618;0.1491007;-0.9452179;0.2904001;-1
159840;-0.5864489;0.007774681;0.0665924;0.08723368;0.3134797;0.9455796;0.06657723;-0.9489105;0.3084419;-1
159880;-0.5867373;0.01077878;0.06524015;0.1288803;0.48937;0.8625004;-0.09725294;-0.8593239;0.5020999;-1
159920;-0.5884826;-0.0001045614;0.0642342;0.1021123;-0.6975003;-0.7092717;-0.8371914;0.3248463;-0.4399836;-1
159960;-0.587761;0.01294197;0.06393059;0.09863987;0.574303;0.8126785;-0.2203247;-0.7837894;0.58063;-1
160000;-0.5894653;0.01390328;0.06316327;-0.1825382;0.6494184;0.7381976;-0.2502715;-0.7567711;0.6038722;-1
160040;-0.5887934;0.0112717;0.06523585;0.19148;0.5582044;0.8073061;-0.1901721;-0.7858383;0.5884664;-1
160080;-0.5882969;0.008693472;0.06648152;0.2286144;0.3077621;0.9235898;0.05665793;-0.9513126;0.3029757;-1
160120;-0.5887309;0.005381346;0.06701828;0.1911094;0.2686057;0.9441018;0.2271725;-0.947819;0.223678;-1
160160;-0.5910621;-5.306304e-05;0.06476612;-0.07594654;-0.6528143;-0.7537012;-0.752262;0.5336511;-0.3864176;-1
160200;-0.590794;0.01392722;0.06220193;-0.5004885;0.5490295;0.6693863;-0.1810455;-0.8224713;0.539225;-1
160240;-0.5900077;0.002230763;0.06893191;0.2498031;0.4080648;0.8781125;0.3179018;-0.891158;0.3236913;-1
160280;-0.5941803;-0.0009042472;0.06620381;-0.03390312;-0.7454495;-0.6656993;-0.6968271;0.495112;-0.5189376;-1
160320;-0.592415;0.0150871;0.06087776;-0.4789732;-0.2320489;0.8466038;0.2443875;-0.9615493;-0.1252904;-1
160360;-0.5889863;0.0007438809;0.06934059;0.3519058;0.282003;0.8925451;0.2781289;-0.9419739;0.1879618;-1
160400;-0.5885187;-0.0006713867;0.06933938;0.6652707;-0.2843416;0.6903366;-0.1516196;-0.956824;-0.2479903;-1
160440;-0.588576;-0.002414122;0.06778002;0.5880914;-0.8083745;0.0260581;-0.706358;-0.5290346;-0.4702986;-1
160480;-0.5901304;-0.001954809;0.06578016;0.1065843;-0.7660055;-0.6339365;-0.8384144;0.2735009;-0.4714431;-1
160520;-0.5921056;-0.002956808;0.06698721;-0.01605334;-0.7582877;-0.6517224;-0.8559102;0.3473679;-0.3830842;-1
160560;-0.5926776;0.0146393;0.06036717;-0.6663306;-0.410073;0.6227711;0.3585679;-0.9085084;-0.2145733;-1
160600;-0.5917255;0.013638;0.06141997;-0.8148481;0.2773311;0.5090287;-0.08881649;-0.9274907;0.3631427;-1
160640;-0.5936559;0.01508497;0.06019213;-0.176535;-0.7684259;0.6151075;0.4184529;-0.6242282;-0.6597245;-1
160680;-0.5945517;0.01468194;0.05952056;-0.1744433;-0.4605884;0.8703035;0.2328625;-0.878081;-0.4180297;-1
160720;-0.5930324;0.01425131;0.05972387;-0.5389438;-0.2794954;0.7946206;0.2399236;-0.9552069;-0.1732532;-1
160760;-0.5921563;0.01334089;0.06065557;-0.8995828;0.06487446;0.4319053;0.009555683;-0.9857463;0.1679672;-1
160800;-0.5944214;-0.003762394;0.06823671;-0.09095964;-0.7482275;-0.6571772;-0.689637;0.5233952;-0.500458;-1
160840;-0.5913643;-0.004206732;0.06968369;0.4835789;-0.873354;0.05834647;-0.7221086;-0.4357298;-0.5373066;-1
160880;-0.597059;-0.001696974;0.06758372;-0.07707714;-0.8008729;-0.5938533;-0.5114787;0.543038;-0.6659575;-1
160920;-0.5912975;-0.002449617;0.07125933;0.6303488;-0.3045522;0.7140787;-0.1895389;-0.952374;-0.2388699;-1
160960;-0.6006631;-0.001692742;0.0662381;0.0277397;-0.9993942;-0.02102421;-0.3648308;0.009459557;-0.9310258;-1
161000;-0.5916344;-0.0009280294;0.0711568;0.3713869;0.3592034;0.8561804;0.2284744;-0.9291341;0.2907048;-1
161040;-0.6051071;-0.001602009;0.06438384;-0.1048176;-0.9331459;0.3438781;-0.2945035;-0.3011476;-0.9069607;-1
161080;-0.6089071;-0.0002785623;0.06552573;-0.3096958;-0.9110334;0.2722256;-0.107655;-0.250864;-0.9620176;-1
161120;-0.6044451;-0.001248866;0.06759705;-0.1786476;-0.9755895;-0.1277121;-0.1707821;0.1585763;-0.9724645;-1
161160;-0.6007938;-0.002313137;0.06909889;-0.1658224;-0.7775854;-0.6065178;-0.3207348;0.6241199;-0.712463;-1
161200;-0.5923246;0.0007137507;0.07025491;0.3769208;0.3706451;0.8488539;0.2981282;-0.9162236;0.2676822;-1
161240;-0.6129863;0.001862064;0.06692559;-0.3904082;-0.9160349;0.09198688;0.1255598;-0.151961;-0.9803789;-1
161280;-0.5976876;-0.004606962;0.0697906;-0.139514;-0.7576649;-0.6375578;-0.4625367;0.6191605;-0.6345868;-1
161320;-0.5942099;-0.005497858;0.07131813;0.3155684;-0.9482168;0.03607741;-0.6623873;-0.2473492;-0.7071504;-1
161360;-0.5940372;-0.003607064;0.07298207;0.532445;-0.3568744;0.7675566;-0.2235553;-0.9338699;-0.2791239;-1
161400;-0.5942369;-0.002012759;0.07288556;0.3662271;0.3931231;0.8434049;0.1629492;-0.9194637;0.3578187;-1
161440;-0.5945299;-0.000316456;0.0715894;0.3894975;0.3206873;0.8633952;0.1266318;-0.9471695;0.2946768;-1
161480;-0.6122023;0.0003414601;0.06944773;-0.2855597;-0.8079981;-0.5153588;0.2366864;0.4616328;-0.8549122;-1
161520;-0.6082606;-0.0004144311;0.06859803;-0.2825774;-0.9008251;-0.3296422;0.02621065;0.3362685;-0.9414014;-1
161560;-0.6047103;-0.002388373;0.07024187;-0.1994095;-0.7244498;-0.6598548;0.001724884;0.6731182;-0.7395329;-1
161600;-0.615463;0.001884818;0.0687506;-0.3142825;-0.8379424;-0.4461826;0.3970444;0.310895;-0.8635393;-1
161640;-0.608662;-0.002349243;0.07098643;-0.1942144;-0.6672378;-0.719079;0.1840165;0.6952426;-0.6948205;-1
161680;-0.6013713;-0.004971236;0.07114236;-0.1741545;-0.7714174;-0.6120339;-0.2430522;0.6359764;-0.7324341;-1
161720;-0.6171856;0.003579721;0.06780229;-0.4605753;-0.8441498;-0.274375;0.445558;0.04747554;-0.8939935;-1
161760;-0.6055633;-0.004973307;0.07223204;-0.1681837;-0.8021038;-0.5730129;0.04335211;0.5747122;-0.8172066;-1
161800;-0.5977052;-0.006323531;0.0730026;0.1562282;-0.9815194;0.1105098;-0.4354585;-0.1688676;-0.8842282;-1
161840;-0.6199744;0.005821273;0.06719807;-0.5753608;-0.7586591;-0.305608;0.6240771;-0.1657001;-0.7635911;-1
161880;-0.6016998;-0.006352007;0.07435588;0.01882372;-0.9779289;0.2080885;-0.2128659;-0.2072735;-0.9548433;-1
161920;-0.5975658;-0.004234865;0.07483865;0.3651166;-0.3737379;0.8526489;-0.2256675;-0.9240948;-0.3084202;-1
161960;-0.601362;-0.004010618;0.07602227;0.2210141;-0.3337498;0.9163864;-0.1765306;-0.937792;-0.2989701;-1
162000;-0.5973666;-0.00249064;0.07444981;0.3204741;0.4196031;0.8492524;0.05027272;-0.9028088;0.4270937;-1
162040;-0.6009073;-0.002343476;0.07552321;0.2629301;0.467386;0.8440486;-0.0002802163;-0.8747926;0.4844976;-1
162080;-0.597298;-0.0009946525;0.07294019;0.3083249;0.383456;0.8705729;0.01472813;-0.916973;0.3986775;-1
162120;-0.6004364;-0.001121044;0.07409782;0.2315807;0.5073014;0.8300697;-0.04078246;-0.8474523;0.5293028;-1
162160;-0.6056594;-0.005901769;0.07530005;-0.02314734;-0.9516897;0.3061878;0.009147946;-0.3064587;-0.9518401;-1
162200;-0.6052214;-0.003450766;0.07688691;0.1595289;-0.27098;0.9492736;-0.08099577;-0.9619392;-0.2609839;-1
162240;-0.6045431;-0.001815662;0.07635081;0.2335145;0.5440717;0.805889;-0.01299623;-0.8269821;0.562078;-1
162280;-0.6037664;-0.0008743703;0.0747759;0.1692607;0.6480967;0.7425103;-0.08885168;-0.7402785;0.6664032;-1
162320;-0.6095194;-0.004790515;0.07302233;-0.1712023;-0.8376441;-0.5186927;0.1798421;0.4910511;-0.8523648;-1
162360;-0.6125573;-0.001892328;0.07144864;-0.1836137;-0.6365715;-0.7490413;0.2932572;0.6918244;-0.6598327;-1
162400;-0.6149576;0.0001196265;0.07032602;-0.1952383;-0.6802995;-0.7064522;0.4167326;0.5945099;-0.6876714;-1
162440;-0.5996618;0.0005209893;0.07364789;0.2039746;-0.1209539;0.9714755;-0.2444931;-0.9671869;-0.0690852;-1
162480;-0.602652;0.0005945116;0.07401282;0.06404163;0.0773144;0.9949479;-0.2904251;-0.9523968;0.09270167;-1
162520;-0.5968409;0.001019791;0.0730353;0.3898477;-0.2430935;0.8882141;-0.1623045;-0.9675673;-0.1935741;-1
162560;-0.5944657;0.001712039;0.07193969;0.5910373;-0.1797031;0.7863727;-0.04637599;-0.9808267;-0.1892838;-1
162600;-0.5928682;0.002433985;0.07040209;0.6615831;0.04216584;0.7486854;0.1128261;-0.9926492;-0.043794;-1
162640;-0.5909038;0.003501341;0.06839035;0.4638857;0.2571887;0.8477407;0.2196195;-0.9604458;0.171205;-1
162680;-0.6168314;-0.0001879781;0.07090527;-0.2065177;-0.624688;-0.7530706;0.5108539;0.5875878;-0.6275101;-1
162720;-0.6180809;0.000968352;0.0703308;-0.2712598;-0.6228551;-0.733805;0.6038618;0.4835508;-0.6336636;-1
162760;-0.6155431;-0.002015024;0.0720683;-0.1987069;-0.6424426;-0.7401236;0.3722986;0.6490925;-0.6633798;-1
162800;-0.6200086;0.002799064;0.06953354;-0.3443881;-0.5952071;-0.726034;0.7345876;0.3107284;-0.6031825;-1
162840;-0.6179162;-0.001353472;0.07216398;-0.3192056;-0.6642812;-0.6758982;0.5360735;0.4615706;-0.7068081;-1
162880;-0.613174;-0.004461601;0.07359336;-0.2311854;-0.880366;-0.4141365;0.2167497;0.3683644;-0.9040616;-1
162920;-0.6202382;8.510053e-05;0.07196049;-0.4103997;-0.6541321;-0.6353608;0.6855872;0.2380821;-0.6879587;-1
162960;-0.6162466;-0.003685385;0.07384094;-0.3535987;-0.8954256;-0.27052;0.2903211;0.1698637;-0.9417325;-1
163000;-0.6095407;-0.005507201;0.07625874;-0.04577008;-0.9009039;0.4315983;0.08406301;-0.4339921;-0.8969862;-1
163040;-0.613235;-0.00466685;0.07710155;-0.1554095;-0.814617;0.5587909;0.1463701;-0.5784085;-0.8025082;-1
163080;-0.6088401;-0.002657846;0.07747643;0.1437937;-0.181998;0.9727283;-0.04466064;-0.9831352;-0.1773432;-1
163120;-0.6189609;-0.002453342;0.07404742;-0.5229214;-0.8418216;-0.1337526;0.3674657;-0.08105529;-0.9264984;-1
163160;-0.6163255;-0.003299475;0.0772356;-0.3187636;-0.7154466;0.6217121;0.1320009;-0.6830459;-0.7183482;-1
163200;-0.6080629;-0.0009778589;0.07684203;0.2416188;0.6371977;0.7318466;0.03734899;-0.7597404;0.6491532;-1
163240;-0.6124355;-0.001597822;0.07805144;0.07075945;-0.08136504;0.9941695;-0.08110146;-0.9938372;-0.07556544;-1
163280;-0.6076159;-0.0005150437;0.07523062;0.1716237;0.7896628;0.5890482;-0.08227567;-0.5843423;0.8073258;-1
163320;-0.6115016;-9.268522e-06;0.07725544;0.2755274;0.6962411;0.6628219;0.04704078;-0.69845;0.7141112;-1
163360;-0.6065267;0.0008029938;0.07403877;0.01420858;0.3053833;0.9521236;-0.2944168;-0.9087281;0.2958583;-1
163400;-0.611007;0.0001428723;0.07538721;0.2162466;0.8654391;0.4519432;0.02588334;-0.4678148;0.8834475;-1
163440;-0.6096461;0.001303464;0.07390776;0.005569767;0.460912;0.8874284;-0.2209927;-0.8649325;0.4506151;-1
163480;-0.6151928;-0.0002866983;0.07813979;-0.005177864;0.04998135;0.9987369;-0.1508285;-0.987363;0.04863025;-1
163520;-0.6140864;0.001137093;0.07691997;0.3465547;0.7804525;0.5203785;0.02605912;-0.562553;0.8263505;-1
163560;-0.6134832;0.0009457618;0.07484502;0.2945864;0.8593968;0.4179187;0.01606675;-0.4417174;0.8970104;-1
163600;-0.6121747;0.002306506;0.07342685;-0.004265595;0.5145515;0.8574489;-0.2063868;-0.8394487;0.5027229;-1
163640;-0.6189795;-0.001711249;0.07728146;-0.460982;-0.5590323;0.6891868;0.02967062;-0.785903;-0.6176375;-1
163680;-0.6049126;0.002847612;0.0741924;-0.07964785;-0.08807724;0.9929243;-0.2937645;-0.9497782;-0.1078144;-1
163720;-0.6078835;0.003414422;0.07370754;-0.164151;-0.0005603656;0.9864351;-0.2084586;-0.9773959;-0.03524445;-1
163760;-0.6102648;0.004238889;0.0730756;-0.2343588;0.06182057;0.9701827;-0.18038;-0.9834117;0.0190907;-1
163800;-0.6014951;0.002469599;0.07445047;0.03000424;-0.1369571;0.9901225;-0.3179279;-0.9404327;-0.1204495;-1
163840;-0.5989162;0.002283901;0.07425347;0.1803039;-0.1808382;0.9668444;-0.2364594;-0.962097;-0.1358536;-1
163880;-0.5964922;0.002710432;0.07379711;0.3889848;-0.1198449;0.9134157;-0.1082242;-0.9905813;-0.0838813;-1
163920;-0.5944551;0.003474593;0.07257737;0.6030005;0.002973065;0.7977352;-0.01914967;-0.999651;0.01820067;-1
163960;-0.5931231;0.004310295;0.07100188;0.7207168;0.07549214;0.6891069;0.09069735;-0.9957768;0.01423041;-1
164000;-0.5916704;0.005327567;0.06904541;0.667267;0.108229;0.7369133;0.2174276;-0.9745959;-0.0537414;-1
164040;-0.590064;0.006729901;0.06745511;0.4485365;0.1460276;0.8817545;0.2414502;-0.969678;0.03776626;-1
164080;-0.5900136;0.009685531;0.06678323;0.3558505;0.4126977;0.8384815;-0.01009994;-0.8954595;0.4450286;-1
164120;-0.5905225;0.01192074;0.06517089;-0.02151546;0.743911;0.6679324;-0.2808492;-0.6456823;0.7100832;-1
164160;-0.5916344;0.01201364;0.06408843;-0.5063298;0.7789199;0.3700189;-0.3693259;-0.5836171;0.7231802;-1
164200;-0.5920787;0.01181121;0.06265896;-0.7927548;0.5858853;0.1681616;-0.3654656;-0.6776636;0.6381278;-1
164240;-0.5923693;0.01161152;0.06125805;-0.8808265;0.423199;0.2122433;-0.2572905;-0.804211;0.5357671;-1
164280;-0.5926677;0.01218691;0.05984364;-0.7303454;0.1928548;0.6552882;-0.02002684;-0.9649499;0.2616691;-1
164320;-0.5937191;0.01235978;0.05897655;-0.2976074;0.04718737;0.9535215;0.06080084;-0.9958133;0.06825709;-1
164360;-0.5933412;0.01031926;0.06059112;-0.6851243;0.6215271;0.3798801;-0.2967887;-0.7144383;0.6336359;-1
164400;-0.5931122;0.01046069;0.06224469;-0.8171765;0.5762968;-0.0102309;-0.370335;-0.5113601;0.775476;-1
164440;-0.5931007;0.01085125;0.06411032;-0.7337858;0.6789762;-0.02344527;-0.3877564;-0.3902219;0.835088;-1
164480;-0.5927001;0.01100107;0.06594004;-0.3964662;0.8555654;0.3328998;-0.2460865;-0.4483873;0.8592965;-1
164520;-0.5956128;0.01210952;0.05873892;-0.05093444;0.112671;0.992326;-0.01148756;-0.9936161;0.1122279;-1
164560;-0.5941255;0.01039906;0.05976324;-0.3182079;0.5564954;0.7675002;-0.2470037;-0.8302873;0.4996123;-1
164600;-0.5979176;0.01122776;0.05910269;0.1328466;0.3080955;0.9420345;0.01085079;-0.9508539;0.3094498;-1
164640;-0.595296;0.009672314;0.06010348;-0.1740655;0.598532;0.7819595;-0.1379852;-0.8010724;0.5824457;-1
164680;-0.5943887;0.008646861;0.06203121;-0.7157618;0.6461831;0.2648255;-0.2164612;-0.5658305;0.7956007;-1
164720;-0.5941131;0.009308502;0.06408498;-0.8662461;0.486669;-0.1130087;-0.3214481;-0.3697305;0.8717629;-1
164760;-0.5954731;0.00653027;0.06468169;-0.7095216;0.6668404;0.2278228;-0.08119844;-0.3985098;0.9135628;-1
164800;-0.5955406;0.0073006;0.06214745;-0.2722294;0.7670773;0.5809335;-0.06771737;-0.6175109;0.783642;-1
164840;-0.5941919;0.009921595;0.06607625;-0.7619104;0.6466952;0.03574621;-0.2555543;-0.3508799;0.9008748;-1
164880;-0.5993173;0.01066497;0.06000563;0.3419051;0.4824528;0.8064367;0.1349331;-0.8744654;0.4659436;-1
164920;-0.5967362;0.009114563;0.06057526;0.008233767;0.6107892;0.7917504;0.03603797;-0.7914442;0.6101782;-1
164960;-0.5984098;0.008848146;0.06131304;0.2231792;0.6173158;0.7543953;0.1264117;-0.7857091;0.6055421;-1
165000;-0.6019937;0.01140395;0.06112128;0.6011171;0.4388221;0.6679022;0.1558191;-0.8840717;0.4406105;-1
165040;-0.5980182;0.007282466;0.06215743;0.1457888;0.7305663;0.6670973;0.04385523;-0.6784112;0.7333724;-1
165080;-0.6000286;0.009718433;0.06110301;0.4431241;0.5703669;0.6916087;0.1525673;-0.8082156;0.5687801;-1
165120;-0.6003524;0.0085489;0.06243843;0.5070143;0.6177667;0.601083;0.1002978;-0.7349101;0.6707069;-1
165160;-0.5979178;0.005989417;0.06355348;0.03114847;0.8055971;0.5916443;0.02570475;-0.5923815;0.8052475;-1
165200;-0.6037126;0.01179042;0.06305294;0.7643991;0.4990496;0.4082198;0.2295569;-0.8023193;0.5509877;-1
165240;-0.6023602;0.0102666;0.06265567;0.6877901;0.5574009;0.4650259;0.2077841;-0.7649786;0.6096175;-1
165280;-0.6006812;0.007531464;0.0636418;0.5380479;0.6082748;0.5835291;0.07932231;-0.725742;0.6833789;-1
165320;-0.6033262;0.01105951;0.06454358;0.7026671;0.5113084;0.4947957;0.03853606;-0.7217351;0.6910959;-1
165360;-0.5984284;0.005092978;0.06477034;0.05128314;0.7409254;0.6696265;0.07567152;-0.6714641;0.7371634;-1
165400;-0.6046591;0.01245484;0.06491513;0.6376453;0.4886958;0.5954702;-0.01468685;-0.7651537;0.6436803;-1
165440;-0.6022322;0.00953716;0.06414555;0.7052998;0.5134175;0.4888299;0.03361411;-0.7129973;0.7003607;-1
165480;-0.6062157;0.01369675;0.06545031;0.5362053;0.4230456;0.7304221;-0.1178403;-0.8193472;0.5610561;-1
165520;-0.6085604;0.0152805;0.0661335;0.456567;0.3764513;0.8061209;-0.3158941;-0.778441;0.5424396;-1
165560;-0.6114045;0.01665613;0.06701187;0.3800572;0.3493939;0.8564348;-0.4991766;-0.7020265;0.5079189;-1
165600;-0.6026648;0.008617684;0.06516057;0.3318031;0.2914636;0.8971933;-0.384863;-0.8264986;0.410829;-1
165640;-0.6039103;0.01002192;0.06519512;-0.03173091;0.01844543;0.9993262;-0.49817;-0.8670794;3.107068e-05;-1
165680;-0.6052777;0.01141216;0.06528839;-0.1571615;-0.2827466;0.9462318;-0.5697697;-0.7566352;-0.3207268;-1
165720;-0.6068405;0.01261751;0.0656463;-0.1235232;-0.4559116;0.8814117;-0.6348813;-0.6463356;-0.423292;-1
165760;-0.6091561;0.01411057;0.06612582;-0.01973967;-0.4334322;0.90097;-0.8056301;-0.5267678;-0.2710645;-1
165800;-0.6010394;0.00680317;0.06477815;0.427296;0.5257724;0.7355144;-0.07574681;-0.789843;0.6086136;-1
165840;-0.6037121;0.007631719;0.06524519;0.004629936;0.3387696;0.9408581;-0.4854671;-0.8217944;0.298288;-1
165880;-0.6050907;0.009000495;0.06432843;-0.2156007;0.1496374;0.9649482;-0.6134413;-0.789605;-0.01461615;-1
165920;-0.606385;0.01048121;0.06382342;-0.1380146;-0.1597089;0.9774687;-0.6902199;-0.6922841;-0.2105687;-1
165960;-0.6118491;0.01546566;0.06678697;0.08159934;-0.4496464;0.8894715;-0.7996663;-0.5622075;-0.2108469;-1
166000;-0.6078818;0.01203577;0.064182;-0.04795591;-0.4377407;0.8978215;-0.8753344;-0.4145505;-0.2488725;-1
166040;-0.5991549;0.004359916;0.06582895;0.1128021;0.7289211;0.6752405;-0.1014546;-0.6675766;0.7375965;-1
166080;-0.6017673;0.005968243;0.06562908;0.2471018;0.5057608;0.8265268;-0.2808065;-0.7790005;0.5606301;-1
166120;-0.6026207;0.005181029;0.0664008;0.2826679;0.682651;0.6738594;-0.255235;-0.6236552;0.7388568;-1
166160;-0.6049279;0.006562173;0.06571985;0.2582848;0.6892084;0.6769643;-0.3214348;-0.5995066;0.7329882;-1
166200;-0.5998459;0.003928334;0.06669297;0.1685999;0.7729751;0.6116236;-0.1388493;-0.5956945;0.7911189;-1
166240;-0.6076874;0.009208113;0.06443083;0.3923787;0.4220926;0.8172373;-0.4942107;-0.6525989;0.5743436;-1
166280;-0.6088644;0.01100896;0.06482873;0.6215045;0.241541;0.7452451;-0.4265056;-0.693624;0.5804986;-1
166320;-0.6064303;0.007836699;0.06497743;0.2575891;0.6413271;0.7227361;-0.4319767;-0.5926335;0.6798395;-1
166360;-0.6098456;0.0133462;0.06485217;0.1356439;-0.4546528;0.8802794;-0.875261;-0.471311;-0.1085554;-1
166400;-0.6099019;0.01227152;0.06544487;0.8308831;0.3541264;0.4292177;-0.1134942;-0.6472883;0.7537486;-1
166440;-0.6109222;0.01417467;0.06559981;0.6096262;-0.09923567;0.7864529;-0.5788811;-0.7335122;0.3561695;-1
166480;-0.6105179;0.01299684;0.06631368;0.8456521;0.525625;0.09268742;0.1800318;-0.4443904;0.8775567;-1
166520;-0.6094888;0.01069953;0.06658663;0.917543;0.3943092;-0.0513349;0.2062968;-0.3616779;0.9091924;-1
166560;-0.6090263;0.009918526;0.06544275;0.8439643;0.4322513;0.3176208;-0.03392133;-0.547941;0.835829;-1
166600;-0.6084027;0.008595467;0.06589801;0.7491159;0.6341757;0.1914325;-0.02762644;-0.2581533;0.9657089;-1
166640;-0.6120415;0.0150556;0.06621863;0.1278551;0.2070106;0.9699484;-0.8192812;-0.5291235;0.2209226;-1
166680;-0.6072007;0.007285789;0.06673037;0.6426443;0.7609398;0.08932518;0.06819679;-0.1729368;0.9825692;-1
166720;-0.6085483;0.009255767;0.06788845;0.8360092;0.4906038;-0.2457569;0.3041138;-0.04147375;0.9517324;-1
166760;-0.6093886;0.0115896;0.06796148;0.8542172;0.5081905;-0.1097973;0.1907005;-0.1097888;0.9754896;-1
166800;-0.6137205;0.0159051;0.06732819;0.145391;-0.5530142;0.8203882;-0.8808063;-0.4500003;-0.1472416;-1
166840;-0.6111057;0.01383354;0.06756142;0.3066122;0.8087547;0.5019011;-0.1143866;-0.4921691;0.8629515;-1
166880;-0.6136152;0.01725514;0.06760979;0.3234637;0.3671491;0.8721082;-0.5824885;-0.6490726;0.4892975;-1
166920;-0.6155939;0.01741704;0.06813255;0.2736882;0.3345294;0.9017676;-0.6471573;-0.6295438;0.4299559;-1
166960;-0.6155769;0.01617354;0.06804825;0.3159555;-0.4893403;0.8128458;-0.7942975;-0.6049919;-0.05546473;-1
167000;-0.6171632;0.01728684;0.06875674;0.2286713;0.3563987;0.9059192;-0.6159203;-0.6676814;0.4181434;-1
167040;-0.6145753;0.01524912;0.06630477;0.05969549;-0.08855954;0.9942806;-0.7383406;-0.6742447;-0.01572509;-1
167080;-0.6180512;0.01675056;0.06912921;0.3636864;0.125139;0.9230777;-0.6410715;-0.6853228;0.3454852;-1
167120;-0.6138837;0.01379745;0.06772619;-0.01910292;0.7271999;0.6861598;-0.3290871;-0.6526176;0.6824895;-1
167160;-0.6160917;0.01514882;0.06636012;0.2234472;0.004640253;0.9747051;-0.6680996;-0.7274011;0.1566221;-1
167200;-0.6173609;0.01565994;0.06824329;0.4653106;-0.4793536;0.7441145;-0.705072;-0.7089595;-0.01581051;-1
167240;-0.6193441;0.01599734;0.06986263;0.5250767;0.02504917;0.8506861;-0.6513766;-0.6314765;0.4206495;-1
167280;-0.6186935;0.01496047;0.06841219;0.5861151;-0.3071057;0.7497703;-0.6885223;-0.6765789;0.2611093;-1
167320;-0.6171247;0.01419184;0.06729798;0.2352339;0.3287957;0.9146357;-0.4858199;-0.7752739;0.4036451;-1
167360;-0.6159531;0.01254861;0.06864023;-0.06470238;0.6907809;0.7201633;-0.382957;-0.6836069;0.6213096;-1
167400;-0.612934;0.01173535;0.07000711;-0.08745954;0.7327043;0.6749039;-0.4018523;-0.6458791;0.6491187;-1
167440;-0.6188504;0.01300827;0.06839372;0.2229634;0.3843139;0.895874;-0.5725662;-0.6921541;0.4394209;-1
167480;-0.6208827;0.01634748;0.06986229;-0.3534203;0.8235011;0.4437795;-0.6268721;-0.5606087;0.541063;-1
167520;-0.6202012;0.01377967;0.06912585;0.7375678;-0.2263367;0.6362118;-0.5987386;-0.6548679;0.4611509;-1
167560;-0.6205316;0.0147226;0.07085603;0.6706193;0.04051875;0.7406943;-0.5445135;-0.6512021;0.5286219;-1
167600;-0.6227804;0.01539639;0.06863037;-0.7646637;0.6434352;-0.03578351;-0.6052426;-0.6979898;0.3827425;-1
167640;-0.6100411;0.01249012;0.06953266;0.3013068;0.8331738;0.4637195;-0.2164824;-0.4138485;0.8842312;-1
167680;-0.6212773;0.01220195;0.06997935;0.9024349;-0.0965468;0.4198692;-0.3650424;-0.6889483;0.6261743;-1
167720;-0.6221231;0.0148143;0.07113202;-0.3940234;0.6971669;0.5989189;-0.5793668;-0.6942679;0.4269968;-1
167760;-0.6233749;0.01286393;0.06696031;-0.9044413;0.2959036;-0.3072898;-0.2903434;-0.9547269;-0.06478745;-1
167800;-0.6082503;0.01023461;0.06960883;0.8115462;0.563468;-0.1545852;0.1683254;0.02788914;0.985337;-1
167840;-0.6211929;0.01312168;0.07191696;0.8019258;0.1457614;0.5793691;-0.3515563;-0.6689615;0.6549036;-1
167880;-0.6216617;0.01004912;0.07124351;0.9820304;0.08736834;0.1672813;-0.06854889;-0.6607156;0.7474998;-1
167920;-0.6201291;0.0111489;0.06926639;0.2393593;0.3132913;0.9189972;-0.4667738;-0.792826;0.3918535;-1
167960;-0.6241504;0.01350038;0.07012416;-0.8543062;0.5168436;0.0550786;-0.5064977;-0.8515981;0.1350591;-1
168000;-0.6231776;0.01054786;0.06658553;-0.9125984;-0.1390747;-0.3844768;0.2762338;-0.9030144;-0.3290291;-1
168040;-0.6229025;0.01304527;0.07233519;-0.3585973;0.5803578;0.7311584;-0.5210022;-0.7743382;0.359106;-1
168080;-0.6245834;0.01110455;0.06893267;-0.9220905;0.2063142;-0.3273889;-0.1256855;-0.9598265;-0.2508711;-1
168120;-0.6222256;0.008124456;0.0667918;-0.7494338;-0.5410241;-0.3816305;0.6620679;-0.6090137;-0.4367705;-1
168160;-0.6176383;0.01115645;0.07012237;-0.1885171;0.4748096;0.8596611;-0.4215986;-0.829718;0.3658181;-1
168200;-0.621326;0.01100138;0.07318325;0.8314656;0.2886259;0.474721;-0.1601245;-0.6937133;0.7022265;-1
168240;-0.6248609;0.01151137;0.07157362;-0.8327644;0.4267947;0.3526328;-0.4393518;-0.8970253;0.04812111;-1
168280;-0.6230751;0.01062536;0.0738287;-0.2871775;0.4636067;0.8382112;-0.4545021;-0.836242;0.3068016;-1
168320;-0.6240752;0.009686127;0.067977;-0.7875609;-0.1259159;-0.6032356;0.4268624;-0.8174868;-0.3866573;-1
168360;-0.6150372;0.01003486;0.07139061;-0.2617119;0.4117855;0.8728915;-0.3753805;-0.8766336;0.3010036;-1
168400;-0.6209046;0.008573711;0.07435583;0.7872518;0.453882;0.4174037;-0.007707309;-0.6696135;0.7426697;-1
168440;-0.6252903;0.01002711;0.07057486;-0.9811791;0.1602706;-0.1077073;-0.1282947;-0.9579368;-0.2567051;-1
168480;-0.6250714;0.007908747;0.06965557;-0.8206854;-0.2433053;-0.5169894;0.4792005;-0.7858782;-0.3908484;-1
168520;-0.623525;0.007444918;0.0682344;-0.5836448;-0.4308467;-0.6882803;0.7978095;-0.4620853;-0.3872688;-1
168560;-0.6250879;0.009043127;0.07312646;-0.7941742;0.2662104;0.5462778;-0.3594838;-0.9305876;-0.06912358;-1
168600;-0.6220359;0.005102888;0.06874683;-0.4559391;-0.5363848;-0.7102188;0.8360875;0.01540812;-0.5483798;-1
168640;-0.6238199;0.004594669;0.07056156;-0.592842;-0.5107843;-0.6226057;0.7954927;-0.2510264;-0.5515226;-1
168680;-0.6222117;0.002183825;0.07129167;-0.4917381;-0.5987924;-0.6321719;0.7569621;0.06485023;-0.650233;-1
168720;-0.6255592;0.007902622;0.0714609;-0.9988833;0.02915866;0.03717787;-0.04110843;-0.9242316;-0.3796128;-1
168760;-0.6227419;0.007903069;0.07511079;-0.227371;0.3533938;0.9074224;-0.4422166;-0.8676782;0.2271103;-1
168800;-0.625344;0.004512921;0.07256138;-0.938408;-0.3418893;-0.05002243;0.3049054;-0.7512488;-0.58537;-1
168840;-0.6248677;0.005963653;0.07458014;-0.7568651;0.06151236;0.65067;-0.2632605;-0.9399171;-0.2173701;-1
168880;-0.6216434;-0.0004366189;0.07396001;-0.6561049;-0.7500498;-0.08337613;0.4218174;-0.2728693;-0.8646458;-1
168920;-0.6239145;0.001611561;0.07344232;-0.8037669;-0.5903443;-0.0738395;0.4234263;-0.4804385;-0.7680425;-1
168960;-0.621549;0.0005254149;0.07679998;-0.5691304;-0.3660611;0.7362674;-0.06184469;-0.8738395;-0.4822654;-1
169000;-0.6234658;0.002928212;0.07591755;-0.6569429;-0.1541233;0.7380191;-0.1446508;-0.9349314;-0.3240052;-1
169040;-0.6212866;0.005232975;0.07622121;-0.1414793;0.3007624;0.9431467;-0.3940998;-0.8910896;0.2250438;-1
169080;-0.617474;0.001202717;0.07785314;-0.05323268;0.1617815;0.9853898;-0.2167923;-0.9651258;0.1467431;-1
169120;-0.6194439;0.00312902;0.07716855;-0.08604518;0.2603958;0.9616602;-0.3180628;-0.9219102;0.2211736;-1
169160;-0.6164343;0.002662733;0.07641146;0.4554668;0.7831597;0.4233333;0.04532225;-0.4953019;0.867538;-1
169200;-0.6196759;0.006207868;0.07518151;0.699991;0.6279465;0.340141;0.1088732;-0.5645523;0.8181855;-1
169240;-0.6157863;0.00206475;0.0744027;0.3951554;0.8486388;0.3516593;0.07943358;-0.4129477;0.9072842;-1
169280;-0.6181699;0.004268289;0.0757814;0.5774208;0.7446982;0.3346789;0.1027952;-0.4729709;0.875061;-1
169320;-0.6213387;0.007500216;0.07240655;0.9208435;0.3850685;0.06139537;0.1966629;-0.5945949;0.7796029;-1
169360;-0.61994;0.005016118;0.0732189;0.7440311;0.6557795;0.1279496;0.2689643;-0.4692675;0.8410982;-1
169400;-0.6200925;0.007412806;0.07076468;0.4315499;0.5270092;0.7321381;-0.09159334;-0.78181;0.6167527;-1
169440;-0.6180176;0.003330469;0.0737727;0.5310632;0.8053648;0.2633616;0.1985571;-0.4204401;0.8853276;-1
169480;-0.6143004;0.00327611;0.07285456;0.02471442;0.5460629;0.8373795;-0.1721559;-0.8227968;0.5416345;-1
169520;-0.6184783;0.005677506;0.07154774;0.2199459;0.566476;0.7941843;-0.05936322;-0.8048393;0.5905164;-1
169560;-0.6164865;0.004387662;0.07216296;0.08505763;0.5588391;0.8249024;-0.1203263;-0.8160824;0.5652709;-1
169600;-0.6206653;0.009107992;0.07004129;0.4530585;0.3196694;0.8321956;-0.3335331;-0.8049212;0.4907725;-1
169640;-0.618804;0.008583322;0.07012554;-0.2040784;0.251677;0.9460502;-0.2972999;-0.9366796;0.1850518;-1
169680;-0.6166832;0.007358685;0.07094335;-0.2450259;0.2093203;0.9466506;-0.1779584;-0.9695358;0.1683188;-1
169720;-0.6145507;0.006182775;0.0716178;-0.2633021;0.1489674;0.9531426;-0.1312013;-0.9843556;0.1176019;-1
169760;-0.612433;0.005092993;0.07230757;-0.2666369;0.1088613;0.9576294;-0.13858;-0.9876063;0.07368366;-1
169800;-0.6129159;0.008897364;0.0725301;-0.3211764;0.2470555;0.9142261;-0.2811396;-0.9467255;0.157071;-1
169840;-0.6108236;0.007753387;0.07337107;-0.3016184;0.06549118;0.9511768;-0.1745635;-0.9845675;0.01243612;-1
169880;-0.6110229;0.01039836;0.07209583;-0.109331;0.6634279;0.7402095;-0.4198636;-0.7058032;0.5705755;-1
169920;-0.6085389;0.006809056;0.07400779;-0.2110066;0.02657528;0.9771233;-0.1608858;-0.9869414;-0.007900449;-1
169960;-0.6092657;0.009246573;0.0732452;-0.02999603;0.5116741;0.8586559;-0.3339059;-0.8148227;0.4738893;-1
170000;-0.6088916;0.01092629;0.07128567;0.3587526;0.8224835;0.4413814;-0.309536;-0.3412766;0.8875347;-1
170040;-0.6060553;0.005916536;0.07446387;-0.08675885;0.07042667;0.9937369;-0.1941963;-0.9795586;0.05246742;-1
170080;-0.6071098;0.008124307;0.07365187;0.1374272;0.4948372;0.8580501;-0.2523472;-0.8201943;0.5134222;-1
170120;-0.6078254;0.009613946;0.07247234;0.4555345;0.7855327;0.4188397;-0.2685419;-0.3273174;0.9059517;-1
170160;-0.6070957;0.009095147;0.07079358;0.7178144;0.6765501;-0.1643848;0.1422452;0.08861743;0.9858567;-1
170200;-0.6033956;0.005120963;0.07464985;0.06165354;0.1771077;0.9822584;-0.3149096;-0.9304119;0.1875254;-1
170240;-0.6049412;0.007083833;0.07366052;0.3110006;0.6662724;0.6777608;-0.06355778;-0.6969484;0.7142993;-1
170280;-0.606161;0.008325875;0.07271047;0.5665387;0.7971856;0.2086362;-0.04238883;-0.2246597;0.973515;-1
170320;-0.6005653;0.004302055;0.07432431;0.1808946;0.3529069;0.9180053;-0.2410328;-0.8890312;0.3892644;-1
170360;-0.6024513;0.005883977;0.07338417;0.4048986;0.8283204;0.387224;-0.009504735;-0.4196555;0.9076338;-1
170400;-0.6043054;0.00699237;0.07249808;0.5512701;0.8317877;-0.06504199;0.25987;-0.09710358;0.9607489;-1
170440;-0.5984385;0.003961906;0.0739462;0.2067362;0.5341606;0.8197151;-0.04133603;-0.8322979;0.5527853;-1
170480;-0.6003395;0.004940107;0.07292927;0.3248142;0.9295862;0.1742555;0.0227851;-0.1918836;0.9811532;-1
170520;-0.5965698;0.004117414;0.07320635;0.2025175;0.6354104;0.7451446;0.1117497;-0.7709363;0.6270322;-1
170560;-0.605636;0.007745683;0.07103422;0.6432307;0.720176;-0.2600018;0.2039348;0.166164;0.9647799;-1
170600;-0.6021768;0.005590007;0.07196388;0.4443588;0.8550392;-0.2673075;0.2446699;0.1712078;0.9543713;-1
170640;-0.5983219;0.00449799;0.0723412;0.07859844;0.9925994;0.09256838;0.06690376;-0.09789836;0.9929451;-1
170680;-0.5949942;0.004860833;0.07196537;0.2043851;0.6454958;0.735909;0.2266093;-0.762557;0.6059334;-1
170720;-0.6041011;0.006240889;0.07085443;0.5670003;0.7387133;-0.3644358;0.2886538;0.236185;0.9278446;-1
170760;-0.6057599;0.006818861;0.06931658;0.6386114;0.7082487;-0.3009304;0.283214;0.147295;0.9476783;-1
170800;-0.6002989;0.004508168;0.07135192;0.2309841;0.8995072;-0.3708548;0.09939201;0.3573535;0.9286655;-1
170840;-0.596799;0.004682302;0.07177103;-0.2132658;0.9518153;0.2203754;0.1126241;-0.2001102;0.9732789;-1
170880;-0.6022601;0.00478518;0.07051111;0.4001275;0.8150395;-0.4190568;0.302284;0.3142945;0.899913;-1
170920;-0.598376;0.00413695;0.07089943;-0.108693;0.9335572;-0.3415506;0.02574295;0.3461143;0.9378392;-1
170960;-0.5935737;0.005547315;0.0709873;0.542384;0.3938938;0.7420696;0.2505079;-0.9189242;0.3046709;-1
171000;-0.5924999;0.006714016;0.06943483;0.5552434;0.3224887;0.7666197;0.2583872;-0.9430384;0.2095583;-1
171040;-0.5942543;0.006404862;0.07044722;4.661083e-05;0.664378;0.7473968;0.2936428;-0.714457;0.6350788;-1
171080;-0.5955505;0.005548403;0.07071648;-0.4811593;0.7906748;0.3785751;0.1769941;-0.3353363;0.9253231;-1
171120;-0.5912663;0.008127585;0.06804536;0.4794469;0.2841624;0.8302906;0.1817008;-0.9577655;0.2228678;-1
171160;-0.5934293;0.007861272;0.06929476;0.1668634;0.5477644;0.8198237;0.2590623;-0.8266238;0.4995796;-1
171200;-0.5915582;0.01067275;0.06690616;0.1368376;0.6897936;0.7109573;-0.06487598;-0.7099272;0.7012807;-1
171240;-0.5925756;0.009251565;0.06827082;0.2011635;0.5626045;0.8018786;0.1724674;-0.8261672;0.5363795;-1
171280;-0.5935581;0.009812891;0.06757159;-0.3758672;0.7802484;0.4999363;-0.02132014;-0.546634;0.8371002;-1
171320;-0.5947937;0.006963119;0.06959225;-0.5482713;0.6236035;0.5572408;0.2190506;-0.5359699;0.8153239;-1
171360;-0.5942081;0.008504793;0.06866025;-0.4385254;0.6542776;0.6161302;0.164179;-0.6157073;0.7706815;-1
171400;-0.5948888;0.00867714;0.06754633;-0.8409371;0.5154041;0.1648739;-0.0600123;-0.3916301;0.9181636;-1
171440;-0.5953801;0.007176623;0.06847735;-0.8933019;0.408915;0.1865487;0.006694242;-0.4029023;0.9152185;-1
171480;-0.5958493;0.005614907;0.06935682;-0.8327227;0.5520864;0.04211343;-0.04106374;-0.1374291;0.9896601;-1
171520;-0.5951599;0.008036673;0.06577091;-0.9162095;0.3925693;-0.08030922;-0.2086776;-0.2963665;0.9319982;-1
171560;-0.5955859;0.006474078;0.06688202;-0.9499702;0.3123382;-0.001244574;-0.09703506;-0.2913379;0.9516861;-1
171600;-0.5960337;0.004995927;0.0676511;-0.8775955;0.4780842;-0.03552336;-0.1679106;-0.2371274;0.9568577;-1
171640;-0.5959942;0.005266979;0.06576605;-0.6384579;0.6697373;0.3792407;0.04165466;-0.4619497;0.8859274;-1
171680;-0.5967361;0.004046246;0.06663928;-0.4579912;0.7987655;0.3901511;-0.08584508;-0.4765755;0.8749323;-1
171720;-0.5975919;0.003337771;0.06759543;-0.3102335;0.913465;0.2633195;-0.1631402;-0.3240323;0.9318737;-1
171760;-0.5970833;0.003781766;0.068768;-0.642637;0.7392685;-0.2012458;-0.1969852;0.09441186;0.97585;-1
171800;-0.5985805;0.002955392;0.06839579;-0.1011033;0.9947475;0.01598749;-0.1684178;-0.032951;0.9851649;-1
171840;-0.5969704;0.004488423;0.07030942;-0.557017;0.8136075;-0.1666587;-0.03709368;0.1760995;0.9836732;-1
171880;-0.5985553;0.003399163;0.0695404;-0.1479213;0.9072457;-0.3937316;-0.07333897;0.3869527;0.9191785;-1
171920;-0.6003603;0.003395438;0.0675202;0.2784427;0.8736551;0.3989942;-0.1327632;-0.3764243;0.9168854;-1
171960;-0.6003839;0.003760129;0.07013223;0.2294257;0.8715391;-0.43334;0.05720205;0.4323727;0.8998787;-1
172000;-0.6006087;0.003156886;0.06855997;0.3311165;0.9309821;-0.1537339;-0.005015204;0.1646586;0.986338;-1
172040;-0.6033853;0.00460501;0.06765392;0.4781197;0.8475876;0.2302103;-0.05290018;-0.2338441;0.970834;-1
172080;-0.6035755;0.004824996;0.06924535;0.5392733;0.8126112;-0.2210141;0.2512421;0.09524659;0.9632267;-1
172120;-0.6056743;0.00615865;0.06736922;0.5719926;0.8138716;0.1021637;0.04759441;-0.1572714;0.9864078;-1
172160;-0.6072232;0.008053094;0.06887656;0.7205072;0.6237361;-0.3030225;0.331128;0.0744794;0.9406418;-1
172200;-0.6052027;0.08297789;0.01984284;0.6700074;0.2996575;0.6791769;-0.6861575;-0.09916773;0.7206296;-1
172240;-0.6042877;0.0832296;0.01864783;0.5832891;0.6904323;0.4277825;-0.2629564;-0.3372214;0.9033904;-1
172280;-0.6038895;0.08333862;0.01731375;0.393064;0.8942815;0.2129389;0.2983635;-0.3425673;0.8899133;-1
172320;-0.6031629;0.08343072;0.01586837;0.2272781;0.9524419;0.2016551;0.3943418;-0.278867;0.8745641;-1
172360;-0.604122;0.083795;0.01510443;0.2156293;0.9677358;0.1282496;0.3851044;-0.2039627;0.8984342;-1
172400;-0.6053197;0.08408353;0.01426146;0.2542605;0.9584405;0.1262209;0.3506708;-0.2108645;0.9090264;-1
172440;-0.6047747;0.08364014;0.01668168;0.292817;0.9465407;0.1328077;0.3416308;-0.2316624;0.9080139;-1
172480;-0.6057996;0.08409236;0.01594199;0.308714;0.9467924;0.08479154;0.398194;-0.2072467;0.8895836;-1
172520;-0.6069215;0.08450732;0.01525426;0.3760497;0.9238561;0.05535005;0.3405176;-0.1897728;0.9145364;-1
172560;-0.6049348;0.0836902;0.01806282;0.3887587;0.9170196;0.08651554;0.0804184;-0.1264455;0.987668;-1
172600;-0.6055648;0.08377448;0.01950334;0.5654435;0.7666837;0.3037768;-0.4327856;-0.0371594;0.9000745;-1
172640;-0.6070548;0.08456197;0.01687734;0.4104923;0.909539;0.04337526;0.2717102;-0.1632595;0.942063;-1
172680;-0.6081399;0.08514014;0.01623052;0.4616874;0.8853564;0.03373724;0.2868103;-0.1822772;0.935827;-1
172720;-0.6060378;0.08404252;0.01742643;0.3647054;0.9293301;0.04714402;0.2204378;-0.1329682;0.9627615;-1
172760;-0.6083114;0.08514844;0.01781458;0.4534838;0.8890748;0.03007976;0.1323055;-0.09522724;0.980321;-1
172800;-0.6093894;0.08572501;0.01734239;0.4980796;0.8647984;0.02026648;0.2348413;-0.1547364;0.9549143;-1
172840;-0.6062598;0.08416057;0.01893039;0.4009357;0.9155794;0.02027139;-0.1453099;0.04305199;0.9869682;-1
172880;-0.6073275;0.08459382;0.01835943;0.4124514;0.909797;0.006395326;0.04384437;-0.02257768;0.9941134;-1
172920;-0.6062825;0.08377771;0.02074249;0.7497489;0.3805944;0.5407403;-0.6344452;0.1850818;0.7497875;-1
172960;-0.6093919;0.0857382;0.01890822;0.4759921;0.8767062;-0.01239891;-0.01286436;0.02732652;0.9941245;-1
173000;-0.610507;0.08625817;0.01886123;0.5272564;0.8453593;0.0004919083;0.1501041;-0.08998652;0.9794455;-1
173040;-0.6083511;0.08515786;0.01926522;0.4406509;0.89464;-0.04742364;-0.1455365;0.1294092;0.9759471;-1
173080;-0.6073612;0.08474074;0.01965065;0.4320557;0.8985212;-0.06641253;-0.2930264;0.2126315;0.9295245;-1
173120;-0.6067071;0.08439779;0.02029001;0.5772165;0.8073196;0.1201651;-0.4995104;0.234614;0.8323973;-1
173160;-0.6070632;0.08317959;0.02187013;0.7991424;-0.05180955;0.598044;-0.5475532;0.3443425;0.7621316;-1
173200;-0.6085251;0.08166438;0.02339724;0.8615301;-0.1906738;0.469031;-0.3369148;0.4744595;0.8129883;-1
173240;-0.6105235;0.08630605;0.02050278;0.4903258;0.8667451;-0.0295943;-0.1119842;0.1030182;0.9844542;-1
173280;-0.611404;0.08680061;0.02057345;0.5499096;0.8289391;-0.0168817;0.0860296;-0.03172305;0.9917646;-1
173320;-0.6096456;0.08587596;0.02055082;0.4447319;0.8916436;-0.04771404;-0.3019235;0.2054126;0.9271327;-1
173360;-0.6086978;0.08548826;0.02076223;0.4033288;0.9088617;-0.09329374;-0.4415367;0.286198;0.8474389;-1
173400;-0.6071282;0.08446899;0.0215934;0.7907287;0.4336425;0.4311316;-0.5863407;0.3404897;0.7341208;-1
173440;-0.6076729;0.085117;0.02110565;0.540132;0.8405175;0.03061631;-0.534361;0.316689;0.7818942;-1
173480;-0.6079019;0.08355543;0.02305815;0.8858727;-0.03192168;0.4617496;-0.4124598;0.3969409;0.819666;-1
173520;-0.6114122;0.08685416;0.02232486;0.526516;0.8435165;-0.03334194;-0.1227433;0.1215867;0.9818982;-1
173560;-0.6121569;0.08736458;0.02252426;0.5649025;0.817504;-0.02893172;0.06176365;-0.002562402;0.9950152;-1
173600;-0.6107137;0.08648983;0.02222548;0.4752131;0.8754123;-0.03959786;-0.2438245;0.1800877;0.9502214;-1
173640;-0.6097949;0.0860461;0.02228545;0.3959069;0.9143314;-0.06416215;-0.3600083;0.2220258;0.9041756;-1
173680;-0.6079271;0.08499274;0.022647;0.8192455;0.47708;0.3175703;-0.4933628;0.3060597;0.8138222;-1
173720;-0.6087453;0.08571993;0.02232464;0.4971998;0.8669299;0.01310313;-0.4628116;0.2538342;0.8483283;-1
173760;-0.6084053;0.08389282;0.02448113;0.9736283;0.0001294389;0.2278592;-0.2142002;0.3413283;0.9151637;-1
173800;-0.6090075;0.08212338;0.02500248;0.9463055;-0.2375276;0.2151878;-0.1053168;0.4021685;0.9093105;-1
173840;-0.6086908;0.0854013;0.02429355;0.8487312;0.5065324;0.1517821;-0.2964195;0.2180941;0.9298009;-1
173880;-0.6087099;0.08415633;0.0271243;0.9973935;0.0379633;0.06058305;-0.06701629;0.2015418;0.977153;-1
173920;-0.6091595;0.08248705;0.02736978;0.9596261;-0.2742341;0.047434;0.02796127;0.2633959;0.9641808;-1
173960;-0.6096146;0.08617988;0.0243226;0.506338;0.861464;0.0137194;-0.2721875;0.1457519;0.9507453;-1
174000;-0.610541;0.08649218;0.02440885;0.4270706;0.90231;-0.01954462;-0.1944076;0.1151647;0.9731327;-1
174040;-0.6092117;0.0856441;0.02711417;0.845547;0.5302863;0.05670847;-0.1325332;0.1063673;0.9853805;-1
174080;-0.6086211;0.08399434;0.0299258;0.9973556;0.05543483;-0.0467543;0.04233247;0.07854211;0.9960037;-1
174120;-0.6091655;0.08253738;0.02998548;0.9426721;-0.3206241;-0.08954636;0.1306047;0.1087915;0.9851907;-1
174160;-0.6100619;0.08638069;0.0271643;0.5103197;0.8587229;0.03819948;-0.109933;0.02153165;0.9935991;-1
174200;-0.6092128;0.08546755;0.03006105;0.8275727;0.560445;0.03196593;-0.02315429;-0.02280907;0.9994683;-1
174240;-0.608344;0.08355926;0.03204727;0.9897519;0.0641118;-0.1261837;0.1353907;-0.1692742;0.976039;-1
174280;-0.6089999;0.0822072;0.03194424;0.8961894;-0.3687573;-0.24541;0.1983724;-0.1611595;0.9664775;-1
174320;-0.6114166;0.08702122;0.02452807;0.5103267;0.855487;-0.003172542;-0.1457113;0.09542871;0.9826158;-1
174360;-0.6109662;0.08670405;0.02718919;0.4240857;0.9026411;0.04674346;-0.07105986;-0.01674178;0.9966559;-1
174400;-0.6100153;0.0862007;0.03017975;0.4794515;0.8687377;0.1241712;0.008450525;-0.1460523;0.9892358;-1
174440;-0.612069;0.0873709;0.02473733;0.5553138;0.8244263;0.005185537;-0.08211567;0.05514597;0.9927498;-1
174480;-0.6126434;0.08777007;0.0248978;0.5773923;0.8096603;-0.004343521;0.07902969;-0.0473576;0.9928396;-1
174520;-0.6118569;0.08716014;0.02729434;0.511989;0.8513445;0.06315468;-0.04141124;-0.04587951;0.9961052;-1
174560;-0.6124111;0.08745056;0.027508;0.5757753;0.807052;0.06812105;-0.006284282;-0.07521619;0.9945585;-1
174600;-0.6129374;0.08787492;0.02767223;0.5888517;0.7993125;0.05964733;0.1091746;-0.1501762;0.979763;-1
174640;-0.6110235;0.08645573;0.03016196;0.3870577;0.9074102;0.1533881;0.04643587;-0.1856559;0.9805645;-1
174680;-0.6124425;0.08708364;0.03039676;0.5992326;0.7814312;0.1373758;0.06878141;-0.222019;0.9703867;-1
174720;-0.6129997;0.08758441;0.0305609;0.6005007;0.7814819;0.1396289;0.1243888;-0.2639523;0.9537373;-1
174760;-0.6119293;0.08678815;0.03024725;0.5012581;0.8467407;0.1490567;0.05533786;-0.2039402;0.9759982;-1
174800;-0.612265;0.08630285;0.03309756;0.5944316;0.7599106;0.2423483;0.1031635;-0.3740318;0.9198158;-1
174840;-0.6128167;0.08681944;0.03333315;0.594198;0.7579238;0.2537958;0.09355459;-0.3802834;0.9182779;-1
174880;-0.6107892;0.08568721;0.03274533;0.3609285;0.8855404;0.2871876;0.1189727;-0.350852;0.9280199;-1
174920;-0.6117562;0.08599365;0.03291754;0.4848067;0.829685;0.2601782;0.1232005;-0.3622136;0.9223581;-1
174960;-0.6120173;0.08512169;0.03556789;0.5612326;0.7345784;0.3685118;0.1088162;-0.5111463;0.851106;-1
175000;-0.6126659;0.08558241;0.03590879;0.575788;0.7179046;0.3815869;0.05183034;-0.5000124;0.8630728;-1
175040;-0.6113786;0.08486733;0.03532526;0.4538496;0.7993473;0.3835358;0.1651726;-0.5023224;0.8473083;-1
175080;-0.6116569;0.08358616;0.03774673;0.5343478;0.6904043;0.4804856;0.1170712;-0.6266856;0.7684172;-1
175120;-0.6123829;0.08394814;0.03818484;0.5660138;0.666133;0.4801531;0.01152548;-0.5900015;0.8058792;-1
175160;-0.610923;0.08340377;0.03742648;0.4071963;0.7474673;0.5189642;0.191776;-0.6294679;0.7513472;-1
175200;-0.6103981;0.08460513;0.03508539;0.3490635;0.8433818;0.4037678;0.1769983;-0.4847303;0.855669;-1
175240;-0.6098071;0.08545166;0.03263678;0.4238309;0.8676957;0.2581595;0.09403646;-0.3261174;0.9404267;-1
175280;-0.6112764;0.08181727;0.03966619;0.523926;0.6367539;0.5609452;0.1207505;-0.7096949;0.6909192;-1
175320;-0.6120331;0.08210441;0.04018693;0.5589659;0.6195941;0.5475497;-0.007517546;-0.6570581;0.7518865;-1
175360;-0.6115637;0.08016461;0.04185009;0.5565878;0.5757007;0.5964181;-0.02343082;-0.707184;0.7045405;-1
175400;-0.6104617;0.08172537;0.03925392;0.381405;0.6719527;0.6307588;0.2091298;-0.7307972;0.6470736;-1
175440;-0.6107364;0.07996704;0.04119341;0.5178137;0.5944747;0.6115662;0.1806487;-0.7772065;0.5989226;-1
175480;-0.6108594;0.07832693;0.04293212;0.5652928;0.5336903;0.6283185;-0.1176122;-0.7021608;0.7022371;-1
175520;-0.6099492;0.08327895;0.03723445;0.3102473;0.7822282;0.537491;0.2338925;-0.612852;0.7534441;-1
175560;-0.6101252;0.07831123;0.04216278;0.510284;0.5593511;0.6493869;0.0912746;-0.7881295;0.6056131;-1
175600;-0.6102872;0.0766159;0.04372357;0.5325847;0.5250081;0.6605099;-0.274174;-0.6327779;0.72378;-1
175640;-0.6099926;0.07985908;0.04074015;0.3908189;0.6109129;0.6848449;0.2424234;-0.7884296;0.5608172;-1
175680;-0.6095136;0.07688627;0.04286297;0.473912;0.5489744;0.6845518;-0.06244019;-0.7560215;0.6497924;-1
175720;-0.6096039;0.07511375;0.04434524;0.4750036;0.5326386;0.6967474;-0.3782013;-0.5914321;0.7104854;-1
175760;-0.6094609;0.08441791;0.03489889;0.3822488;0.8435462;0.3759873;0.1858642;-0.469294;0.863173;-1
175800;-0.6094432;0.08169779;0.03892567;0.2767704;0.6940336;0.6620476;0.292188;-0.7188397;0.6284148;-1
175840;-0.6095432;0.07838801;0.04170196;0.3967912;0.5768638;0.7103542;0.2170311;-0.8125824;0.5364578;-1
175880;-0.608759;0.0756791;0.04345658;0.4186355;0.5553392;0.7160745;-0.2217239;-0.7031099;0.6751097;-1
175920;-0.6085642;0.0736991;0.04487544;0.4146347;0.5409243;0.7306002;-0.4257537;-0.5932503;0.681343;-1
175960;-0.6089602;0.0830761;0.0370248;0.3568026;0.7898232;0.4979787;0.289433;-0.6008975;0.7449302;-1
176000;-0.6089295;0.07995068;0.04028998;0.2594472;0.6211035;0.7371008;0.3459854;-0.773566;0.526783;-1
176040;-0.6089412;0.0771275;0.04238755;0.3793596;0.5646802;0.7298715;0.110499;-0.8119949;0.5704345;-1
176080;-0.6079012;0.07470633;0.04387688;0.3490341;0.5535155;0.7556252;-0.2612796;-0.7165487;0.6457281;-1
176120;-0.6084228;0.08164528;0.0386087;0.3109467;0.7252579;0.613361;0.3916866;-0.6864112;0.6121818;-1
176160;-0.6085035;0.07866368;0.04107542;0.2433543;0.5776835;0.7766296;0.344983;-0.8005066;0.4848932;-1
176200;-0.6082286;0.07609986;0.04292889;0.3183075;0.5620016;0.7619245;-0.1214254;-0.7735742;0.6215956;-1
176240;-0.6066602;0.07403704;0.04391678;0.1958727;0.5085077;0.8382469;-0.3142407;-0.7759177;0.5438171;-1
176280;-0.6078042;0.08017901;0.03994829;0.2577924;0.6608909;0.7041302;0.5260855;-0.707292;0.4702824;-1
176320;-0.6074209;0.08149116;0.03826885;0.714695;0.6299282;0.3039651;0.4390222;-0.7423304;0.5061528;-1
176360;-0.6080784;0.07755692;0.04179426;0.207637;0.5685661;0.7940901;0.2223347;-0.8179936;0.526068;-1
176400;-0.6073779;0.07545998;0.04321377;0.1935593;0.5342105;0.8228328;-0.2323535;-0.789625;0.567091;-1
176440;-0.6050513;0.07364236;0.04396918;0.1375205;0.4536984;0.8802228;-0.3278058;-0.8173347;0.4722432;-1
176480;-0.6073673;0.07915716;0.04064715;0.2217551;0.6052304;0.763457;0.6207013;-0.6908065;0.3662069;-1
176520;-0.6075167;0.07677741;0.04231252;0.1306835;0.5575542;0.8188371;-0.08816676;-0.815615;0.5683597;-1
176560;-0.6062393;0.07499347;0.04332925;0.09930041;0.4905875;0.8654377;-0.2852755;-0.8180187;0.4956545;-1
176600;-0.6029176;0.0741691;0.04328423;0.1395684;0.4715275;0.8704982;-0.1993741;-0.8476455;0.4910237;-1
176640;-0.6068016;0.08013149;0.03954785;0.7028107;0.61786;0.3522313;0.5586511;-0.7860183;0.2639374;-1
176680;-0.6068705;0.07833019;0.04120398;0.2040274;0.6005417;0.7722176;0.5825073;-0.7073501;0.395324;-1
176720;-0.6067655;0.07632844;0.04261967;0.1125833;0.5518625;0.8259978;-0.2678733;-0.7826022;0.5581304;-1
176760;-0.6048554;0.07485747;0.04330347;0.1415772;0.5116575;0.8470568;-0.3013045;-0.7922999;0.5286279;-1
176800;-0.6012288;0.0751998;0.0424615;0.1800273;0.4964749;0.8490799;-0.1129809;-0.8470011;0.5191922;-1
176840;-0.6064041;0.07926716;0.04016582;0.6820657;0.6128064;0.3987828;0.6412399;-0.7632914;0.07595932;-1
176880;-0.6064508;0.07777284;0.0415815;0.202884;0.59797;0.774789;0.1330697;-0.7999009;0.5819233;-1
176920;-0.6058547;0.07611218;0.04269775;0.1857249;0.5720867;0.7985258;-0.2816913;-0.7463913;0.5994655;-1
176960;-0.6030969;0.07545719;0.04259327;0.110402;0.535932;0.8366491;-0.1777631;-0.8174177;0.5469829;-1
177000;-0.5998428;0.07621521;0.0414174;0.2817907;0.5377969;0.794535;-0.07298954;-0.8136974;0.5766346;-1
177040;-0.6016736;0.07644899;0.04183406;0.1359464;0.5637071;0.8144473;-0.1231491;-0.8060849;0.578472;-1
177080;-0.6047468;0.07591063;0.04248114;0.1451328;0.6124498;0.7766249;-0.2689364;-0.7304323;0.6260868;-1
177120;-0.6059384;0.07732928;0.04178714;0.2140588;0.6234796;0.7516903;-0.2960616;-0.6911239;0.6571895;-1
177160;-0.6060309;0.07854268;0.0406074;0.6715212;0.6298122;0.3903792;0.6410795;-0.7580107;0.1201542;-1
177200;-0.6005183;0.07731646;0.04088823;0.2220745;0.6199988;0.7523604;-0.07137837;-0.7592574;0.6467376;-1
177240;-0.6032658;0.07670918;0.041777;0.02838244;0.6366872;0.7702962;-0.1788456;-0.7548291;0.6305666;-1
177280;-0.6053954;0.07705617;0.04180224;0.2897536;0.665259;0.6878558;-0.289024;-0.6239752;0.7250863;-1
177320;-0.6057137;0.07801215;0.04087522;0.6699665;0.6483094;0.3608844;0.3273226;-0.6944243;0.6399296;-1
177360;-0.5994892;0.07817675;0.03970691;0.2708595;0.669659;0.6914315;-0.0262647;-0.7128942;0.7007181;-1
177400;-0.6021843;0.07761055;0.04095237;0.05595205;0.6834685;0.7275549;-0.122474;-0.7184861;0.6844558;-1
177440;-0.6046404;0.07681587;0.0416245;0.07434262;0.7286995;0.680374;-0.2471775;-0.6473349;0.7202912;-1
177480;-0.6054443;0.07760037;0.04100679;0.6346143;0.7027755;0.3206835;-0.1880135;-0.2618777;0.9462153;-1
177520;-0.601243;0.07835546;0.04004793;0.1055326;0.7364285;0.6679948;-0.06960376;-0.6646177;0.7437708;-1
177560;-0.6004134;0.0791377;0.03896387;0.1341142;0.7665821;0.6278737;-0.04116604;-0.6287356;0.7764569;-1
177600;-0.6034859;0.0775283;0.04102357;-0.108614;0.7682587;0.6307348;-0.1944023;-0.63858;0.7444753;-1
177640;-0.6052054;0.07736279;0.04106924;0.479108;0.8404078;0.2533102;-0.2184675;-0.1653225;0.9617298;-1
177680;-0.6050867;0.07712233;0.04017801;0.382808;0.3556697;-0.8522449;0.3530558;0.7961113;0.4909796;-1
177720;-0.6047194;0.07712787;0.04094994;-0.1336651;0.9594724;0.2471537;-0.204544;-0.2706858;0.9404534;-1
177760;-0.6052859;0.07725562;0.04007605;0.7403134;0.1801767;-0.6469329;0.6697577;-0.1313076;0.7301101;-1
177800;-0.6025436;0.07819931;0.04024716;-0.0847533;0.8125877;0.576526;-0.1332916;-0.582639;0.8016647;-1
177840;-0.6037418;0.07781373;0.04041161;-0.4426743;0.8749896;0.1950517;-0.2315096;-0.3216094;0.9179086;-1
177880;-0.6016987;0.07882805;0.03936842;-0.08535545;0.8402979;0.5351395;-0.04655594;-0.5398395;0.8403587;-1
177920;-0.6054956;0.07756676;0.03990373;0.8572987;0.1863175;-0.4785752;0.3237094;-0.9188648;0.2222069;-1
177960;-0.6047555;0.07705697;0.04020707;-0.4441453;0.5254043;-0.7252049;-0.3554257;0.6395794;0.6812987;-1
178000;-0.6029096;0.07840337;0.03970286;-0.4780218;0.8654461;0.1499944;-0.1644774;-0.2559464;0.9525958;-1
178040;-0.6057428;0.07799327;0.03962975;0.889221;0.2045845;-0.4079085;0.1880154;-0.9784372;-0.08101421;-1
178080;-0.6039237;0.07748824;0.03975776;-0.6898406;0.4819313;-0.5397584;-0.4500227;0.2982383;0.8415769;-1
178120;-0.6060661;0.0785553;0.03923737;0.9153803;0.2057713;-0.3450232;0.1945161;-0.9783148;-0.06747277;-1
178160;-0.6064204;0.07926577;0.0386463;0.9395348;0.1773801;-0.2917718;0.2291763;-0.9608541;0.1537934;-1
178200;-0.6063651;0.07713495;0.0391915;0.6795052;-0.1578175;-0.7156726;-0.2768647;-0.9588811;-0.05210555;-1
178240;-0.6066215;0.07772167;0.03876453;0.7241041;-0.1332206;-0.6760101;-0.2147914;-0.9754645;-0.03831397;-1
178280;-0.6062003;0.07660691;0.03960723;0.6023657;-0.169238;-0.7792161;-0.1263375;-0.9843371;0.1154708;-1
178320;-0.6069384;0.07842582;0.03815904;0.7846626;-0.169658;-0.5953256;-0.07636604;-0.9807342;0.178883;-1
178360;-0.605982;0.07619281;0.03984055;0.4967918;-0.1271238;-0.8578504;0.4130663;-0.8340021;0.3626875;-1
178400;-0.6056372;0.07581425;0.04009178;0.2104754;-0.0007425323;-0.9771605;0.9718503;0.09936091;0.2095439;-1
178440;-0.604861;0.07586807;0.04006869;-0.3313066;0.1533172;-0.9305882;0.1837898;0.9778128;0.0960397;-1
178480;-0.603846;0.0765335;0.03938825;-0.6305391;0.1842567;-0.753679;-0.4704053;0.6814237;0.5604192;-1
178520;-0.6074579;0.0796175;0.03696837;0.8166481;-0.2107317;-0.5366753;0.06827825;-0.888787;0.4528905;-1
178560;-0.6029848;0.07701287;0.03871904;-0.7217519;0.1553491;-0.6742306;-0.5510293;0.4601936;0.6959941;-1
178600;-0.6069602;0.08051211;0.03743577;0.9556679;0.1636832;-0.244584;0.2560164;-0.8722451;0.4165887;-1
178640;-0.608087;0.08071449;0.03548066;0.8404133;-0.2822337;-0.4625691;0.1342308;-0.7185671;0.682326;-1
178680;-0.6031343;0.07804361;0.0390478;-0.7619931;0.4254006;-0.4881859;-0.4192513;0.2504413;0.8726221;-1
178720;-0.6022215;0.0776075;0.03786555;-0.7986103;0.1289434;-0.5875878;-0.4927283;0.4202313;0.7618811;-1
178760;-0.6075283;0.08175524;0.035803;0.9695507;0.1185433;-0.2141733;0.2344445;-0.7013537;0.6731141;-1
178800;-0.6085504;0.08155936;0.03385445;0.8629764;-0.3519345;-0.3624189;0.1749987;-0.4647188;0.8679729;-1
178840;-0.6080031;0.08290637;0.03648159;0.7363153;0.6358722;0.2312754;0.3165566;-0.6258045;0.7128347;-1
178880;-0.6079633;0.08274287;0.03407014;0.981647;0.07108199;-0.1769242;0.1895361;-0.4649101;0.8648245;-1
178920;-0.6085095;0.08404763;0.03462156;0.7553421;0.6341859;0.1651203;0.2058287;-0.4687974;0.8589846;-1
178960;-0.6089246;0.08496454;0.03243311;0.7897395;0.6074322;0.08559901;0.08634982;-0.2482088;0.9648347;-1
179000;-0.6021048;0.07899767;0.03887673;-0.5147803;0.8459502;0.1385292;-0.1157216;-0.228599;0.9665504;-1
179040;-0.6009444;0.07954003;0.03836404;-0.09751282;0.8612693;0.498552;-0.04514813;-0.5042234;0.8623156;-1
179080;-0.60237;0.07857008;0.03827523;-0.8164445;0.3902376;-0.4253386;-0.3604148;0.2310681;0.9036711;-1
179120;-0.6015443;0.07811438;0.03692067;-0.8678523;0.1330453;-0.4785038;-0.4164819;0.3299921;0.8470799;-1
179160;-0.6013724;0.07964434;0.03789039;-0.5738232;0.8126115;0.1011874;-0.1181365;-0.2043162;0.9716912;-1
179200;-0.6016531;0.07913367;0.03732203;-0.8605596;0.3797581;-0.3391967;-0.2889415;0.1844508;0.9393625;-1
179240;-0.6009488;0.07890782;0.03572601;-0.9129754;0.1718177;-0.3700121;-0.3614066;0.08009988;0.928923;-1
179280;-0.5994876;0.08001433;0.03761717;0.1827028;0.7994549;0.5722589;-0.08134533;-0.5677722;0.8191546;-1
179320;-0.6000842;0.08035383;0.03709228;-0.09757242;0.8962836;0.4326115;-0.08258238;-0.4404787;0.893956;-1
179360;-0.6005638;0.08034202;0.0366361;-0.6057262;0.7926022;0.06984141;-0.1231464;-0.1801053;0.9759083;-1
179400;-0.6009344;0.07971524;0.03610303;-0.8787277;0.4008729;-0.2590691;-0.2687557;0.03299034;0.9626263;-1
179440;-0.5998301;0.08106525;0.03503289;-0.6410257;0.7653047;0.05820943;-0.1363814;-0.1882048;0.9726107;-1
179480;-0.5703367;0.08684409;0.01211796;0.1256343;0.8565149;0.5002962;-0.1872702;-0.4748145;0.8599202;-1
179520;-0.5723608;0.08758785;0.01168143;0.06717118;0.5174594;0.8530633;-0.2892861;-0.8081694;0.5130066;-1
179560;-0.5704688;0.0874293;0.01154951;0.2093657;0.4290162;0.8786984;-0.2976871;-0.8279954;0.4751905;-1
179600;-0.5743028;0.08808988;0.01131115;-0.01423089;0.6167803;0.7870067;-0.3971238;-0.7258332;0.5616575;-1
179640;-0.5761437;0.08926138;0.01039997;-0.07857281;0.5885026;0.8046681;-0.4244878;-0.7500842;0.5071328;-1
179680;-0.5737659;0.089047;0.01132446;-0.2372745;0.1485631;0.9599985;-0.3425852;-0.9375142;0.06043962;-1
179720;-0.575013;0.09043734;0.01068866;-0.339766;0.2023719;0.9184793;-0.2752231;-0.9552202;0.108656;-1
179760;-0.572521;0.08884969;0.01152355;-0.04072676;0.1461622;0.988398;-0.2247134;-0.9651992;0.133524;-1
179800;-0.5758771;0.0917193;0.009930711;-0.3921165;0.2986309;0.8700941;-0.2276126;-0.9479274;0.2227686;-1
179840;-0.5734926;0.09074074;0.01110122;-0.1733205;0.2097794;0.9622497;-0.1846974;-0.9666189;0.1774914;-1
179880;-0.5742785;0.09265037;0.01037506;-0.3112972;0.314026;0.8969289;-0.1555831;-0.9479314;0.2778844;-1
179920;-0.5750241;0.09454255;0.009240966;-0.3790838;0.384642;0.8416329;-0.0556698;-0.9173493;0.3941712;-1
179960;-0.5726977;0.09336828;0.01052183;-0.1189884;0.3450218;0.9310219;-0.1075018;-0.936648;0.3333675;-1
180000;-0.5718415;0.09113105;0.01117831;0.01698796;0.2078868;0.977982;-0.1583378;-0.9652088;0.2079693;-1
180040;-0.5709586;0.08898127;0.01137458;0.1263052;0.1345396;0.982767;-0.2240522;-0.9611963;0.1604818;-1
180080;-0.5761786;0.0973572;0.00727722;-0.3676923;0.3895631;0.8444152;0.004430406;-0.9072698;0.4204852;-1
180120;-0.5688412;0.08759405;0.01094349;0.4256865;0.3795139;0.8211625;-0.243368;-0.8260036;0.5082502;-1
180160;-0.5695978;0.08956619;0.01100881;0.3066641;0.1233341;0.9436877;-0.1131207;-0.9797008;0.1646568;-1
180200;-0.57038;0.0917362;0.01090325;0.2035111;0.2228283;0.9533296;-0.1018546;-0.9635747;0.247037;-1
180240;-0.5734765;0.09540313;0.009413849;-0.2310781;0.4432161;0.866119;-0.04457041;-0.8941002;0.4456434;-1
180280;-0.5768484;0.09927785;0.006108094;-0.349292;0.4087861;0.8431188;-0.09553025;-0.9105983;0.4019687;-1
180320;-0.5684057;0.09013067;0.01026983;0.6535451;0.1414941;0.7432026;-0.1718524;-0.9287059;0.3281771;-1
180360;-0.5676744;0.08796048;0.009818939;0.6589218;0.3250724;0.6779891;-0.2066629;-0.7884907;0.5791734;-1
180400;-0.5668108;0.08871999;0.008462079;0.7670244;0.3395732;0.5439865;-0.1896685;-0.6900742;0.6983845;-1
180440;-0.5667316;0.08749364;0.0101381;0.1346756;0.870563;0.4732558;-0.133339;-0.4573408;0.8792379;-1
180480;-0.5659121;0.08823676;0.008646261;0.187208;0.8485205;0.4946281;-0.1111774;-0.4820165;0.8690164;-1
180520;-0.5647203;0.08773905;0.009003244;0.1675237;0.8651897;0.4720791;-0.1472247;-0.4515924;0.8799709;-1
180560;-0.562947;0.08812508;0.007395681;0.1320169;0.8565481;0.4983473;-0.08944353;-0.4904896;0.8668228;-1
180600;-0.5654695;0.08888218;0.007243399;0.2455107;0.8305219;0.49932;-0.003044404;-0.5145298;0.8574277;-1
180640;-0.564324;0.08865701;0.007274989;0.1684939;0.8552251;0.4896088;-0.03803789;-0.4907529;0.8704455;-1
180680;-0.5641406;0.08978458;0.005204469;0.1953922;0.8414814;0.5032983;-0.05604531;-0.502768;0.8625466;-1
180720;-0.5626504;0.08955261;0.005020376;0.1418914;0.8679338;0.4759783;-0.133114;-0.4597353;0.8779945;-1
180760;-0.5652648;0.08971691;0.005550273;0.3262202;0.7900245;0.5184664;0.04291922;-0.5603387;0.8269998;-1
180800;-0.5633448;0.09131634;0.002042489;0.4279421;0.8346688;0.3457147;-0.1674193;-0.3025896;0.9382027;-1
180840;-0.5620182;0.09082392;0.00219471;0.2173841;0.9497882;0.2245295;-0.1306481;-0.1996235;0.9710495;-1
180880;-0.5631979;0.09135547;1.350138e-05;0.6184617;0.7853805;-0.0008765785;0.00685828;-0.004384065;0.9999077;-1
180920;-0.5617399;0.09042493;7.431954e-07;0.2960362;0.9550597;0.002057751;0.009036007;-0.004992062;0.9999436;-1
180960;-0.5620458;0.09083924;-0.002184292;0.2145569;0.9513461;-0.2207105;0.1429045;0.1928753;0.9705301;-1
181000;-0.5651156;0.09125938;0.003477838;0.471042;0.6492111;0.5964449;-0.129971;-0.617726;0.7753684;-1
181040;-0.5665669;0.089936;0.006989114;0.7611898;0.5541164;0.3365983;0.1279803;-0.6373832;0.7598069;-1
181080;-0.5633673;0.09132877;-0.002015295;0.4240632;0.8368139;-0.3454646;0.1777921;0.2968528;0.9379437;-1
181120;-0.5626529;0.08955392;-0.005009569;0.1416272;0.8680412;-0.4758556;0.133631;0.4595354;0.8779726;-1
181160;-0.5642406;0.09247798;0.001838368;0.6765238;0.5530179;0.4850475;-0.2474449;-0.4494412;0.8581838;-1
181200;-0.5662252;0.09067395;0.005188271;0.5058568;0.6923147;0.5142651;0.0902278;-0.6354531;0.7667384;-1
181240;-0.5674835;0.09119517;0.006503936;0.4370652;0.8993167;0.008115105;0.5063307;-0.2536559;0.8241007;-1
181280;-0.5673243;0.09114167;0.008016089;0.9134405;0.3671994;0.173875;0.0444703;-0.5159706;0.8553863;-1
181320;-0.5641401;0.08978415;-0.005193789;0.1954258;0.8414217;-0.5033906;0.05600505;0.5028684;0.8624606;-1
181360;-0.5661623;0.09286299;0.002940324;0.4615434;0.401934;0.7904563;-0.3009484;-0.7672772;0.5659912;-1
181400;-0.5676376;0.09092204;0.009184197;0.8261487;0.201299;0.5256853;-0.2638992;-0.6862805;0.6776888;-1
181440;-0.564318;0.08865333;-0.007265024;0.1688925;0.8549619;-0.4899313;0.03735441;0.4912162;0.8702136;-1
181480;-0.5693625;0.09219997;0.0104619;0.4549904;0.2540079;0.8533925;-0.1650518;-0.9176791;0.3612503;-1
181520;-0.5651234;0.09126362;-0.003460703;0.4697013;0.6499437;-0.5967717;0.131674;0.6167955;0.7756981;-1
181560;-0.5652601;0.08971411;-0.005541641;0.3266433;0.7897498;-0.5186185;-0.04358339;0.5607734;0.8266699;-1
181600;-0.5654635;0.08887872;-0.007234521;0.2459318;0.8302726;-0.4995284;0.002332784;0.5149548;0.8571746;-1
181640;-0.5642532;0.09248506;-0.001808841;0.6731144;0.5549388;-0.4877891;0.2533464;0.4461366;0.8579935;-1
181680;-0.5659048;0.08823229;-0.008637331;0.1876057;0.8482496;-0.4949419;0.1104794;0.4824914;0.8688415;-1
181720;-0.5668036;0.08871554;-0.008454204;0.7674786;0.339249;-0.5435477;0.1891201;0.6904539;0.6981578;-1
181760;-0.5667232;0.08748829;-0.0101294;0.1350564;0.8702929;-0.4736437;0.1326293;0.4578424;0.8790841;-1
181800;-0.5665613;0.08993246;-0.006981771;0.7614757;0.5539351;-0.33625;-0.128611;0.6377802;0.759367;-1
181840;-0.5662211;0.09067136;-0.005180988;0.5062827;0.6920502;-0.5142019;-0.09086951;0.6358497;0.7663335;-1
181880;-0.5674784;0.09119184;-0.006498009;0.4370632;0.8993169;-0.008217335;-0.5070215;0.2540791;0.8235453;-1
181920;-0.5639497;0.09270208;1.31079e-05;0.8870639;0.4600437;-0.0008988342;0.002002713;-0.002164181;0.9998908;-1
181960;-0.5661653;0.09286456;-0.00292467;0.460696;0.4023585;-0.7907913;0.3015302;0.7669876;0.5659636;-1
182000;-0.5676661;0.08795522;-0.009811308;0.65948;0.3246709;-0.6776386;0.2062157;0.7888126;0.5788944;-1
182040;-0.5673181;0.09113747;-0.00800992;0.9135908;0.3670928;-0.1733097;-0.0451693;0.5164164;0.8550804;-1
182080;-0.5649455;0.09415436;0.001642661;0.8000805;0.2867787;0.5263749;-0.3442942;-0.4987167;0.7953463;-1
182120;-0.5649471;0.09415559;-0.00163129;0.7995515;0.2871699;-0.5270214;0.3450633;0.498167;0.7952929;-1
182160;-0.5645998;0.09442316;2.337212e-06;0.95294;0.3019845;0.0007536268;-0.0006923784;-0.0004447187;0.9999459;-1
182200;-0.568397;0.09012507;-0.01026401;0.6541521;0.1410508;-0.7427526;0.1716318;0.9288802;0.3278001;-1
182240;-0.568832;0.08758815;-0.0109366;0.4263514;0.3790689;-0.8210232;0.2429558;0.8262795;0.5079989;-1
182280;-0.5676302;0.09091718;-0.009178177;0.8265883;0.2009798;-0.5251161;0.2633744;0.6866334;0.6775355;-1
182320;-0.5664574;0.09592453;0.002653857;0.5951411;0.07752642;0.7998729;-0.6161919;-0.5949056;0.5161346;-1
182360;-0.5655876;0.09639563;0.001659073;0.8549683;0.1694761;0.4902094;-0.4364474;-0.2755808;0.8564797;-1
182400;-0.5655867;0.09639552;-0.00165445;0.8551965;0.1694239;-0.4898287;0.4360473;0.2756746;0.8566545;-1
182440;-0.5651565;0.09658273;2.23644e-06;0.9760114;0.2177196;0.0001157277;-7.210393e-05;-0.0001956411;0.9999999;-1
182480;-0.5664552;0.0959231;-0.002649538;0.5957913;0.07710149;-0.7994299;0.6157615;0.5951964;0.5163128;-1
182520;-0.5673995;0.09524742;0.002882977;0.04857249;0.03871081;0.9980133;-0.663098;-0.7459702;0.06123307;-1
182560;-0.5673291;0.09263441;0.003395988;0.02902931;0.5363864;0.843154;-0.1975539;-0.8240096;0.5308793;-1
182600;-0.5672765;0.09128341;0.005108837;0.1780713;0.8690125;0.4616362;0.2209757;-0.492467;0.8418112;-1
182640;-0.5685613;0.0913619;0.004569989;0.2081424;0.8250205;0.5250911;0.2706736;-0.5646148;0.7796665;-1
182680;-0.5670459;0.09824139;0.00318971;0.7635477;0.08079164;0.6406674;-0.4589268;-0.6300537;0.6264206;-1
182720;-0.5678671;0.09675179;0.003409651;0.3043965;-0.3232185;0.8960311;-0.890457;-0.4305729;0.1471854;-1
182760;-0.5682191;0.09496786;0.002462626;0.2209918;0.06135781;0.9732277;-0.7681252;-0.6038524;0.2125565;-1
182800;-0.5689393;0.09265062;0.003238266;0.3006969;0.4039644;0.863583;-0.3139679;-0.8132719;0.4897438;-1
182840;-0.5737492;0.09366989;0.004714798;0.7591895;0.2107761;0.615796;-0.04898322;-0.9249272;0.3769755;-1
182880;-0.5697398;0.09109412;0.00582397;0.4930229;0.8689969;0.03826375;0.5223373;-0.3312189;0.7856131;-1
182920;-0.5659707;0.09849714;0.001709075;0.8813164;0.1965786;0.4296745;-0.3814929;-0.2404826;0.8925354;-1
182960;-0.5688282;0.09666854;0.002954134;0.4550192;-0.3550173;0.8166486;-0.8838037;-0.2920441;0.3654797;-1
183000;-0.5692477;0.09187709;0.006879456;0.4246194;0.3733453;-0.8246988;0.8872116;0.008297771;0.4606926;-1
183040;-0.5693468;0.09298934;0.006638733;0.4814384;0.1471052;-0.8639482;0.8553204;-0.2932882;0.4267887;-1
183080;-0.5679212;0.09164585;0.007052997;0.6009545;0.6385202;-0.4806016;0.7562849;-0.2608035;0.5996832;-1
183120;-0.5683564;0.09265965;0.007288364;0.7759824;0.1921037;-0.6005719;0.6292093;-0.2959573;0.7185241;-1
183160;-0.5678763;0.09254231;0.008415175;0.9347065;0.3263813;0.139599;-0.0006028153;-0.3918911;0.9199595;-1
183200;-0.5683936;0.09256437;0.009544959;0.7251961;0.2933314;0.6227934;-0.2884744;-0.6918975;0.6618444;-1
183240;-0.5691211;0.09436122;0.009335813;0.6453411;0.4105172;0.6441612;-0.2496949;-0.6835821;0.6858235;-1
183280;-0.5682856;0.09410115;0.008151901;0.9264897;0.3114974;0.2110161;-0.04878581;-0.4566593;0.8882994;-1
183320;-0.5685896;0.09375535;0.006997482;0.8549982;-0.01595096;-0.5183283;0.4677216;-0.4078965;0.7841109;-1
183360;-0.5701313;0.0942452;0.00997841;0.3033376;0.4031331;0.8633838;-0.1749961;-0.8670962;0.4663715;-1
183400;-0.5695987;0.09594119;0.008611852;0.6229764;0.4671845;0.6273534;-0.2217714;-0.6636147;0.7144377;-1
183440;-0.5713161;0.09392236;0.01028279;0.06027004;0.3770589;0.9242251;-0.1028477;-0.9186342;0.3814853;-1
183480;-0.5705981;0.09606744;0.009093535;0.2499441;0.5040447;0.8267009;-0.1567228;-0.8214831;0.5482628;-1
183520;-0.5694839;0.09385383;0.006442465;0.4088416;-0.2548539;-0.8762534;0.794354;-0.3732301;0.4792008;-1
183560;-0.5686335;0.09540354;0.007503212;0.9005518;0.3062382;0.3084726;-0.1494454;-0.4482608;0.8813168;-1
183600;-0.5686195;0.09486446;0.006451375;0.9194756;-0.1544394;-0.3614857;0.2177575;-0.5654679;0.7955003;-1
183640;-0.571964;0.09591618;0.009351268;-0.02902194;0.4849511;0.8740587;-0.1105551;-0.8706194;0.4793724;-1
183680;-0.5695296;0.09471057;0.006061723;0.4024771;-0.5456631;-0.734996;0.5384386;-0.508208;0.6721528;-1
183720;-0.5691454;0.09584019;0.005375706;0.4064882;-0.6195392;-0.6715124;0.1167989;-0.6937044;0.7107193;-1
183760;-0.5684929;0.09604096;0.005717828;0.9899472;-0.1363012;-0.03710204;-0.0563672;-0.6219679;0.7810057;-1
183800;-0.5688128;0.09691374;0.0065526;0.8606256;0.2627683;0.4361232;-0.1773196;-0.648228;0.7405054;-1
183840;-0.5697427;0.09783557;0.007297948;0.636164;0.4108504;0.6530308;-0.1731062;-0.7488119;0.639768;-1
183880;-0.5686767;0.0990946;0.005296822;0.7678354;0.2761037;0.5780889;-0.2036237;-0.7503814;0.628854;-1
183920;-0.5682714;0.09678808;0.004933223;0.9543236;-0.1376641;0.2651616;-0.2792347;-0.726638;0.6277112;-1
183960;-0.5690047;0.0965815;0.004631679;0.5138983;-0.8149988;-0.2677182;-0.5399839;-0.5498198;0.6372668;-1
184000;-0.5708314;0.09828299;0.007739688;0.2779285;0.4850639;0.8291337;-0.1405111;-0.8333247;0.5346195;-1
184040;-0.5679852;0.09694757;0.004086873;0.8131217;-0.3140238;0.4901249;-0.567334;-0.6159441;0.5465759;-1
184080;-0.5685794;0.09712224;0.003723192;0.4599841;-0.8873518;0.03172098;-0.8601792;-0.4364697;0.263764;-1
184120;-0.5678456;0.09901431;0.004127613;0.8105116;0.1584056;0.5638875;-0.2791538;-0.7418812;0.609656;-1
184160;-0.5671691;0.1006293;0.002573509;0.791394;0.2779946;0.5444313;-0.3661259;-0.4976358;0.7863208;-1
184200;-0.5724164;0.09846285;0.00784102;-0.0484897;0.4744964;0.8789196;-0.1073621;-0.8773316;0.4677171;-1
184240;-0.5680527;0.1013702;0.00330059;0.7643846;0.3234499;0.5577555;-0.2656194;-0.6302609;0.7295277;-1
184280;-0.5744902;0.09812298;0.007626021;-0.2661105;0.4357088;0.8598505;-0.03715385;-0.8959873;0.4425217;-1
184320;-0.5748975;0.1002573;0.006467286;-0.2763593;0.4395566;0.8546433;-0.1174042;-0.8980572;0.423921;-1
184360;-0.5772493;0.1008875;0.005063361;-0.3712094;0.4870488;0.790551;-0.09755979;-0.8670918;0.4884019;-1
184400;-0.5778676;0.1022777;0.003787808;-0.4125516;0.6176994;0.6695132;0.01143699;-0.731404;0.6818478;-1
184440;-0.5753046;0.1021979;0.005249821;-0.3113546;0.5261152;0.7913666;-0.05723256;-0.8416299;0.5370136;-1
184480;-0.5728488;0.1009005;0.006632691;-0.06327495;0.4852002;0.8721088;-0.1415702;-0.8693852;0.4734156;-1
184520;-0.5763986;0.104441;0.002226559;-0.4366715;0.8251938;0.3582921;0.08475094;-0.3587644;0.9295726;-1
184560;-0.5710734;0.1009036;0.006443774;0.2791482;0.4971988;0.8215019;-0.1619259;-0.8188826;0.5506405;-1
184600;-0.5758777;0.1035257;0.003877026;-0.3737225;0.668933;0.6425419;0.05757718;-0.6746705;0.7358699;-1
184640;-0.5746199;0.1057087;-3.729132e-06;-0.2618465;0.9651095;-0.0003625092;-0.0004371069;0.0002596285;0.9999999;-1
184680;-0.5743973;0.105252;0.002306311;-0.2410631;0.9039156;0.3533065;0.04609311;-0.3529682;0.9344994;-1
184720;-0.5724648;0.1059747;-3.052119e-06;0.06093989;0.9981414;-0.0002574446;-0.0004479481;0.0002901659;0.9999999;-1
184760;-0.5743951;0.1052507;-0.00231345;-0.2407575;0.9037332;-0.3539806;-0.04689313;0.3534517;0.9342766;-1
184800;-0.5738435;0.1043958;0.003926535;-0.1751045;0.7573943;0.6290407;0.02148857;-0.6358197;0.7715384;-1
184840;-0.5732564;0.1031135;0.005225571;-0.09581938;0.5946954;0.7982205;-0.08372757;-0.8038838;0.5888639;-1
184880;-0.5738402;0.1043937;-0.003932766;-0.1745838;0.7570543;-0.6295947;-0.0221386;0.6362349;0.7711777;-1
184920;-0.5723029;0.1054962;0.002144141;0.08858175;0.9410031;0.3265981;-0.02737352;-0.3254635;0.9451584;-1
184960;-0.5714757;0.1032367;0.004959189;0.2449987;0.6148579;0.7496166;-0.1159013;-0.7490616;0.6522831;-1
185000;-0.5720184;0.1046059;0.00369061;0.1553336;0.7996939;0.5799666;-0.04839981;-0.5802268;0.8130156;-1
185040;-0.5703012;0.1042227;0.003144059;0.4605756;0.7336277;0.4996603;-0.1134679;-0.5096398;0.852873;-1
185080;-0.5700263;0.1028461;0.004438425;0.5392926;0.5325592;0.6523363;-0.1847029;-0.6809712;0.7086334;-1
185120;-0.5698581;0.1002294;0.005981921;0.5966058;0.4118052;0.6888191;-0.2025544;-0.7532472;0.6257663;-1
185160;-0.5687453;0.1020712;0.003772232;0.68143;0.4274265;0.5941012;-0.2473249;-0.6295032;0.7365813;-1
185200;-0.5704814;0.1050095;0.001754494;0.414341;0.8643971;0.284849;-0.0862859;-0.2742604;0.9577765;-1
185240;-0.5678391;0.1023566;0.002202717;0.7496786;0.5019456;0.4313107;-0.171709;-0.4818743;0.8592501;-1
185280;-0.568818;0.1033268;0.002586849;0.6414319;0.6237082;0.446685;-0.1306796;-0.4849217;0.8647375;-1
185320;-0.5689411;0.1040378;0.001403607;0.6288323;0.7370944;0.2475106;-0.07685576;-0.2578425;0.9631254;-1
185360;-0.5665299;0.1008047;0.001445946;0.8705127;0.3574215;0.3382995;-0.272704;-0.221882;0.9361606;-1
185400;-0.5704547;0.1053679;-1.021719e-06;0.4091937;0.9124454;4.024245e-06;-0.0005165909;0.0002311276;0.9999995;-1
185440;-0.5676636;0.1026889;0.001295943;0.7787406;0.576678;0.2469904;-0.1137762;-0.2573505;0.9595966;-1
185480;-0.5655324;0.09860435;3.572961e-06;0.9712115;0.2381824;0.0003628488;-0.0003611794;-5.59409e-05;0.9999989;-1
185520;-0.5688467;0.104266;-1.19512e-06;0.6436075;0.7653555;-1.96902e-05;-0.0005385133;0.0004923302;0.9999999;-1
185560;-0.5663405;0.1009599;2.517307e-06;0.9151264;0.4031541;0.0003609169;-0.0005573551;0.000366634;0.9999995;-1
185600;-0.5659698;0.09849648;-0.001704296;0.8816149;0.1964174;-0.4291378;0.3808646;0.2408458;0.892705;-1
185640;-0.5675098;0.1028187;1.641456e-08;0.7987356;0.6016821;0.0001139308;-0.0005676614;0.0005539369;0.9999998;-1
185680;-0.5665287;0.1008035;-0.00144279;0.8708545;0.3571247;-0.337734;0.2717672;0.2226821;0.9362423;-1
185720;-0.5676621;0.1026875;-0.0012962;0.779025;0.5764175;-0.2467016;0.1126754;0.2583572;0.9594558;-1
185760;-0.5689397;0.1040365;-0.001406434;0.6290989;0.7368714;-0.2474973;0.07580808;0.2587187;0.9629734;-1
185800;-0.5670436;0.09823997;-0.003186557;0.7640364;0.08049278;-0.6401228;0.4584556;0.6303346;0.6264826;-1
185840;-0.567837;0.1023544;-0.002202819;0.7501259;0.5015522;-0.4309904;0.1707699;0.4827115;0.8589671;-1
185880;-0.5671666;0.1006271;-0.002571289;0.7919242;0.2775494;-0.5438879;0.3653573;0.4982832;0.7862674;-1
185920;-0.5704798;0.1050082;-0.001758944;0.4146149;0.8641991;-0.2850507;0.08536648;0.2749249;0.9576684;-1
185960;-0.5688151;0.1033244;-0.002588852;0.6418849;0.6233119;-0.4465872;0.1297737;0.4857119;0.8644304;-1
186000;-0.572301;0.105495;-0.002149808;0.08886249;0.9408283;-0.3270252;0.02654561;0.3259705;0.945007;-1
186040;-0.5702983;0.1042204;-0.003147813;0.4610403;0.7332699;-0.4997568;0.1126639;0.5102561;0.8526109;-1
186080;-0.5687417;0.1020681;-0.003773019;0.6820147;0.4269341;-0.5937842;0.2465917;0.6301212;0.7362983;-1
186120;-0.5680492;0.1013674;-0.003300075;0.7649465;0.322959;-0.5572692;0.2648908;0.630895;0.7292442;-1
186160;-0.5686726;0.09909233;-0.005295467;0.7682725;0.2758484;-0.5776306;0.20316;0.7506474;0.6286861;-1
186200;-0.5678427;0.09901257;-0.004125342;0.8109428;0.1581476;-0.5633407;0.2786967;0.7421485;0.6095391;-1
186240;-0.5720152;0.1046038;-0.003695592;0.155826;0.7993628;-0.5802906;0.0476989;0.5806922;0.8127246;-1
186280;-0.5679818;0.09694549;-0.004084317;0.8135241;-0.3142741;-0.4892957;0.5668862;0.6162144;0.5467357;-1
186320;-0.573252;0.1031106;-0.005230638;-0.09516857;0.594261;-0.7986218;0.08323704;0.804204;0.5884957;-1
186360;-0.5714715;0.1032338;-0.004963;0.2456343;0.6144099;-0.7497758;0.1153393;0.7494536;0.6519324;-1
186400;-0.5700222;0.1028429;-0.00444095;0.5398927;0.5320901;-0.6522225;0.184045;0.6814844;0.7083112;-1
186440;-0.5710679;0.1009001;-0.006445589;0.279815;0.4967533;-0.8215448;0.1614854;0.8191793;0.550328;-1
186480;-0.5698534;0.1002263;-0.005982164;0.5971546;0.4114535;-0.688554;0.2020626;0.7535622;0.6255455;-1
186520;-0.5708247;0.09827915;-0.007739886;0.2785825;0.4846552;-0.8291534;0.1401199;0.8335797;0.5343242;-1
186560;-0.5697368;0.0978321;-0.007296994;0.6366732;0.4105252;-0.6527393;0.1726428;0.7491061;0.6395483;-1
186600;-0.5719559;0.09591113;-0.009351371;-0.02829998;0.4844837;-0.8743415;0.110224;0.8708703;0.4789928;-1
186640;-0.5705905;0.09606251;-0.009092608;0.2506292;0.5035924;-0.8267691;0.1563231;0.8217677;0.5479503;-1
186680;-0.5713076;0.09391677;-0.01028132;0.06102603;0.3765675;-0.9243758;0.1026132;0.9188277;0.3810821;-1
186720;-0.5726887;0.09336264;-0.01052116;-0.1182291;0.3445385;-0.9312972;0.107304;0.9368163;0.3329578;-1
186760;-0.57427;0.0926449;-0.01037527;-0.3105681;0.3135575;-0.8973454;0.1554016;0.9480739;0.2774994;-1
186800;-0.575869;0.09171408;-0.00993172;-0.3914095;0.2981636;-0.8705726;0.227447;0.9480451;0.2224369;-1
186840;-0.5750045;0.09043168;-0.01068828;-0.3390251;0.2018747;-0.9188625;0.2751565;0.955274;0.108352;-1
186880;-0.5734835;0.09073479;-0.01109978;-0.1725466;0.2092681;-0.9624999;0.1845996;0.9667063;0.1771167;-1
186920;-0.5761353;0.08925587;-0.0103999;-0.07791448;0.5880768;-0.8050433;0.4240822;0.7503495;0.5070795;-1
186960;-0.5737566;0.08904091;-0.01132234;-0.2364989;0.1480611;-0.9602673;0.3425647;0.9375359;0.06021763;-1
187000;-0.5742936;0.08808376;-0.01130896;-0.01359065;0.6163556;-0.7873507;0.3966703;0.726135;0.5615877;-1
187040;-0.5750645;0.08743373;-0.01233042;0.1332171;0.8822165;-0.4516051;0.1924481;0.4239671;0.8849947;-1
187080;-0.5722107;0.08677262;-0.0126398;0.1370607;0.89091;-0.4329208;0.2055898;0.4019625;0.8922731;-1
187120;-0.5723512;0.08758153;-0.01167741;0.06786385;0.5169817;-0.8532981;0.2888717;0.8084562;0.5127883;-1
187160;-0.5725117;0.08884352;-0.01152033;-0.03992944;0.1456315;-0.9885089;0.2246341;0.9652645;0.1331848;-1
187200;-0.5718322;0.09112504;-0.01117577;0.01777471;0.2073642;-0.9780788;0.1582314;0.9653102;0.2075797;-1
187240;-0.5701088;0.08644398;-0.01284035;0.07914309;0.9282371;-0.362888;0.1669213;0.3466754;0.9229945;-1
187280;-0.5703266;0.0868375;-0.01211188;0.126032;0.8562427;-0.5006624;0.1865658;0.4752867;0.8598124;-1
187320;-0.5704592;0.08742303;-0.01154387;0.2100804;0.428548;-0.8787565;0.2972841;0.8282551;0.4749902;-1
187360;-0.5709494;0.08897506;-0.0113702;0.1270988;0.13401;-0.9827369;0.2239522;0.9612757;0.1601473;-1
187400;-0.5695888;0.08956017;-0.01100364;0.3074242;0.1228171;-0.9435076;0.1130242;0.9797855;0.1642217;-1
187440;-0.5703712;0.09173025;-0.01089987;0.2042811;0.2223146;-0.9532847;0.1017133;0.9636994;0.2466101;-1
187480;-0.5693538;0.09219429;-0.01045793;0.4556882;0.2535269;-0.8531631;0.1648086;0.9178649;0.3608899;-1
187520;-0.5701232;0.09423979;-0.009976133;0.3040475;0.4026616;-0.8633541;0.174671;0.867333;0.4660535;-1
187560;-0.5695913;0.09593651;-0.008610031;0.623499;0.4668308;-0.6270975;0.2212191;0.6639843;0.7142656;-1
187600;-0.5691137;0.09435615;-0.009332739;0.6458799;0.4101526;-0.6438537;0.2491675;0.6839319;0.6856666;-1
187640;-0.568386;0.0925592;-0.009540349;0.7257165;0.2929536;-0.622365;0.2879779;0.6922394;0.6617029;-1
187680;-0.5678695;0.09253784;-0.008410117;0.9348281;0.326285;-0.1390097;-0.0001364313;0.3923752;0.9197532;-1
187720;-0.5682791;0.09409675;-0.008147973;0.9266649;0.3113741;-0.2104274;0.04807118;0.4571244;0.888099;-1
187760;-0.5688076;0.09691051;-0.006550561;0.8609793;0.2625149;-0.4355777;0.1767656;0.6485883;0.740322;-1
187800;-0.5683507;0.09265581;-0.007283768;0.7754947;0.1923981;0.6011071;-0.6297905;0.2963504;0.7178525;-1
187840;-0.5686274;0.09539948;-0.007500284;0.9008103;0.3060552;-0.3078989;0.148737;0.4487208;0.8812026;-1
187880;-0.5682675;0.09678553;-0.004930779;0.9545469;-0.1377938;-0.2642891;0.2787016;0.7269688;0.627565;-1
187920;-0.5679156;0.09164222;-0.00704759;0.6005547;0.6387827;0.4807524;-0.7567801;0.2611216;0.5989196;-1
187960;-0.5685841;0.09375159;-0.006993616;0.8545756;-0.01566707;0.5190335;-0.4683599;0.4083276;0.7835052;-1
188000;-0.5684884;0.09603792;-0.005715146;0.9899135;-0.1362987;0.03799846;0.05572822;0.622382;0.7807217;-1
188040;-0.5692422;0.09187344;-0.006875262;0.4239492;0.3737771;0.8248476;-0.8875884;-0.008042224;0.4599707;-1
188080;-0.5686145;0.09486102;-0.006448135;0.9191793;-0.1542536;0.3623177;-0.2184006;0.5658962;0.7950193;-1
188120;-0.5691411;0.09583765;-0.005373355;0.4059582;-0.6192183;0.6721286;-0.117338;0.6940523;0.7102905;-1
188160;-0.5693418;0.09298578;-0.006635129;0.4807385;0.1475402;0.8642635;-0.8556585;0.2935396;0.4259377;-1
188200;-0.5694789;0.09385034;-0.006439403;0.4081193;-0.2544145;0.8767176;-0.7947282;0.373511;0.4783611;-1
188240;-0.5737453;0.09366737;-0.004715175;0.7596909;0.2104367;-0.6152937;0.04867638;0.9251349;0.3765053;-1
188280;-0.5695247;0.09470731;-0.006059153;0.4018642;-0.5452839;0.7356126;-0.5389687;0.5085815;0.6714451;-1
188320;-0.569001;0.09657937;-0.004629377;0.5136831;-0.8148816;0.2684875;0.5395012;0.5501067;0.6374274;-1
188360;-0.5697351;0.09109113;-0.005819816;0.4930579;0.8689749;-0.03831634;-0.5229846;0.3316365;0.7850061;-1
188400;-0.5685765;0.09712033;-0.003720833;0.4599919;-0.8873768;-0.03089816;0.859974;0.4365867;0.264239;-1
188440;-0.5688257;0.09666681;-0.00295172;0.4557188;-0.3555174;-0.8160408;0.8834907;0.2922637;0.3660601;-1
188480;-0.5678644;0.09675005;-0.0034069;0.3051274;-0.3236884;-0.8956128;0.8903391;0.4306443;0.147689;-1
188520;-0.5682173;0.09496656;-0.002459224;0.2217941;0.06083944;-0.9730777;0.767947;0.6039695;0.2128675;-1
188560;-0.5673971;0.09524591;-0.00287905;0.04939033;0.03817007;-0.9979941;0.6630402;0.7460102;0.06137204;-1
188600;-0.5673261;0.09263276;-0.003390616;0.02974456;0.5359722;-0.8433928;0.1970922;0.8242725;0.5306427;-1
188640;-0.5689368;0.09264895;-0.003234282;0.3014185;0.4035113;-0.8635432;0.3135558;0.8135303;0.4895785;-1
188680;-0.5685573;0.09135957;-0.004565056;0.2085814;0.8247497;-0.5253424;-0.2713327;0.565017;0.779146;-1
188720;-0.5672725;0.09128085;-0.00510281;0.1784551;0.8687831;-0.4619199;-0.2216981;0.4928862;0.8413758;-1
188760;-0.5932612;0.001311213;-0.06030961;0.6257935;-0.7751507;-0.08537435;0.4828814;0.4711116;-0.7380853;-1
188800;-0.5935116;0.0007082522;-0.06352547;0.3950056;-0.8688636;0.2984068;0.7143849;0.08628337;-0.694413;-1
188840;-0.5967491;-0.001080915;-0.06472705;0.300741;-0.9517243;0.06144633;0.4555764;0.08676;-0.8859588;-1
188880;-0.5891732;0.004329905;-0.06010061;0.4735853;-0.850289;0.2292675;0.7172796;0.2214128;-0.6605976;-1
188920;-0.5897789;0.002364129;-0.06266246;0.1803472;-0.7765654;0.603673;0.8202152;-0.2200075;-0.5280567;-1
188960;-0.5831873;0.007735968;-0.0576256;0.5970842;-0.7812213;0.1809281;0.7861456;0.5258041;-0.3241737;-1
189000;-0.5841902;0.004994661;-0.06029217;0.2466832;-0.8099196;0.5320385;0.9498046;0.09332579;-0.2983596;-1
189040;-0.5800496;0.005833253;-0.06025998;0.4082437;-0.7325217;0.5446058;0.9120479;0.3508345;-0.211838;-1
189080;-0.5862724;0.002343118;-0.06238217;0.1264835;-0.7167841;0.6857279;0.8982543;-0.2105413;-0.3857609;-1
189120;-0.5777066;0.00875628;-0.05940876;0.7871029;-0.4318204;0.4400799;0.5305818;0.8378394;-0.1269041;-1
189160;-0.5782863;0.009187102;-0.06297154;0.8494318;0.07436456;-0.5223364;-0.04025098;0.9961976;0.0763821;-1
189200;-0.5784296;0.007134393;-0.06233737;0.8907546;-0.421295;-0.1701157;0.3517295;0.8764047;-0.3287609;-1
189240;-0.5815598;0.003901049;-0.0621306;0.4710031;-0.7914118;0.3896454;0.8750967;0.3635212;-0.3194655;-1
189280;-0.5818139;0.008781448;-0.06561604;0.3203363;0.3182243;-0.8922545;-0.02368291;0.9442843;0.3282783;-1
189320;-0.5836471;0.001582429;-0.06422338;0.5370823;-0.8065766;0.2469349;0.7935645;0.3838791;-0.4721146;-1
189360;-0.5802436;0.005303502;-0.06436481;0.7807315;-0.5396442;-0.3150277;0.4020138;0.8197467;-0.4079219;-1
189400;-0.5802417;0.006958827;-0.06511907;0.6118926;0.007036835;-0.7909096;0.0204365;0.999486;0.02470339;-1
189440;-0.5831076;0.00499028;-0.06657963;0.3974466;0.02351224;-0.9173241;-0.001991875;0.9996914;0.0247604;-1
189480;-0.5843519;0.01005691;-0.06538418;0.1353016;0.455043;-0.8801304;0.0200805;0.8868569;0.4616078;-1
189520;-0.5827954;0.003351942;-0.06621149;0.6984649;-0.4865595;-0.524792;0.3078877;0.8662834;-0.3933933;-1
189560;-0.5844965;0.006525815;-0.06668783;0.1702177;0.2377906;-0.9562854;-0.02203046;0.9711234;0.2375587;-1
189600;-0.5866841;0.01074362;-0.06520638;0.1295819;0.4889067;-0.8626581;0.0968444;0.8595936;0.5017172;-1
189640;-0.5863948;0.007738799;-0.06655677;0.08800244;0.3129657;-0.9456788;-0.06682751;0.9490781;0.3078718;-1
189680;-0.5872942;0.004211277;-0.06761042;0.1289431;0.309176;-0.9422229;-0.1493372;0.945373;0.2897729;-1
189720;-0.5862566;0.002634957;-0.06776987;0.3243419;0.1374163;-0.9359056;-0.1477238;0.9846112;0.09337325;-1
189760;-0.5859593;0.001088291;-0.06767472;0.6630585;-0.3830679;-0.6431271;0.184529;0.9162739;-0.3555154;-1
189800;-0.5887402;0.01123653;-0.065204;0.192137;0.5577697;-0.8074507;0.1896934;0.7861551;0.5881978;-1
189840;-0.5882428;0.008657649;-0.06644788;0.2293662;0.3072561;-0.9235718;-0.05690201;0.9514784;0.3024087;-1
189880;-0.5886763;0.005345225;-0.06698321;0.1918767;0.2680955;-0.9440912;-0.2273539;0.9479398;0.222981;-1
189920;-0.5899516;0.00219363;-0.06889617;0.2505159;0.4075952;-0.8781276;-0.3181659;0.8913305;0.3229558;-1
189960;-0.5862629;-0.0006691962;-0.0660261;0.5761658;-0.8058603;0.1364632;0.7468829;0.4513009;-0.4883578;-1
190000;-0.5889298;0.0007065088;-0.06930323;0.3526315;0.2815257;-0.8924093;-0.2782828;0.942074;0.1872311;-1
190040;-0.5884622;-0.0007087588;-0.06930088;0.6658327;-0.2847116;-0.6896422;0.1518201;0.9566909;-0.2483812;-1
190080;-0.5884304;-0.0001391619;-0.06419598;0.1015338;-0.6971186;0.7097299;0.8375491;-0.3250836;-0.4391266;-1
190120;-0.5885209;-0.00245063;-0.06774061;0.5881082;-0.8083914;-0.02514367;0.7067431;0.5287774;-0.4700092;-1
190160;-0.5910094;-8.796155e-05;-0.06473;-0.07655896;-0.6524037;0.7539949;0.7525756;-0.5338612;-0.3855154;-1
190200;-0.590077;-0.001990244;-0.06574228;0.1060668;-0.765661;0.6344392;0.8387982;-0.2737574;-0.4706109;-1
190240;-0.5941265;-0.0009399205;-0.06616978;-0.03444399;-0.7450914;0.6660724;0.6972491;-0.4953904;-0.5181045;-1
190280;-0.592051;-0.002992898;-0.0669504;-0.01658267;-0.7579378;0.6521162;0.8562214;-0.3475726;-0.3822018;-1
190320;-0.5915765;-0.000966385;-0.07112069;0.3720835;0.3587436;-0.8560706;-0.2287113;0.92929;0.2900195;-1
190360;-0.5912396;-0.002488002;-0.07122211;0.6309307;-0.304934;-0.7134017;0.1897316;0.952246;-0.2392267;-1
190400;-0.5913075;-0.004244283;-0.06964559;0.4836252;-0.8733853;-0.05748733;0.7225446;0.4354422;-0.5369539;-1
190440;-0.5943658;-0.00379917;-0.06820134;-0.09149558;-0.7478744;0.6575049;0.6900439;-0.5236644;-0.4996148;-1
190480;-0.5970039;-0.001733392;-0.06755161;-0.07755972;-0.8005546;0.5942196;0.5120203;-0.5433944;-0.6652502;-1
190520;-0.5922674;0.0006759018;-0.07022025;0.3776116;0.3701856;-0.8487475;-0.2983449;0.9163686;0.2669439;-1
190560;-0.6006092;-0.001728445;-0.06620893;0.0277192;-0.9993827;0.02158528;0.3655881;-0.009962244;-0.9307235;-1
190600;-0.6050546;-0.001636699;-0.06435832;-0.1045392;-0.9333311;-0.3434601;0.2952413;0.3006585;-0.9068832;-1
190640;-0.6088537;-0.0003138781;-0.06550403;-0.3094743;-0.9111796;-0.2719878;0.1084381;0.2503469;-0.9620643;-1
190680;-0.60439;-0.001285285;-0.06757119;-0.1787524;-0.9755209;0.1280884;0.1715738;-0.1590964;-0.97224;-1
190720;-0.6007376;-0.00235036;-0.06906948;-0.1663151;-0.7772602;0.6067997;0.3213147;-0.6245015;-0.7118671;-1
190760;-0.5976309;-0.004644573;-0.06975742;-0.14003;-0.7573253;0.637848;0.4630535;-0.6194972;-0.6338806;-1
190800;-0.612932;0.001826003;-0.06690834;-0.3903328;-0.9160849;-0.09180798;-0.1247634;0.15143;-0.9805626;-1
190840;-0.594152;-0.005536273;-0.07128166;0.3155979;-0.948236;-0.03530501;0.6629636;0.2469655;-0.7067442;-1
190880;-0.5939778;-0.003646404;-0.07294647;0.5330717;-0.3572803;-0.7669326;0.2237784;0.9337223;-0.2794387;-1
190920;-0.5941775;-0.002052039;-0.07285098;0.3669132;0.3926768;-0.8433148;-0.1632436;0.9196528;0.3571978;-1
190960;-0.5944717;-0.0003550202;-0.07155597;0.3902004;0.3202185;-0.863252;-0.1268698;0.9473293;0.2940598;-1
191000;-0.6013134;-0.005009562;-0.071112;-0.1746521;-0.7710887;0.6123062;0.2436482;-0.6363694;-0.7318946;-1
191040;-0.5976459;-0.00636287;-0.07296853;0.1563206;-0.9815783;-0.1098546;0.4361776;0.1683932;-0.8839644;-1
191080;-0.597505;-0.004275188;-0.07480558;0.3658127;-0.3741888;-0.8521525;0.2259151;0.9239318;-0.3087269;-1
191120;-0.597306;-0.002530754;-0.07441752;0.321165;0.4191509;-0.8492147;-0.05062194;0.9030362;0.4265711;-1
191160;-0.5972387;-0.001033962;-0.07290865;0.3090336;0.3829967;-0.8705239;-0.01505563;0.9171836;0.3981804;-1
191200;-0.6046531;-0.002426222;-0.07021561;-0.1999466;-0.7240943;0.6600823;-0.001123331;-0.6735165;-0.7391714;-1
191240;-0.6082048;-0.000451386;-0.06857573;-0.2828452;-0.9006499;0.3298917;-0.02544291;-0.33677;-0.9412432;-1
191280;-0.6121458;0.0003040284;-0.06942904;-0.2859778;-0.8077201;0.515563;-0.2359914;-0.4620947;-0.8548547;-1
191320;-0.6086043;-0.002387509;-0.0709634;-0.1947991;-0.6668562;0.7192746;-0.1834498;-0.6956116;-0.694601;-1
191360;-0.6055046;-0.005012229;-0.07220507;-0.1686498;-0.8017969;0.5733054;-0.04268684;-0.5751498;-0.8169336;-1
191400;-0.615407;0.001847774;-0.06873539;-0.3146451;-0.8376998;0.4463826;-0.3963434;-0.3113643;-0.8636923;-1
191440;-0.6016393;-0.006392062;-0.07432503;0.01899407;-0.9780403;-0.2075484;0.2136426;0.2067616;-0.9547809;-1
191480;-0.6171305;0.003543183;-0.0677894;-0.4607998;-0.8440008;0.2744566;-0.4448308;-0.04795806;-0.8943297;-1
191520;-0.6013002;-0.004051596;-0.07599242;0.2217598;-0.3342457;-0.9160253;0.1767746;0.93763;-0.2993338;-1
191560;-0.6199198;0.005785063;-0.06718864;-0.5756102;-0.7584906;0.3055569;-0.6234587;0.1652847;-0.764186;-1
191600;-0.6008458;-0.002384186;-0.07549387;0.2636169;0.4669297;-0.8440871;-0.0001132861;0.8750543;0.4840247;-1
191640;-0.6003761;-0.001160979;-0.07406875;0.2322563;0.5068547;-0.8301539;0.04035182;0.8477371;0.5288795;-1
191680;-0.6055981;-0.00594236;-0.07527266;-0.02289878;-0.951855;-0.3056924;-0.008373585;0.3059444;-0.9520125;-1
191720;-0.6051589;-0.003492191;-0.07686049;0.1603004;-0.2714956;-0.9489964;0.08120912;0.9617972;-0.2614403;-1
191760;-0.6044811;-0.001856819;-0.07632472;0.2341705;0.5436305;-0.8059964;0.01254114;0.8272894;0.561636;-1
191800;-0.6037056;-0.0009146631;-0.07474969;0.1698649;0.6476914;-0.742726;0.08831061;0.740642;0.6660711;-1
191840;-0.60946;-0.004829854;-0.07299868;-0.1716236;-0.8373656;0.5190033;-0.1791485;-0.491509;-0.8522468;-1
191880;-0.6124991;-0.001930833;-0.07142904;-0.184223;-0.6361662;0.7492359;-0.2927208;-0.6921813;-0.6596966;-1
191920;-0.6149004;8.171797e-05;-0.07030946;-0.195814;-0.6799099;0.7066677;-0.4161749;-0.5948877;-0.6876823;-1
191960;-0.6080004;-0.001019284;-0.07681926;0.2422146;0.636801;-0.731995;-0.03787617;0.7600918;0.6487108;-1
192000;-0.6087772;-0.002699599;-0.07745338;0.1445853;-0.1825215;-0.9725128;0.04480503;0.9830396;-0.1778359;-1
192040;-0.6094787;-0.005548298;-0.07623473;-0.04541685;-0.9011336;-0.431156;-0.08333296;0.4335147;-0.8972851;-1
192080;-0.6131141;-0.004501268;-0.07357288;-0.2315229;-0.8801426;0.4144227;-0.2160142;-0.3688516;-0.904039;-1
192120;-0.6154845;-0.002053857;-0.07205106;-0.1993094;-0.6420411;0.74031;-0.3717595;-0.649452;-0.6633303;-1
192160;-0.6167737;-0.0002261847;-0.07089006;-0.2071313;-0.6242788;0.7532416;-0.510344;-0.5879279;-0.6276063;-1
192200;-0.6131723;-0.004708394;-0.07708099;-0.154954;-0.8149141;-0.558484;-0.1457158;0.5779816;-0.8029347;-1
192240;-0.6180236;0.0009304434;-0.07031722;-0.2718571;-0.6224573;0.7339215;-0.6033468;-0.4838938;-0.6338924;-1
192280;-0.6178576;-0.001392365;-0.07214902;-0.3197562;-0.6639131;0.6759996;-0.5354995;-0.4619541;-0.7069926;-1
192320;-0.6161865;-0.003725171;-0.07382336;-0.3538176;-0.89528;0.2707158;-0.2895555;-0.1703723;-0.9418764;-1
192360;-0.6199521;0.002761602;-0.06952252;-0.3449807;-0.594811;0.7260773;-0.7340973;-0.3110548;-0.6036109;-1
192400;-0.6201795;4.632771e-05;-0.07194819;-0.4109161;-0.6537896;0.6353797;-0.6850275;-0.2384534;-0.6883873;-1
192440;-0.6189005;-0.002493247;-0.07403272;-0.5230272;-0.8417503;0.1337876;-0.366716;0.08054982;-0.9268394;-1
192480;-0.6162626;-0.003341109;-0.07721831;-0.3182563;-0.7157806;-0.6215875;-0.1314156;0.6826599;-0.7188222;-1
192520;-0.612372;-0.001639873;-0.07803188;0.07156894;-0.08189835;-0.9940678;0.08116291;0.9937966;-0.07603261;-1
192560;-0.6114386;-5.090237e-05;-0.07723598;0.2760652;0.695882;-0.6629753;-0.04762092;0.6988367;0.7136942;-1
192600;-0.6219798;0.005065843;-0.0687387;-0.4565209;-0.535987;0.7101455;-0.8356418;-0.01570481;-0.5490503;-1
192640;-0.6221538;0.00214541;-0.07128211;-0.4922523;-0.5984496;0.6320963;-0.7564336;-0.06520178;-0.6508126;-1
192680;-0.6215833;-0.0004764944;-0.07394857;-0.6561709;-0.7500061;0.0832497;-0.4211162;0.2724004;-0.8651354;-1
192720;-0.6221713;0.008088455;-0.06678545;-0.7497433;-0.5408114;0.381324;-0.6617131;0.608778;-0.4376359;-1
192760;-0.6231235;0.01051198;-0.06658126;-0.9129107;-0.1388667;0.3838101;-0.2759654;0.9028367;-0.3297407;-1
192800;-0.6233206;0.01282784;-0.06695747;-0.9046888;0.2960756;0.3063942;0.2904025;0.9546897;-0.06506827;-1
192840;-0.6227247;0.0153594;-0.06862842;-0.7646929;0.6434539;0.03481515;0.604931;0.6981963;0.3828585;-1
192880;-0.6214865;0.0004840195;-0.07678899;-0.5685306;-0.3664549;-0.736535;0.06223945;0.8735807;-0.4826832;-1
192920;-0.6238546;0.001571983;-0.07343383;-0.8038249;-0.5903073;0.07350335;-0.4228027;0.4800235;-0.7686452;-1
192960;-0.6237625;0.004556641;-0.07055461;-0.5933498;-0.5104423;0.6224023;-0.7950434;0.2507294;-0.552305;-1
193000;-0.6234695;0.007408142;-0.06822874;-0.584207;-0.4304619;0.6880442;-0.7974906;0.4618794;-0.3881701;-1
193040;-0.6240199;0.0096495;-0.06797302;-0.7880512;-0.1255912;0.6026626;-0.4265478;0.8172782;-0.3874448;-1
193080;-0.6245273;0.01106739;-0.06892986;-0.9223599;0.2064747;0.3265277;0.1258757;0.9596945;-0.2512801;-1
193120;-0.6250147;0.007871196;-0.06965142;-0.8211049;-0.243029;0.5164529;-0.478884;0.7856668;-0.3916605;-1
193160;-0.6252849;0.00447382;-0.07255562;-0.938447;-0.3418666;0.04944296;-0.304432;0.7509322;-0.5860222;-1
193200;-0.6240934;0.01346259;-0.07012227;-0.8542635;0.5168098;-0.05604943;0.5063841;0.851673;0.1350119;-1
193240;-0.623404;0.002887294;-0.07590941;-0.656341;-0.1545181;-0.7384718;0.1449171;0.9347572;-0.3243888;-1
193280;-0.625501;0.007864118;-0.07145713;-0.9988529;0.02912744;-0.03800673;0.0414075;0.9240274;-0.3800774;-1
193320;-0.6252328;0.009989083;-0.07057204;-0.9812688;0.1603135;0.1068228;0.1284893;0.9578009;-0.257115;-1
193360;-0.6248071;0.00592345;-0.07457478;-0.7563346;0.06116632;-0.6513191;0.2634413;0.9397995;-0.2176595;-1
193400;-0.6248027;0.01147281;-0.07157125;-0.8324828;0.4265915;-0.3535423;0.4393008;0.8970572;0.04799041;-1
193440;-0.6250283;0.009003729;-0.07312293;-0.7937281;0.2659247;-0.5470648;0.3595472;0.930548;-0.06932826;-1
193480;-0.6220652;0.01477598;-0.0711292;-0.3935351;0.6968451;-0.5996142;0.5790201;0.6944968;0.4270946;-1
193520;-0.6228436;0.01300628;-0.07233204;-0.3579981;0.5799759;-0.7317551;0.5207151;0.7745234;0.3591228;-1
193560;-0.623015;0.01058558;-0.07382439;-0.2864937;0.4631576;-0.8386933;0.4542537;0.8364056;0.3067234;-1
193600;-0.6226809;0.007862598;-0.07510474;-0.2266292;0.3529054;-0.9077979;0.4420324;0.8677998;0.227004;-1
193640;-0.6212246;0.005191907;-0.07621254;-0.1407122;0.3002564;-0.9434226;0.3939171;0.8912103;0.2248861;-1
193680;-0.620844;0.008533627;-0.07434865;0.7875889;0.4536536;-0.4170159;0.007109925;0.6700174;0.7423113;-1
193720;-0.6212664;0.01096192;-0.07317773;0.831848;0.2883844;-0.4741978;0.1595442;0.6940889;0.7019874;-1
193760;-0.6216037;0.01001073;-0.07123774;0.9821647;0.08730058;-0.1665266;0.06792452;0.6611169;0.747202;-1
193800;-0.6211345;0.01308291;-0.07191247;0.8023983;0.1454587;-0.5787907;0.3510157;0.6693133;0.654834;-1
193840;-0.620826;0.01630984;-0.06985929;-0.3530603;0.8232598;-0.4445131;0.6264307;0.5609032;0.541269;-1
193880;-0.6193812;0.003087416;-0.07715724;-0.08526455;0.2598842;-0.9618681;0.3178831;0.9220278;0.2209411;-1
193920;-0.6196146;0.006167337;-0.07517205;0.7002726;0.6277618;-0.339902;-0.1095425;0.5649902;0.8177937;-1
193960;-0.6204739;0.01468442;-0.07085185;0.6712205;0.04010216;-0.7401722;0.5440924;0.6514874;0.5287039;-1
194000;-0.6192467;0.01720484;-0.06886684;-0.2736878;0.8693172;-0.4115614;0.6026249;0.4884841;0.631052;-1
194040;-0.6212798;0.007461205;-0.07239915;0.9208877;0.3850497;-0.06084843;-0.1973094;0.5950096;0.7791231;-1
194080;-0.6212204;0.01216422;-0.06997442;0.9027756;-0.09677339;-0.4190836;0.3645341;0.6892856;0.6260993;-1
194120;-0.6192874;0.01595969;-0.0698582;0.5257618;0.02457428;-0.8502768;0.6510433;0.6317035;0.4208246;-1
194160;-0.6177104;0.01777504;-0.06808057;-0.1251983;0.8746843;-0.4682443;0.522362;0.4593596;0.7184196;-1
194200;-0.620145;0.01374242;-0.06912091;0.7380811;-0.226695;-0.6354886;0.5983723;0.6551139;0.461277;-1
194240;-0.6179949;0.01671331;-0.06912412;0.3644357;0.1246469;-0.9228488;0.6407894;0.6855087;0.3456396;-1
194280;-0.6159415;0.01804523;-0.06739099;0.1006172;0.8393444;-0.534207;0.4019129;0.4568824;0.7935519;-1
194320;-0.6186379;0.0149236;-0.06840666;0.5867235;-0.3075143;-0.7491264;0.6883118;0.6767187;0.2613018;-1
194360;-0.6187948;0.0129714;-0.06838726;0.2236931;0.3838313;-0.895899;0.5722085;0.6923906;0.4395142;-1
194400;-0.6171072;0.01724979;-0.06875122;0.2294075;0.355907;-0.9059262;0.6155808;0.6679079;0.4182813;-1
194440;-0.6173054;0.01562317;-0.06823706;0.4659139;-0.4797618;-0.7434735;0.7050877;0.7089479;-0.01562406;-1
194480;-0.6200728;0.01111156;-0.06925996;0.2401064;0.3127947;-0.9189715;0.4664554;0.7930377;0.3918043;-1
194520;-0.6170698;0.01415557;-0.06729076;0.2359827;0.3283007;-0.9146206;0.4854914;0.7754911;0.403623;-1
194560;-0.6155386;0.01738033;-0.06812582;0.2744215;0.3340427;-0.9017252;0.6468076;0.6297759;0.4301421;-1
194600;-0.6155216;0.01613685;-0.06804083;0.3166167;-0.4897792;-0.812324;0.7943426;0.6049619;-0.05514508;-1
194640;-0.6160378;0.01511306;-0.06635257;0.224244;0.004098205;-0.9745245;0.6679725;0.7274873;0.1567638;-1
194680;-0.6158973;0.01251163;-0.06863118;-0.06411956;0.6903852;-0.720595;0.3824509;0.6839491;0.6212446;-1
194720;-0.6138413;0.01796222;-0.06672472;0.2724665;0.7830624;-0.5590844;0.2087973;0.519101;0.8288171;-1
194760;-0.6175814;0.01111867;-0.07011393;-0.187819;0.4743382;-0.8600741;0.4212992;0.8299193;0.3657061;-1
194800;-0.6135601;0.01721869;-0.06760137;0.3241723;0.3666899;-0.8720384;0.5820878;0.6493331;0.4894286;-1
194840;-0.6206083;0.009070233;-0.07003421;0.4537268;0.3192395;-0.8319964;0.3331276;0.8051816;0.4906206;-1
194880;-0.618747;0.008545533;-0.07011665;-0.2033077;0.2511685;-0.9463512;0.2971499;0.9367788;0.1847902;-1
194920;-0.6200351;0.007374659;-0.07075622;0.4321382;0.5266229;-0.732069;0.09108911;0.7821385;0.6164107;-1
194960;-0.6198804;0.00497666;-0.07320902;0.7441416;0.6557029;-0.1276989;-0.2696436;0.4697249;0.8406254;-1
195000;-0.6184201;0.005638942;-0.07153703;0.220593;0.5660433;-0.7943135;0.05888434;0.8051607;0.5901262;-1
195040;-0.6166255;0.007320449;-0.07093208;-0.2442549;0.2088117;-0.9469621;0.1778221;0.9696259;0.1679426;-1
195080;-0.6181082;0.004227459;-0.07576967;0.5776973;0.7445207;-0.3345962;-0.103514;0.4734321;0.8747267;-1
195120;-0.6179575;0.003290713;-0.07376035;0.5312849;0.8052183;-0.2633624;-0.1992758;0.4209191;0.8849386;-1
195160;-0.6164279;0.00434877;-0.07214992;0.08573151;0.5583961;-0.8251327;0.1198663;0.8163855;0.5649307;-1
195200;-0.614979;0.009996384;-0.07137945;-0.2610026;0.4113085;-0.8733287;0.3751339;0.8767985;0.3008304;-1
195240;-0.6157258;0.002024665;-0.07438785;0.395438;0.8484536;-0.3517888;-0.08017431;0.41343;0.9069994;-1
195280;-0.6163721;0.002621546;-0.07639746;0.4558068;0.7829369;-0.4233792;-0.04603111;0.4957632;0.8672369;-1
195320;-0.6144925;0.006144181;-0.07160416;-0.2625265;0.1484563;-0.9534363;0.1311066;0.9844186;0.1171806;-1
195360;-0.6174105;0.001160756;-0.07783919;-0.05243231;0.1612548;-0.9855191;0.2166731;0.9652041;0.1464032;-1
195400;-0.6189165;-0.001752913;-0.07726718;-0.4604185;-0.5594031;-0.6892627;-0.02916695;0.7855712;-0.6180835;-1
195440;-0.6151291;-0.000328809;-0.07812319;-0.004365289;0.04944701;-0.9987673;0.1507888;0.9873891;0.04822462;-1
195480;-0.6140239;0.001095638;-0.07690322;0.3469745;0.7801744;-0.5205157;-0.02673207;0.5629964;0.826027;-1
195520;-0.614241;0.00323686;-0.07283916;0.02539563;0.5456156;-0.8376507;0.1717152;0.823086;0.5413347;-1
195560;-0.6134224;0.0009054393;-0.07482768;0.2949241;0.8591725;-0.4181416;-0.01679656;0.4421999;0.8967592;-1
195600;-0.6109457;0.0001022518;-0.07536744;0.2166133;0.8651944;-0.4522357;-0.02660156;0.468293;0.8831728;-1
195640;-0.6121149;0.002266929;-0.07340918;-0.003568377;0.514091;-0.8577284;0.205978;0.8397186;0.5024397;-1
195680;-0.6123741;0.005054012;-0.07229162;-0.2658572;0.108349;-0.9579042;0.1385213;0.9876454;0.07326771;-1
195720;-0.6075547;-0.0005555749;-0.07520773;0.1721031;0.7893397;-0.5893416;0.08162026;0.5847848;0.8070719;-1
195760;-0.609586;0.001263648;-0.0738875;0.006291818;0.4604326;-0.8876725;0.2206261;0.8651758;0.4503275;-1
195800;-0.6064664;0.0007630885;-0.07401571;0.01498252;0.3048645;-0.9522779;0.2941764;0.9088892;0.2956023;-1
195840;-0.6102054;0.00419952;-0.07305744;-0.2335695;0.0612979;-0.9704061;0.1803647;0.9834219;0.0187076;-1
195880;-0.612857;0.008858263;-0.07251659;-0.3204316;0.2465689;-0.9146187;0.2810139;0.9468086;0.1567952;-1
195920;-0.6025919;0.0005546361;-0.0739865;0.06485043;0.0767742;-0.9949373;0.29035;0.9524471;0.09242055;-1
195960;-0.6078236;0.003374696;-0.07368699;-0.1633486;-0.001093114;-0.9865679;0.2084872;0.9773768;-0.03560275;-1
196000;-0.610764;0.007713839;-0.07335525;-0.3008443;0.06498396;-0.9514568;0.1745552;0.9845737;0.0120526;-1
196040;-0.612877;0.01169762;-0.06999516;-0.08691224;0.7323362;-0.6753739;0.4013236;0.6462336;0.6490929;-1
196080;-0.599602;0.0004812926;-0.07361909;0.2047659;-0.1214713;-0.9712444;0.2445482;0.9671503;-0.06940159;-1
196120;-0.6048523;0.002807617;-0.07416913;-0.07884008;-0.08861295;-0.9929411;0.2938523;0.9497199;-0.1080879;-1
196160;-0.6084788;0.00676918;-0.0739896;-0.2102118;0.0260469;-0.9773088;0.1608921;0.986937;-0.00830321;-1
196200;-0.6109643;0.0103595;-0.0720816;-0.108729;0.6630303;-0.7406543;0.4193997;0.7061096;0.5705376;-1
196240;-0.6138287;0.01376094;-0.06771613;-0.01854357;0.7268308;-0.6865662;0.328532;0.6529844;0.6824061;-1
196280;-0.5967815;0.0009804219;-0.07300447;0.3905722;-0.2435646;-0.8877667;0.162459;0.9674647;-0.1939566;-1
196320;-0.6059947;0.005876392;-0.07444317;-0.08594984;0.06988399;-0.9938456;0.1941533;0.9795872;0.05209058;-1
196360;-0.6092061;0.009207085;-0.0732289;-0.02929741;0.5112126;-0.8589548;0.3335204;0.8150773;0.4737228;-1
196400;-0.6145214;0.01521339;-0.06629604;0.06050273;-0.08909725;-0.9941837;0.7383528;0.6742367;-0.0154904;-1
196440;-0.6136657;0.0158688;-0.06731912;0.1460609;-0.5534555;-0.8199716;0.8809255;0.4499225;-0.1467653;-1
196480;-0.6119876;0.01501989;-0.06620773;0.1286395;0.2064848;-0.9699566;0.8191013;0.5292448;0.2212983;-1
196520;-0.6113499;0.01662001;-0.06700133;0.3807534;0.3489399;-0.8563106;0.4987615;0.7022975;0.507952;-1
196560;-0.6070499;0.00808461;-0.07363322;0.1381249;0.4943672;-0.8582091;0.2519313;0.8204749;0.5131778;-1
196600;-0.6110506;0.01379712;-0.06754912;0.3070302;0.8084767;-0.5020936;0.1136878;0.4926402;0.8627751;-1
196640;-0.6099846;0.01245266;-0.06951876;0.3016915;0.8329197;-0.463926;0.2157643;0.4143268;0.8841828;-1
196680;-0.6088337;0.01088788;-0.07126998;0.3591112;0.8222457;-0.4415327;0.308814;0.3417552;0.887602;-1
196720;-0.6117947;0.01542966;-0.06677615;0.08232448;-0.4501252;-0.8891626;0.7998376;0.5620948;-0.2104979;-1
196760;-0.6112255;0.01727213;-0.06598817;0.4224573;0.7079234;-0.5660162;0.03257299;0.6122169;0.7900187;-1
196800;-0.6077665;0.009574875;-0.07245508;0.4558751;0.7853059;-0.4188945;0.2678059;0.3278075;0.9059925;-1
196840;-0.6085066;0.01524486;-0.06611989;0.4572242;0.3760217;-0.805949;0.3154507;0.7787306;0.5422816;-1
196880;-0.6109135;0.01807742;-0.06478728;0.35764;0.5694792;-0.7401264;-0.002194546;0.7930561;0.6091447;-1
196920;-0.6083714;0.01592375;-0.06494083;0.5334152;0.6195625;-0.5758564;-0.1110896;0.7262159;0.6784317;-1
196960;-0.6076361;0.01667856;-0.06398716;0.3874155;0.3835016;-0.8383531;0.05020531;0.8992441;0.4345566;-1
197000;-0.6050726;0.0154961;-0.06337993;0.2369696;-0.06354646;-0.9694366;0.3077894;0.9513674;0.01287417;-1
197040;-0.6057289;0.01495734;-0.06347062;0.5104247;0.2082159;-0.8343338;0.06379053;0.9584016;0.2782036;-1
197080;-0.6036694;0.01462604;-0.06258139;0.4212556;-0.3293192;-0.84504;0.2354868;0.9395068;-0.2487427;-1
197120;-0.6043816;0.01400807;-0.06272224;0.5975198;0.1046379;-0.7949975;-0.01888676;0.9930105;0.1165052;-1
197160;-0.6061395;0.01428767;-0.06410447;0.6349372;0.5574442;-0.5348933;-0.2502382;0.8034298;0.5402606;-1
197200;-0.6061625;0.01366146;-0.06543394;0.5368028;0.4226511;-0.7302116;0.1173833;0.8196492;0.5607105;-1
197240;-0.6091022;0.01407492;-0.06611207;-0.01900609;-0.4339121;-0.9007547;0.8058507;0.5266234;-0.2706889;-1
197280;-0.6108688;0.01413932;-0.06558753;0.610255;-0.09967768;-0.7859092;0.5786018;0.7337055;0.356225;-1
197320;-0.610464;0.0129611;-0.06630044;0.8457444;0.5255475;-0.09228399;-0.1807324;0.4448731;0.8771681;-1
197360;-0.6097929;0.01331124;-0.06483857;0.1363613;-0.4551301;-0.8799217;0.8753504;0.4712504;-0.1080963;-1
197400;-0.6093333;0.01155297;-0.06794657;0.8541371;0.5082339;0.1102183;-0.1914908;0.1103156;0.9752752;-1
197440;-0.6081938;0.01019709;-0.06959225;0.81142;0.5635518;0.1549418;-0.1691271;-0.02735819;0.9852145;-1
197480;-0.607038;0.009057;-0.07077546;0.7176832;0.6766351;0.1646072;-0.1430495;-0.08808815;0.9857877;-1
197520;-0.6061019;0.008286685;-0.07269116;0.5667059;0.7970747;-0.2086054;0.04159712;0.2251845;0.9734277;-1
197560;-0.6048814;0.007044137;-0.07363954;0.3115532;0.665899;-0.6778741;0.06298023;0.6973406;0.7139674;-1
197600;-0.6033348;0.00508073;-0.07462656;0.06245311;0.1765735;-0.9823042;0.3147577;0.9305135;0.1872756;-1
197640;-0.6014346;0.002429485;-0.07442421;0.03080974;-0.1374895;-0.990024;0.318026;0.9403679;-0.1206965;-1
197680;-0.5988559;0.002243876;-0.07422502;0.1810905;-0.1813563;-0.9666004;0.2365696;0.9620244;-0.136177;-1
197720;-0.6005048;0.004262;-0.07429828;0.1816406;0.3524124;-0.9180481;0.240716;0.889241;0.388981;-1
197760;-0.6023917;0.005844429;-0.07336053;0.4052163;0.8281124;-0.3873368;0.008765046;0.420141;0.9074165;-1
197800;-0.6042465;0.006953299;-0.07247654;0.5512169;0.8318231;0.06504148;-0.2606512;0.09762168;0.9604849;-1
197840;-0.6055783;0.007707387;-0.07101419;0.6430245;0.7203092;0.2601423;-0.2047232;-0.1656478;0.9647017;-1
197880;-0.5964321;0.002670676;-0.07376691;0.3897309;-0.120321;-0.9130349;0.1082863;0.990538;-0.08431223;-1
197920;-0.5983784;0.00392206;-0.07391827;0.2074062;0.5337147;-0.8198362;0.04088777;0.8325979;0.5523666;-1
197960;-0.6002802;0.004900798;-0.0729034;0.3249623;0.9294913;-0.1744861;-0.02358473;0.1924068;0.9810318;-1
198000;-0.6021181;0.005551234;-0.07193987;0.4441482;0.8551788;0.267211;-0.2454471;-0.1706951;0.9542636;-1
198040;-0.6040434;0.006202713;-0.07083233;0.5667077;0.7389039;0.3645045;-0.2894116;-0.2356891;0.9277347;-1
198080;-0.6057036;0.006781518;-0.06929614;0.6383699;0.7084062;0.301072;-0.2839871;-0.1467868;0.9475258;-1
198120;-0.5944073;0.001673266;-0.07190732;0.5916772;-0.1801219;-0.7857953;0.04652723;0.9807255;-0.1897708;-1
198160;-0.592811;0.002396047;-0.07036879;0.6621919;0.04176122;-0.7481697;-0.1127895;0.9926255;-0.04442176;-1
198200;-0.594396;0.003435493;-0.07254594;0.6036507;0.002557546;-0.7972448;0.01912614;0.9996606;0.01768864;-1
198240;-0.5908482;0.003464475;-0.06835604;0.4645733;0.2567337;-0.8475019;-0.2197596;0.9605374;0.1705104;-1
198280;-0.5930654;0.004272029;-0.07096981;0.7212778;0.07513008;-0.6885592;-0.09071524;0.9957836;0.01362616;-1
198320;-0.5965102;0.004077956;-0.07317697;0.2031241;0.6350055;-0.7453245;-0.1122587;0.7712767;0.6265224;-1
198360;-0.5916141;0.005290374;-0.06901269;0.6678661;0.1078278;-0.7364293;-0.2173811;0.9745671;-0.05444649;-1
198400;-0.5949355;0.00482206;-0.07193511;0.2049772;0.6451045;-0.7360873;-0.2271038;0.7628785;0.605343;-1
198440;-0.598263;0.004459009;-0.07231344;0.07867645;0.9925501;-0.0930288;-0.06771227;0.09842315;0.9928384;-1
198480;-0.5900092;0.006693542;-0.06742185;0.4492539;0.1455399;-0.8814698;-0.2414752;0.9696999;0.0370362;-1
198520;-0.593516;0.005509049;-0.07095626;0.5429853;0.3934959;-0.7418411;-0.2507569;0.9190873;0.3039732;-1
198560;-0.5924433;0.006676614;-0.06940354;0.5558663;0.3220559;-0.7663504;-0.2585459;0.9431577;0.2088243;-1
198600;-0.5899593;0.00964953;-0.06675153;0.3565331;0.4122352;-0.8384189;0.0097427;0.895704;0.4445441;-1
198640;-0.5967406;0.004643619;-0.07174215;-0.213092;0.9516944;-0.2210648;-0.1134165;0.2006371;0.9730783;-1
198680;-0.6002409;0.004469723;-0.07132579;0.2306886;0.8997079;0.3705518;-0.1001459;-0.3568473;0.9287794;-1
198720;-0.594197;0.006366894;-0.0704172;0.0006698519;0.6639682;-0.7477605;-0.2941588;0.714808;0.6344447;-1
198760;-0.591211;0.008090928;-0.06801383;0.4801231;0.2836955;-0.8300595;-0.1818721;0.9578912;0.222187;-1
198800;-0.5904696;0.01188563;-0.0651408;-0.02096716;0.7435499;-0.6683516;0.2802716;0.646065;0.7099633;-1
198840;-0.5983183;0.004098743;-0.07087153;-0.1089684;0.9337453;0.3409478;-0.02650724;-0.3455979;0.9380084;-1
198880;-0.6022027;0.004747182;-0.07048672;0.399788;0.8152636;0.418945;-0.3030169;-0.3138114;0.8998352;-1
198920;-0.5933731;0.007823929;-0.06926484;0.1675334;0.547307;-0.8199924;-0.2594653;0.8269031;0.4989079;-1
198960;-0.5915039;0.01063669;-0.06687625;0.1374204;0.6894047;-0.711222;0.06430695;0.7103096;0.7009457;-1
199000;-0.5915822;0.0119791;-0.06405931;-0.5060303;0.7787197;-0.370849;0.3687376;0.5840068;0.7231658;-1
199040;-0.6003269;0.00372234;-0.07010577;0.2290755;0.8717762;0.4330482;-0.05793206;-0.4318797;0.9000688;-1
199080;-0.6035192;0.004787683;-0.06922206;0.5390929;0.8127303;0.2210167;-0.2520268;-0.09472926;0.9630727;-1
199120;-0.6005529;0.003119931;-0.06853336;0.3309915;0.9310647;0.1535027;0.004212376;-0.1641282;0.98643;-1
199160;-0.5984988;0.003361702;-0.06951225;-0.1482392;0.9074616;0.393114;0.07258971;-0.3864492;0.9194497;-1
199200;-0.59252;0.009214789;-0.06824097;0.2018182;0.5621636;-0.8020235;-0.1729009;0.826462;0.5357852;-1
199240;-0.5969132;0.004450545;-0.07028056;-0.5571392;0.8137065;0.1657645;0.03629132;-0.1755664;0.9837985;-1
199280;-0.5954931;0.005510285;-0.07068706;-0.4808331;0.7904847;-0.3793861;-0.1777429;0.3358292;0.9250007;-1
199320;-0.5947372;0.006925628;-0.06956298;-0.5478132;0.6233113;-0.5580179;-0.2197096;0.5364045;0.8148606;-1
199360;-0.5941523;0.008467808;-0.06863132;-0.4380262;0.6539446;-0.6168384;-0.1648054;0.6161221;0.770216;-1
199400;-0.593503;0.009776473;-0.06754284;-0.3754628;0.7799783;-0.5006612;0.0206396;0.5470846;0.8368229;-1
199440;-0.5957928;0.005577534;-0.06932767;-0.8326812;0.5520735;-0.04309106;0.04025757;0.1379625;0.989619;-1
199480;-0.5970273;0.003744721;-0.06873887;-0.6427925;0.7393841;0.2003223;0.1961902;-0.09388512;0.976061;-1
199520;-0.5953243;0.007139727;-0.06844866;-0.8931491;0.408815;-0.1874972;-0.007439714;0.403396;0.9149954;-1
199560;-0.5926465;0.01096554;-0.06591123;-0.3961934;0.8553884;-0.3336788;0.2453896;0.4488456;0.8592564;-1
199600;-0.594834;0.008640751;-0.06751806;-0.8407961;0.5153251;-0.1658372;0.05926761;0.3921229;0.9180017;-1
199640;-0.5959786;0.004959479;-0.06762177;-0.8776217;0.4781071;0.03455025;0.1671321;0.237643;0.9568661;-1
199680;-0.5985249;0.002918527;-0.06836742;-0.1010874;0.9947391;-0.01659857;0.1676173;0.03347438;0.9852837;-1
199720;-0.5941383;0.009885982;-0.06604808;-0.761869;0.6466898;-0.03671522;0.2548269;0.3513605;0.9008934;-1
199760;-0.5930485;0.01081671;-0.06408177;-0.7338041;0.6789891;0.02248245;0.3870774;0.3906716;0.8351927;-1
199800;-0.5955316;0.006438047;-0.06685311;-0.9499708;0.3123385;0.0003034241;0.09626083;0.2918509;0.9516076;-1
199840;-0.5951065;0.008001238;-0.0657425;-0.9162689;0.3926255;0.07935192;0.2079238;0.296867;0.9320073;-1
199880;-0.5954204;0.006495401;-0.06465272;-0.7093407;0.6667117;-0.2287605;0.08045237;0.3990044;0.9134127;-1
199920;-0.5940609;0.009273961;-0.06405641;-0.8663406;0.4867245;0.1120414;0.3207362;0.3702018;0.871825;-1
199960;-0.5920277;0.01177745;-0.06263008;-0.7926261;0.5857818;-0.1691256;0.3649353;0.6780155;0.6380575;-1
200000;-0.5930617;0.01042716;-0.06221593;-0.817206;0.5762713;0.009256203;0.3696849;0.5117912;0.7755017;-1
200040;-0.5916754;0.01360489;-0.06139179;-0.8144341;0.2770567;-0.50984;0.08852164;0.9276863;0.362715;-1
200080;-0.5959408;0.005231544;-0.06573684;-0.6381552;0.6695243;-0.3801253;-0.0423799;0.4624323;0.8856413;-1
200120;-0.5943382;0.008613423;-0.06200252;-0.7155681;0.6460159;-0.2657551;0.2158013;0.5662705;0.7954668;-1
200160;-0.5923195;0.0115785;-0.0612293;-0.8806595;0.4230708;-0.2131897;0.2568427;0.8045052;0.53554;-1
200200;-0.5926285;0.01460676;-0.06034032;-0.6658249;-0.4104055;-0.6230927;-0.3583906;0.9083939;-0.2153525;-1
200240;-0.5932919;0.0102866;-0.06056248;-0.6848333;0.6212983;-0.380778;0.2962551;0.7147959;0.6334824;-1
200280;-0.5921069;0.0133082;-0.06062759;-0.8992324;0.06462473;-0.4326716;-0.009707034;0.9858378;0.167421;-1
200320;-0.5926191;0.01215467;-0.05981545;-0.729813;0.1924874;-0.6559892;0.01980343;0.9650935;0.2611559;-1
200360;-0.5929837;0.01421912;-0.0596971;-0.5382971;-0.2799206;-0.7949092;-0.2397806;0.9551141;-0.1739606;-1
200400;-0.5936071;0.01505254;-0.0601663;-0.1760356;-0.7687663;-0.6148251;-0.4179186;0.6238625;-0.6604088;-1
200440;-0.5936712;0.01232801;-0.05894931;-0.2968328;0.04666903;-0.9537885;-0.06085733;0.9958501;0.06766675;-1
200480;-0.5952543;0.01526317;-0.06052551;0.01486475;-0.9112341;-0.4116205;-0.07235292;0.4096066;-0.9093887;-1
200520;-0.5945033;0.01464987;-0.05949525;-0.1737354;-0.4610539;-0.8701984;-0.2325216;0.8778573;-0.4186889;-1
200560;-0.596283;0.01540495;-0.06131784;0.07904211;-0.9676705;-0.2395123;0.1562977;0.2493224;-0.9557245;-1
200600;-0.5973407;0.01550765;-0.06196388;0.04437862;-0.9599019;-0.276801;0.1591136;0.2803287;-0.9466249;-1
200640;-0.5970287;0.01521519;-0.06048988;0.06641825;-0.9284646;-0.3654343;0.1315405;0.3711942;-0.919191;-1
200680;-0.5991006;0.0155786;-0.06206216;0.06637503;-0.9504622;-0.3036707;0.23382;0.3106839;-0.9213055;-1
200720;-0.5966445;0.01470596;-0.05912769;0.007185102;-0.4390713;-0.8984236;-0.03598911;0.8977511;-0.4390306;-1
200760;-0.5955651;0.01207787;-0.05871309;-0.05012808;0.1121327;-0.9924281;0.01139645;0.9936768;0.1116981;-1
200800;-0.6006579;0.01547295;-0.06227092;0.1497091;-0.9290029;-0.3384392;0.3554891;0.3699822;-0.858336;-1
200840;-0.6004115;0.01471399;-0.06020749;0.3318975;-0.7854466;-0.5224153;0.3335686;0.6157491;-0.7138524;-1
200880;-0.601522;0.01499277;-0.06166329;0.3019068;-0.8288821;-0.4709637;0.3433496;0.555402;-0.7573901;-1
200920;-0.5997022;0.01405168;-0.05884737;0.2651331;-0.2586309;-0.9288782;0.1323889;0.9639956;-0.2306205;-1
200960;-0.6020564;0.01388299;-0.06097263;0.5963718;-0.43764;-0.6729131;0.1961566;0.892343;-0.4065053;-1
201000;-0.6024933;0.01357861;-0.06133644;0.6708207;-0.09408075;-0.7356279;0.06345299;0.9955646;-0.06946162;-1
201040;-0.6013547;0.01266967;-0.05993186;0.5374218;0.1825063;-0.8233283;-0.02181734;0.9789836;0.2027691;-1
201080;-0.6031051;0.01290552;-0.06184552;0.705676;0.1986832;-0.6801078;-0.05360268;0.9720986;0.2283661;-1
201120;-0.5978694;0.0111959;-0.05907826;0.1336123;0.3075844;-0.9420933;-0.01110192;0.9510216;0.3089249;-1
201160;-0.5992684;0.01063263;-0.05998202;0.342562;0.4820156;-0.8064194;-0.1353108;0.8747178;0.4653599;-1
201200;-0.6019439;0.01137102;-0.06110025;0.6016563;0.4384728;-0.6676463;-0.1561843;0.8843041;0.4400146;-1
201240;-0.6048428;0.01310113;-0.06352834;0.7190635;0.5212655;-0.4595977;-0.2799068;0.8225676;0.4950099;-1
201280;-0.6036613;0.01175645;-0.06303352;0.7647179;0.4988549;-0.4078605;-0.2300262;0.8026032;0.5503781;-1
201320;-0.6046064;0.01241985;-0.06489684;0.6381205;0.4883827;-0.5952182;0.0141625;0.765498;0.6432825;-1
201360;-0.6032737;0.01102473;-0.06452345;0.70306;0.5110567;-0.4944974;-0.03910515;0.7220999;0.6906826;-1
201400;-0.6067871;0.01258214;-0.06562987;-0.1228054;-0.4563851;-0.881267;0.6352258;0.6461083;-0.4231219;-1
201440;-0.6023092;0.01023284;-0.06263433;0.6881627;0.557161;-0.4647619;-0.2082884;0.7653003;0.6090413;-1
201480;-0.6052245;0.01137696;-0.06527003;-0.156393;-0.2832521;-0.9462081;0.5700307;0.7564635;-0.3206681;-1
201520;-0.6078296;0.01200117;-0.06416611;-0.04722538;-0.4382245;-0.8976241;0.8755366;0.4144166;-0.2483836;-1
201560;-0.606333;0.01044682;-0.06380548;-0.1372201;-0.1602366;-0.9774942;0.6903908;0.6921705;-0.2103814;-1
201600;-0.6098487;0.01223627;-0.06543074;0.8312364;0.3538813;-0.4287353;0.1128891;0.6476993;0.7534864;-1
201640;-0.6088117;0.01097403;-0.06481308;0.6221146;0.24112;-0.7448723;0.426041;0.693941;0.5804611;-1
201680;-0.6094347;0.01066364;-0.0665713;0.917504;0.3943302;0.05186781;-0.2070326;0.3621691;0.9088295;-1
201720;-0.608493;0.00921917;-0.06787159;0.8358035;0.4907469;0.2461705;-0.3048883;0.04198667;0.9514623;-1
201760;-0.6071671;0.00801596;-0.06885798;0.7202603;0.6238992;0.3032736;-0.3318942;-0.07397336;0.9404118;-1
201800;-0.6056194;0.006122351;-0.06734835;0.5720737;0.8138179;-0.102139;-0.04839592;0.1578044;0.9862838;-1
201840;-0.6071464;0.007249817;-0.06671134;0.6427087;0.7608982;-0.08921442;-0.06899577;0.1734663;0.98242;-1
201880;-0.6083491;0.008559942;-0.06588069;0.7492732;0.6340691;-0.1911703;0.02684137;0.2586786;0.9655905;-1
201920;-0.6089731;0.00988327;-0.06542663;0.8442355;0.4320467;-0.3171783;0.0332636;0.5484045;0.8355513;-1
201960;-0.6076349;0.009173393;-0.06441324;0.3930485;0.4216291;-0.8171548;0.4937514;0.6529153;0.5743788;-1
202000;-0.6033303;0.004568562;-0.06763035;0.4783085;0.8474623;-0.2302798;0.05211127;0.2343689;0.9707501;-1
202040;-0.6048745;0.006526768;-0.06569859;0.2588357;0.6888442;-0.6771247;0.3208384;0.5999011;0.7329267;-1
202080;-0.6063774;0.007801682;-0.06495808;0.2581788;0.6409329;-0.7228753;0.4314247;0.5930028;0.6798679;-1
202120;-0.6050385;0.008965835;-0.06430862;-0.2148167;0.1491121;-0.9652044;0.6134517;0.7895983;-0.01454719;-1
202160;-0.6003054;0.00335905;-0.06749353;0.2787688;0.8734418;-0.3992337;0.1320157;0.3769139;0.9167921;-1
202200;-0.6025666;0.005145237;-0.06637692;0.283217;0.6822839;-0.6740007;0.2546352;0.6240568;0.7387246;-1
202240;-0.6036589;0.007596552;-0.06522352;0.005395655;0.3382601;-0.9410372;0.4852244;0.8219559;0.2982379;-1
202280;-0.6038574;0.009986788;-0.06517491;-0.03092189;0.01791679;-0.9993613;0.4981697;0.8670796;-3.107086e-05;-1
202320;-0.5997915;0.003892392;-0.06666616;0.1690988;0.7726455;-0.6119025;0.1382057;0.5961204;0.7909107;-1
202360;-0.60218;0.00950259;-0.06412371;0.7056912;0.5131691;-0.4885258;-0.03419431;0.7133663;0.6999567;-1
202400;-0.6026119;0.008582577;-0.06513857;0.332532;0.2909817;-0.8970799;0.3845287;0.8267197;0.4106973;-1
202440;-0.6017139;0.005932868;-0.06560493;0.2477744;0.5053118;-0.8266002;0.2803516;0.7793046;0.5604351;-1
202480;-0.5975368;0.003301352;-0.06756647;-0.3100171;0.9133244;-0.2640606;0.1623835;0.3245308;0.9318324;-1
202520;-0.6006294;0.007497162;-0.06361761;0.5385209;0.6079623;-0.5834184;-0.07987907;0.7261092;0.6829237;-1
202560;-0.6009867;0.006768271;-0.06475386;0.4278947;0.5253747;-0.7354507;0.07525249;0.7901718;0.608248;-1
202600;-0.5991013;0.004324451;-0.06580181;0.1133511;0.7285522;-0.6755468;0.1008557;0.6679794;0.7373137;-1
202640;-0.596682;0.004010335;-0.06661001;-0.457678;0.798551;-0.390957;0.08513095;0.4770508;0.874743;-1
202680;-0.5983757;0.00505808;-0.064743;0.05182584;0.7405584;-0.6699905;-0.07627055;0.6718678;0.7367337;-1
202720;-0.6003016;0.008515254;-0.06241454;0.5075022;0.617443;-0.6010038;-0.1008431;0.7352715;0.6702288;-1
202760;-0.5978661;0.005955175;-0.06352621;0.03162903;0.8052746;-0.5920579;-0.02635965;0.5928203;0.8049033;-1
202800;-0.5954901;0.007267103;-0.06211896;-0.2717645;0.766759;-0.581571;0.06707822;0.6179377;0.7833605;-1
202840;-0.599979;0.009685501;-0.06107948;0.443689;0.5699888;-0.6915582;-0.1530269;0.8085257;0.5682157;-1
202880;-0.5983599;0.008815095;-0.06128773;0.2237931;0.6169043;-0.7545501;-0.1269027;0.7860392;0.6050108;-1
202920;-0.5979676;0.007248968;-0.06213095;0.1463328;0.730203;-0.6673757;-0.04445091;0.6788101;0.7329671;-1
202960;-0.5966868;0.00908193;-0.06054873;0.008877914;0.610359;-0.7920753;-0.03653416;0.7917755;0.6097186;-1
203000;-0.5952471;0.009639919;-0.06007607;-0.1734315;0.5981054;-0.7824267;0.1375103;0.8013899;0.5821211;-1
203040;-0.5940769;0.01036684;-0.05973527;-0.317592;0.5560633;-0.7680684;0.246591;0.8305687;0.499348;-1